{"feature_name": "Exponence_of_Tense-Aspect-Mood_Inflection", "feature_id": "21B", "k": 4, "train": {"report": {"0": {"precision": 0.8604651162790697, "recall": 1.0, "f1-score": 0.9249999999999999, "support": 37}, "1": {"precision": 0.0, "recall": 0.0, "f1-score": 0.0, "support": 4}, "4": {"precision": 0.0, "recall": 0.0, "f1-score": 0.0, "support": 1}, "5": {"precision": 0.0, "recall": 0.0, "f1-score": 0.0, "support": 1}, "accuracy": 0.8604651162790697, "macro avg": {"precision": 0.21511627906976744, "recall": 0.25, "f1-score": 0.23124999999999998, "support": 43}, "weighted avg": {"precision": 0.740400216333153, "recall": 0.8604651162790697, "f1-score": 0.7959302325581394, "support": 43}}}, "dev": {"report": {"0": {"precision": 0.8604651162790697, "recall": 1.0, "f1-score": 0.9249999999999999, "support": 37}, "1": {"precision": 0.0, "recall": 0.0, "f1-score": 0.0, "support": 4}, "4": {"precision": 0.0, "recall": 0.0, "f1-score": 0.0, "support": 1}, "5": {"precision": 0.0, "recall": 0.0, "f1-score": 0.0, "support": 1}, "accuracy": 0.8604651162790697, "macro avg": {"precision": 0.21511627906976744, "recall": 0.25, "f1-score": 0.23124999999999998, "support": 43}, "weighted avg": {"precision": 0.740400216333153, "recall": 0.8604651162790697, "f1-score": 0.7959302325581394, "support": 43}}}, "test": {"report": {"0": {"precision": 0.8, "recall": 1.0, "f1-score": 0.888888888888889, "support": 4}, "1": {"precision": 0.0, "recall": 0.0, "f1-score": 0.0, "support": 1}, "accuracy": 0.8, "macro avg": {"precision": 0.4, "recall": 0.5, "f1-score": 0.4444444444444445, "support": 5}, "weighted avg": {"precision": 0.64, "recall": 0.8, "f1-score": 0.7111111111111111, "support": 5}}}}