{"feature_name": "Verbal_Person_Marking", "feature_id": "102A", "k": 1, "train": {"report": {"0": {"precision": 0.5, "recall": 1.0, "f1-score": 0.6666666666666666, "support": 51}, "1": {"precision": 0.0, "recall": 0.0, "f1-score": 0.0, "support": 24}, "2": {"precision": 0.0, "recall": 0.0, "f1-score": 0.0, "support": 19}, "3": {"precision": 0.0, "recall": 0.0, "f1-score": 0.0, "support": 7}, "4": {"precision": 0.0, "recall": 0.0, "f1-score": 0.0, "support": 1}, "accuracy": 0.5, "macro avg": {"precision": 0.1, "recall": 0.2, "f1-score": 0.13333333333333333, "support": 102}, "weighted avg": {"precision": 0.25, "recall": 0.5, "f1-score": 0.3333333333333333, "support": 102}}}, "dev": {"report": {"0": {"precision": 0.5, "recall": 1.0, "f1-score": 0.6666666666666666, "support": 51}, "1": {"precision": 0.0, "recall": 0.0, "f1-score": 0.0, "support": 24}, "2": {"precision": 0.0, "recall": 0.0, "f1-score": 0.0, "support": 19}, "3": {"precision": 0.0, "recall": 0.0, "f1-score": 0.0, "support": 7}, "4": {"precision": 0.0, "recall": 0.0, "f1-score": 0.0, "support": 1}, "accuracy": 0.5, "macro avg": {"precision": 0.1, "recall": 0.2, "f1-score": 0.13333333333333333, "support": 102}, "weighted avg": {"precision": 0.25, "recall": 0.5, "f1-score": 0.3333333333333333, "support": 102}}}, "test": {"report": {"0": {"precision": 0.25, "recall": 1.0, "f1-score": 0.4, "support": 3}, "1": {"precision": 0.0, "recall": 0.0, "f1-score": 0.0, "support": 2}, "2": {"precision": 0.0, "recall": 0.0, "f1-score": 0.0, "support": 7}, "accuracy": 0.25, "macro avg": {"precision": 0.08333333333333333, "recall": 0.3333333333333333, "f1-score": 0.13333333333333333, "support": 12}, "weighted avg": {"precision": 0.0625, "recall": 0.25, "f1-score": 0.10000000000000002, "support": 12}}}}