{"feature_name": "Red_and_Yellow", "feature_id": "135A", "k": 3, "train": {"report": {"0": {"precision": 0.8852459016393442, "recall": 1.0, "f1-score": 0.9391304347826086, "support": 54}, "1": {"precision": 0.0, "recall": 0.0, "f1-score": 0.0, "support": 3}, "2": {"precision": 0.0, "recall": 0.0, "f1-score": 0.0, "support": 2}, "3": {"precision": 0.0, "recall": 0.0, "f1-score": 0.0, "support": 2}, "accuracy": 0.8852459016393442, "macro avg": {"precision": 0.22131147540983606, "recall": 0.25, "f1-score": 0.23478260869565215, "support": 61}, "weighted avg": {"precision": 0.7836603063692557, "recall": 0.8852459016393442, "f1-score": 0.8313613684960798, "support": 61}}}, "dev": {"report": {"0": {"precision": 0.8852459016393442, "recall": 1.0, "f1-score": 0.9391304347826086, "support": 54}, "1": {"precision": 0.0, "recall": 0.0, "f1-score": 0.0, "support": 3}, "2": {"precision": 0.0, "recall": 0.0, "f1-score": 0.0, "support": 2}, "3": {"precision": 0.0, "recall": 0.0, "f1-score": 0.0, "support": 2}, "accuracy": 0.8852459016393442, "macro avg": {"precision": 0.22131147540983606, "recall": 0.25, "f1-score": 0.23478260869565215, "support": 61}, "weighted avg": {"precision": 0.7836603063692557, "recall": 0.8852459016393442, "f1-score": 0.8313613684960798, "support": 61}}}, "test": {"report": {"0": {"precision": 1.0, "recall": 1.0, "f1-score": 1.0, "support": 7}, "accuracy": 1.0, "macro avg": {"precision": 1.0, "recall": 1.0, "f1-score": 1.0, "support": 7}, "weighted avg": {"precision": 1.0, "recall": 1.0, "f1-score": 1.0, "support": 7}}}}