{"feature_name": "Gender_Distinctions_in_Independent_Personal_Pronouns", "feature_id": "44A", "k": 1, "train": {"report": {"0": {"precision": 0.693069306930693, "recall": 1.0, "f1-score": 0.8187134502923976, "support": 70}, "1": {"precision": 0.0, "recall": 0.0, "f1-score": 0.0, "support": 15}, "2": {"precision": 0.0, "recall": 0.0, "f1-score": 0.0, "support": 11}, "3": {"precision": 0.0, "recall": 0.0, "f1-score": 0.0, "support": 5}, "accuracy": 0.693069306930693, "macro avg": {"precision": 0.17326732673267325, "recall": 0.25, "f1-score": 0.2046783625730994, "support": 101}, "weighted avg": {"precision": 0.4803450642093912, "recall": 0.693069306930693, "f1-score": 0.5674251635689884, "support": 101}}}, "dev": {"report": {"0": {"precision": 0.693069306930693, "recall": 1.0, "f1-score": 0.8187134502923976, "support": 70}, "1": {"precision": 0.0, "recall": 0.0, "f1-score": 0.0, "support": 15}, "2": {"precision": 0.0, "recall": 0.0, "f1-score": 0.0, "support": 11}, "3": {"precision": 0.0, "recall": 0.0, "f1-score": 0.0, "support": 5}, "accuracy": 0.693069306930693, "macro avg": {"precision": 0.17326732673267325, "recall": 0.25, "f1-score": 0.2046783625730994, "support": 101}, "weighted avg": {"precision": 0.4803450642093912, "recall": 0.693069306930693, "f1-score": 0.5674251635689884, "support": 101}}}, "test": {"report": {"0": {"precision": 0.5, "recall": 1.0, "f1-score": 0.6666666666666666, "support": 6}, "1": {"precision": 0.0, "recall": 0.0, "f1-score": 0.0, "support": 4}, "2": {"precision": 0.0, "recall": 0.0, "f1-score": 0.0, "support": 2}, "accuracy": 0.5, "macro avg": {"precision": 0.16666666666666666, "recall": 0.3333333333333333, "f1-score": 0.2222222222222222, "support": 12}, "weighted avg": {"precision": 0.25, "recall": 0.5, "f1-score": 0.3333333333333333, "support": 12}}}}