{"feature_name": "Order_of_Object,_Oblique,_and_Verb", "feature_id": "84A", "k": 1, "train": {"report": {"0": {"precision": 0.575, "recall": 1.0, "f1-score": 0.7301587301587301, "support": 69}, "1": {"precision": 0.0, "recall": 0.0, "f1-score": 0.0, "support": 22}, "2": {"precision": 0.0, "recall": 0.0, "f1-score": 0.0, "support": 13}, "3": {"precision": 0.0, "recall": 0.0, "f1-score": 0.0, "support": 10}, "4": {"precision": 0.0, "recall": 0.0, "f1-score": 0.0, "support": 6}, "accuracy": 0.575, "macro avg": {"precision": 0.11499999999999999, "recall": 0.2, "f1-score": 0.146031746031746, "support": 120}, "weighted avg": {"precision": 0.330625, "recall": 0.575, "f1-score": 0.41984126984126985, "support": 120}}}, "dev": {"report": {"0": {"precision": 0.575, "recall": 1.0, "f1-score": 0.7301587301587301, "support": 69}, "1": {"precision": 0.0, "recall": 0.0, "f1-score": 0.0, "support": 22}, "2": {"precision": 0.0, "recall": 0.0, "f1-score": 0.0, "support": 13}, "3": {"precision": 0.0, "recall": 0.0, "f1-score": 0.0, "support": 10}, "4": {"precision": 0.0, "recall": 0.0, "f1-score": 0.0, "support": 6}, "accuracy": 0.575, "macro avg": {"precision": 0.11499999999999999, "recall": 0.2, "f1-score": 0.146031746031746, "support": 120}, "weighted avg": {"precision": 0.330625, "recall": 0.575, "f1-score": 0.41984126984126985, "support": 120}}}, "test": {"report": {"0": {"precision": 0.5, "recall": 1.0, "f1-score": 0.6666666666666666, "support": 7}, "1": {"precision": 0.0, "recall": 0.0, "f1-score": 0.0, "support": 4}, "2": {"precision": 0.0, "recall": 0.0, "f1-score": 0.0, "support": 3}, "accuracy": 0.5, "macro avg": {"precision": 0.16666666666666666, "recall": 0.3333333333333333, "f1-score": 0.2222222222222222, "support": 14}, "weighted avg": {"precision": 0.25, "recall": 0.5, "f1-score": 0.3333333333333333, "support": 14}}}}