{"feature_name": "Purpose_Clauses", "feature_id": "125A", "k": 8, "train": {"report": {"0": {"precision": 0.62, "recall": 1.0, "f1-score": 0.7654320987654321, "support": 31}, "1": {"precision": 0.0, "recall": 0.0, "f1-score": 0.0, "support": 9}, "2": {"precision": 0.0, "recall": 0.0, "f1-score": 0.0, "support": 10}, "accuracy": 0.62, "macro avg": {"precision": 0.20666666666666667, "recall": 0.3333333333333333, "f1-score": 0.2551440329218107, "support": 50}, "weighted avg": {"precision": 0.38439999999999996, "recall": 0.62, "f1-score": 0.4745679012345678, "support": 50}}}, "dev": {"report": {"0": {"precision": 0.62, "recall": 1.0, "f1-score": 0.7654320987654321, "support": 31}, "1": {"precision": 0.0, "recall": 0.0, "f1-score": 0.0, "support": 9}, "2": {"precision": 0.0, "recall": 0.0, "f1-score": 0.0, "support": 10}, "accuracy": 0.62, "macro avg": {"precision": 0.20666666666666667, "recall": 0.3333333333333333, "f1-score": 0.2551440329218107, "support": 50}, "weighted avg": {"precision": 0.38439999999999996, "recall": 0.62, "f1-score": 0.4745679012345678, "support": 50}}}, "test": {"report": {"0": {"precision": 0.5, "recall": 1.0, "f1-score": 0.6666666666666666, "support": 3}, "1": {"precision": 0.0, "recall": 0.0, "f1-score": 0.0, "support": 2}, "2": {"precision": 0.0, "recall": 0.0, "f1-score": 0.0, "support": 1}, "accuracy": 0.5, "macro avg": {"precision": 0.16666666666666666, "recall": 0.3333333333333333, "f1-score": 0.2222222222222222, "support": 6}, "weighted avg": {"precision": 0.25, "recall": 0.5, "f1-score": 0.3333333333333333, "support": 6}}}}