{"feature_name": "Presence_of_Uncommon_Consonants", "feature_id": "19A", "k": 5, "train": {"report": {"0": {"precision": 0.8068965517241379, "recall": 1.0, "f1-score": 0.8931297709923663, "support": 117}, "1": {"precision": 0.0, "recall": 0.0, "f1-score": 0.0, "support": 11}, "2": {"precision": 0.0, "recall": 0.0, "f1-score": 0.0, "support": 15}, "3": {"precision": 0.0, "recall": 0.0, "f1-score": 0.0, "support": 1}, "4": {"precision": 0.0, "recall": 0.0, "f1-score": 0.0, "support": 1}, "accuracy": 0.8068965517241379, "macro avg": {"precision": 0.16137931034482758, "recall": 0.2, "f1-score": 0.17862595419847327, "support": 145}, "weighted avg": {"precision": 0.6510820451843043, "recall": 0.8068965517241379, "f1-score": 0.7206633324559094, "support": 145}}}, "dev": {"report": {"0": {"precision": 0.8068965517241379, "recall": 1.0, "f1-score": 0.8931297709923663, "support": 117}, "1": {"precision": 0.0, "recall": 0.0, "f1-score": 0.0, "support": 11}, "2": {"precision": 0.0, "recall": 0.0, "f1-score": 0.0, "support": 15}, "3": {"precision": 0.0, "recall": 0.0, "f1-score": 0.0, "support": 1}, "4": {"precision": 0.0, "recall": 0.0, "f1-score": 0.0, "support": 1}, "accuracy": 0.8068965517241379, "macro avg": {"precision": 0.16137931034482758, "recall": 0.2, "f1-score": 0.17862595419847327, "support": 145}, "weighted avg": {"precision": 0.6510820451843043, "recall": 0.8068965517241379, "f1-score": 0.7206633324559094, "support": 145}}}, "test": {"report": {"0": {"precision": 0.9411764705882353, "recall": 1.0, "f1-score": 0.9696969696969697, "support": 16}, "3": {"precision": 0.0, "recall": 0.0, "f1-score": 0.0, "support": 1}, "accuracy": 0.9411764705882353, "macro avg": {"precision": 0.47058823529411764, "recall": 0.5, "f1-score": 0.48484848484848486, "support": 17}, "weighted avg": {"precision": 0.8858131487889274, "recall": 0.9411764705882353, "f1-score": 0.912655971479501, "support": 17}}}}