{"feature_name": "Lateral_Consonants", "feature_id": "8A", "k": 3, "train": {"report": {"0": {"precision": 0.6620689655172414, "recall": 1.0, "f1-score": 0.7966804979253111, "support": 96}, "1": {"precision": 0.0, "recall": 0.0, "f1-score": 0.0, "support": 39}, "2": {"precision": 0.0, "recall": 0.0, "f1-score": 0.0, "support": 4}, "3": {"precision": 0.0, "recall": 0.0, "f1-score": 0.0, "support": 6}, "accuracy": 0.6620689655172414, "macro avg": {"precision": 0.16551724137931034, "recall": 0.25, "f1-score": 0.1991701244813278, "support": 145}, "weighted avg": {"precision": 0.43833531510107016, "recall": 0.6620689655172414, "f1-score": 0.5274574331091716, "support": 145}}}, "dev": {"report": {"0": {"precision": 0.6620689655172414, "recall": 1.0, "f1-score": 0.7966804979253111, "support": 96}, "1": {"precision": 0.0, "recall": 0.0, "f1-score": 0.0, "support": 39}, "2": {"precision": 0.0, "recall": 0.0, "f1-score": 0.0, "support": 4}, "3": {"precision": 0.0, "recall": 0.0, "f1-score": 0.0, "support": 6}, "accuracy": 0.6620689655172414, "macro avg": {"precision": 0.16551724137931034, "recall": 0.25, "f1-score": 0.1991701244813278, "support": 145}, "weighted avg": {"precision": 0.43833531510107016, "recall": 0.6620689655172414, "f1-score": 0.5274574331091716, "support": 145}}}, "test": {"report": {"0": {"precision": 0.8823529411764706, "recall": 1.0, "f1-score": 0.9375, "support": 15}, "1": {"precision": 0.0, "recall": 0.0, "f1-score": 0.0, "support": 1}, "3": {"precision": 0.0, "recall": 0.0, "f1-score": 0.0, "support": 1}, "accuracy": 0.8823529411764706, "macro avg": {"precision": 0.29411764705882354, "recall": 0.3333333333333333, "f1-score": 0.3125, "support": 17}, "weighted avg": {"precision": 0.7785467128027681, "recall": 0.8823529411764706, "f1-score": 0.8272058823529411, "support": 17}}}}