{"feature_name": "Correlative_relative_clauses", "feature_id": "90E", "k": 0, "train": {"report": {"0": {"precision": 0.75, "recall": 1.0, "f1-score": 0.8571428571428571, "support": 3}, "2": {"precision": 0.0, "recall": 0.0, "f1-score": 0.0, "support": 1}, "accuracy": 0.75, "macro avg": {"precision": 0.375, "recall": 0.5, "f1-score": 0.42857142857142855, "support": 4}, "weighted avg": {"precision": 0.5625, "recall": 0.75, "f1-score": 0.6428571428571428, "support": 4}}}, "dev": {"report": {"0": {"precision": 0.75, "recall": 1.0, "f1-score": 0.8571428571428571, "support": 3}, "2": {"precision": 0.0, "recall": 0.0, "f1-score": 0.0, "support": 1}, "accuracy": 0.75, "macro avg": {"precision": 0.375, "recall": 0.5, "f1-score": 0.42857142857142855, "support": 4}, "weighted avg": {"precision": 0.5625, "recall": 0.75, "f1-score": 0.6428571428571428, "support": 4}}}, "test": {"report": {"0": {"precision": 0.0, "recall": 0.0, "f1-score": 0.0, "support": 0.0}, "4": {"precision": 0.0, "recall": 0.0, "f1-score": 0.0, "support": 1.0}, "accuracy": 0.0, "macro avg": {"precision": 0.0, "recall": 0.0, "f1-score": 0.0, "support": 1.0}, "weighted avg": {"precision": 0.0, "recall": 0.0, "f1-score": 0.0, "support": 1.0}}}}