{"feature_name": "Definite_Articles", "feature_id": "37A", "k": 4, "train": {"report": {"0": {"precision": 0.0, "recall": 0.0, "f1-score": 0.0, "support": 58}, "1": {"precision": 0.36419753086419754, "recall": 1.0, "f1-score": 0.5339366515837104, "support": 59}, "2": {"precision": 0.0, "recall": 0.0, "f1-score": 0.0, "support": 16}, "3": {"precision": 0.0, "recall": 0.0, "f1-score": 0.0, "support": 11}, "4": {"precision": 0.0, "recall": 0.0, "f1-score": 0.0, "support": 18}, "accuracy": 0.36419753086419754, "macro avg": {"precision": 0.0728395061728395, "recall": 0.2, "f1-score": 0.10678733031674208, "support": 162}, "weighted avg": {"precision": 0.13263984148757813, "recall": 0.36419753086419754, "f1-score": 0.19445841014468465, "support": 162}}}, "dev": {"report": {"0": {"precision": 0.0, "recall": 0.0, "f1-score": 0.0, "support": 58}, "1": {"precision": 0.36419753086419754, "recall": 1.0, "f1-score": 0.5339366515837104, "support": 59}, "2": {"precision": 0.0, "recall": 0.0, "f1-score": 0.0, "support": 16}, "3": {"precision": 0.0, "recall": 0.0, "f1-score": 0.0, "support": 11}, "4": {"precision": 0.0, "recall": 0.0, "f1-score": 0.0, "support": 18}, "accuracy": 0.36419753086419754, "macro avg": {"precision": 0.0728395061728395, "recall": 0.2, "f1-score": 0.10678733031674208, "support": 162}, "weighted avg": {"precision": 0.13263984148757813, "recall": 0.36419753086419754, "f1-score": 0.19445841014468465, "support": 162}}}, "test": {"report": {"0": {"precision": 0.0, "recall": 0.0, "f1-score": 0.0, "support": 9}, "1": {"precision": 0.3333333333333333, "recall": 1.0, "f1-score": 0.5, "support": 6}, "2": {"precision": 0.0, "recall": 0.0, "f1-score": 0.0, "support": 2}, "4": {"precision": 0.0, "recall": 0.0, "f1-score": 0.0, "support": 1}, "accuracy": 0.3333333333333333, "macro avg": {"precision": 0.08333333333333333, "recall": 0.25, "f1-score": 0.125, "support": 18}, "weighted avg": {"precision": 0.1111111111111111, "recall": 0.3333333333333333, "f1-score": 0.16666666666666666, "support": 18}}}}