{"feature_name": "Order_of_Numeral_and_Noun", "feature_id": "89A", "k": 2, "train": {"report": {"0": {"precision": 0.0, "recall": 0.0, "f1-score": 0.0, "support": 120}, "1": {"precision": 0.5075757575757576, "recall": 1.0, "f1-score": 0.6733668341708543, "support": 134}, "2": {"precision": 0.0, "recall": 0.0, "f1-score": 0.0, "support": 10}, "accuracy": 0.5075757575757576, "macro avg": {"precision": 0.1691919191919192, "recall": 0.3333333333333333, "f1-score": 0.22445561139028478, "support": 264}, "weighted avg": {"precision": 0.25763314967860423, "recall": 0.5075757575757576, "f1-score": 0.3417846809806609, "support": 264}}}, "dev": {"report": {"0": {"precision": 0.0, "recall": 0.0, "f1-score": 0.0, "support": 120}, "1": {"precision": 0.5075757575757576, "recall": 1.0, "f1-score": 0.6733668341708543, "support": 134}, "2": {"precision": 0.0, "recall": 0.0, "f1-score": 0.0, "support": 10}, "accuracy": 0.5075757575757576, "macro avg": {"precision": 0.1691919191919192, "recall": 0.3333333333333333, "f1-score": 0.22445561139028478, "support": 264}, "weighted avg": {"precision": 0.25763314967860423, "recall": 0.5075757575757576, "f1-score": 0.3417846809806609, "support": 264}}}, "test": {"report": {"0": {"precision": 0.0, "recall": 0.0, "f1-score": 0.0, "support": 4}, "1": {"precision": 0.8275862068965517, "recall": 1.0, "f1-score": 0.9056603773584906, "support": 24}, "2": {"precision": 0.0, "recall": 0.0, "f1-score": 0.0, "support": 1}, "accuracy": 0.8275862068965517, "macro avg": {"precision": 0.27586206896551724, "recall": 0.3333333333333333, "f1-score": 0.3018867924528302, "support": 29}, "weighted avg": {"precision": 0.6848989298454221, "recall": 0.8275862068965517, "f1-score": 0.749512036434613, "support": 29}}}}