{"feature_name": "Absence_of_Common_Consonants", "feature_id": "18A", "k": 0, "train": {"report": {"0": {"precision": 0.9236111111111112, "recall": 1.0, "f1-score": 0.9602888086642599, "support": 133}, "1": {"precision": 0.0, "recall": 0.0, "f1-score": 0.0, "support": 8}, "2": {"precision": 0.0, "recall": 0.0, "f1-score": 0.0, "support": 2}, "4": {"precision": 0.0, "recall": 0.0, "f1-score": 0.0, "support": 1}, "accuracy": 0.9236111111111112, "macro avg": {"precision": 0.2309027777777778, "recall": 0.25, "f1-score": 0.24007220216606498, "support": 144}, "weighted avg": {"precision": 0.8530574845679013, "recall": 0.9236111111111112, "f1-score": 0.8869334135579623, "support": 144}}}, "dev": {"report": {"0": {"precision": 0.9236111111111112, "recall": 1.0, "f1-score": 0.9602888086642599, "support": 133}, "1": {"precision": 0.0, "recall": 0.0, "f1-score": 0.0, "support": 8}, "2": {"precision": 0.0, "recall": 0.0, "f1-score": 0.0, "support": 2}, "4": {"precision": 0.0, "recall": 0.0, "f1-score": 0.0, "support": 1}, "accuracy": 0.9236111111111112, "macro avg": {"precision": 0.2309027777777778, "recall": 0.25, "f1-score": 0.24007220216606498, "support": 144}, "weighted avg": {"precision": 0.8530574845679013, "recall": 0.9236111111111112, "f1-score": 0.8869334135579623, "support": 144}}}, "test": {"report": {"0": {"precision": 0.9411764705882353, "recall": 1.0, "f1-score": 0.9696969696969697, "support": 16}, "2": {"precision": 0.0, "recall": 0.0, "f1-score": 0.0, "support": 1}, "accuracy": 0.9411764705882353, "macro avg": {"precision": 0.47058823529411764, "recall": 0.5, "f1-score": 0.48484848484848486, "support": 17}, "weighted avg": {"precision": 0.8858131487889274, "recall": 0.9411764705882353, "f1-score": 0.912655971479501, "support": 17}}}}