{"feature_name": "Locus_of_Marking:_Whole-language_Typology", "feature_id": "25A", "k": 3, "train": {"report": {"0": {"precision": 0.6271186440677966, "recall": 1.0, "f1-score": 0.7708333333333333, "support": 37}, "1": {"precision": 0.0, "recall": 0.0, "f1-score": 0.0, "support": 9}, "2": {"precision": 0.0, "recall": 0.0, "f1-score": 0.0, "support": 9}, "3": {"precision": 0.0, "recall": 0.0, "f1-score": 0.0, "support": 3}, "4": {"precision": 0.0, "recall": 0.0, "f1-score": 0.0, "support": 1}, "accuracy": 0.6271186440677966, "macro avg": {"precision": 0.12542372881355932, "recall": 0.2, "f1-score": 0.15416666666666665, "support": 59}, "weighted avg": {"precision": 0.39327779373743177, "recall": 0.6271186440677966, "f1-score": 0.4834039548022599, "support": 59}}}, "dev": {"report": {"0": {"precision": 0.6271186440677966, "recall": 1.0, "f1-score": 0.7708333333333333, "support": 37}, "1": {"precision": 0.0, "recall": 0.0, "f1-score": 0.0, "support": 9}, "2": {"precision": 0.0, "recall": 0.0, "f1-score": 0.0, "support": 9}, "3": {"precision": 0.0, "recall": 0.0, "f1-score": 0.0, "support": 3}, "4": {"precision": 0.0, "recall": 0.0, "f1-score": 0.0, "support": 1}, "accuracy": 0.6271186440677966, "macro avg": {"precision": 0.12542372881355932, "recall": 0.2, "f1-score": 0.15416666666666665, "support": 59}, "weighted avg": {"precision": 0.39327779373743177, "recall": 0.6271186440677966, "f1-score": 0.4834039548022599, "support": 59}}}, "test": {"report": {"0": {"precision": 0.375, "recall": 1.0, "f1-score": 0.5454545454545454, "support": 3}, "1": {"precision": 0.0, "recall": 0.0, "f1-score": 0.0, "support": 3}, "2": {"precision": 0.0, "recall": 0.0, "f1-score": 0.0, "support": 1}, "4": {"precision": 0.0, "recall": 0.0, "f1-score": 0.0, "support": 1}, "accuracy": 0.375, "macro avg": {"precision": 0.09375, "recall": 0.25, "f1-score": 0.13636363636363635, "support": 8}, "weighted avg": {"precision": 0.140625, "recall": 0.375, "f1-score": 0.20454545454545453, "support": 8}}}}