{"feature_name": "Voicing_and_Gaps_in_Plosive_Systems", "feature_id": "5A", "k": 9, "train": {"report": {"0": {"precision": 0.0, "recall": 0.0, "f1-score": 0.0, "support": 59}, "1": {"precision": 0.4689655172413793, "recall": 1.0, "f1-score": 0.6384976525821596, "support": 68}, "2": {"precision": 0.0, "recall": 0.0, "f1-score": 0.0, "support": 9}, "3": {"precision": 0.0, "recall": 0.0, "f1-score": 0.0, "support": 9}, "accuracy": 0.4689655172413793, "macro avg": {"precision": 0.11724137931034483, "recall": 0.25, "f1-score": 0.1596244131455399, "support": 145}, "weighted avg": {"precision": 0.21992865636147443, "recall": 0.4689655172413793, "f1-score": 0.299433381900599, "support": 145}}}, "dev": {"report": {"0": {"precision": 0.0, "recall": 0.0, "f1-score": 0.0, "support": 59}, "1": {"precision": 0.4689655172413793, "recall": 1.0, "f1-score": 0.6384976525821596, "support": 68}, "2": {"precision": 0.0, "recall": 0.0, "f1-score": 0.0, "support": 9}, "3": {"precision": 0.0, "recall": 0.0, "f1-score": 0.0, "support": 9}, "accuracy": 0.4689655172413793, "macro avg": {"precision": 0.11724137931034483, "recall": 0.25, "f1-score": 0.1596244131455399, "support": 145}, "weighted avg": {"precision": 0.21992865636147443, "recall": 0.4689655172413793, "f1-score": 0.299433381900599, "support": 145}}}, "test": {"report": {"0": {"precision": 0.0, "recall": 0.0, "f1-score": 0.0, "support": 13}, "1": {"precision": 0.17647058823529413, "recall": 1.0, "f1-score": 0.3, "support": 3}, "2": {"precision": 0.0, "recall": 0.0, "f1-score": 0.0, "support": 1}, "accuracy": 0.17647058823529413, "macro avg": {"precision": 0.05882352941176471, "recall": 0.3333333333333333, "f1-score": 0.09999999999999999, "support": 17}, "weighted avg": {"precision": 0.03114186851211073, "recall": 0.17647058823529413, "f1-score": 0.05294117647058823, "support": 17}}}}