{"feature_name": "Utterance_Complement_Clauses", "feature_id": "128A", "k": 6, "train": {"report": {"0": {"precision": 0.926829268292683, "recall": 1.0, "f1-score": 0.9620253164556963, "support": 38}, "1": {"precision": 0.0, "recall": 0.0, "f1-score": 0.0, "support": 1}, "2": {"precision": 0.0, "recall": 0.0, "f1-score": 0.0, "support": 2}, "accuracy": 0.926829268292683, "macro avg": {"precision": 0.3089430894308943, "recall": 0.3333333333333333, "f1-score": 0.3206751054852321, "support": 41}, "weighted avg": {"precision": 0.85901249256395, "recall": 0.926829268292683, "f1-score": 0.8916332201296697, "support": 41}}}, "dev": {"report": {"0": {"precision": 0.926829268292683, "recall": 1.0, "f1-score": 0.9620253164556963, "support": 38}, "1": {"precision": 0.0, "recall": 0.0, "f1-score": 0.0, "support": 1}, "2": {"precision": 0.0, "recall": 0.0, "f1-score": 0.0, "support": 2}, "accuracy": 0.926829268292683, "macro avg": {"precision": 0.3089430894308943, "recall": 0.3333333333333333, "f1-score": 0.3206751054852321, "support": 41}, "weighted avg": {"precision": 0.85901249256395, "recall": 0.926829268292683, "f1-score": 0.8916332201296697, "support": 41}}}, "test": {"report": {"0": {"precision": 0.6, "recall": 1.0, "f1-score": 0.7499999999999999, "support": 3}, "1": {"precision": 0.0, "recall": 0.0, "f1-score": 0.0, "support": 1}, "2": {"precision": 0.0, "recall": 0.0, "f1-score": 0.0, "support": 1}, "accuracy": 0.6, "macro avg": {"precision": 0.19999999999999998, "recall": 0.3333333333333333, "f1-score": 0.24999999999999997, "support": 5}, "weighted avg": {"precision": 0.36, "recall": 0.6, "f1-score": 0.4499999999999999, "support": 5}}}}