{"feature_name": "Distributive_Numerals", "feature_id": "54A", "k": 0, "train": {"report": {"0": {"precision": 0.26785714285714285, "recall": 1.0, "f1-score": 0.4225352112676056, "support": 15}, "1": {"precision": 0.0, "recall": 0.0, "f1-score": 0.0, "support": 11}, "2": {"precision": 0.0, "recall": 0.0, "f1-score": 0.0, "support": 7}, "3": {"precision": 0.0, "recall": 0.0, "f1-score": 0.0, "support": 8}, "4": {"precision": 0.0, "recall": 0.0, "f1-score": 0.0, "support": 5}, "5": {"precision": 0.0, "recall": 0.0, "f1-score": 0.0, "support": 9}, "6": {"precision": 0.0, "recall": 0.0, "f1-score": 0.0, "support": 1}, "accuracy": 0.26785714285714285, "macro avg": {"precision": 0.03826530612244898, "recall": 0.14285714285714285, "f1-score": 0.060362173038229376, "support": 56}, "weighted avg": {"precision": 0.07174744897959183, "recall": 0.26785714285714285, "f1-score": 0.11317907444668007, "support": 56}}}, "dev": {"report": {"0": {"precision": 0.26785714285714285, "recall": 1.0, "f1-score": 0.4225352112676056, "support": 15}, "1": {"precision": 0.0, "recall": 0.0, "f1-score": 0.0, "support": 11}, "2": {"precision": 0.0, "recall": 0.0, "f1-score": 0.0, "support": 7}, "3": {"precision": 0.0, "recall": 0.0, "f1-score": 0.0, "support": 8}, "4": {"precision": 0.0, "recall": 0.0, "f1-score": 0.0, "support": 5}, "5": {"precision": 0.0, "recall": 0.0, "f1-score": 0.0, "support": 9}, "6": {"precision": 0.0, "recall": 0.0, "f1-score": 0.0, "support": 1}, "accuracy": 0.26785714285714285, "macro avg": {"precision": 0.03826530612244898, "recall": 0.14285714285714285, "f1-score": 0.060362173038229376, "support": 56}, "weighted avg": {"precision": 0.07174744897959183, "recall": 0.26785714285714285, "f1-score": 0.11317907444668007, "support": 56}}}, "test": {"report": {"0": {"precision": 0.42857142857142855, "recall": 1.0, "f1-score": 0.6, "support": 3}, "2": {"precision": 0.0, "recall": 0.0, "f1-score": 0.0, "support": 1}, "3": {"precision": 0.0, "recall": 0.0, "f1-score": 0.0, "support": 1}, "4": {"precision": 0.0, "recall": 0.0, "f1-score": 0.0, "support": 1}, "5": {"precision": 0.0, "recall": 0.0, "f1-score": 0.0, "support": 1}, "accuracy": 0.42857142857142855, "macro avg": {"precision": 0.08571428571428572, "recall": 0.2, "f1-score": 0.12, "support": 7}, "weighted avg": {"precision": 0.18367346938775508, "recall": 0.42857142857142855, "f1-score": 0.2571428571428571, "support": 7}}}}