{"feature_name": "'When'_Clauses", "feature_id": "126A", "k": 9, "train": {"report": {"0": {"precision": 0.5370370370370371, "recall": 1.0, "f1-score": 0.6987951807228916, "support": 29}, "1": {"precision": 0.0, "recall": 0.0, "f1-score": 0.0, "support": 13}, "2": {"precision": 0.0, "recall": 0.0, "f1-score": 0.0, "support": 12}, "accuracy": 0.5370370370370371, "macro avg": {"precision": 0.17901234567901236, "recall": 0.3333333333333333, "f1-score": 0.23293172690763053, "support": 54}, "weighted avg": {"precision": 0.28840877914951996, "recall": 0.5370370370370371, "f1-score": 0.37527889335118253, "support": 54}}}, "dev": {"report": {"0": {"precision": 0.5370370370370371, "recall": 1.0, "f1-score": 0.6987951807228916, "support": 29}, "1": {"precision": 0.0, "recall": 0.0, "f1-score": 0.0, "support": 13}, "2": {"precision": 0.0, "recall": 0.0, "f1-score": 0.0, "support": 12}, "accuracy": 0.5370370370370371, "macro avg": {"precision": 0.17901234567901236, "recall": 0.3333333333333333, "f1-score": 0.23293172690763053, "support": 54}, "weighted avg": {"precision": 0.28840877914951996, "recall": 0.5370370370370371, "f1-score": 0.37527889335118253, "support": 54}}}, "test": {"report": {"0": {"precision": 0.2857142857142857, "recall": 1.0, "f1-score": 0.4444444444444445, "support": 2}, "1": {"precision": 0.0, "recall": 0.0, "f1-score": 0.0, "support": 2}, "2": {"precision": 0.0, "recall": 0.0, "f1-score": 0.0, "support": 3}, "accuracy": 0.2857142857142857, "macro avg": {"precision": 0.09523809523809523, "recall": 0.3333333333333333, "f1-score": 0.14814814814814817, "support": 7}, "weighted avg": {"precision": 0.08163265306122448, "recall": 0.2857142857142857, "f1-score": 0.126984126984127, "support": 7}}}}