{"feature_name": "Third_Person_Zero_of_Verbal_Person_Marking", "feature_id": "103A", "k": 1, "train": {"report": {"0": {"precision": 0.46078431372549017, "recall": 1.0, "f1-score": 0.6308724832214765, "support": 47}, "1": {"precision": 0.0, "recall": 0.0, "f1-score": 0.0, "support": 25}, "2": {"precision": 0.0, "recall": 0.0, "f1-score": 0.0, "support": 13}, "3": {"precision": 0.0, "recall": 0.0, "f1-score": 0.0, "support": 9}, "4": {"precision": 0.0, "recall": 0.0, "f1-score": 0.0, "support": 7}, "5": {"precision": 0.0, "recall": 0.0, "f1-score": 0.0, "support": 1}, "accuracy": 0.46078431372549017, "macro avg": {"precision": 0.07679738562091502, "recall": 0.16666666666666666, "f1-score": 0.10514541387024608, "support": 102}, "weighted avg": {"precision": 0.21232218377547096, "recall": 0.46078431372549017, "f1-score": 0.29069614422950385, "support": 102}}}, "dev": {"report": {"0": {"precision": 0.46078431372549017, "recall": 1.0, "f1-score": 0.6308724832214765, "support": 47}, "1": {"precision": 0.0, "recall": 0.0, "f1-score": 0.0, "support": 25}, "2": {"precision": 0.0, "recall": 0.0, "f1-score": 0.0, "support": 13}, "3": {"precision": 0.0, "recall": 0.0, "f1-score": 0.0, "support": 9}, "4": {"precision": 0.0, "recall": 0.0, "f1-score": 0.0, "support": 7}, "5": {"precision": 0.0, "recall": 0.0, "f1-score": 0.0, "support": 1}, "accuracy": 0.46078431372549017, "macro avg": {"precision": 0.07679738562091502, "recall": 0.16666666666666666, "f1-score": 0.10514541387024608, "support": 102}, "weighted avg": {"precision": 0.21232218377547096, "recall": 0.46078431372549017, "f1-score": 0.29069614422950385, "support": 102}}}, "test": {"report": {"0": {"precision": 0.5833333333333334, "recall": 1.0, "f1-score": 0.7368421052631579, "support": 7}, "1": {"precision": 0.0, "recall": 0.0, "f1-score": 0.0, "support": 2}, "2": {"precision": 0.0, "recall": 0.0, "f1-score": 0.0, "support": 2}, "4": {"precision": 0.0, "recall": 0.0, "f1-score": 0.0, "support": 1}, "accuracy": 0.5833333333333334, "macro avg": {"precision": 0.14583333333333334, "recall": 0.25, "f1-score": 0.18421052631578946, "support": 12}, "weighted avg": {"precision": 0.34027777777777785, "recall": 0.5833333333333334, "f1-score": 0.4298245614035088, "support": 12}}}}