{"feature_name": "M_in_First_Person_Singular", "feature_id": "136B", "k": 7, "train": {"report": {"0": {"precision": 0.7543859649122807, "recall": 1.0, "f1-score": 0.86, "support": 43}, "1": {"precision": 0.0, "recall": 0.0, "f1-score": 0.0, "support": 14}, "accuracy": 0.7543859649122807, "macro avg": {"precision": 0.37719298245614036, "recall": 0.5, "f1-score": 0.43, "support": 57}, "weighted avg": {"precision": 0.5690981840566328, "recall": 0.7543859649122807, "f1-score": 0.6487719298245613, "support": 57}}}, "dev": {"report": {"0": {"precision": 0.7543859649122807, "recall": 1.0, "f1-score": 0.86, "support": 43}, "1": {"precision": 0.0, "recall": 0.0, "f1-score": 0.0, "support": 14}, "accuracy": 0.7543859649122807, "macro avg": {"precision": 0.37719298245614036, "recall": 0.5, "f1-score": 0.43, "support": 57}, "weighted avg": {"precision": 0.5690981840566328, "recall": 0.7543859649122807, "f1-score": 0.6487719298245613, "support": 57}}}, "test": {"report": {"0": {"precision": 0.7142857142857143, "recall": 1.0, "f1-score": 0.8333333333333333, "support": 5}, "1": {"precision": 0.0, "recall": 0.0, "f1-score": 0.0, "support": 2}, "accuracy": 0.7142857142857143, "macro avg": {"precision": 0.35714285714285715, "recall": 0.5, "f1-score": 0.41666666666666663, "support": 7}, "weighted avg": {"precision": 0.5102040816326531, "recall": 0.7142857142857143, "f1-score": 0.5952380952380951, "support": 7}}}}