{"feature_name": "Semantic_Distinctions_of_Evidentiality", "feature_id": "77A", "k": 2, "train": {"report": {"0": {"precision": 0.0, "recall": 0.0, "f1-score": 0.0, "support": 50}, "1": {"precision": 0.4396551724137931, "recall": 1.0, "f1-score": 0.6107784431137724, "support": 51}, "2": {"precision": 0.0, "recall": 0.0, "f1-score": 0.0, "support": 15}, "accuracy": 0.4396551724137931, "macro avg": {"precision": 0.14655172413793102, "recall": 0.3333333333333333, "f1-score": 0.20359281437125745, "support": 116}, "weighted avg": {"precision": 0.19329667063020214, "recall": 0.4396551724137931, "f1-score": 0.2685319017138137, "support": 116}}}, "dev": {"report": {"0": {"precision": 0.0, "recall": 0.0, "f1-score": 0.0, "support": 50}, "1": {"precision": 0.4396551724137931, "recall": 1.0, "f1-score": 0.6107784431137724, "support": 51}, "2": {"precision": 0.0, "recall": 0.0, "f1-score": 0.0, "support": 15}, "accuracy": 0.4396551724137931, "macro avg": {"precision": 0.14655172413793102, "recall": 0.3333333333333333, "f1-score": 0.20359281437125745, "support": 116}, "weighted avg": {"precision": 0.19329667063020214, "recall": 0.4396551724137931, "f1-score": 0.2685319017138137, "support": 116}}}, "test": {"report": {"0": {"precision": 0.0, "recall": 0.0, "f1-score": 0.0, "support": 4}, "1": {"precision": 0.5, "recall": 1.0, "f1-score": 0.6666666666666666, "support": 7}, "2": {"precision": 0.0, "recall": 0.0, "f1-score": 0.0, "support": 3}, "accuracy": 0.5, "macro avg": {"precision": 0.16666666666666666, "recall": 0.3333333333333333, "f1-score": 0.2222222222222222, "support": 14}, "weighted avg": {"precision": 0.25, "recall": 0.5, "f1-score": 0.3333333333333333, "support": 14}}}}