{"feature_name": "Glottalized_Consonants", "feature_id": "7A", "k": 3, "train": {"report": {"0": {"precision": 0.8275862068965517, "recall": 1.0, "f1-score": 0.9056603773584906, "support": 120}, "1": {"precision": 0.0, "recall": 0.0, "f1-score": 0.0, "support": 10}, "2": {"precision": 0.0, "recall": 0.0, "f1-score": 0.0, "support": 9}, "3": {"precision": 0.0, "recall": 0.0, "f1-score": 0.0, "support": 1}, "4": {"precision": 0.0, "recall": 0.0, "f1-score": 0.0, "support": 3}, "5": {"precision": 0.0, "recall": 0.0, "f1-score": 0.0, "support": 2}, "accuracy": 0.8275862068965517, "macro avg": {"precision": 0.13793103448275862, "recall": 0.16666666666666666, "f1-score": 0.1509433962264151, "support": 145}, "weighted avg": {"precision": 0.6848989298454221, "recall": 0.8275862068965517, "f1-score": 0.749512036434613, "support": 145}}}, "dev": {"report": {"0": {"precision": 0.8275862068965517, "recall": 1.0, "f1-score": 0.9056603773584906, "support": 120}, "1": {"precision": 0.0, "recall": 0.0, "f1-score": 0.0, "support": 10}, "2": {"precision": 0.0, "recall": 0.0, "f1-score": 0.0, "support": 9}, "3": {"precision": 0.0, "recall": 0.0, "f1-score": 0.0, "support": 1}, "4": {"precision": 0.0, "recall": 0.0, "f1-score": 0.0, "support": 3}, "5": {"precision": 0.0, "recall": 0.0, "f1-score": 0.0, "support": 2}, "accuracy": 0.8275862068965517, "macro avg": {"precision": 0.13793103448275862, "recall": 0.16666666666666666, "f1-score": 0.1509433962264151, "support": 145}, "weighted avg": {"precision": 0.6848989298454221, "recall": 0.8275862068965517, "f1-score": 0.749512036434613, "support": 145}}}, "test": {"report": {"0": {"precision": 0.9411764705882353, "recall": 1.0, "f1-score": 0.9696969696969697, "support": 16}, "2": {"precision": 0.0, "recall": 0.0, "f1-score": 0.0, "support": 1}, "accuracy": 0.9411764705882353, "macro avg": {"precision": 0.47058823529411764, "recall": 0.5, "f1-score": 0.48484848484848486, "support": 17}, "weighted avg": {"precision": 0.8858131487889274, "recall": 0.9411764705882353, "f1-score": 0.912655971479501, "support": 17}}}}