{"feature_name": "The_Associative_Plural", "feature_id": "36A", "k": 6, "train": {"report": {"0": {"precision": 0.4, "recall": 1.0, "f1-score": 0.5714285714285715, "support": 28}, "1": {"precision": 0.0, "recall": 0.0, "f1-score": 0.0, "support": 11}, "2": {"precision": 0.0, "recall": 0.0, "f1-score": 0.0, "support": 15}, "3": {"precision": 0.0, "recall": 0.0, "f1-score": 0.0, "support": 16}, "accuracy": 0.4, "macro avg": {"precision": 0.1, "recall": 0.25, "f1-score": 0.14285714285714288, "support": 70}, "weighted avg": {"precision": 0.16, "recall": 0.4, "f1-score": 0.22857142857142862, "support": 70}}}, "dev": {"report": {"0": {"precision": 0.4, "recall": 1.0, "f1-score": 0.5714285714285715, "support": 28}, "1": {"precision": 0.0, "recall": 0.0, "f1-score": 0.0, "support": 11}, "2": {"precision": 0.0, "recall": 0.0, "f1-score": 0.0, "support": 15}, "3": {"precision": 0.0, "recall": 0.0, "f1-score": 0.0, "support": 16}, "accuracy": 0.4, "macro avg": {"precision": 0.1, "recall": 0.25, "f1-score": 0.14285714285714288, "support": 70}, "weighted avg": {"precision": 0.16, "recall": 0.4, "f1-score": 0.22857142857142862, "support": 70}}}, "test": {"report": {"0": {"precision": 0.5, "recall": 1.0, "f1-score": 0.6666666666666666, "support": 4}, "1": {"precision": 0.0, "recall": 0.0, "f1-score": 0.0, "support": 3}, "3": {"precision": 0.0, "recall": 0.0, "f1-score": 0.0, "support": 1}, "accuracy": 0.5, "macro avg": {"precision": 0.16666666666666666, "recall": 0.3333333333333333, "f1-score": 0.2222222222222222, "support": 8}, "weighted avg": {"precision": 0.25, "recall": 0.5, "f1-score": 0.3333333333333333, "support": 8}}}}