{"feature_name": "Position_of_negative_words_relative_to_beginning_and_end_of_clause_and_with_respect_to_adjacency_to_verb", "feature_id": "144B", "k": 5, "train": {"report": {"0": {"precision": 0.6785714285714286, "recall": 1.0, "f1-score": 0.8085106382978724, "support": 95}, "1": {"precision": 0.0, "recall": 0.0, "f1-score": 0.0, "support": 17}, "2": {"precision": 0.0, "recall": 0.0, "f1-score": 0.0, "support": 18}, "3": {"precision": 0.0, "recall": 0.0, "f1-score": 0.0, "support": 8}, "4": {"precision": 0.0, "recall": 0.0, "f1-score": 0.0, "support": 2}, "accuracy": 0.6785714285714286, "macro avg": {"precision": 0.13571428571428573, "recall": 0.2, "f1-score": 0.16170212765957448, "support": 140}, "weighted avg": {"precision": 0.46045918367346944, "recall": 0.6785714285714286, "f1-score": 0.5486322188449848, "support": 140}}}, "dev": {"report": {"0": {"precision": 0.6785714285714286, "recall": 1.0, "f1-score": 0.8085106382978724, "support": 95}, "1": {"precision": 0.0, "recall": 0.0, "f1-score": 0.0, "support": 17}, "2": {"precision": 0.0, "recall": 0.0, "f1-score": 0.0, "support": 18}, "3": {"precision": 0.0, "recall": 0.0, "f1-score": 0.0, "support": 8}, "4": {"precision": 0.0, "recall": 0.0, "f1-score": 0.0, "support": 2}, "accuracy": 0.6785714285714286, "macro avg": {"precision": 0.13571428571428573, "recall": 0.2, "f1-score": 0.16170212765957448, "support": 140}, "weighted avg": {"precision": 0.46045918367346944, "recall": 0.6785714285714286, "f1-score": 0.5486322188449848, "support": 140}}}, "test": {"report": {"0": {"precision": 0.8125, "recall": 1.0, "f1-score": 0.896551724137931, "support": 13}, "2": {"precision": 0.0, "recall": 0.0, "f1-score": 0.0, "support": 3}, "accuracy": 0.8125, "macro avg": {"precision": 0.40625, "recall": 0.5, "f1-score": 0.4482758620689655, "support": 16}, "weighted avg": {"precision": 0.66015625, "recall": 0.8125, "f1-score": 0.728448275862069, "support": 16}}}}