{"feature_name": "Reduplication", "feature_id": "27A", "k": 6, "train": {"report": {"0": {"precision": 0.71875, "recall": 1.0, "f1-score": 0.8363636363636363, "support": 69}, "1": {"precision": 0.0, "recall": 0.0, "f1-score": 0.0, "support": 15}, "2": {"precision": 0.0, "recall": 0.0, "f1-score": 0.0, "support": 12}, "accuracy": 0.71875, "macro avg": {"precision": 0.23958333333333334, "recall": 0.3333333333333333, "f1-score": 0.27878787878787875, "support": 96}, "weighted avg": {"precision": 0.5166015625, "recall": 0.71875, "f1-score": 0.6011363636363636, "support": 96}}}, "dev": {"report": {"0": {"precision": 0.71875, "recall": 1.0, "f1-score": 0.8363636363636363, "support": 69}, "1": {"precision": 0.0, "recall": 0.0, "f1-score": 0.0, "support": 15}, "2": {"precision": 0.0, "recall": 0.0, "f1-score": 0.0, "support": 12}, "accuracy": 0.71875, "macro avg": {"precision": 0.23958333333333334, "recall": 0.3333333333333333, "f1-score": 0.27878787878787875, "support": 96}, "weighted avg": {"precision": 0.5166015625, "recall": 0.71875, "f1-score": 0.6011363636363636, "support": 96}}}, "test": {"report": {"0": {"precision": 0.6363636363636364, "recall": 1.0, "f1-score": 0.7777777777777778, "support": 7}, "1": {"precision": 0.0, "recall": 0.0, "f1-score": 0.0, "support": 3}, "2": {"precision": 0.0, "recall": 0.0, "f1-score": 0.0, "support": 1}, "accuracy": 0.6363636363636364, "macro avg": {"precision": 0.21212121212121213, "recall": 0.3333333333333333, "f1-score": 0.25925925925925924, "support": 11}, "weighted avg": {"precision": 0.4049586776859504, "recall": 0.6363636363636364, "f1-score": 0.494949494949495, "support": 11}}}}