{"feature_name": "Order_of_Adverbial_Subordinator_and_Clause", "feature_id": "94A", "k": 2, "train": {"report": {"0": {"precision": 0.6166666666666667, "recall": 1.0, "f1-score": 0.7628865979381444, "support": 111}, "1": {"precision": 0.0, "recall": 0.0, "f1-score": 0.0, "support": 30}, "2": {"precision": 0.0, "recall": 0.0, "f1-score": 0.0, "support": 19}, "3": {"precision": 0.0, "recall": 0.0, "f1-score": 0.0, "support": 18}, "4": {"precision": 0.0, "recall": 0.0, "f1-score": 0.0, "support": 2}, "accuracy": 0.6166666666666667, "macro avg": {"precision": 0.12333333333333334, "recall": 0.2, "f1-score": 0.15257731958762888, "support": 180}, "weighted avg": {"precision": 0.38027777777777777, "recall": 0.6166666666666667, "f1-score": 0.47044673539518905, "support": 180}}}, "dev": {"report": {"0": {"precision": 0.6166666666666667, "recall": 1.0, "f1-score": 0.7628865979381444, "support": 111}, "1": {"precision": 0.0, "recall": 0.0, "f1-score": 0.0, "support": 30}, "2": {"precision": 0.0, "recall": 0.0, "f1-score": 0.0, "support": 19}, "3": {"precision": 0.0, "recall": 0.0, "f1-score": 0.0, "support": 18}, "4": {"precision": 0.0, "recall": 0.0, "f1-score": 0.0, "support": 2}, "accuracy": 0.6166666666666667, "macro avg": {"precision": 0.12333333333333334, "recall": 0.2, "f1-score": 0.15257731958762888, "support": 180}, "weighted avg": {"precision": 0.38027777777777777, "recall": 0.6166666666666667, "f1-score": 0.47044673539518905, "support": 180}}}, "test": {"report": {"0": {"precision": 0.8571428571428571, "recall": 1.0, "f1-score": 0.923076923076923, "support": 18}, "1": {"precision": 0.0, "recall": 0.0, "f1-score": 0.0, "support": 3}, "accuracy": 0.8571428571428571, "macro avg": {"precision": 0.42857142857142855, "recall": 0.5, "f1-score": 0.4615384615384615, "support": 21}, "weighted avg": {"precision": 0.7346938775510203, "recall": 0.8571428571428571, "f1-score": 0.7912087912087911, "support": 21}}}}