{"feature_name": "Order_of_Person_Markers_on_the_Verb", "feature_id": "104A", "k": 5, "train": {"report": {"0": {"precision": 0.5588235294117647, "recall": 1.0, "f1-score": 0.7169811320754718, "support": 57}, "1": {"precision": 0.0, "recall": 0.0, "f1-score": 0.0, "support": 20}, "2": {"precision": 0.0, "recall": 0.0, "f1-score": 0.0, "support": 19}, "3": {"precision": 0.0, "recall": 0.0, "f1-score": 0.0, "support": 4}, "4": {"precision": 0.0, "recall": 0.0, "f1-score": 0.0, "support": 2}, "accuracy": 0.5588235294117647, "macro avg": {"precision": 0.11176470588235295, "recall": 0.2, "f1-score": 0.14339622641509436, "support": 102}, "weighted avg": {"precision": 0.31228373702422146, "recall": 0.5588235294117647, "f1-score": 0.40066592674805773, "support": 102}}}, "dev": {"report": {"0": {"precision": 0.5588235294117647, "recall": 1.0, "f1-score": 0.7169811320754718, "support": 57}, "1": {"precision": 0.0, "recall": 0.0, "f1-score": 0.0, "support": 20}, "2": {"precision": 0.0, "recall": 0.0, "f1-score": 0.0, "support": 19}, "3": {"precision": 0.0, "recall": 0.0, "f1-score": 0.0, "support": 4}, "4": {"precision": 0.0, "recall": 0.0, "f1-score": 0.0, "support": 2}, "accuracy": 0.5588235294117647, "macro avg": {"precision": 0.11176470588235295, "recall": 0.2, "f1-score": 0.14339622641509436, "support": 102}, "weighted avg": {"precision": 0.31228373702422146, "recall": 0.5588235294117647, "f1-score": 0.40066592674805773, "support": 102}}}, "test": {"report": {"0": {"precision": 0.75, "recall": 1.0, "f1-score": 0.8571428571428571, "support": 9}, "1": {"precision": 0.0, "recall": 0.0, "f1-score": 0.0, "support": 3}, "accuracy": 0.75, "macro avg": {"precision": 0.375, "recall": 0.5, "f1-score": 0.42857142857142855, "support": 12}, "weighted avg": {"precision": 0.5625, "recall": 0.75, "f1-score": 0.6428571428571428, "support": 12}}}}