{"feature_name": "Minor_morphological_means_of_signaling_negation", "feature_id": "143G", "k": 3, "train": {"report": {"0": {"precision": 0.9932659932659933, "recall": 1.0, "f1-score": 0.9966216216216216, "support": 295}, "1": {"precision": 0.0, "recall": 0.0, "f1-score": 0.0, "support": 2}, "accuracy": 0.9932659932659933, "macro avg": {"precision": 0.49663299663299665, "recall": 0.5, "f1-score": 0.4983108108108108, "support": 297}, "weighted avg": {"precision": 0.9865773333786801, "recall": 0.9932659932659933, "f1-score": 0.9899103649103649, "support": 297}}}, "dev": {"report": {"0": {"precision": 0.9932659932659933, "recall": 1.0, "f1-score": 0.9966216216216216, "support": 295}, "1": {"precision": 0.0, "recall": 0.0, "f1-score": 0.0, "support": 2}, "accuracy": 0.9932659932659933, "macro avg": {"precision": 0.49663299663299665, "recall": 0.5, "f1-score": 0.4983108108108108, "support": 297}, "weighted avg": {"precision": 0.9865773333786801, "recall": 0.9932659932659933, "f1-score": 0.9899103649103649, "support": 297}}}, "test": {"report": {"0": {"precision": 1.0, "recall": 1.0, "f1-score": 1.0, "support": 33}, "accuracy": 1.0, "macro avg": {"precision": 1.0, "recall": 1.0, "f1-score": 1.0, "support": 33}, "weighted avg": {"precision": 1.0, "recall": 1.0, "f1-score": 1.0, "support": 33}}}}