{"feature_name": "Finger_and_Hand", "feature_id": "130A", "k": 0, "train": {"report": {"0": {"precision": 0.9666666666666667, "recall": 1.0, "f1-score": 0.983050847457627, "support": 174}, "1": {"precision": 0.0, "recall": 0.0, "f1-score": 0.0, "support": 6}, "accuracy": 0.9666666666666667, "macro avg": {"precision": 0.48333333333333334, "recall": 0.5, "f1-score": 0.4915254237288135, "support": 180}, "weighted avg": {"precision": 0.9344444444444444, "recall": 0.9666666666666667, "f1-score": 0.9502824858757061, "support": 180}}}, "dev": {"report": {"0": {"precision": 0.9666666666666667, "recall": 1.0, "f1-score": 0.983050847457627, "support": 174}, "1": {"precision": 0.0, "recall": 0.0, "f1-score": 0.0, "support": 6}, "accuracy": 0.9666666666666667, "macro avg": {"precision": 0.48333333333333334, "recall": 0.5, "f1-score": 0.4915254237288135, "support": 180}, "weighted avg": {"precision": 0.9344444444444444, "recall": 0.9666666666666667, "f1-score": 0.9502824858757061, "support": 180}}}, "test": {"report": {"0": {"precision": 0.95, "recall": 1.0, "f1-score": 0.9743589743589743, "support": 19}, "1": {"precision": 0.0, "recall": 0.0, "f1-score": 0.0, "support": 1}, "accuracy": 0.95, "macro avg": {"precision": 0.475, "recall": 0.5, "f1-score": 0.48717948717948717, "support": 20}, "weighted avg": {"precision": 0.9025000000000001, "recall": 0.95, "f1-score": 0.9256410256410256, "support": 20}}}}