{"feature_name": "Postnominal_relative_clauses", "feature_id": "90C", "k": 8, "train": {"report": {"0": {"precision": 0.9559748427672956, "recall": 1.0, "f1-score": 0.977491961414791, "support": 152}, "1": {"precision": 0.0, "recall": 0.0, "f1-score": 0.0, "support": 7}, "accuracy": 0.9559748427672956, "macro avg": {"precision": 0.4779874213836478, "recall": 0.5, "f1-score": 0.4887459807073955, "support": 159}, "weighted avg": {"precision": 0.9138879000039556, "recall": 0.9559748427672956, "f1-score": 0.9344577241198001, "support": 159}}}, "dev": {"report": {"0": {"precision": 0.9559748427672956, "recall": 1.0, "f1-score": 0.977491961414791, "support": 152}, "1": {"precision": 0.0, "recall": 0.0, "f1-score": 0.0, "support": 7}, "accuracy": 0.9559748427672956, "macro avg": {"precision": 0.4779874213836478, "recall": 0.5, "f1-score": 0.4887459807073955, "support": 159}, "weighted avg": {"precision": 0.9138879000039556, "recall": 0.9559748427672956, "f1-score": 0.9344577241198001, "support": 159}}}, "test": {"report": {"0": {"precision": 0.9473684210526315, "recall": 1.0, "f1-score": 0.972972972972973, "support": 18}, "3": {"precision": 0.0, "recall": 0.0, "f1-score": 0.0, "support": 1}, "accuracy": 0.9473684210526315, "macro avg": {"precision": 0.47368421052631576, "recall": 0.5, "f1-score": 0.4864864864864865, "support": 19}, "weighted avg": {"precision": 0.8975069252077561, "recall": 0.9473684210526315, "f1-score": 0.9217638691322904, "support": 19}}}}