{"feature_name": "Relativization_on_Obliques", "feature_id": "123A", "k": 4, "train": {"report": {"0": {"precision": 0.5135135135135135, "recall": 1.0, "f1-score": 0.6785714285714285, "support": 19}, "1": {"precision": 0.0, "recall": 0.0, "f1-score": 0.0, "support": 4}, "2": {"precision": 0.0, "recall": 0.0, "f1-score": 0.0, "support": 6}, "3": {"precision": 0.0, "recall": 0.0, "f1-score": 0.0, "support": 4}, "4": {"precision": 0.0, "recall": 0.0, "f1-score": 0.0, "support": 4}, "accuracy": 0.5135135135135135, "macro avg": {"precision": 0.1027027027027027, "recall": 0.2, "f1-score": 0.1357142857142857, "support": 37}, "weighted avg": {"precision": 0.2636961285609934, "recall": 0.5135135135135135, "f1-score": 0.34845559845559837, "support": 37}}}, "dev": {"report": {"0": {"precision": 0.5135135135135135, "recall": 1.0, "f1-score": 0.6785714285714285, "support": 19}, "1": {"precision": 0.0, "recall": 0.0, "f1-score": 0.0, "support": 4}, "2": {"precision": 0.0, "recall": 0.0, "f1-score": 0.0, "support": 6}, "3": {"precision": 0.0, "recall": 0.0, "f1-score": 0.0, "support": 4}, "4": {"precision": 0.0, "recall": 0.0, "f1-score": 0.0, "support": 4}, "accuracy": 0.5135135135135135, "macro avg": {"precision": 0.1027027027027027, "recall": 0.2, "f1-score": 0.1357142857142857, "support": 37}, "weighted avg": {"precision": 0.2636961285609934, "recall": 0.5135135135135135, "f1-score": 0.34845559845559837, "support": 37}}}, "test": {"report": {"0": {"precision": 0.0, "recall": 0.0, "f1-score": 0.0, "support": 0.0}, "1": {"precision": 0.0, "recall": 0.0, "f1-score": 0.0, "support": 2.0}, "2": {"precision": 0.0, "recall": 0.0, "f1-score": 0.0, "support": 3.0}, "accuracy": 0.0, "macro avg": {"precision": 0.0, "recall": 0.0, "f1-score": 0.0, "support": 5.0}, "weighted avg": {"precision": 0.0, "recall": 0.0, "f1-score": 0.0, "support": 5.0}}}}