{"feature_name": "Occurrence_of_Nominal_Plurality", "feature_id": "34A", "k": 1, "train": {"report": {"0": {"precision": 0.5454545454545454, "recall": 1.0, "f1-score": 0.7058823529411764, "support": 36}, "1": {"precision": 0.0, "recall": 0.0, "f1-score": 0.0, "support": 11}, "2": {"precision": 0.0, "recall": 0.0, "f1-score": 0.0, "support": 8}, "3": {"precision": 0.0, "recall": 0.0, "f1-score": 0.0, "support": 4}, "4": {"precision": 0.0, "recall": 0.0, "f1-score": 0.0, "support": 3}, "5": {"precision": 0.0, "recall": 0.0, "f1-score": 0.0, "support": 4}, "accuracy": 0.5454545454545454, "macro avg": {"precision": 0.0909090909090909, "recall": 0.16666666666666666, "f1-score": 0.1176470588235294, "support": 66}, "weighted avg": {"precision": 0.29752066115702475, "recall": 0.5454545454545454, "f1-score": 0.3850267379679144, "support": 66}}}, "dev": {"report": {"0": {"precision": 0.5454545454545454, "recall": 1.0, "f1-score": 0.7058823529411764, "support": 36}, "1": {"precision": 0.0, "recall": 0.0, "f1-score": 0.0, "support": 11}, "2": {"precision": 0.0, "recall": 0.0, "f1-score": 0.0, "support": 8}, "3": {"precision": 0.0, "recall": 0.0, "f1-score": 0.0, "support": 4}, "4": {"precision": 0.0, "recall": 0.0, "f1-score": 0.0, "support": 3}, "5": {"precision": 0.0, "recall": 0.0, "f1-score": 0.0, "support": 4}, "accuracy": 0.5454545454545454, "macro avg": {"precision": 0.0909090909090909, "recall": 0.16666666666666666, "f1-score": 0.1176470588235294, "support": 66}, "weighted avg": {"precision": 0.29752066115702475, "recall": 0.5454545454545454, "f1-score": 0.3850267379679144, "support": 66}}}, "test": {"report": {"0": {"precision": 0.75, "recall": 1.0, "f1-score": 0.8571428571428571, "support": 6}, "1": {"precision": 0.0, "recall": 0.0, "f1-score": 0.0, "support": 2}, "accuracy": 0.75, "macro avg": {"precision": 0.375, "recall": 0.5, "f1-score": 0.42857142857142855, "support": 8}, "weighted avg": {"precision": 0.5625, "recall": 0.75, "f1-score": 0.6428571428571428, "support": 8}}}}