{"feature_name": "Order_of_Genitive_and_Noun", "feature_id": "86A", "k": 6, "train": {"report": {"0": {"precision": 0.570446735395189, "recall": 1.0, "f1-score": 0.7264770240700219, "support": 166}, "1": {"precision": 0.0, "recall": 0.0, "f1-score": 0.0, "support": 105}, "2": {"precision": 0.0, "recall": 0.0, "f1-score": 0.0, "support": 20}, "accuracy": 0.570446735395189, "macro avg": {"precision": 0.19014891179839633, "recall": 0.3333333333333333, "f1-score": 0.24215900802334064, "support": 291}, "weighted avg": {"precision": 0.32540947792302877, "recall": 0.570446735395189, "f1-score": 0.41441644672035616, "support": 291}}}, "dev": {"report": {"0": {"precision": 0.570446735395189, "recall": 1.0, "f1-score": 0.7264770240700219, "support": 166}, "1": {"precision": 0.0, "recall": 0.0, "f1-score": 0.0, "support": 105}, "2": {"precision": 0.0, "recall": 0.0, "f1-score": 0.0, "support": 20}, "accuracy": 0.570446735395189, "macro avg": {"precision": 0.19014891179839633, "recall": 0.3333333333333333, "f1-score": 0.24215900802334064, "support": 291}, "weighted avg": {"precision": 0.32540947792302877, "recall": 0.570446735395189, "f1-score": 0.41441644672035616, "support": 291}}}, "test": {"report": {"0": {"precision": 0.36363636363636365, "recall": 1.0, "f1-score": 0.5333333333333333, "support": 12}, "1": {"precision": 0.0, "recall": 0.0, "f1-score": 0.0, "support": 18}, "2": {"precision": 0.0, "recall": 0.0, "f1-score": 0.0, "support": 3}, "accuracy": 0.36363636363636365, "macro avg": {"precision": 0.12121212121212122, "recall": 0.3333333333333333, "f1-score": 0.17777777777777778, "support": 33}, "weighted avg": {"precision": 0.1322314049586777, "recall": 0.36363636363636365, "f1-score": 0.19393939393939394, "support": 33}}}}