{"feature_name": "Applicative_Constructions", "feature_id": "109A", "k": 9, "train": {"report": {"0": {"precision": 0.631578947368421, "recall": 1.0, "f1-score": 0.7741935483870968, "support": 36}, "1": {"precision": 0.0, "recall": 0.0, "f1-score": 0.0, "support": 13}, "2": {"precision": 0.0, "recall": 0.0, "f1-score": 0.0, "support": 4}, "3": {"precision": 0.0, "recall": 0.0, "f1-score": 0.0, "support": 3}, "4": {"precision": 0.0, "recall": 0.0, "f1-score": 0.0, "support": 1}, "accuracy": 0.631578947368421, "macro avg": {"precision": 0.12631578947368421, "recall": 0.2, "f1-score": 0.15483870967741936, "support": 57}, "weighted avg": {"precision": 0.39889196675900274, "recall": 0.631578947368421, "f1-score": 0.48896434634974534, "support": 57}}}, "dev": {"report": {"0": {"precision": 0.631578947368421, "recall": 1.0, "f1-score": 0.7741935483870968, "support": 36}, "1": {"precision": 0.0, "recall": 0.0, "f1-score": 0.0, "support": 13}, "2": {"precision": 0.0, "recall": 0.0, "f1-score": 0.0, "support": 4}, "3": {"precision": 0.0, "recall": 0.0, "f1-score": 0.0, "support": 3}, "4": {"precision": 0.0, "recall": 0.0, "f1-score": 0.0, "support": 1}, "accuracy": 0.631578947368421, "macro avg": {"precision": 0.12631578947368421, "recall": 0.2, "f1-score": 0.15483870967741936, "support": 57}, "weighted avg": {"precision": 0.39889196675900274, "recall": 0.631578947368421, "f1-score": 0.48896434634974534, "support": 57}}}, "test": {"report": {"0": {"precision": 1.0, "recall": 1.0, "f1-score": 1.0, "support": 7}, "accuracy": 1.0, "macro avg": {"precision": 1.0, "recall": 1.0, "f1-score": 1.0, "support": 7}, "weighted avg": {"precision": 1.0, "recall": 1.0, "f1-score": 1.0, "support": 7}}}}