{"feature_name": "The_Position_of_Negative_Morphemes_in_SVO_Languages", "feature_id": "144D", "k": 0, "train": {"report": {"0": {"precision": 0.2777777777777778, "recall": 1.0, "f1-score": 0.4347826086956522, "support": 30}, "1": {"precision": 0.0, "recall": 0.0, "f1-score": 0.0, "support": 15}, "2": {"precision": 0.0, "recall": 0.0, "f1-score": 0.0, "support": 19}, "3": {"precision": 0.0, "recall": 0.0, "f1-score": 0.0, "support": 12}, "4": {"precision": 0.0, "recall": 0.0, "f1-score": 0.0, "support": 14}, "5": {"precision": 0.0, "recall": 0.0, "f1-score": 0.0, "support": 6}, "6": {"precision": 0.0, "recall": 0.0, "f1-score": 0.0, "support": 6}, "7": {"precision": 0.0, "recall": 0.0, "f1-score": 0.0, "support": 4}, "9": {"precision": 0.0, "recall": 0.0, "f1-score": 0.0, "support": 1}, "13": {"precision": 0.0, "recall": 0.0, "f1-score": 0.0, "support": 1}, "accuracy": 0.2777777777777778, "macro avg": {"precision": 0.02777777777777778, "recall": 0.1, "f1-score": 0.04347826086956522, "support": 108}, "weighted avg": {"precision": 0.0771604938271605, "recall": 0.2777777777777778, "f1-score": 0.12077294685990339, "support": 108}}}, "dev": {"report": {"0": {"precision": 0.2777777777777778, "recall": 1.0, "f1-score": 0.4347826086956522, "support": 30}, "1": {"precision": 0.0, "recall": 0.0, "f1-score": 0.0, "support": 15}, "2": {"precision": 0.0, "recall": 0.0, "f1-score": 0.0, "support": 19}, "3": {"precision": 0.0, "recall": 0.0, "f1-score": 0.0, "support": 12}, "4": {"precision": 0.0, "recall": 0.0, "f1-score": 0.0, "support": 14}, "5": {"precision": 0.0, "recall": 0.0, "f1-score": 0.0, "support": 6}, "6": {"precision": 0.0, "recall": 0.0, "f1-score": 0.0, "support": 6}, "7": {"precision": 0.0, "recall": 0.0, "f1-score": 0.0, "support": 4}, "9": {"precision": 0.0, "recall": 0.0, "f1-score": 0.0, "support": 1}, "13": {"precision": 0.0, "recall": 0.0, "f1-score": 0.0, "support": 1}, "accuracy": 0.2777777777777778, "macro avg": {"precision": 0.02777777777777778, "recall": 0.1, "f1-score": 0.04347826086956522, "support": 108}, "weighted avg": {"precision": 0.0771604938271605, "recall": 0.2777777777777778, "f1-score": 0.12077294685990339, "support": 108}}}, "test": {"report": {"0": {"precision": 0.38461538461538464, "recall": 1.0, "f1-score": 0.5555555555555556, "support": 5}, "2": {"precision": 0.0, "recall": 0.0, "f1-score": 0.0, "support": 3}, "3": {"precision": 0.0, "recall": 0.0, "f1-score": 0.0, "support": 1}, "4": {"precision": 0.0, "recall": 0.0, "f1-score": 0.0, "support": 2}, "5": {"precision": 0.0, "recall": 0.0, "f1-score": 0.0, "support": 1}, "6": {"precision": 0.0, "recall": 0.0, "f1-score": 0.0, "support": 1}, "accuracy": 0.38461538461538464, "macro avg": {"precision": 0.06410256410256411, "recall": 0.16666666666666666, "f1-score": 0.0925925925925926, "support": 13}, "weighted avg": {"precision": 0.14792899408284024, "recall": 0.38461538461538464, "f1-score": 0.21367521367521367, "support": 13}}}}