{"feature_name": "Relativization_on_Subjects", "feature_id": "122A", "k": 5, "train": {"report": {"0": {"precision": 0.84, "recall": 1.0, "f1-score": 0.9130434782608696, "support": 42}, "1": {"precision": 0.0, "recall": 0.0, "f1-score": 0.0, "support": 5}, "2": {"precision": 0.0, "recall": 0.0, "f1-score": 0.0, "support": 2}, "3": {"precision": 0.0, "recall": 0.0, "f1-score": 0.0, "support": 1}, "accuracy": 0.84, "macro avg": {"precision": 0.21, "recall": 0.25, "f1-score": 0.2282608695652174, "support": 50}, "weighted avg": {"precision": 0.7056, "recall": 0.84, "f1-score": 0.7669565217391304, "support": 50}}}, "dev": {"report": {"0": {"precision": 0.84, "recall": 1.0, "f1-score": 0.9130434782608696, "support": 42}, "1": {"precision": 0.0, "recall": 0.0, "f1-score": 0.0, "support": 5}, "2": {"precision": 0.0, "recall": 0.0, "f1-score": 0.0, "support": 2}, "3": {"precision": 0.0, "recall": 0.0, "f1-score": 0.0, "support": 1}, "accuracy": 0.84, "macro avg": {"precision": 0.21, "recall": 0.25, "f1-score": 0.2282608695652174, "support": 50}, "weighted avg": {"precision": 0.7056, "recall": 0.84, "f1-score": 0.7669565217391304, "support": 50}}}, "test": {"report": {"0": {"precision": 0.5, "recall": 1.0, "f1-score": 0.6666666666666666, "support": 3}, "2": {"precision": 0.0, "recall": 0.0, "f1-score": 0.0, "support": 3}, "accuracy": 0.5, "macro avg": {"precision": 0.25, "recall": 0.5, "f1-score": 0.3333333333333333, "support": 6}, "weighted avg": {"precision": 0.25, "recall": 0.5, "f1-score": 0.3333333333333333, "support": 6}}}}