{"feature_name": "N-M_Pronouns", "feature_id": "137A", "k": 0, "train": {"report": {"0": {"precision": 0.8928571428571429, "recall": 1.0, "f1-score": 0.9433962264150945, "support": 50}, "1": {"precision": 0.0, "recall": 0.0, "f1-score": 0.0, "support": 6}, "accuracy": 0.8928571428571429, "macro avg": {"precision": 0.44642857142857145, "recall": 0.5, "f1-score": 0.47169811320754723, "support": 56}, "weighted avg": {"precision": 0.7971938775510204, "recall": 0.8928571428571429, "f1-score": 0.8423180592991916, "support": 56}}}, "dev": {"report": {"0": {"precision": 0.8928571428571429, "recall": 1.0, "f1-score": 0.9433962264150945, "support": 50}, "1": {"precision": 0.0, "recall": 0.0, "f1-score": 0.0, "support": 6}, "accuracy": 0.8928571428571429, "macro avg": {"precision": 0.44642857142857145, "recall": 0.5, "f1-score": 0.47169811320754723, "support": 56}, "weighted avg": {"precision": 0.7971938775510204, "recall": 0.8928571428571429, "f1-score": 0.8423180592991916, "support": 56}}}, "test": {"report": {"0": {"precision": 0.8571428571428571, "recall": 1.0, "f1-score": 0.923076923076923, "support": 6}, "1": {"precision": 0.0, "recall": 0.0, "f1-score": 0.0, "support": 1}, "accuracy": 0.8571428571428571, "macro avg": {"precision": 0.42857142857142855, "recall": 0.5, "f1-score": 0.4615384615384615, "support": 7}, "weighted avg": {"precision": 0.7346938775510203, "recall": 0.8571428571428571, "f1-score": 0.7912087912087912, "support": 7}}}}