{"feature_name": "The_Future_Tense", "feature_id": "67A", "k": 0, "train": {"report": {"0": {"precision": 0.5866666666666667, "recall": 1.0, "f1-score": 0.7394957983193278, "support": 44}, "1": {"precision": 0.0, "recall": 0.0, "f1-score": 0.0, "support": 31}, "accuracy": 0.5866666666666667, "macro avg": {"precision": 0.29333333333333333, "recall": 0.5, "f1-score": 0.3697478991596639, "support": 75}, "weighted avg": {"precision": 0.34417777777777775, "recall": 0.5866666666666667, "f1-score": 0.43383753501400557, "support": 75}}}, "dev": {"report": {"0": {"precision": 0.5866666666666667, "recall": 1.0, "f1-score": 0.7394957983193278, "support": 44}, "1": {"precision": 0.0, "recall": 0.0, "f1-score": 0.0, "support": 31}, "accuracy": 0.5866666666666667, "macro avg": {"precision": 0.29333333333333333, "recall": 0.5, "f1-score": 0.3697478991596639, "support": 75}, "weighted avg": {"precision": 0.34417777777777775, "recall": 0.5866666666666667, "f1-score": 0.43383753501400557, "support": 75}}}, "test": {"report": {"0": {"precision": 0.5555555555555556, "recall": 1.0, "f1-score": 0.7142857142857143, "support": 5}, "1": {"precision": 0.0, "recall": 0.0, "f1-score": 0.0, "support": 4}, "accuracy": 0.5555555555555556, "macro avg": {"precision": 0.2777777777777778, "recall": 0.5, "f1-score": 0.35714285714285715, "support": 9}, "weighted avg": {"precision": 0.30864197530864196, "recall": 0.5555555555555556, "f1-score": 0.39682539682539686, "support": 9}}}}