{"feature_name": "Plurality_in_Independent_Personal_Pronouns", "feature_id": "35A", "k": 2, "train": {"report": {"0": {"precision": 0.5070422535211268, "recall": 1.0, "f1-score": 0.6728971962616822, "support": 36}, "1": {"precision": 0.0, "recall": 0.0, "f1-score": 0.0, "support": 10}, "2": {"precision": 0.0, "recall": 0.0, "f1-score": 0.0, "support": 3}, "3": {"precision": 0.0, "recall": 0.0, "f1-score": 0.0, "support": 6}, "4": {"precision": 0.0, "recall": 0.0, "f1-score": 0.0, "support": 7}, "5": {"precision": 0.0, "recall": 0.0, "f1-score": 0.0, "support": 8}, "6": {"precision": 0.0, "recall": 0.0, "f1-score": 0.0, "support": 1}, "accuracy": 0.5070422535211268, "macro avg": {"precision": 0.07243460764587525, "recall": 0.14285714285714285, "f1-score": 0.09612817089452604, "support": 71}, "weighted avg": {"precision": 0.25709184685578257, "recall": 0.5070422535211268, "f1-score": 0.34118731078057124, "support": 71}}}, "dev": {"report": {"0": {"precision": 0.5070422535211268, "recall": 1.0, "f1-score": 0.6728971962616822, "support": 36}, "1": {"precision": 0.0, "recall": 0.0, "f1-score": 0.0, "support": 10}, "2": {"precision": 0.0, "recall": 0.0, "f1-score": 0.0, "support": 3}, "3": {"precision": 0.0, "recall": 0.0, "f1-score": 0.0, "support": 6}, "4": {"precision": 0.0, "recall": 0.0, "f1-score": 0.0, "support": 7}, "5": {"precision": 0.0, "recall": 0.0, "f1-score": 0.0, "support": 8}, "6": {"precision": 0.0, "recall": 0.0, "f1-score": 0.0, "support": 1}, "accuracy": 0.5070422535211268, "macro avg": {"precision": 0.07243460764587525, "recall": 0.14285714285714285, "f1-score": 0.09612817089452604, "support": 71}, "weighted avg": {"precision": 0.25709184685578257, "recall": 0.5070422535211268, "f1-score": 0.34118731078057124, "support": 71}}}, "test": {"report": {"0": {"precision": 0.625, "recall": 1.0, "f1-score": 0.7692307692307693, "support": 5}, "1": {"precision": 0.0, "recall": 0.0, "f1-score": 0.0, "support": 2}, "4": {"precision": 0.0, "recall": 0.0, "f1-score": 0.0, "support": 1}, "accuracy": 0.625, "macro avg": {"precision": 0.20833333333333334, "recall": 0.3333333333333333, "f1-score": 0.25641025641025644, "support": 8}, "weighted avg": {"precision": 0.390625, "recall": 0.625, "f1-score": 0.4807692307692308, "support": 8}}}}