{"feature_name": "Multiple_Negative_Constructions_in_SOV_Languages", "feature_id": "144M", "k": 0, "train": {"report": {"0": {"precision": 0.0, "recall": 0.0, "f1-score": 0.0, "support": 1}, "1": {"precision": 0.0, "recall": 0.0, "f1-score": 0.0, "support": 1}, "3": {"precision": 0.0, "recall": 0.0, "f1-score": 0.0, "support": 2}, "4": {"precision": 0.2222222222222222, "recall": 1.0, "f1-score": 0.3636363636363636, "support": 2}, "8": {"precision": 0.0, "recall": 0.0, "f1-score": 0.0, "support": 1}, "9": {"precision": 0.0, "recall": 0.0, "f1-score": 0.0, "support": 1}, "21": {"precision": 0.0, "recall": 0.0, "f1-score": 0.0, "support": 1}, "accuracy": 0.2222222222222222, "macro avg": {"precision": 0.031746031746031744, "recall": 0.14285714285714285, "f1-score": 0.051948051948051945, "support": 9}, "weighted avg": {"precision": 0.04938271604938271, "recall": 0.2222222222222222, "f1-score": 0.0808080808080808, "support": 9}}}, "dev": {"report": {"0": {"precision": 0.0, "recall": 0.0, "f1-score": 0.0, "support": 1}, "1": {"precision": 0.0, "recall": 0.0, "f1-score": 0.0, "support": 1}, "3": {"precision": 0.0, "recall": 0.0, "f1-score": 0.0, "support": 2}, "4": {"precision": 0.2222222222222222, "recall": 1.0, "f1-score": 0.3636363636363636, "support": 2}, "8": {"precision": 0.0, "recall": 0.0, "f1-score": 0.0, "support": 1}, "9": {"precision": 0.0, "recall": 0.0, "f1-score": 0.0, "support": 1}, "21": {"precision": 0.0, "recall": 0.0, "f1-score": 0.0, "support": 1}, "accuracy": 0.2222222222222222, "macro avg": {"precision": 0.031746031746031744, "recall": 0.14285714285714285, "f1-score": 0.051948051948051945, "support": 9}, "weighted avg": {"precision": 0.04938271604938271, "recall": 0.2222222222222222, "f1-score": 0.0808080808080808, "support": 9}}}, "test": {"report": {"4": {"precision": 0.0, "recall": 0.0, "f1-score": 0.0, "support": 0.0}, "8": {"precision": 0.0, "recall": 0.0, "f1-score": 0.0, "support": 1.0}, "13": {"precision": 0.0, "recall": 0.0, "f1-score": 0.0, "support": 1.0}, "accuracy": 0.0, "macro avg": {"precision": 0.0, "recall": 0.0, "f1-score": 0.0, "support": 2.0}, "weighted avg": {"precision": 0.0, "recall": 0.0, "f1-score": 0.0, "support": 2.0}}}}