{"feature_name": "The_Velar_Nasal", "feature_id": "9A", "k": 2, "train": {"report": {"0": {"precision": 0.6074766355140186, "recall": 1.0, "f1-score": 0.7558139534883721, "support": 65}, "1": {"precision": 0.0, "recall": 0.0, "f1-score": 0.0, "support": 24}, "2": {"precision": 0.0, "recall": 0.0, "f1-score": 0.0, "support": 18}, "accuracy": 0.6074766355140186, "macro avg": {"precision": 0.20249221183800623, "recall": 0.3333333333333333, "f1-score": 0.25193798449612403, "support": 107}, "weighted avg": {"precision": 0.36902786269543186, "recall": 0.6074766355140186, "f1-score": 0.4591393175396653, "support": 107}}}, "dev": {"report": {"0": {"precision": 0.6074766355140186, "recall": 1.0, "f1-score": 0.7558139534883721, "support": 65}, "1": {"precision": 0.0, "recall": 0.0, "f1-score": 0.0, "support": 24}, "2": {"precision": 0.0, "recall": 0.0, "f1-score": 0.0, "support": 18}, "accuracy": 0.6074766355140186, "macro avg": {"precision": 0.20249221183800623, "recall": 0.3333333333333333, "f1-score": 0.25193798449612403, "support": 107}, "weighted avg": {"precision": 0.36902786269543186, "recall": 0.6074766355140186, "f1-score": 0.4591393175396653, "support": 107}}}, "test": {"report": {"0": {"precision": 0.3076923076923077, "recall": 1.0, "f1-score": 0.47058823529411764, "support": 4}, "1": {"precision": 0.0, "recall": 0.0, "f1-score": 0.0, "support": 4}, "2": {"precision": 0.0, "recall": 0.0, "f1-score": 0.0, "support": 5}, "accuracy": 0.3076923076923077, "macro avg": {"precision": 0.10256410256410257, "recall": 0.3333333333333333, "f1-score": 0.1568627450980392, "support": 13}, "weighted avg": {"precision": 0.09467455621301776, "recall": 0.3076923076923077, "f1-score": 0.14479638009049772, "support": 13}}}}