{"feature_name": "Order_of_Subject,_Object_and_Verb", "feature_id": "81A", "k": 0, "train": {"report": {"0": {"precision": 0.4304635761589404, "recall": 1.0, "f1-score": 0.6018518518518519, "support": 130}, "1": {"precision": 0.0, "recall": 0.0, "f1-score": 0.0, "support": 106}, "2": {"precision": 0.0, "recall": 0.0, "f1-score": 0.0, "support": 23}, "3": {"precision": 0.0, "recall": 0.0, "f1-score": 0.0, "support": 34}, "4": {"precision": 0.0, "recall": 0.0, "f1-score": 0.0, "support": 6}, "5": {"precision": 0.0, "recall": 0.0, "f1-score": 0.0, "support": 2}, "6": {"precision": 0.0, "recall": 0.0, "f1-score": 0.0, "support": 1}, "accuracy": 0.4304635761589404, "macro avg": {"precision": 0.061494796594134336, "recall": 0.14285714285714285, "f1-score": 0.08597883597883597, "support": 302}, "weighted avg": {"precision": 0.18529889039954386, "recall": 0.4304635761589404, "f1-score": 0.25907530046602895, "support": 302}}}, "dev": {"report": {"0": {"precision": 0.4304635761589404, "recall": 1.0, "f1-score": 0.6018518518518519, "support": 130}, "1": {"precision": 0.0, "recall": 0.0, "f1-score": 0.0, "support": 106}, "2": {"precision": 0.0, "recall": 0.0, "f1-score": 0.0, "support": 23}, "3": {"precision": 0.0, "recall": 0.0, "f1-score": 0.0, "support": 34}, "4": {"precision": 0.0, "recall": 0.0, "f1-score": 0.0, "support": 6}, "5": {"precision": 0.0, "recall": 0.0, "f1-score": 0.0, "support": 2}, "6": {"precision": 0.0, "recall": 0.0, "f1-score": 0.0, "support": 1}, "accuracy": 0.4304635761589404, "macro avg": {"precision": 0.061494796594134336, "recall": 0.14285714285714285, "f1-score": 0.08597883597883597, "support": 302}, "weighted avg": {"precision": 0.18529889039954386, "recall": 0.4304635761589404, "f1-score": 0.25907530046602895, "support": 302}}}, "test": {"report": {"0": {"precision": 0.29411764705882354, "recall": 1.0, "f1-score": 0.45454545454545453, "support": 10}, "1": {"precision": 0.0, "recall": 0.0, "f1-score": 0.0, "support": 16}, "2": {"precision": 0.0, "recall": 0.0, "f1-score": 0.0, "support": 4}, "3": {"precision": 0.0, "recall": 0.0, "f1-score": 0.0, "support": 4}, "accuracy": 0.29411764705882354, "macro avg": {"precision": 0.07352941176470588, "recall": 0.25, "f1-score": 0.11363636363636363, "support": 34}, "weighted avg": {"precision": 0.08650519031141869, "recall": 0.29411764705882354, "f1-score": 0.1336898395721925, "support": 34}}}}