{"feature_name": "Exponence_of_Selected_Inflectional_Formatives", "feature_id": "21A", "k": 6, "train": {"report": {"0": {"precision": 0.5116279069767442, "recall": 1.0, "f1-score": 0.676923076923077, "support": 22}, "1": {"precision": 0.0, "recall": 0.0, "f1-score": 0.0, "support": 19}, "2": {"precision": 0.0, "recall": 0.0, "f1-score": 0.0, "support": 1}, "3": {"precision": 0.0, "recall": 0.0, "f1-score": 0.0, "support": 1}, "accuracy": 0.5116279069767442, "macro avg": {"precision": 0.12790697674418605, "recall": 0.25, "f1-score": 0.16923076923076924, "support": 43}, "weighted avg": {"precision": 0.26176311519740403, "recall": 0.5116279069767442, "f1-score": 0.34633273703041145, "support": 43}}}, "dev": {"report": {"0": {"precision": 0.5116279069767442, "recall": 1.0, "f1-score": 0.676923076923077, "support": 22}, "1": {"precision": 0.0, "recall": 0.0, "f1-score": 0.0, "support": 19}, "2": {"precision": 0.0, "recall": 0.0, "f1-score": 0.0, "support": 1}, "3": {"precision": 0.0, "recall": 0.0, "f1-score": 0.0, "support": 1}, "accuracy": 0.5116279069767442, "macro avg": {"precision": 0.12790697674418605, "recall": 0.25, "f1-score": 0.16923076923076924, "support": 43}, "weighted avg": {"precision": 0.26176311519740403, "recall": 0.5116279069767442, "f1-score": 0.34633273703041145, "support": 43}}}, "test": {"report": {"0": {"precision": 0.8, "recall": 1.0, "f1-score": 0.888888888888889, "support": 4}, "1": {"precision": 0.0, "recall": 0.0, "f1-score": 0.0, "support": 1}, "accuracy": 0.8, "macro avg": {"precision": 0.4, "recall": 0.5, "f1-score": 0.4444444444444445, "support": 5}, "weighted avg": {"precision": 0.64, "recall": 0.8, "f1-score": 0.7111111111111111, "support": 5}}}}