{"feature_name": "Overlap_between_Situational_and_Epistemic_Modal_Marking", "feature_id": "76A", "k": 7, "train": {"report": {"0": {"precision": 0.4264705882352941, "recall": 1.0, "f1-score": 0.5979381443298969, "support": 29}, "1": {"precision": 0.0, "recall": 0.0, "f1-score": 0.0, "support": 22}, "2": {"precision": 0.0, "recall": 0.0, "f1-score": 0.0, "support": 17}, "accuracy": 0.4264705882352941, "macro avg": {"precision": 0.14215686274509803, "recall": 0.3333333333333333, "f1-score": 0.1993127147766323, "support": 68}, "weighted avg": {"precision": 0.18187716262975778, "recall": 0.4264705882352941, "f1-score": 0.2550030321406913, "support": 68}}}, "dev": {"report": {"0": {"precision": 0.4264705882352941, "recall": 1.0, "f1-score": 0.5979381443298969, "support": 29}, "1": {"precision": 0.0, "recall": 0.0, "f1-score": 0.0, "support": 22}, "2": {"precision": 0.0, "recall": 0.0, "f1-score": 0.0, "support": 17}, "accuracy": 0.4264705882352941, "macro avg": {"precision": 0.14215686274509803, "recall": 0.3333333333333333, "f1-score": 0.1993127147766323, "support": 68}, "weighted avg": {"precision": 0.18187716262975778, "recall": 0.4264705882352941, "f1-score": 0.2550030321406913, "support": 68}}}, "test": {"report": {"0": {"precision": 0.25, "recall": 1.0, "f1-score": 0.4, "support": 2}, "1": {"precision": 0.0, "recall": 0.0, "f1-score": 0.0, "support": 2}, "2": {"precision": 0.0, "recall": 0.0, "f1-score": 0.0, "support": 4}, "accuracy": 0.25, "macro avg": {"precision": 0.08333333333333333, "recall": 0.3333333333333333, "f1-score": 0.13333333333333333, "support": 8}, "weighted avg": {"precision": 0.0625, "recall": 0.25, "f1-score": 0.1, "support": 8}}}}