{"feature_name": "The_Past_Tense", "feature_id": "66A", "k": 3, "train": {"report": {"0": {"precision": 0.4666666666666667, "recall": 1.0, "f1-score": 0.6363636363636364, "support": 35}, "1": {"precision": 0.0, "recall": 0.0, "f1-score": 0.0, "support": 27}, "2": {"precision": 0.0, "recall": 0.0, "f1-score": 0.0, "support": 11}, "3": {"precision": 0.0, "recall": 0.0, "f1-score": 0.0, "support": 2}, "accuracy": 0.4666666666666667, "macro avg": {"precision": 0.11666666666666667, "recall": 0.25, "f1-score": 0.1590909090909091, "support": 75}, "weighted avg": {"precision": 0.21777777777777776, "recall": 0.4666666666666667, "f1-score": 0.296969696969697, "support": 75}}}, "dev": {"report": {"0": {"precision": 0.4666666666666667, "recall": 1.0, "f1-score": 0.6363636363636364, "support": 35}, "1": {"precision": 0.0, "recall": 0.0, "f1-score": 0.0, "support": 27}, "2": {"precision": 0.0, "recall": 0.0, "f1-score": 0.0, "support": 11}, "3": {"precision": 0.0, "recall": 0.0, "f1-score": 0.0, "support": 2}, "accuracy": 0.4666666666666667, "macro avg": {"precision": 0.11666666666666667, "recall": 0.25, "f1-score": 0.1590909090909091, "support": 75}, "weighted avg": {"precision": 0.21777777777777776, "recall": 0.4666666666666667, "f1-score": 0.296969696969697, "support": 75}}}, "test": {"report": {"0": {"precision": 0.6666666666666666, "recall": 1.0, "f1-score": 0.8, "support": 6}, "1": {"precision": 0.0, "recall": 0.0, "f1-score": 0.0, "support": 1}, "2": {"precision": 0.0, "recall": 0.0, "f1-score": 0.0, "support": 2}, "accuracy": 0.6666666666666666, "macro avg": {"precision": 0.2222222222222222, "recall": 0.3333333333333333, "f1-score": 0.26666666666666666, "support": 9}, "weighted avg": {"precision": 0.4444444444444444, "recall": 0.6666666666666666, "f1-score": 0.5333333333333334, "support": 9}}}}