{"feature_name": "Verbal_Number_and_Suppletion", "feature_id": "80A", "k": 9, "train": {"report": {"0": {"precision": 0.9117647058823529, "recall": 1.0, "f1-score": 0.9538461538461539, "support": 62}, "1": {"precision": 0.0, "recall": 0.0, "f1-score": 0.0, "support": 2}, "2": {"precision": 0.0, "recall": 0.0, "f1-score": 0.0, "support": 3}, "3": {"precision": 0.0, "recall": 0.0, "f1-score": 0.0, "support": 1}, "accuracy": 0.9117647058823529, "macro avg": {"precision": 0.22794117647058823, "recall": 0.25, "f1-score": 0.23846153846153847, "support": 68}, "weighted avg": {"precision": 0.8313148788927336, "recall": 0.9117647058823529, "f1-score": 0.869683257918552, "support": 68}}}, "dev": {"report": {"0": {"precision": 0.9117647058823529, "recall": 1.0, "f1-score": 0.9538461538461539, "support": 62}, "1": {"precision": 0.0, "recall": 0.0, "f1-score": 0.0, "support": 2}, "2": {"precision": 0.0, "recall": 0.0, "f1-score": 0.0, "support": 3}, "3": {"precision": 0.0, "recall": 0.0, "f1-score": 0.0, "support": 1}, "accuracy": 0.9117647058823529, "macro avg": {"precision": 0.22794117647058823, "recall": 0.25, "f1-score": 0.23846153846153847, "support": 68}, "weighted avg": {"precision": 0.8313148788927336, "recall": 0.9117647058823529, "f1-score": 0.869683257918552, "support": 68}}}, "test": {"report": {"0": {"precision": 0.875, "recall": 1.0, "f1-score": 0.9333333333333333, "support": 7}, "1": {"precision": 0.0, "recall": 0.0, "f1-score": 0.0, "support": 1}, "accuracy": 0.875, "macro avg": {"precision": 0.4375, "recall": 0.5, "f1-score": 0.4666666666666667, "support": 8}, "weighted avg": {"precision": 0.765625, "recall": 0.875, "f1-score": 0.8166666666666667, "support": 8}}}}