{"feature_name": "Relationship_between_the_Order_of_Object_and_Verb_and_the_Order_of_Adposition_and_Noun_Phrase", "feature_id": "95A", "k": 1, "train": {"report": {"0": {"precision": 0.0, "recall": 0.0, "f1-score": 0.0, "support": 112}, "1": {"precision": 0.4332129963898917, "recall": 1.0, "f1-score": 0.6045340050377834, "support": 120}, "2": {"precision": 0.0, "recall": 0.0, "f1-score": 0.0, "support": 25}, "3": {"precision": 0.0, "recall": 0.0, "f1-score": 0.0, "support": 18}, "4": {"precision": 0.0, "recall": 0.0, "f1-score": 0.0, "support": 2}, "accuracy": 0.4332129963898917, "macro avg": {"precision": 0.08664259927797834, "recall": 0.2, "f1-score": 0.12090680100755669, "support": 277}, "weighted avg": {"precision": 0.18767350024110832, "recall": 0.4332129963898917, "f1-score": 0.26189198774200007, "support": 277}}}, "dev": {"report": {"0": {"precision": 0.0, "recall": 0.0, "f1-score": 0.0, "support": 112}, "1": {"precision": 0.4332129963898917, "recall": 1.0, "f1-score": 0.6045340050377834, "support": 120}, "2": {"precision": 0.0, "recall": 0.0, "f1-score": 0.0, "support": 25}, "3": {"precision": 0.0, "recall": 0.0, "f1-score": 0.0, "support": 18}, "4": {"precision": 0.0, "recall": 0.0, "f1-score": 0.0, "support": 2}, "accuracy": 0.4332129963898917, "macro avg": {"precision": 0.08664259927797834, "recall": 0.2, "f1-score": 0.12090680100755669, "support": 277}, "weighted avg": {"precision": 0.18767350024110832, "recall": 0.4332129963898917, "f1-score": 0.26189198774200007, "support": 277}}}, "test": {"report": {"0": {"precision": 0.0, "recall": 0.0, "f1-score": 0.0, "support": 7}, "1": {"precision": 0.6451612903225806, "recall": 1.0, "f1-score": 0.7843137254901961, "support": 20}, "2": {"precision": 0.0, "recall": 0.0, "f1-score": 0.0, "support": 2}, "4": {"precision": 0.0, "recall": 0.0, "f1-score": 0.0, "support": 2}, "accuracy": 0.6451612903225806, "macro avg": {"precision": 0.16129032258064516, "recall": 0.25, "f1-score": 0.19607843137254902, "support": 31}, "weighted avg": {"precision": 0.4162330905306972, "recall": 0.6451612903225806, "f1-score": 0.5060088551549652, "support": 31}}}}