{"feature_name": "Politeness_Distinctions_in_Pronouns", "feature_id": "45A", "k": 5, "train": {"report": {"0": {"precision": 0.5217391304347826, "recall": 1.0, "f1-score": 0.6857142857142856, "support": 36}, "1": {"precision": 0.0, "recall": 0.0, "f1-score": 0.0, "support": 19}, "2": {"precision": 0.0, "recall": 0.0, "f1-score": 0.0, "support": 7}, "3": {"precision": 0.0, "recall": 0.0, "f1-score": 0.0, "support": 7}, "accuracy": 0.5217391304347826, "macro avg": {"precision": 0.13043478260869565, "recall": 0.25, "f1-score": 0.1714285714285714, "support": 69}, "weighted avg": {"precision": 0.2722117202268431, "recall": 0.5217391304347826, "f1-score": 0.35776397515527947, "support": 69}}}, "dev": {"report": {"0": {"precision": 0.5217391304347826, "recall": 1.0, "f1-score": 0.6857142857142856, "support": 36}, "1": {"precision": 0.0, "recall": 0.0, "f1-score": 0.0, "support": 19}, "2": {"precision": 0.0, "recall": 0.0, "f1-score": 0.0, "support": 7}, "3": {"precision": 0.0, "recall": 0.0, "f1-score": 0.0, "support": 7}, "accuracy": 0.5217391304347826, "macro avg": {"precision": 0.13043478260869565, "recall": 0.25, "f1-score": 0.1714285714285714, "support": 69}, "weighted avg": {"precision": 0.2722117202268431, "recall": 0.5217391304347826, "f1-score": 0.35776397515527947, "support": 69}}}, "test": {"report": {"0": {"precision": 0.1111111111111111, "recall": 1.0, "f1-score": 0.19999999999999998, "support": 1}, "1": {"precision": 0.0, "recall": 0.0, "f1-score": 0.0, "support": 7}, "2": {"precision": 0.0, "recall": 0.0, "f1-score": 0.0, "support": 1}, "accuracy": 0.1111111111111111, "macro avg": {"precision": 0.037037037037037035, "recall": 0.3333333333333333, "f1-score": 0.06666666666666667, "support": 9}, "weighted avg": {"precision": 0.012345679012345678, "recall": 0.1111111111111111, "f1-score": 0.02222222222222222, "support": 9}}}}