{"feature_name": "Position_of_Pronominal_Possessive_Affixes", "feature_id": "57A", "k": 2, "train": {"report": {"0": {"precision": 0.0, "recall": 0.0, "f1-score": 0.0, "support": 67}, "1": {"precision": 0.34285714285714286, "recall": 1.0, "f1-score": 0.5106382978723404, "support": 72}, "2": {"precision": 0.0, "recall": 0.0, "f1-score": 0.0, "support": 60}, "3": {"precision": 0.0, "recall": 0.0, "f1-score": 0.0, "support": 11}, "accuracy": 0.34285714285714286, "macro avg": {"precision": 0.08571428571428572, "recall": 0.25, "f1-score": 0.1276595744680851, "support": 210}, "weighted avg": {"precision": 0.11755102040816327, "recall": 0.34285714285714286, "f1-score": 0.17507598784194528, "support": 210}}}, "dev": {"report": {"0": {"precision": 0.0, "recall": 0.0, "f1-score": 0.0, "support": 67}, "1": {"precision": 0.34285714285714286, "recall": 1.0, "f1-score": 0.5106382978723404, "support": 72}, "2": {"precision": 0.0, "recall": 0.0, "f1-score": 0.0, "support": 60}, "3": {"precision": 0.0, "recall": 0.0, "f1-score": 0.0, "support": 11}, "accuracy": 0.34285714285714286, "macro avg": {"precision": 0.08571428571428572, "recall": 0.25, "f1-score": 0.1276595744680851, "support": 210}, "weighted avg": {"precision": 0.11755102040816327, "recall": 0.34285714285714286, "f1-score": 0.17507598784194528, "support": 210}}}, "test": {"report": {"0": {"precision": 0.0, "recall": 0.0, "f1-score": 0.0, "support": 6}, "1": {"precision": 0.75, "recall": 1.0, "f1-score": 0.8571428571428571, "support": 18}, "accuracy": 0.75, "macro avg": {"precision": 0.375, "recall": 0.5, "f1-score": 0.42857142857142855, "support": 24}, "weighted avg": {"precision": 0.5625, "recall": 0.75, "f1-score": 0.6428571428571428, "support": 24}}}}