{"feature_name": "Negative_Indefinite_Pronouns_and_Predicate_Negation", "feature_id": "115A", "k": 9, "train": {"report": {"0": {"precision": 0.85, "recall": 1.0, "f1-score": 0.9189189189189189, "support": 51}, "1": {"precision": 0.0, "recall": 0.0, "f1-score": 0.0, "support": 2}, "2": {"precision": 0.0, "recall": 0.0, "f1-score": 0.0, "support": 2}, "3": {"precision": 0.0, "recall": 0.0, "f1-score": 0.0, "support": 5}, "accuracy": 0.85, "macro avg": {"precision": 0.2125, "recall": 0.25, "f1-score": 0.22972972972972971, "support": 60}, "weighted avg": {"precision": 0.7225, "recall": 0.85, "f1-score": 0.7810810810810811, "support": 60}}}, "dev": {"report": {"0": {"precision": 0.85, "recall": 1.0, "f1-score": 0.9189189189189189, "support": 51}, "1": {"precision": 0.0, "recall": 0.0, "f1-score": 0.0, "support": 2}, "2": {"precision": 0.0, "recall": 0.0, "f1-score": 0.0, "support": 2}, "3": {"precision": 0.0, "recall": 0.0, "f1-score": 0.0, "support": 5}, "accuracy": 0.85, "macro avg": {"precision": 0.2125, "recall": 0.25, "f1-score": 0.22972972972972971, "support": 60}, "weighted avg": {"precision": 0.7225, "recall": 0.85, "f1-score": 0.7810810810810811, "support": 60}}}, "test": {"report": {"0": {"precision": 0.7142857142857143, "recall": 1.0, "f1-score": 0.8333333333333333, "support": 5}, "1": {"precision": 0.0, "recall": 0.0, "f1-score": 0.0, "support": 2}, "accuracy": 0.7142857142857143, "macro avg": {"precision": 0.35714285714285715, "recall": 0.5, "f1-score": 0.41666666666666663, "support": 7}, "weighted avg": {"precision": 0.5102040816326531, "recall": 0.7142857142857143, "f1-score": 0.5952380952380951, "support": 7}}}}