{"feature_name": "Alignment_of_Case_Marking_of_Full_Noun_Phrases", "feature_id": "98A", "k": 7, "train": {"report": {"0": {"precision": 0.5932203389830508, "recall": 1.0, "f1-score": 0.7446808510638298, "support": 35}, "1": {"precision": 0.0, "recall": 0.0, "f1-score": 0.0, "support": 14}, "2": {"precision": 0.0, "recall": 0.0, "f1-score": 0.0, "support": 7}, "3": {"precision": 0.0, "recall": 0.0, "f1-score": 0.0, "support": 1}, "4": {"precision": 0.0, "recall": 0.0, "f1-score": 0.0, "support": 1}, "5": {"precision": 0.0, "recall": 0.0, "f1-score": 0.0, "support": 1}, "accuracy": 0.5932203389830508, "macro avg": {"precision": 0.09887005649717513, "recall": 0.16666666666666666, "f1-score": 0.12411347517730496, "support": 59}, "weighted avg": {"precision": 0.3519103705831657, "recall": 0.5932203389830508, "f1-score": 0.4417598269022719, "support": 59}}}, "dev": {"report": {"0": {"precision": 0.5932203389830508, "recall": 1.0, "f1-score": 0.7446808510638298, "support": 35}, "1": {"precision": 0.0, "recall": 0.0, "f1-score": 0.0, "support": 14}, "2": {"precision": 0.0, "recall": 0.0, "f1-score": 0.0, "support": 7}, "3": {"precision": 0.0, "recall": 0.0, "f1-score": 0.0, "support": 1}, "4": {"precision": 0.0, "recall": 0.0, "f1-score": 0.0, "support": 1}, "5": {"precision": 0.0, "recall": 0.0, "f1-score": 0.0, "support": 1}, "accuracy": 0.5932203389830508, "macro avg": {"precision": 0.09887005649717513, "recall": 0.16666666666666666, "f1-score": 0.12411347517730496, "support": 59}, "weighted avg": {"precision": 0.3519103705831657, "recall": 0.5932203389830508, "f1-score": 0.4417598269022719, "support": 59}}}, "test": {"report": {"0": {"precision": 0.5714285714285714, "recall": 1.0, "f1-score": 0.7272727272727273, "support": 4}, "1": {"precision": 0.0, "recall": 0.0, "f1-score": 0.0, "support": 3}, "accuracy": 0.5714285714285714, "macro avg": {"precision": 0.2857142857142857, "recall": 0.5, "f1-score": 0.36363636363636365, "support": 7}, "weighted avg": {"precision": 0.32653061224489793, "recall": 0.5714285714285714, "f1-score": 0.4155844155844156, "support": 7}}}}