{"feature_name": "Relationship_between_the_Order_of_Object_and_Verb_and_the_Order_of_Adjective_and_Noun", "feature_id": "97A", "k": 2, "train": {"report": {"0": {"precision": 0.37373737373737376, "recall": 1.0, "f1-score": 0.5441176470588236, "support": 111}, "1": {"precision": 0.0, "recall": 0.0, "f1-score": 0.0, "support": 73}, "2": {"precision": 0.0, "recall": 0.0, "f1-score": 0.0, "support": 37}, "3": {"precision": 0.0, "recall": 0.0, "f1-score": 0.0, "support": 45}, "4": {"precision": 0.0, "recall": 0.0, "f1-score": 0.0, "support": 31}, "accuracy": 0.37373737373737376, "macro avg": {"precision": 0.07474747474747476, "recall": 0.2, "f1-score": 0.10882352941176472, "support": 297}, "weighted avg": {"precision": 0.13967962452810936, "recall": 0.37373737373737376, "f1-score": 0.20335710041592397, "support": 297}}}, "dev": {"report": {"0": {"precision": 0.37373737373737376, "recall": 1.0, "f1-score": 0.5441176470588236, "support": 111}, "1": {"precision": 0.0, "recall": 0.0, "f1-score": 0.0, "support": 73}, "2": {"precision": 0.0, "recall": 0.0, "f1-score": 0.0, "support": 37}, "3": {"precision": 0.0, "recall": 0.0, "f1-score": 0.0, "support": 45}, "4": {"precision": 0.0, "recall": 0.0, "f1-score": 0.0, "support": 31}, "accuracy": 0.37373737373737376, "macro avg": {"precision": 0.07474747474747476, "recall": 0.2, "f1-score": 0.10882352941176472, "support": 297}, "weighted avg": {"precision": 0.13967962452810936, "recall": 0.37373737373737376, "f1-score": 0.20335710041592397, "support": 297}}}, "test": {"report": {"0": {"precision": 0.4117647058823529, "recall": 1.0, "f1-score": 0.5833333333333334, "support": 14}, "1": {"precision": 0.0, "recall": 0.0, "f1-score": 0.0, "support": 4}, "2": {"precision": 0.0, "recall": 0.0, "f1-score": 0.0, "support": 7}, "3": {"precision": 0.0, "recall": 0.0, "f1-score": 0.0, "support": 2}, "4": {"precision": 0.0, "recall": 0.0, "f1-score": 0.0, "support": 7}, "accuracy": 0.4117647058823529, "macro avg": {"precision": 0.08235294117647059, "recall": 0.2, "f1-score": 0.11666666666666667, "support": 34}, "weighted avg": {"precision": 0.1695501730103806, "recall": 0.4117647058823529, "f1-score": 0.24019607843137258, "support": 34}}}}