{"feature_name": "Possessive_Classification", "feature_id": "59A", "k": 1, "train": {"report": {"0": {"precision": 0.711864406779661, "recall": 1.0, "f1-score": 0.8316831683168318, "support": 42}, "1": {"precision": 0.0, "recall": 0.0, "f1-score": 0.0, "support": 12}, "2": {"precision": 0.0, "recall": 0.0, "f1-score": 0.0, "support": 4}, "3": {"precision": 0.0, "recall": 0.0, "f1-score": 0.0, "support": 1}, "accuracy": 0.711864406779661, "macro avg": {"precision": 0.17796610169491525, "recall": 0.25, "f1-score": 0.20792079207920794, "support": 59}, "weighted avg": {"precision": 0.5067509336397586, "recall": 0.711864406779661, "f1-score": 0.5920456452424904, "support": 59}}}, "dev": {"report": {"0": {"precision": 0.711864406779661, "recall": 1.0, "f1-score": 0.8316831683168318, "support": 42}, "1": {"precision": 0.0, "recall": 0.0, "f1-score": 0.0, "support": 12}, "2": {"precision": 0.0, "recall": 0.0, "f1-score": 0.0, "support": 4}, "3": {"precision": 0.0, "recall": 0.0, "f1-score": 0.0, "support": 1}, "accuracy": 0.711864406779661, "macro avg": {"precision": 0.17796610169491525, "recall": 0.25, "f1-score": 0.20792079207920794, "support": 59}, "weighted avg": {"precision": 0.5067509336397586, "recall": 0.711864406779661, "f1-score": 0.5920456452424904, "support": 59}}}, "test": {"report": {"0": {"precision": 0.8571428571428571, "recall": 1.0, "f1-score": 0.923076923076923, "support": 6}, "1": {"precision": 0.0, "recall": 0.0, "f1-score": 0.0, "support": 1}, "accuracy": 0.8571428571428571, "macro avg": {"precision": 0.42857142857142855, "recall": 0.5, "f1-score": 0.4615384615384615, "support": 7}, "weighted avg": {"precision": 0.7346938775510203, "recall": 0.8571428571428571, "f1-score": 0.7912087912087912, "support": 7}}}}