{"feature_name": "NegSOV_Order", "feature_id": "144P", "k": 1, "train": {"report": {"0": {"precision": 0.9473684210526315, "recall": 1.0, "f1-score": 0.972972972972973, "support": 90}, "1": {"precision": 0.0, "recall": 0.0, "f1-score": 0.0, "support": 5}, "accuracy": 0.9473684210526315, "macro avg": {"precision": 0.47368421052631576, "recall": 0.5, "f1-score": 0.4864864864864865, "support": 95}, "weighted avg": {"precision": 0.8975069252077562, "recall": 0.9473684210526315, "f1-score": 0.9217638691322904, "support": 95}}}, "dev": {"report": {"0": {"precision": 0.9473684210526315, "recall": 1.0, "f1-score": 0.972972972972973, "support": 90}, "1": {"precision": 0.0, "recall": 0.0, "f1-score": 0.0, "support": 5}, "accuracy": 0.9473684210526315, "macro avg": {"precision": 0.47368421052631576, "recall": 0.5, "f1-score": 0.4864864864864865, "support": 95}, "weighted avg": {"precision": 0.8975069252077562, "recall": 0.9473684210526315, "f1-score": 0.9217638691322904, "support": 95}}}, "test": {"report": {"0": {"precision": 1.0, "recall": 1.0, "f1-score": 1.0, "support": 11}, "accuracy": 1.0, "macro avg": {"precision": 1.0, "recall": 1.0, "f1-score": 1.0, "support": 11}, "weighted avg": {"precision": 1.0, "recall": 1.0, "f1-score": 1.0, "support": 11}}}}