{"feature_name": "Inflectional_Synthesis_of_the_Verb", "feature_id": "22A", "k": 4, "train": {"report": {"0": {"precision": 0.47619047619047616, "recall": 1.0, "f1-score": 0.6451612903225806, "support": 20}, "1": {"precision": 0.0, "recall": 0.0, "f1-score": 0.0, "support": 8}, "2": {"precision": 0.0, "recall": 0.0, "f1-score": 0.0, "support": 7}, "3": {"precision": 0.0, "recall": 0.0, "f1-score": 0.0, "support": 4}, "4": {"precision": 0.0, "recall": 0.0, "f1-score": 0.0, "support": 2}, "5": {"precision": 0.0, "recall": 0.0, "f1-score": 0.0, "support": 1}, "accuracy": 0.47619047619047616, "macro avg": {"precision": 0.07936507936507936, "recall": 0.16666666666666666, "f1-score": 0.10752688172043011, "support": 42}, "weighted avg": {"precision": 0.22675736961451248, "recall": 0.47619047619047616, "f1-score": 0.3072196620583717, "support": 42}}}, "dev": {"report": {"0": {"precision": 0.47619047619047616, "recall": 1.0, "f1-score": 0.6451612903225806, "support": 20}, "1": {"precision": 0.0, "recall": 0.0, "f1-score": 0.0, "support": 8}, "2": {"precision": 0.0, "recall": 0.0, "f1-score": 0.0, "support": 7}, "3": {"precision": 0.0, "recall": 0.0, "f1-score": 0.0, "support": 4}, "4": {"precision": 0.0, "recall": 0.0, "f1-score": 0.0, "support": 2}, "5": {"precision": 0.0, "recall": 0.0, "f1-score": 0.0, "support": 1}, "accuracy": 0.47619047619047616, "macro avg": {"precision": 0.07936507936507936, "recall": 0.16666666666666666, "f1-score": 0.10752688172043011, "support": 42}, "weighted avg": {"precision": 0.22675736961451248, "recall": 0.47619047619047616, "f1-score": 0.3072196620583717, "support": 42}}}, "test": {"report": {"0": {"precision": 0.0, "recall": 0.0, "f1-score": 0.0, "support": 0.0}, "1": {"precision": 0.0, "recall": 0.0, "f1-score": 0.0, "support": 1.0}, "2": {"precision": 0.0, "recall": 0.0, "f1-score": 0.0, "support": 3.0}, "3": {"precision": 0.0, "recall": 0.0, "f1-score": 0.0, "support": 1.0}, "accuracy": 0.0, "macro avg": {"precision": 0.0, "recall": 0.0, "f1-score": 0.0, "support": 5.0}, "weighted avg": {"precision": 0.0, "recall": 0.0, "f1-score": 0.0, "support": 5.0}}}}