{"feature_name": "Indefinite_Articles", "feature_id": "38A", "k": 0, "train": {"report": {"0": {"precision": 0.40816326530612246, "recall": 1.0, "f1-score": 0.5797101449275363, "support": 60}, "1": {"precision": 0.0, "recall": 0.0, "f1-score": 0.0, "support": 34}, "2": {"precision": 0.0, "recall": 0.0, "f1-score": 0.0, "support": 27}, "3": {"precision": 0.0, "recall": 0.0, "f1-score": 0.0, "support": 21}, "4": {"precision": 0.0, "recall": 0.0, "f1-score": 0.0, "support": 5}, "accuracy": 0.40816326530612246, "macro avg": {"precision": 0.0816326530612245, "recall": 0.2, "f1-score": 0.11594202898550725, "support": 147}, "weighted avg": {"precision": 0.16659725114535612, "recall": 0.40816326530612246, "f1-score": 0.23661638568470866, "support": 147}}}, "dev": {"report": {"0": {"precision": 0.40816326530612246, "recall": 1.0, "f1-score": 0.5797101449275363, "support": 60}, "1": {"precision": 0.0, "recall": 0.0, "f1-score": 0.0, "support": 34}, "2": {"precision": 0.0, "recall": 0.0, "f1-score": 0.0, "support": 27}, "3": {"precision": 0.0, "recall": 0.0, "f1-score": 0.0, "support": 21}, "4": {"precision": 0.0, "recall": 0.0, "f1-score": 0.0, "support": 5}, "accuracy": 0.40816326530612246, "macro avg": {"precision": 0.0816326530612245, "recall": 0.2, "f1-score": 0.11594202898550725, "support": 147}, "weighted avg": {"precision": 0.16659725114535612, "recall": 0.40816326530612246, "f1-score": 0.23661638568470866, "support": 147}}}, "test": {"report": {"0": {"precision": 0.35294117647058826, "recall": 1.0, "f1-score": 0.5217391304347826, "support": 6}, "1": {"precision": 0.0, "recall": 0.0, "f1-score": 0.0, "support": 3}, "2": {"precision": 0.0, "recall": 0.0, "f1-score": 0.0, "support": 4}, "3": {"precision": 0.0, "recall": 0.0, "f1-score": 0.0, "support": 3}, "4": {"precision": 0.0, "recall": 0.0, "f1-score": 0.0, "support": 1}, "accuracy": 0.35294117647058826, "macro avg": {"precision": 0.07058823529411765, "recall": 0.2, "f1-score": 0.10434782608695652, "support": 17}, "weighted avg": {"precision": 0.12456747404844291, "recall": 0.35294117647058826, "f1-score": 0.18414322250639384, "support": 17}}}}