{"feature_name": "Indefinite_Pronouns", "feature_id": "46A", "k": 9, "train": {"report": {"0": {"precision": 0.46835443037974683, "recall": 1.0, "f1-score": 0.6379310344827586, "support": 37}, "1": {"precision": 0.0, "recall": 0.0, "f1-score": 0.0, "support": 27}, "2": {"precision": 0.0, "recall": 0.0, "f1-score": 0.0, "support": 7}, "3": {"precision": 0.0, "recall": 0.0, "f1-score": 0.0, "support": 6}, "4": {"precision": 0.0, "recall": 0.0, "f1-score": 0.0, "support": 2}, "accuracy": 0.46835443037974683, "macro avg": {"precision": 0.09367088607594937, "recall": 0.2, "f1-score": 0.1275862068965517, "support": 79}, "weighted avg": {"precision": 0.21935587245633711, "recall": 0.46835443037974683, "f1-score": 0.29877782627673505, "support": 79}}}, "dev": {"report": {"0": {"precision": 0.46835443037974683, "recall": 1.0, "f1-score": 0.6379310344827586, "support": 37}, "1": {"precision": 0.0, "recall": 0.0, "f1-score": 0.0, "support": 27}, "2": {"precision": 0.0, "recall": 0.0, "f1-score": 0.0, "support": 7}, "3": {"precision": 0.0, "recall": 0.0, "f1-score": 0.0, "support": 6}, "4": {"precision": 0.0, "recall": 0.0, "f1-score": 0.0, "support": 2}, "accuracy": 0.46835443037974683, "macro avg": {"precision": 0.09367088607594937, "recall": 0.2, "f1-score": 0.1275862068965517, "support": 79}, "weighted avg": {"precision": 0.21935587245633711, "recall": 0.46835443037974683, "f1-score": 0.29877782627673505, "support": 79}}}, "test": {"report": {"0": {"precision": 0.6, "recall": 1.0, "f1-score": 0.7499999999999999, "support": 6}, "1": {"precision": 0.0, "recall": 0.0, "f1-score": 0.0, "support": 2}, "2": {"precision": 0.0, "recall": 0.0, "f1-score": 0.0, "support": 2}, "accuracy": 0.6, "macro avg": {"precision": 0.19999999999999998, "recall": 0.3333333333333333, "f1-score": 0.24999999999999997, "support": 10}, "weighted avg": {"precision": 0.36, "recall": 0.6, "f1-score": 0.4499999999999999, "support": 10}}}}