{"feature_name": "Vowel_Nasalization", "feature_id": "10A", "k": 3, "train": {"report": {"0": {"precision": 0.7575757575757576, "recall": 1.0, "f1-score": 0.8620689655172413, "support": 50}, "1": {"precision": 0.0, "recall": 0.0, "f1-score": 0.0, "support": 16}, "accuracy": 0.7575757575757576, "macro avg": {"precision": 0.3787878787878788, "recall": 0.5, "f1-score": 0.43103448275862066, "support": 66}, "weighted avg": {"precision": 0.573921028466483, "recall": 0.7575757575757576, "f1-score": 0.6530825496342737, "support": 66}}}, "dev": {"report": {"0": {"precision": 0.7575757575757576, "recall": 1.0, "f1-score": 0.8620689655172413, "support": 50}, "1": {"precision": 0.0, "recall": 0.0, "f1-score": 0.0, "support": 16}, "accuracy": 0.7575757575757576, "macro avg": {"precision": 0.3787878787878788, "recall": 0.5, "f1-score": 0.43103448275862066, "support": 66}, "weighted avg": {"precision": 0.573921028466483, "recall": 0.7575757575757576, "f1-score": 0.6530825496342737, "support": 66}}}, "test": {"report": {"0": {"precision": 0.875, "recall": 1.0, "f1-score": 0.9333333333333333, "support": 7}, "1": {"precision": 0.0, "recall": 0.0, "f1-score": 0.0, "support": 1}, "accuracy": 0.875, "macro avg": {"precision": 0.4375, "recall": 0.5, "f1-score": 0.4666666666666667, "support": 8}, "weighted avg": {"precision": 0.765625, "recall": 0.875, "f1-score": 0.8166666666666667, "support": 8}}}}