{"feature_name": "Predicative_Possession", "feature_id": "117A", "k": 4, "train": {"report": {"0": {"precision": 0.3116883116883117, "recall": 1.0, "f1-score": 0.4752475247524752, "support": 24}, "1": {"precision": 0.0, "recall": 0.0, "f1-score": 0.0, "support": 19}, "2": {"precision": 0.0, "recall": 0.0, "f1-score": 0.0, "support": 18}, "3": {"precision": 0.0, "recall": 0.0, "f1-score": 0.0, "support": 12}, "4": {"precision": 0.0, "recall": 0.0, "f1-score": 0.0, "support": 4}, "accuracy": 0.3116883116883117, "macro avg": {"precision": 0.06233766233766234, "recall": 0.2, "f1-score": 0.09504950495049505, "support": 77}, "weighted avg": {"precision": 0.09714960364311014, "recall": 0.3116883116883117, "f1-score": 0.1481290986241481, "support": 77}}}, "dev": {"report": {"0": {"precision": 0.3116883116883117, "recall": 1.0, "f1-score": 0.4752475247524752, "support": 24}, "1": {"precision": 0.0, "recall": 0.0, "f1-score": 0.0, "support": 19}, "2": {"precision": 0.0, "recall": 0.0, "f1-score": 0.0, "support": 18}, "3": {"precision": 0.0, "recall": 0.0, "f1-score": 0.0, "support": 12}, "4": {"precision": 0.0, "recall": 0.0, "f1-score": 0.0, "support": 4}, "accuracy": 0.3116883116883117, "macro avg": {"precision": 0.06233766233766234, "recall": 0.2, "f1-score": 0.09504950495049505, "support": 77}, "weighted avg": {"precision": 0.09714960364311014, "recall": 0.3116883116883117, "f1-score": 0.1481290986241481, "support": 77}}}, "test": {"report": {"0": {"precision": 0.2222222222222222, "recall": 1.0, "f1-score": 0.3636363636363636, "support": 2}, "1": {"precision": 0.0, "recall": 0.0, "f1-score": 0.0, "support": 1}, "2": {"precision": 0.0, "recall": 0.0, "f1-score": 0.0, "support": 2}, "3": {"precision": 0.0, "recall": 0.0, "f1-score": 0.0, "support": 1}, "4": {"precision": 0.0, "recall": 0.0, "f1-score": 0.0, "support": 3}, "accuracy": 0.2222222222222222, "macro avg": {"precision": 0.04444444444444444, "recall": 0.2, "f1-score": 0.07272727272727272, "support": 9}, "weighted avg": {"precision": 0.04938271604938271, "recall": 0.2222222222222222, "f1-score": 0.0808080808080808, "support": 9}}}}