{"feature_name": "Perfective/Imperfective_Aspect", "feature_id": "65A", "k": 0, "train": {"report": {"0": {"precision": 0.5466666666666666, "recall": 1.0, "f1-score": 0.7068965517241379, "support": 41}, "1": {"precision": 0.0, "recall": 0.0, "f1-score": 0.0, "support": 34}, "accuracy": 0.5466666666666666, "macro avg": {"precision": 0.2733333333333333, "recall": 0.5, "f1-score": 0.35344827586206895, "support": 75}, "weighted avg": {"precision": 0.2988444444444444, "recall": 0.5466666666666666, "f1-score": 0.3864367816091954, "support": 75}}}, "dev": {"report": {"0": {"precision": 0.5466666666666666, "recall": 1.0, "f1-score": 0.7068965517241379, "support": 41}, "1": {"precision": 0.0, "recall": 0.0, "f1-score": 0.0, "support": 34}, "accuracy": 0.5466666666666666, "macro avg": {"precision": 0.2733333333333333, "recall": 0.5, "f1-score": 0.35344827586206895, "support": 75}, "weighted avg": {"precision": 0.2988444444444444, "recall": 0.5466666666666666, "f1-score": 0.3864367816091954, "support": 75}}}, "test": {"report": {"0": {"precision": 0.5555555555555556, "recall": 1.0, "f1-score": 0.7142857142857143, "support": 5}, "1": {"precision": 0.0, "recall": 0.0, "f1-score": 0.0, "support": 4}, "accuracy": 0.5555555555555556, "macro avg": {"precision": 0.2777777777777778, "recall": 0.5, "f1-score": 0.35714285714285715, "support": 9}, "weighted avg": {"precision": 0.30864197530864196, "recall": 0.5555555555555556, "f1-score": 0.39682539682539686, "support": 9}}}}