{"feature_name": "Passive_Constructions", "feature_id": "107A", "k": 8, "train": {"report": {"0": {"precision": 0.5959595959595959, "recall": 1.0, "f1-score": 0.7468354430379746, "support": 59}, "1": {"precision": 0.0, "recall": 0.0, "f1-score": 0.0, "support": 40}, "accuracy": 0.5959595959595959, "macro avg": {"precision": 0.29797979797979796, "recall": 0.5, "f1-score": 0.3734177215189873, "support": 99}, "weighted avg": {"precision": 0.35516784001632484, "recall": 0.5959595959595959, "f1-score": 0.44508374888121716, "support": 99}}}, "dev": {"report": {"0": {"precision": 0.5959595959595959, "recall": 1.0, "f1-score": 0.7468354430379746, "support": 59}, "1": {"precision": 0.0, "recall": 0.0, "f1-score": 0.0, "support": 40}, "accuracy": 0.5959595959595959, "macro avg": {"precision": 0.29797979797979796, "recall": 0.5, "f1-score": 0.3734177215189873, "support": 99}, "weighted avg": {"precision": 0.35516784001632484, "recall": 0.5959595959595959, "f1-score": 0.44508374888121716, "support": 99}}}, "test": {"report": {"0": {"precision": 0.16666666666666666, "recall": 1.0, "f1-score": 0.2857142857142857, "support": 2}, "1": {"precision": 0.0, "recall": 0.0, "f1-score": 0.0, "support": 10}, "accuracy": 0.16666666666666666, "macro avg": {"precision": 0.08333333333333333, "recall": 0.5, "f1-score": 0.14285714285714285, "support": 12}, "weighted avg": {"precision": 0.027777777777777776, "recall": 0.16666666666666666, "f1-score": 0.047619047619047616, "support": 12}}}}