{"feature_name": "Suppletion_According_to_Tense_and_Aspect", "feature_id": "79A", "k": 5, "train": {"report": {"0": {"precision": 0.5735294117647058, "recall": 1.0, "f1-score": 0.7289719626168224, "support": 39}, "1": {"precision": 0.0, "recall": 0.0, "f1-score": 0.0, "support": 16}, "2": {"precision": 0.0, "recall": 0.0, "f1-score": 0.0, "support": 9}, "3": {"precision": 0.0, "recall": 0.0, "f1-score": 0.0, "support": 4}, "accuracy": 0.5735294117647058, "macro avg": {"precision": 0.14338235294117646, "recall": 0.25, "f1-score": 0.1822429906542056, "support": 68}, "weighted avg": {"precision": 0.3289359861591695, "recall": 0.5735294117647058, "f1-score": 0.41808686091258934, "support": 68}}}, "dev": {"report": {"0": {"precision": 0.5735294117647058, "recall": 1.0, "f1-score": 0.7289719626168224, "support": 39}, "1": {"precision": 0.0, "recall": 0.0, "f1-score": 0.0, "support": 16}, "2": {"precision": 0.0, "recall": 0.0, "f1-score": 0.0, "support": 9}, "3": {"precision": 0.0, "recall": 0.0, "f1-score": 0.0, "support": 4}, "accuracy": 0.5735294117647058, "macro avg": {"precision": 0.14338235294117646, "recall": 0.25, "f1-score": 0.1822429906542056, "support": 68}, "weighted avg": {"precision": 0.3289359861591695, "recall": 0.5735294117647058, "f1-score": 0.41808686091258934, "support": 68}}}, "test": {"report": {"0": {"precision": 0.125, "recall": 1.0, "f1-score": 0.2222222222222222, "support": 1}, "1": {"precision": 0.0, "recall": 0.0, "f1-score": 0.0, "support": 1}, "2": {"precision": 0.0, "recall": 0.0, "f1-score": 0.0, "support": 6}, "accuracy": 0.125, "macro avg": {"precision": 0.041666666666666664, "recall": 0.3333333333333333, "f1-score": 0.07407407407407407, "support": 8}, "weighted avg": {"precision": 0.015625, "recall": 0.125, "f1-score": 0.027777777777777776, "support": 8}}}}