{"feature_name": "Intensifiers_and_Reflexive_Pronouns", "feature_id": "47A", "k": 6, "train": {"report": {"0": {"precision": 0.0, "recall": 0.0, "f1-score": 0.0, "support": 26}, "1": {"precision": 0.6, "recall": 1.0, "f1-score": 0.7499999999999999, "support": 39}, "accuracy": 0.6, "macro avg": {"precision": 0.3, "recall": 0.5, "f1-score": 0.37499999999999994, "support": 65}, "weighted avg": {"precision": 0.36, "recall": 0.6, "f1-score": 0.44999999999999996, "support": 65}}}, "dev": {"report": {"0": {"precision": 0.0, "recall": 0.0, "f1-score": 0.0, "support": 26}, "1": {"precision": 0.6, "recall": 1.0, "f1-score": 0.7499999999999999, "support": 39}, "accuracy": 0.6, "macro avg": {"precision": 0.3, "recall": 0.5, "f1-score": 0.37499999999999994, "support": 65}, "weighted avg": {"precision": 0.36, "recall": 0.6, "f1-score": 0.44999999999999996, "support": 65}}}, "test": {"report": {"0": {"precision": 0.0, "recall": 0.0, "f1-score": 0.0, "support": 5}, "1": {"precision": 0.375, "recall": 1.0, "f1-score": 0.5454545454545454, "support": 3}, "accuracy": 0.375, "macro avg": {"precision": 0.1875, "recall": 0.5, "f1-score": 0.2727272727272727, "support": 8}, "weighted avg": {"precision": 0.140625, "recall": 0.375, "f1-score": 0.20454545454545453, "support": 8}}}}