{"feature_name": "Nominal_and_Locational_Predication", "feature_id": "119A", "k": 8, "train": {"report": {"0": {"precision": 0.6822429906542056, "recall": 1.0, "f1-score": 0.8111111111111111, "support": 73}, "1": {"precision": 0.0, "recall": 0.0, "f1-score": 0.0, "support": 34}, "accuracy": 0.6822429906542056, "macro avg": {"precision": 0.3411214953271028, "recall": 0.5, "f1-score": 0.40555555555555556, "support": 107}, "weighted avg": {"precision": 0.4654554982967945, "recall": 0.6822429906542056, "f1-score": 0.5533748701973, "support": 107}}}, "dev": {"report": {"0": {"precision": 0.6822429906542056, "recall": 1.0, "f1-score": 0.8111111111111111, "support": 73}, "1": {"precision": 0.0, "recall": 0.0, "f1-score": 0.0, "support": 34}, "accuracy": 0.6822429906542056, "macro avg": {"precision": 0.3411214953271028, "recall": 0.5, "f1-score": 0.40555555555555556, "support": 107}, "weighted avg": {"precision": 0.4654554982967945, "recall": 0.6822429906542056, "f1-score": 0.5533748701973, "support": 107}}}, "test": {"report": {"0": {"precision": 0.5384615384615384, "recall": 1.0, "f1-score": 0.7000000000000001, "support": 7}, "1": {"precision": 0.0, "recall": 0.0, "f1-score": 0.0, "support": 6}, "accuracy": 0.5384615384615384, "macro avg": {"precision": 0.2692307692307692, "recall": 0.5, "f1-score": 0.35000000000000003, "support": 13}, "weighted avg": {"precision": 0.28994082840236685, "recall": 0.5384615384615384, "f1-score": 0.37692307692307697, "support": 13}}}}