{"feature_name": "Preverbal_Negative_Morphemes", "feature_id": "143E", "k": 4, "train": {"report": {"0": {"precision": 0.5286195286195287, "recall": 1.0, "f1-score": 0.6916299559471366, "support": 157}, "1": {"precision": 0.0, "recall": 0.0, "f1-score": 0.0, "support": 88}, "2": {"precision": 0.0, "recall": 0.0, "f1-score": 0.0, "support": 49}, "3": {"precision": 0.0, "recall": 0.0, "f1-score": 0.0, "support": 3}, "accuracy": 0.5286195286195287, "macro avg": {"precision": 0.13215488215488216, "recall": 0.25, "f1-score": 0.17290748898678415, "support": 297}, "weighted avg": {"precision": 0.27943860603793264, "recall": 0.5286195286195287, "f1-score": 0.3656091012919207, "support": 297}}}, "dev": {"report": {"0": {"precision": 0.5286195286195287, "recall": 1.0, "f1-score": 0.6916299559471366, "support": 157}, "1": {"precision": 0.0, "recall": 0.0, "f1-score": 0.0, "support": 88}, "2": {"precision": 0.0, "recall": 0.0, "f1-score": 0.0, "support": 49}, "3": {"precision": 0.0, "recall": 0.0, "f1-score": 0.0, "support": 3}, "accuracy": 0.5286195286195287, "macro avg": {"precision": 0.13215488215488216, "recall": 0.25, "f1-score": 0.17290748898678415, "support": 297}, "weighted avg": {"precision": 0.27943860603793264, "recall": 0.5286195286195287, "f1-score": 0.3656091012919207, "support": 297}}}, "test": {"report": {"0": {"precision": 0.6363636363636364, "recall": 1.0, "f1-score": 0.7777777777777778, "support": 21}, "1": {"precision": 0.0, "recall": 0.0, "f1-score": 0.0, "support": 6}, "2": {"precision": 0.0, "recall": 0.0, "f1-score": 0.0, "support": 6}, "accuracy": 0.6363636363636364, "macro avg": {"precision": 0.21212121212121213, "recall": 0.3333333333333333, "f1-score": 0.25925925925925924, "support": 33}, "weighted avg": {"precision": 0.4049586776859504, "recall": 0.6363636363636364, "f1-score": 0.4949494949494949, "support": 33}}}}