{"feature_name": "Position_of_Tense-Aspect_Affixes", "feature_id": "69A", "k": 0, "train": {"report": {"0": {"precision": 0.6067415730337079, "recall": 1.0, "f1-score": 0.7552447552447552, "support": 162}, "1": {"precision": 0.0, "recall": 0.0, "f1-score": 0.0, "support": 29}, "2": {"precision": 0.0, "recall": 0.0, "f1-score": 0.0, "support": 44}, "3": {"precision": 0.0, "recall": 0.0, "f1-score": 0.0, "support": 29}, "4": {"precision": 0.0, "recall": 0.0, "f1-score": 0.0, "support": 3}, "accuracy": 0.6067415730337079, "macro avg": {"precision": 0.12134831460674159, "recall": 0.2, "f1-score": 0.15104895104895105, "support": 267}, "weighted avg": {"precision": 0.3681353364474183, "recall": 0.6067415730337079, "f1-score": 0.4582383908226605, "support": 267}}}, "dev": {"report": {"0": {"precision": 0.6067415730337079, "recall": 1.0, "f1-score": 0.7552447552447552, "support": 162}, "1": {"precision": 0.0, "recall": 0.0, "f1-score": 0.0, "support": 29}, "2": {"precision": 0.0, "recall": 0.0, "f1-score": 0.0, "support": 44}, "3": {"precision": 0.0, "recall": 0.0, "f1-score": 0.0, "support": 29}, "4": {"precision": 0.0, "recall": 0.0, "f1-score": 0.0, "support": 3}, "accuracy": 0.6067415730337079, "macro avg": {"precision": 0.12134831460674159, "recall": 0.2, "f1-score": 0.15104895104895105, "support": 267}, "weighted avg": {"precision": 0.3681353364474183, "recall": 0.6067415730337079, "f1-score": 0.4582383908226605, "support": 267}}}, "test": {"report": {"0": {"precision": 0.5483870967741935, "recall": 1.0, "f1-score": 0.7083333333333333, "support": 17}, "1": {"precision": 0.0, "recall": 0.0, "f1-score": 0.0, "support": 5}, "2": {"precision": 0.0, "recall": 0.0, "f1-score": 0.0, "support": 2}, "3": {"precision": 0.0, "recall": 0.0, "f1-score": 0.0, "support": 7}, "accuracy": 0.5483870967741935, "macro avg": {"precision": 0.13709677419354838, "recall": 0.25, "f1-score": 0.17708333333333331, "support": 31}, "weighted avg": {"precision": 0.3007284079084287, "recall": 0.5483870967741935, "f1-score": 0.38844086021505375, "support": 31}}}}