{"feature_name": "Zero_Copula_for_Predicate_Nominals", "feature_id": "120A", "k": 5, "train": {"report": {"0": {"precision": 0.6226415094339622, "recall": 1.0, "f1-score": 0.7674418604651162, "support": 66}, "1": {"precision": 0.0, "recall": 0.0, "f1-score": 0.0, "support": 40}, "accuracy": 0.6226415094339622, "macro avg": {"precision": 0.3113207547169811, "recall": 0.5, "f1-score": 0.3837209302325581, "support": 106}, "weighted avg": {"precision": 0.3876824492702029, "recall": 0.6226415094339622, "f1-score": 0.4778411584028082, "support": 106}}}, "dev": {"report": {"0": {"precision": 0.6226415094339622, "recall": 1.0, "f1-score": 0.7674418604651162, "support": 66}, "1": {"precision": 0.0, "recall": 0.0, "f1-score": 0.0, "support": 40}, "accuracy": 0.6226415094339622, "macro avg": {"precision": 0.3113207547169811, "recall": 0.5, "f1-score": 0.3837209302325581, "support": 106}, "weighted avg": {"precision": 0.3876824492702029, "recall": 0.6226415094339622, "f1-score": 0.4778411584028082, "support": 106}}}, "test": {"report": {"0": {"precision": 0.6153846153846154, "recall": 1.0, "f1-score": 0.761904761904762, "support": 8}, "1": {"precision": 0.0, "recall": 0.0, "f1-score": 0.0, "support": 5}, "accuracy": 0.6153846153846154, "macro avg": {"precision": 0.3076923076923077, "recall": 0.5, "f1-score": 0.380952380952381, "support": 13}, "weighted avg": {"precision": 0.37869822485207105, "recall": 0.6153846153846154, "f1-score": 0.4688644688644689, "support": 13}}}}