{"feature_name": "Nominal_and_Verbal_Conjunction", "feature_id": "64A", "k": 3, "train": {"report": {"0": {"precision": 0.6056338028169014, "recall": 1.0, "f1-score": 0.7543859649122806, "support": 43}, "1": {"precision": 0.0, "recall": 0.0, "f1-score": 0.0, "support": 23}, "2": {"precision": 0.0, "recall": 0.0, "f1-score": 0.0, "support": 5}, "accuracy": 0.6056338028169014, "macro avg": {"precision": 0.20187793427230047, "recall": 0.3333333333333333, "f1-score": 0.25146198830409355, "support": 71}, "weighted avg": {"precision": 0.3667923031144614, "recall": 0.6056338028169014, "f1-score": 0.4568816407215221, "support": 71}}}, "dev": {"report": {"0": {"precision": 0.6056338028169014, "recall": 1.0, "f1-score": 0.7543859649122806, "support": 43}, "1": {"precision": 0.0, "recall": 0.0, "f1-score": 0.0, "support": 23}, "2": {"precision": 0.0, "recall": 0.0, "f1-score": 0.0, "support": 5}, "accuracy": 0.6056338028169014, "macro avg": {"precision": 0.20187793427230047, "recall": 0.3333333333333333, "f1-score": 0.25146198830409355, "support": 71}, "weighted avg": {"precision": 0.3667923031144614, "recall": 0.6056338028169014, "f1-score": 0.4568816407215221, "support": 71}}}, "test": {"report": {"0": {"precision": 0.8888888888888888, "recall": 1.0, "f1-score": 0.9411764705882353, "support": 8}, "1": {"precision": 0.0, "recall": 0.0, "f1-score": 0.0, "support": 1}, "accuracy": 0.8888888888888888, "macro avg": {"precision": 0.4444444444444444, "recall": 0.5, "f1-score": 0.47058823529411764, "support": 9}, "weighted avg": {"precision": 0.7901234567901234, "recall": 0.8888888888888888, "f1-score": 0.8366013071895425, "support": 9}}}}