{"feature_name": "Inclusive/Exclusive_Distinction_in_Independent_Pronouns", "feature_id": "39A", "k": 9, "train": {"report": {"0": {"precision": 0.7457627118644068, "recall": 1.0, "f1-score": 0.8543689320388349, "support": 44}, "1": {"precision": 0.0, "recall": 0.0, "f1-score": 0.0, "support": 15}, "accuracy": 0.7457627118644068, "macro avg": {"precision": 0.3728813559322034, "recall": 0.5, "f1-score": 0.42718446601941745, "support": 59}, "weighted avg": {"precision": 0.5561620224073541, "recall": 0.7457627118644068, "f1-score": 0.6371564916899786, "support": 59}}}, "dev": {"report": {"0": {"precision": 0.7457627118644068, "recall": 1.0, "f1-score": 0.8543689320388349, "support": 44}, "1": {"precision": 0.0, "recall": 0.0, "f1-score": 0.0, "support": 15}, "accuracy": 0.7457627118644068, "macro avg": {"precision": 0.3728813559322034, "recall": 0.5, "f1-score": 0.42718446601941745, "support": 59}, "weighted avg": {"precision": 0.5561620224073541, "recall": 0.7457627118644068, "f1-score": 0.6371564916899786, "support": 59}}}, "test": {"report": {"0": {"precision": 0.42857142857142855, "recall": 1.0, "f1-score": 0.6, "support": 3}, "1": {"precision": 0.0, "recall": 0.0, "f1-score": 0.0, "support": 1}, "2": {"precision": 0.0, "recall": 0.0, "f1-score": 0.0, "support": 3}, "accuracy": 0.42857142857142855, "macro avg": {"precision": 0.14285714285714285, "recall": 0.3333333333333333, "f1-score": 0.19999999999999998, "support": 7}, "weighted avg": {"precision": 0.18367346938775508, "recall": 0.42857142857142855, "f1-score": 0.2571428571428571, "support": 7}}}}