{"feature_name": "Locus_of_Marking_in_Possessive_Noun_Phrases", "feature_id": "24A", "k": 1, "train": {"report": {"0": {"precision": 0.423728813559322, "recall": 1.0, "f1-score": 0.5952380952380952, "support": 25}, "1": {"precision": 0.0, "recall": 0.0, "f1-score": 0.0, "support": 17}, "2": {"precision": 0.0, "recall": 0.0, "f1-score": 0.0, "support": 10}, "3": {"precision": 0.0, "recall": 0.0, "f1-score": 0.0, "support": 6}, "4": {"precision": 0.0, "recall": 0.0, "f1-score": 0.0, "support": 1}, "accuracy": 0.423728813559322, "macro avg": {"precision": 0.0847457627118644, "recall": 0.2, "f1-score": 0.11904761904761904, "support": 59}, "weighted avg": {"precision": 0.17954610744039068, "recall": 0.423728813559322, "f1-score": 0.25221953188054885, "support": 59}}}, "dev": {"report": {"0": {"precision": 0.423728813559322, "recall": 1.0, "f1-score": 0.5952380952380952, "support": 25}, "1": {"precision": 0.0, "recall": 0.0, "f1-score": 0.0, "support": 17}, "2": {"precision": 0.0, "recall": 0.0, "f1-score": 0.0, "support": 10}, "3": {"precision": 0.0, "recall": 0.0, "f1-score": 0.0, "support": 6}, "4": {"precision": 0.0, "recall": 0.0, "f1-score": 0.0, "support": 1}, "accuracy": 0.423728813559322, "macro avg": {"precision": 0.0847457627118644, "recall": 0.2, "f1-score": 0.11904761904761904, "support": 59}, "weighted avg": {"precision": 0.17954610744039068, "recall": 0.423728813559322, "f1-score": 0.25221953188054885, "support": 59}}}, "test": {"report": {"0": {"precision": 0.625, "recall": 1.0, "f1-score": 0.7692307692307693, "support": 5}, "1": {"precision": 0.0, "recall": 0.0, "f1-score": 0.0, "support": 2}, "2": {"precision": 0.0, "recall": 0.0, "f1-score": 0.0, "support": 1}, "accuracy": 0.625, "macro avg": {"precision": 0.20833333333333334, "recall": 0.3333333333333333, "f1-score": 0.25641025641025644, "support": 8}, "weighted avg": {"precision": 0.390625, "recall": 0.625, "f1-score": 0.4807692307692308, "support": 8}}}}