{"feature_name": "Obligatory_Double_Negation_in_SOV_languages", "feature_id": "144N", "k": 0, "train": {"report": {"0": {"precision": 0.25, "recall": 1.0, "f1-score": 0.4, "support": 2}, "1": {"precision": 0.0, "recall": 0.0, "f1-score": 0.0, "support": 1}, "2": {"precision": 0.0, "recall": 0.0, "f1-score": 0.0, "support": 1}, "3": {"precision": 0.0, "recall": 0.0, "f1-score": 0.0, "support": 1}, "5": {"precision": 0.0, "recall": 0.0, "f1-score": 0.0, "support": 1}, "6": {"precision": 0.0, "recall": 0.0, "f1-score": 0.0, "support": 1}, "10": {"precision": 0.0, "recall": 0.0, "f1-score": 0.0, "support": 1}, "accuracy": 0.25, "macro avg": {"precision": 0.03571428571428571, "recall": 0.14285714285714285, "f1-score": 0.05714285714285715, "support": 8}, "weighted avg": {"precision": 0.0625, "recall": 0.25, "f1-score": 0.1, "support": 8}}}, "dev": {"report": {"0": {"precision": 0.25, "recall": 1.0, "f1-score": 0.4, "support": 2}, "1": {"precision": 0.0, "recall": 0.0, "f1-score": 0.0, "support": 1}, "2": {"precision": 0.0, "recall": 0.0, "f1-score": 0.0, "support": 1}, "3": {"precision": 0.0, "recall": 0.0, "f1-score": 0.0, "support": 1}, "5": {"precision": 0.0, "recall": 0.0, "f1-score": 0.0, "support": 1}, "6": {"precision": 0.0, "recall": 0.0, "f1-score": 0.0, "support": 1}, "10": {"precision": 0.0, "recall": 0.0, "f1-score": 0.0, "support": 1}, "accuracy": 0.25, "macro avg": {"precision": 0.03571428571428571, "recall": 0.14285714285714285, "f1-score": 0.05714285714285715, "support": 8}, "weighted avg": {"precision": 0.0625, "recall": 0.25, "f1-score": 0.1, "support": 8}}}, "test": {"report": {"0": {"precision": 0.0, "recall": 0.0, "f1-score": 0.0, "support": 0.0}, "9": {"precision": 0.0, "recall": 0.0, "f1-score": 0.0, "support": 1.0}, "accuracy": 0.0, "macro avg": {"precision": 0.0, "recall": 0.0, "f1-score": 0.0, "support": 1.0}, "weighted avg": {"precision": 0.0, "recall": 0.0, "f1-score": 0.0, "support": 1.0}}}}