{"feature_name": "Green_and_Blue", "feature_id": "134A", "k": 1, "train": {"report": {"0": {"precision": 0.6721311475409836, "recall": 1.0, "f1-score": 0.8039215686274509, "support": 41}, "1": {"precision": 0.0, "recall": 0.0, "f1-score": 0.0, "support": 14}, "2": {"precision": 0.0, "recall": 0.0, "f1-score": 0.0, "support": 4}, "3": {"precision": 0.0, "recall": 0.0, "f1-score": 0.0, "support": 1}, "4": {"precision": 0.0, "recall": 0.0, "f1-score": 0.0, "support": 1}, "accuracy": 0.6721311475409836, "macro avg": {"precision": 0.13442622950819672, "recall": 0.2, "f1-score": 0.16078431372549018, "support": 61}, "weighted avg": {"precision": 0.4517602794947595, "recall": 0.6721311475409836, "f1-score": 0.5403407264545163, "support": 61}}}, "dev": {"report": {"0": {"precision": 0.6721311475409836, "recall": 1.0, "f1-score": 0.8039215686274509, "support": 41}, "1": {"precision": 0.0, "recall": 0.0, "f1-score": 0.0, "support": 14}, "2": {"precision": 0.0, "recall": 0.0, "f1-score": 0.0, "support": 4}, "3": {"precision": 0.0, "recall": 0.0, "f1-score": 0.0, "support": 1}, "4": {"precision": 0.0, "recall": 0.0, "f1-score": 0.0, "support": 1}, "accuracy": 0.6721311475409836, "macro avg": {"precision": 0.13442622950819672, "recall": 0.2, "f1-score": 0.16078431372549018, "support": 61}, "weighted avg": {"precision": 0.4517602794947595, "recall": 0.6721311475409836, "f1-score": 0.5403407264545163, "support": 61}}}, "test": {"report": {"0": {"precision": 0.14285714285714285, "recall": 1.0, "f1-score": 0.25, "support": 1}, "1": {"precision": 0.0, "recall": 0.0, "f1-score": 0.0, "support": 6}, "accuracy": 0.14285714285714285, "macro avg": {"precision": 0.07142857142857142, "recall": 0.5, "f1-score": 0.125, "support": 7}, "weighted avg": {"precision": 0.02040816326530612, "recall": 0.14285714285714285, "f1-score": 0.03571428571428571, "support": 7}}}}