{"feature_name": "Conjunctions_and_Universal_Quantifiers", "feature_id": "56A", "k": 1, "train": {"report": {"0": {"precision": 0.0, "recall": 0.0, "f1-score": 0.0, "support": 12}, "1": {"precision": 0.47058823529411764, "recall": 1.0, "f1-score": 0.6399999999999999, "support": 16}, "2": {"precision": 0.0, "recall": 0.0, "f1-score": 0.0, "support": 6}, "accuracy": 0.47058823529411764, "macro avg": {"precision": 0.1568627450980392, "recall": 0.3333333333333333, "f1-score": 0.2133333333333333, "support": 34}, "weighted avg": {"precision": 0.22145328719723184, "recall": 0.47058823529411764, "f1-score": 0.30117647058823527, "support": 34}}}, "dev": {"report": {"0": {"precision": 0.0, "recall": 0.0, "f1-score": 0.0, "support": 12}, "1": {"precision": 0.47058823529411764, "recall": 1.0, "f1-score": 0.6399999999999999, "support": 16}, "2": {"precision": 0.0, "recall": 0.0, "f1-score": 0.0, "support": 6}, "accuracy": 0.47058823529411764, "macro avg": {"precision": 0.1568627450980392, "recall": 0.3333333333333333, "f1-score": 0.2133333333333333, "support": 34}, "weighted avg": {"precision": 0.22145328719723184, "recall": 0.47058823529411764, "f1-score": 0.30117647058823527, "support": 34}}}, "test": {"report": {"0": {"precision": 0.0, "recall": 0.0, "f1-score": 0.0, "support": 2.0}, "1": {"precision": 0.0, "recall": 0.0, "f1-score": 0.0, "support": 0.0}, "2": {"precision": 0.0, "recall": 0.0, "f1-score": 0.0, "support": 2.0}, "accuracy": 0.0, "macro avg": {"precision": 0.0, "recall": 0.0, "f1-score": 0.0, "support": 4.0}, "weighted avg": {"precision": 0.0, "recall": 0.0, "f1-score": 0.0, "support": 4.0}}}}