{"feature_name": "Obligatory_Possessive_Inflection", "feature_id": "58A", "k": 9, "train": {"report": {"0": {"precision": 0.8833333333333333, "recall": 1.0, "f1-score": 0.9380530973451328, "support": 53}, "1": {"precision": 0.0, "recall": 0.0, "f1-score": 0.0, "support": 7}, "accuracy": 0.8833333333333333, "macro avg": {"precision": 0.44166666666666665, "recall": 0.5, "f1-score": 0.4690265486725664, "support": 60}, "weighted avg": {"precision": 0.7802777777777777, "recall": 0.8833333333333333, "f1-score": 0.828613569321534, "support": 60}}}, "dev": {"report": {"0": {"precision": 0.8833333333333333, "recall": 1.0, "f1-score": 0.9380530973451328, "support": 53}, "1": {"precision": 0.0, "recall": 0.0, "f1-score": 0.0, "support": 7}, "accuracy": 0.8833333333333333, "macro avg": {"precision": 0.44166666666666665, "recall": 0.5, "f1-score": 0.4690265486725664, "support": 60}, "weighted avg": {"precision": 0.7802777777777777, "recall": 0.8833333333333333, "f1-score": 0.828613569321534, "support": 60}}}, "test": {"report": {"0": {"precision": 1.0, "recall": 1.0, "f1-score": 1.0, "support": 7}, "accuracy": 1.0, "macro avg": {"precision": 1.0, "recall": 1.0, "f1-score": 1.0, "support": 7}, "weighted avg": {"precision": 1.0, "recall": 1.0, "f1-score": 1.0, "support": 7}}}}