{"feature_name": "Hand_and_Arm", "feature_id": "129A", "k": 2, "train": {"report": {"0": {"precision": 0.6629834254143646, "recall": 1.0, "f1-score": 0.7973421926910298, "support": 120}, "1": {"precision": 0.0, "recall": 0.0, "f1-score": 0.0, "support": 61}, "accuracy": 0.6629834254143646, "macro avg": {"precision": 0.3314917127071823, "recall": 0.5, "f1-score": 0.3986710963455149, "support": 181}, "weighted avg": {"precision": 0.43954702237416443, "recall": 0.6629834254143646, "f1-score": 0.5286246581376993, "support": 181}}}, "dev": {"report": {"0": {"precision": 0.6629834254143646, "recall": 1.0, "f1-score": 0.7973421926910298, "support": 120}, "1": {"precision": 0.0, "recall": 0.0, "f1-score": 0.0, "support": 61}, "accuracy": 0.6629834254143646, "macro avg": {"precision": 0.3314917127071823, "recall": 0.5, "f1-score": 0.3986710963455149, "support": 181}, "weighted avg": {"precision": 0.43954702237416443, "recall": 0.6629834254143646, "f1-score": 0.5286246581376993, "support": 181}}}, "test": {"report": {"0": {"precision": 0.5454545454545454, "recall": 1.0, "f1-score": 0.7058823529411764, "support": 12}, "1": {"precision": 0.0, "recall": 0.0, "f1-score": 0.0, "support": 10}, "accuracy": 0.5454545454545454, "macro avg": {"precision": 0.2727272727272727, "recall": 0.5, "f1-score": 0.3529411764705882, "support": 22}, "weighted avg": {"precision": 0.29752066115702475, "recall": 0.5454545454545454, "f1-score": 0.38502673796791437, "support": 22}}}}