{"feature_name": "Weight-Sensitive_Stress", "feature_id": "15A", "k": 8, "train": {"report": {"0": {"precision": 0.5892857142857143, "recall": 1.0, "f1-score": 0.7415730337078651, "support": 66}, "1": {"precision": 0.0, "recall": 0.0, "f1-score": 0.0, "support": 16}, "2": {"precision": 0.0, "recall": 0.0, "f1-score": 0.0, "support": 12}, "3": {"precision": 0.0, "recall": 0.0, "f1-score": 0.0, "support": 7}, "4": {"precision": 0.0, "recall": 0.0, "f1-score": 0.0, "support": 3}, "5": {"precision": 0.0, "recall": 0.0, "f1-score": 0.0, "support": 5}, "6": {"precision": 0.0, "recall": 0.0, "f1-score": 0.0, "support": 3}, "accuracy": 0.5892857142857143, "macro avg": {"precision": 0.08418367346938775, "recall": 0.14285714285714285, "f1-score": 0.1059390048154093, "support": 112}, "weighted avg": {"precision": 0.3472576530612245, "recall": 0.5892857142857143, "f1-score": 0.43699839486356334, "support": 112}}}, "dev": {"report": {"0": {"precision": 0.5892857142857143, "recall": 1.0, "f1-score": 0.7415730337078651, "support": 66}, "1": {"precision": 0.0, "recall": 0.0, "f1-score": 0.0, "support": 16}, "2": {"precision": 0.0, "recall": 0.0, "f1-score": 0.0, "support": 12}, "3": {"precision": 0.0, "recall": 0.0, "f1-score": 0.0, "support": 7}, "4": {"precision": 0.0, "recall": 0.0, "f1-score": 0.0, "support": 3}, "5": {"precision": 0.0, "recall": 0.0, "f1-score": 0.0, "support": 5}, "6": {"precision": 0.0, "recall": 0.0, "f1-score": 0.0, "support": 3}, "accuracy": 0.5892857142857143, "macro avg": {"precision": 0.08418367346938775, "recall": 0.14285714285714285, "f1-score": 0.1059390048154093, "support": 112}, "weighted avg": {"precision": 0.3472576530612245, "recall": 0.5892857142857143, "f1-score": 0.43699839486356334, "support": 112}}}, "test": {"report": {"0": {"precision": 0.5714285714285714, "recall": 1.0, "f1-score": 0.7272727272727273, "support": 8}, "1": {"precision": 0.0, "recall": 0.0, "f1-score": 0.0, "support": 2}, "2": {"precision": 0.0, "recall": 0.0, "f1-score": 0.0, "support": 1}, "4": {"precision": 0.0, "recall": 0.0, "f1-score": 0.0, "support": 1}, "6": {"precision": 0.0, "recall": 0.0, "f1-score": 0.0, "support": 2}, "accuracy": 0.5714285714285714, "macro avg": {"precision": 0.11428571428571428, "recall": 0.2, "f1-score": 0.14545454545454545, "support": 14}, "weighted avg": {"precision": 0.32653061224489793, "recall": 0.5714285714285714, "f1-score": 0.4155844155844156, "support": 14}}}}