{"feature_name": "Order_of_Object_and_Verb", "feature_id": "83A", "k": 0, "train": {"report": {"0": {"precision": 0.0, "recall": 0.0, "f1-score": 0.0, "support": 147}, "1": {"precision": 0.5075987841945289, "recall": 1.0, "f1-score": 0.6733870967741935, "support": 167}, "2": {"precision": 0.0, "recall": 0.0, "f1-score": 0.0, "support": 15}, "accuracy": 0.5075987841945289, "macro avg": {"precision": 0.1691995947315096, "recall": 0.3333333333333333, "f1-score": 0.22446236559139784, "support": 329}, "weighted avg": {"precision": 0.25765652571576386, "recall": 0.5075987841945289, "f1-score": 0.3418104716148642, "support": 329}}}, "dev": {"report": {"0": {"precision": 0.0, "recall": 0.0, "f1-score": 0.0, "support": 147}, "1": {"precision": 0.5075987841945289, "recall": 1.0, "f1-score": 0.6733870967741935, "support": 167}, "2": {"precision": 0.0, "recall": 0.0, "f1-score": 0.0, "support": 15}, "accuracy": 0.5075987841945289, "macro avg": {"precision": 0.1691995947315096, "recall": 0.3333333333333333, "f1-score": 0.22446236559139784, "support": 329}, "weighted avg": {"precision": 0.25765652571576386, "recall": 0.5075987841945289, "f1-score": 0.3418104716148642, "support": 329}}}, "test": {"report": {"0": {"precision": 0.0, "recall": 0.0, "f1-score": 0.0, "support": 12}, "1": {"precision": 0.6052631578947368, "recall": 1.0, "f1-score": 0.7540983606557378, "support": 23}, "2": {"precision": 0.0, "recall": 0.0, "f1-score": 0.0, "support": 3}, "accuracy": 0.6052631578947368, "macro avg": {"precision": 0.20175438596491227, "recall": 0.3333333333333333, "f1-score": 0.25136612021857924, "support": 38}, "weighted avg": {"precision": 0.36634349030470914, "recall": 0.6052631578947368, "f1-score": 0.456427955133736, "support": 38}}}}