{"feature_name": "The_Perfect", "feature_id": "68A", "k": 6, "train": {"report": {"0": {"precision": 0.5526315789473685, "recall": 1.0, "f1-score": 0.711864406779661, "support": 42}, "1": {"precision": 0.0, "recall": 0.0, "f1-score": 0.0, "support": 26}, "2": {"precision": 0.0, "recall": 0.0, "f1-score": 0.0, "support": 8}, "accuracy": 0.5526315789473685, "macro avg": {"precision": 0.1842105263157895, "recall": 0.3333333333333333, "f1-score": 0.23728813559322035, "support": 76}, "weighted avg": {"precision": 0.3054016620498615, "recall": 0.5526315789473685, "f1-score": 0.39339875111507583, "support": 76}}}, "dev": {"report": {"0": {"precision": 0.5526315789473685, "recall": 1.0, "f1-score": 0.711864406779661, "support": 42}, "1": {"precision": 0.0, "recall": 0.0, "f1-score": 0.0, "support": 26}, "2": {"precision": 0.0, "recall": 0.0, "f1-score": 0.0, "support": 8}, "accuracy": 0.5526315789473685, "macro avg": {"precision": 0.1842105263157895, "recall": 0.3333333333333333, "f1-score": 0.23728813559322035, "support": 76}, "weighted avg": {"precision": 0.3054016620498615, "recall": 0.5526315789473685, "f1-score": 0.39339875111507583, "support": 76}}}, "test": {"report": {"0": {"precision": 0.3333333333333333, "recall": 1.0, "f1-score": 0.5, "support": 3}, "1": {"precision": 0.0, "recall": 0.0, "f1-score": 0.0, "support": 4}, "2": {"precision": 0.0, "recall": 0.0, "f1-score": 0.0, "support": 1}, "3": {"precision": 0.0, "recall": 0.0, "f1-score": 0.0, "support": 1}, "accuracy": 0.3333333333333333, "macro avg": {"precision": 0.08333333333333333, "recall": 0.25, "f1-score": 0.125, "support": 9}, "weighted avg": {"precision": 0.1111111111111111, "recall": 0.3333333333333333, "f1-score": 0.16666666666666666, "support": 9}}}}