{"feature_name": "Inclusive/Exclusive_Distinction_in_Verbal_Inflection", "feature_id": "40A", "k": 1, "train": {"report": {"0": {"precision": 0.4482758620689655, "recall": 1.0, "f1-score": 0.6190476190476191, "support": 26}, "1": {"precision": 0.0, "recall": 0.0, "f1-score": 0.0, "support": 20}, "2": {"precision": 0.0, "recall": 0.0, "f1-score": 0.0, "support": 6}, "3": {"precision": 0.0, "recall": 0.0, "f1-score": 0.0, "support": 3}, "4": {"precision": 0.0, "recall": 0.0, "f1-score": 0.0, "support": 3}, "accuracy": 0.4482758620689655, "macro avg": {"precision": 0.0896551724137931, "recall": 0.2, "f1-score": 0.12380952380952381, "support": 58}, "weighted avg": {"precision": 0.20095124851367419, "recall": 0.4482758620689655, "f1-score": 0.277504105090312, "support": 58}}}, "dev": {"report": {"0": {"precision": 0.4482758620689655, "recall": 1.0, "f1-score": 0.6190476190476191, "support": 26}, "1": {"precision": 0.0, "recall": 0.0, "f1-score": 0.0, "support": 20}, "2": {"precision": 0.0, "recall": 0.0, "f1-score": 0.0, "support": 6}, "3": {"precision": 0.0, "recall": 0.0, "f1-score": 0.0, "support": 3}, "4": {"precision": 0.0, "recall": 0.0, "f1-score": 0.0, "support": 3}, "accuracy": 0.4482758620689655, "macro avg": {"precision": 0.0896551724137931, "recall": 0.2, "f1-score": 0.12380952380952381, "support": 58}, "weighted avg": {"precision": 0.20095124851367419, "recall": 0.4482758620689655, "f1-score": 0.277504105090312, "support": 58}}}, "test": {"report": {"0": {"precision": 0.5714285714285714, "recall": 1.0, "f1-score": 0.7272727272727273, "support": 4}, "1": {"precision": 0.0, "recall": 0.0, "f1-score": 0.0, "support": 3}, "accuracy": 0.5714285714285714, "macro avg": {"precision": 0.2857142857142857, "recall": 0.5, "f1-score": 0.36363636363636365, "support": 7}, "weighted avg": {"precision": 0.32653061224489793, "recall": 0.5714285714285714, "f1-score": 0.4155844155844156, "support": 7}}}}