{"feature_name": "Position_of_Negative_Word_With_Respect_to_Subject,_Object,_and_Verb", "feature_id": "144A", "k": 8, "train": {"report": {"0": {"precision": 0.33454545454545453, "recall": 1.0, "f1-score": 0.5013623978201635, "support": 92}, "1": {"precision": 0.0, "recall": 0.0, "f1-score": 0.0, "support": 34}, "2": {"precision": 0.0, "recall": 0.0, "f1-score": 0.0, "support": 21}, "3": {"precision": 0.0, "recall": 0.0, "f1-score": 0.0, "support": 21}, "4": {"precision": 0.0, "recall": 0.0, "f1-score": 0.0, "support": 19}, "5": {"precision": 0.0, "recall": 0.0, "f1-score": 0.0, "support": 17}, "6": {"precision": 0.0, "recall": 0.0, "f1-score": 0.0, "support": 11}, "7": {"precision": 0.0, "recall": 0.0, "f1-score": 0.0, "support": 16}, "8": {"precision": 0.0, "recall": 0.0, "f1-score": 0.0, "support": 23}, "9": {"precision": 0.0, "recall": 0.0, "f1-score": 0.0, "support": 11}, "10": {"precision": 0.0, "recall": 0.0, "f1-score": 0.0, "support": 4}, "11": {"precision": 0.0, "recall": 0.0, "f1-score": 0.0, "support": 3}, "12": {"precision": 0.0, "recall": 0.0, "f1-score": 0.0, "support": 2}, "13": {"precision": 0.0, "recall": 0.0, "f1-score": 0.0, "support": 1}, "accuracy": 0.33454545454545453, "macro avg": {"precision": 0.023896103896103894, "recall": 0.07142857142857142, "f1-score": 0.03581159984429739, "support": 275}, "weighted avg": {"precision": 0.11192066115702479, "recall": 0.33454545454545453, "f1-score": 0.1677285112707456, "support": 275}}}, "dev": {"report": {"0": {"precision": 0.33454545454545453, "recall": 1.0, "f1-score": 0.5013623978201635, "support": 92}, "1": {"precision": 0.0, "recall": 0.0, "f1-score": 0.0, "support": 34}, "2": {"precision": 0.0, "recall": 0.0, "f1-score": 0.0, "support": 21}, "3": {"precision": 0.0, "recall": 0.0, "f1-score": 0.0, "support": 21}, "4": {"precision": 0.0, "recall": 0.0, "f1-score": 0.0, "support": 19}, "5": {"precision": 0.0, "recall": 0.0, "f1-score": 0.0, "support": 17}, "6": {"precision": 0.0, "recall": 0.0, "f1-score": 0.0, "support": 11}, "7": {"precision": 0.0, "recall": 0.0, "f1-score": 0.0, "support": 16}, "8": {"precision": 0.0, "recall": 0.0, "f1-score": 0.0, "support": 23}, "9": {"precision": 0.0, "recall": 0.0, "f1-score": 0.0, "support": 11}, "10": {"precision": 0.0, "recall": 0.0, "f1-score": 0.0, "support": 4}, "11": {"precision": 0.0, "recall": 0.0, "f1-score": 0.0, "support": 3}, "12": {"precision": 0.0, "recall": 0.0, "f1-score": 0.0, "support": 2}, "13": {"precision": 0.0, "recall": 0.0, "f1-score": 0.0, "support": 1}, "accuracy": 0.33454545454545453, "macro avg": {"precision": 0.023896103896103894, "recall": 0.07142857142857142, "f1-score": 0.03581159984429739, "support": 275}, "weighted avg": {"precision": 0.11192066115702479, "recall": 0.33454545454545453, "f1-score": 0.1677285112707456, "support": 275}}}, "test": {"report": {"0": {"precision": 0.25806451612903225, "recall": 1.0, "f1-score": 0.41025641025641024, "support": 8}, "1": {"precision": 0.0, "recall": 0.0, "f1-score": 0.0, "support": 2}, "2": {"precision": 0.0, "recall": 0.0, "f1-score": 0.0, "support": 7}, "3": {"precision": 0.0, "recall": 0.0, "f1-score": 0.0, "support": 1}, "4": {"precision": 0.0, "recall": 0.0, "f1-score": 0.0, "support": 4}, "6": {"precision": 0.0, "recall": 0.0, "f1-score": 0.0, "support": 1}, "7": {"precision": 0.0, "recall": 0.0, "f1-score": 0.0, "support": 1}, "8": {"precision": 0.0, "recall": 0.0, "f1-score": 0.0, "support": 4}, "9": {"precision": 0.0, "recall": 0.0, "f1-score": 0.0, "support": 3}, "accuracy": 0.25806451612903225, "macro avg": {"precision": 0.02867383512544803, "recall": 0.1111111111111111, "f1-score": 0.04558404558404558, "support": 31}, "weighted avg": {"precision": 0.06659729448491154, "recall": 0.25806451612903225, "f1-score": 0.10587262200165426, "support": 31}}}}