{"feature_name": "Nonperiphrastic_Causative_Constructions", "feature_id": "111A", "k": 1, "train": {"report": {"0": {"precision": 0.8048780487804879, "recall": 1.0, "f1-score": 0.8918918918918919, "support": 66}, "1": {"precision": 0.0, "recall": 0.0, "f1-score": 0.0, "support": 7}, "2": {"precision": 0.0, "recall": 0.0, "f1-score": 0.0, "support": 7}, "3": {"precision": 0.0, "recall": 0.0, "f1-score": 0.0, "support": 2}, "accuracy": 0.8048780487804879, "macro avg": {"precision": 0.20121951219512196, "recall": 0.25, "f1-score": 0.22297297297297297, "support": 82}, "weighted avg": {"precision": 0.6478286734086853, "recall": 0.8048780487804879, "f1-score": 0.7178642056690837, "support": 82}}}, "dev": {"report": {"0": {"precision": 0.8048780487804879, "recall": 1.0, "f1-score": 0.8918918918918919, "support": 66}, "1": {"precision": 0.0, "recall": 0.0, "f1-score": 0.0, "support": 7}, "2": {"precision": 0.0, "recall": 0.0, "f1-score": 0.0, "support": 7}, "3": {"precision": 0.0, "recall": 0.0, "f1-score": 0.0, "support": 2}, "accuracy": 0.8048780487804879, "macro avg": {"precision": 0.20121951219512196, "recall": 0.25, "f1-score": 0.22297297297297297, "support": 82}, "weighted avg": {"precision": 0.6478286734086853, "recall": 0.8048780487804879, "f1-score": 0.7178642056690837, "support": 82}}}, "test": {"report": {"0": {"precision": 0.9, "recall": 1.0, "f1-score": 0.9473684210526316, "support": 9}, "2": {"precision": 0.0, "recall": 0.0, "f1-score": 0.0, "support": 1}, "accuracy": 0.9, "macro avg": {"precision": 0.45, "recall": 0.5, "f1-score": 0.4736842105263158, "support": 10}, "weighted avg": {"precision": 0.8099999999999999, "recall": 0.9, "f1-score": 0.8526315789473685, "support": 10}}}}