{"feature_name": "Fusion_of_Selected_Inflectional_Formatives", "feature_id": "20A", "k": 1, "train": {"report": {"0": {"precision": 0.8181818181818182, "recall": 1.0, "f1-score": 0.9, "support": 36}, "1": {"precision": 0.0, "recall": 0.0, "f1-score": 0.0, "support": 4}, "2": {"precision": 0.0, "recall": 0.0, "f1-score": 0.0, "support": 2}, "4": {"precision": 0.0, "recall": 0.0, "f1-score": 0.0, "support": 1}, "6": {"precision": 0.0, "recall": 0.0, "f1-score": 0.0, "support": 1}, "accuracy": 0.8181818181818182, "macro avg": {"precision": 0.16363636363636364, "recall": 0.2, "f1-score": 0.18, "support": 44}, "weighted avg": {"precision": 0.6694214876033059, "recall": 0.8181818181818182, "f1-score": 0.7363636363636363, "support": 44}}}, "dev": {"report": {"0": {"precision": 0.8181818181818182, "recall": 1.0, "f1-score": 0.9, "support": 36}, "1": {"precision": 0.0, "recall": 0.0, "f1-score": 0.0, "support": 4}, "2": {"precision": 0.0, "recall": 0.0, "f1-score": 0.0, "support": 2}, "4": {"precision": 0.0, "recall": 0.0, "f1-score": 0.0, "support": 1}, "6": {"precision": 0.0, "recall": 0.0, "f1-score": 0.0, "support": 1}, "accuracy": 0.8181818181818182, "macro avg": {"precision": 0.16363636363636364, "recall": 0.2, "f1-score": 0.18, "support": 44}, "weighted avg": {"precision": 0.6694214876033059, "recall": 0.8181818181818182, "f1-score": 0.7363636363636363, "support": 44}}}, "test": {"report": {"0": {"precision": 0.5, "recall": 1.0, "f1-score": 0.6666666666666666, "support": 3}, "1": {"precision": 0.0, "recall": 0.0, "f1-score": 0.0, "support": 2}, "2": {"precision": 0.0, "recall": 0.0, "f1-score": 0.0, "support": 1}, "accuracy": 0.5, "macro avg": {"precision": 0.16666666666666666, "recall": 0.3333333333333333, "f1-score": 0.2222222222222222, "support": 6}, "weighted avg": {"precision": 0.25, "recall": 0.5, "f1-score": 0.3333333333333333, "support": 6}}}}