{"feature_name": "Adjectives_without_Nouns", "feature_id": "61A", "k": 8, "train": {"report": {"0": {"precision": 0.7105263157894737, "recall": 1.0, "f1-score": 0.8307692307692308, "support": 27}, "1": {"precision": 0.0, "recall": 0.0, "f1-score": 0.0, "support": 4}, "2": {"precision": 0.0, "recall": 0.0, "f1-score": 0.0, "support": 2}, "3": {"precision": 0.0, "recall": 0.0, "f1-score": 0.0, "support": 1}, "4": {"precision": 0.0, "recall": 0.0, "f1-score": 0.0, "support": 1}, "5": {"precision": 0.0, "recall": 0.0, "f1-score": 0.0, "support": 3}, "accuracy": 0.7105263157894737, "macro avg": {"precision": 0.11842105263157894, "recall": 0.16666666666666666, "f1-score": 0.13846153846153847, "support": 38}, "weighted avg": {"precision": 0.5048476454293628, "recall": 0.7105263157894737, "f1-score": 0.5902834008097166, "support": 38}}}, "dev": {"report": {"0": {"precision": 0.7105263157894737, "recall": 1.0, "f1-score": 0.8307692307692308, "support": 27}, "1": {"precision": 0.0, "recall": 0.0, "f1-score": 0.0, "support": 4}, "2": {"precision": 0.0, "recall": 0.0, "f1-score": 0.0, "support": 2}, "3": {"precision": 0.0, "recall": 0.0, "f1-score": 0.0, "support": 1}, "4": {"precision": 0.0, "recall": 0.0, "f1-score": 0.0, "support": 1}, "5": {"precision": 0.0, "recall": 0.0, "f1-score": 0.0, "support": 3}, "accuracy": 0.7105263157894737, "macro avg": {"precision": 0.11842105263157894, "recall": 0.16666666666666666, "f1-score": 0.13846153846153847, "support": 38}, "weighted avg": {"precision": 0.5048476454293628, "recall": 0.7105263157894737, "f1-score": 0.5902834008097166, "support": 38}}}, "test": {"report": {"0": {"precision": 0.4, "recall": 1.0, "f1-score": 0.5714285714285715, "support": 2}, "1": {"precision": 0.0, "recall": 0.0, "f1-score": 0.0, "support": 3}, "accuracy": 0.4, "macro avg": {"precision": 0.2, "recall": 0.5, "f1-score": 0.28571428571428575, "support": 5}, "weighted avg": {"precision": 0.16, "recall": 0.4, "f1-score": 0.2285714285714286, "support": 5}}}}