{"feature_name": "Tone", "feature_id": "13A", "k": 9, "train": {"report": {"0": {"precision": 0.6153846153846154, "recall": 1.0, "f1-score": 0.761904761904762, "support": 80}, "1": {"precision": 0.0, "recall": 0.0, "f1-score": 0.0, "support": 25}, "2": {"precision": 0.0, "recall": 0.0, "f1-score": 0.0, "support": 25}, "accuracy": 0.6153846153846154, "macro avg": {"precision": 0.20512820512820515, "recall": 0.3333333333333333, "f1-score": 0.253968253968254, "support": 130}, "weighted avg": {"precision": 0.37869822485207105, "recall": 0.6153846153846154, "f1-score": 0.4688644688644689, "support": 130}}}, "dev": {"report": {"0": {"precision": 0.6153846153846154, "recall": 1.0, "f1-score": 0.761904761904762, "support": 80}, "1": {"precision": 0.0, "recall": 0.0, "f1-score": 0.0, "support": 25}, "2": {"precision": 0.0, "recall": 0.0, "f1-score": 0.0, "support": 25}, "accuracy": 0.6153846153846154, "macro avg": {"precision": 0.20512820512820515, "recall": 0.3333333333333333, "f1-score": 0.253968253968254, "support": 130}, "weighted avg": {"precision": 0.37869822485207105, "recall": 0.6153846153846154, "f1-score": 0.4688644688644689, "support": 130}}}, "test": {"report": {"0": {"precision": 0.8666666666666667, "recall": 1.0, "f1-score": 0.9285714285714286, "support": 13}, "2": {"precision": 0.0, "recall": 0.0, "f1-score": 0.0, "support": 2}, "accuracy": 0.8666666666666667, "macro avg": {"precision": 0.43333333333333335, "recall": 0.5, "f1-score": 0.4642857142857143, "support": 15}, "weighted avg": {"precision": 0.7511111111111112, "recall": 0.8666666666666667, "f1-score": 0.8047619047619048, "support": 15}}}}