{"feature_name": "SOVNeg_Order", "feature_id": "144S", "k": 0, "train": {"report": {"0": {"precision": 0.41284403669724773, "recall": 1.0, "f1-score": 0.5844155844155845, "support": 45}, "1": {"precision": 0.0, "recall": 0.0, "f1-score": 0.0, "support": 39}, "2": {"precision": 0.0, "recall": 0.0, "f1-score": 0.0, "support": 11}, "3": {"precision": 0.0, "recall": 0.0, "f1-score": 0.0, "support": 5}, "4": {"precision": 0.0, "recall": 0.0, "f1-score": 0.0, "support": 2}, "5": {"precision": 0.0, "recall": 0.0, "f1-score": 0.0, "support": 2}, "6": {"precision": 0.0, "recall": 0.0, "f1-score": 0.0, "support": 2}, "7": {"precision": 0.0, "recall": 0.0, "f1-score": 0.0, "support": 2}, "8": {"precision": 0.0, "recall": 0.0, "f1-score": 0.0, "support": 1}, "accuracy": 0.41284403669724773, "macro avg": {"precision": 0.045871559633027525, "recall": 0.1111111111111111, "f1-score": 0.06493506493506494, "support": 109}, "weighted avg": {"precision": 0.17044019863647844, "recall": 0.41284403669724773, "f1-score": 0.24127248897891104, "support": 109}}}, "dev": {"report": {"0": {"precision": 0.41284403669724773, "recall": 1.0, "f1-score": 0.5844155844155845, "support": 45}, "1": {"precision": 0.0, "recall": 0.0, "f1-score": 0.0, "support": 39}, "2": {"precision": 0.0, "recall": 0.0, "f1-score": 0.0, "support": 11}, "3": {"precision": 0.0, "recall": 0.0, "f1-score": 0.0, "support": 5}, "4": {"precision": 0.0, "recall": 0.0, "f1-score": 0.0, "support": 2}, "5": {"precision": 0.0, "recall": 0.0, "f1-score": 0.0, "support": 2}, "6": {"precision": 0.0, "recall": 0.0, "f1-score": 0.0, "support": 2}, "7": {"precision": 0.0, "recall": 0.0, "f1-score": 0.0, "support": 2}, "8": {"precision": 0.0, "recall": 0.0, "f1-score": 0.0, "support": 1}, "accuracy": 0.41284403669724773, "macro avg": {"precision": 0.045871559633027525, "recall": 0.1111111111111111, "f1-score": 0.06493506493506494, "support": 109}, "weighted avg": {"precision": 0.17044019863647844, "recall": 0.41284403669724773, "f1-score": 0.24127248897891104, "support": 109}}}, "test": {"report": {"0": {"precision": 0.46153846153846156, "recall": 1.0, "f1-score": 0.631578947368421, "support": 6}, "1": {"precision": 0.0, "recall": 0.0, "f1-score": 0.0, "support": 3}, "2": {"precision": 0.0, "recall": 0.0, "f1-score": 0.0, "support": 3}, "4": {"precision": 0.0, "recall": 0.0, "f1-score": 0.0, "support": 1}, "accuracy": 0.46153846153846156, "macro avg": {"precision": 0.11538461538461539, "recall": 0.25, "f1-score": 0.15789473684210525, "support": 13}, "weighted avg": {"precision": 0.21301775147928995, "recall": 0.46153846153846156, "f1-score": 0.291497975708502, "support": 13}}}}