{"feature_name": "Predicative_Adjectives", "feature_id": "118A", "k": 0, "train": {"report": {"0": {"precision": 0.0, "recall": 0.0, "f1-score": 0.0, "support": 35}, "1": {"precision": 0.41509433962264153, "recall": 1.0, "f1-score": 0.5866666666666668, "support": 44}, "2": {"precision": 0.0, "recall": 0.0, "f1-score": 0.0, "support": 27}, "accuracy": 0.41509433962264153, "macro avg": {"precision": 0.13836477987421383, "recall": 0.3333333333333333, "f1-score": 0.1955555555555556, "support": 106}, "weighted avg": {"precision": 0.17230331078675687, "recall": 0.41509433962264153, "f1-score": 0.24352201257861641, "support": 106}}}, "dev": {"report": {"0": {"precision": 0.0, "recall": 0.0, "f1-score": 0.0, "support": 35}, "1": {"precision": 0.41509433962264153, "recall": 1.0, "f1-score": 0.5866666666666668, "support": 44}, "2": {"precision": 0.0, "recall": 0.0, "f1-score": 0.0, "support": 27}, "accuracy": 0.41509433962264153, "macro avg": {"precision": 0.13836477987421383, "recall": 0.3333333333333333, "f1-score": 0.1955555555555556, "support": 106}, "weighted avg": {"precision": 0.17230331078675687, "recall": 0.41509433962264153, "f1-score": 0.24352201257861641, "support": 106}}}, "test": {"report": {"0": {"precision": 0.0, "recall": 0.0, "f1-score": 0.0, "support": 4}, "1": {"precision": 0.6153846153846154, "recall": 1.0, "f1-score": 0.761904761904762, "support": 8}, "2": {"precision": 0.0, "recall": 0.0, "f1-score": 0.0, "support": 1}, "accuracy": 0.6153846153846154, "macro avg": {"precision": 0.20512820512820515, "recall": 0.3333333333333333, "f1-score": 0.253968253968254, "support": 13}, "weighted avg": {"precision": 0.37869822485207105, "recall": 0.6153846153846154, "f1-score": 0.4688644688644689, "support": 13}}}}