{"feature_name": "Asymmetrical_Case-Marking", "feature_id": "50A", "k": 9, "train": {"report": {"0": {"precision": 0.0, "recall": 0.0, "f1-score": 0.0, "support": 23}, "1": {"precision": 0.38961038961038963, "recall": 1.0, "f1-score": 0.5607476635514019, "support": 30}, "2": {"precision": 0.0, "recall": 0.0, "f1-score": 0.0, "support": 16}, "3": {"precision": 0.0, "recall": 0.0, "f1-score": 0.0, "support": 5}, "4": {"precision": 0.0, "recall": 0.0, "f1-score": 0.0, "support": 2}, "5": {"precision": 0.0, "recall": 0.0, "f1-score": 0.0, "support": 1}, "accuracy": 0.38961038961038963, "macro avg": {"precision": 0.06493506493506494, "recall": 0.16666666666666666, "f1-score": 0.09345794392523366, "support": 77}, "weighted avg": {"precision": 0.1517962556923596, "recall": 0.38961038961038963, "f1-score": 0.21847311566937738, "support": 77}}}, "dev": {"report": {"0": {"precision": 0.0, "recall": 0.0, "f1-score": 0.0, "support": 23}, "1": {"precision": 0.38961038961038963, "recall": 1.0, "f1-score": 0.5607476635514019, "support": 30}, "2": {"precision": 0.0, "recall": 0.0, "f1-score": 0.0, "support": 16}, "3": {"precision": 0.0, "recall": 0.0, "f1-score": 0.0, "support": 5}, "4": {"precision": 0.0, "recall": 0.0, "f1-score": 0.0, "support": 2}, "5": {"precision": 0.0, "recall": 0.0, "f1-score": 0.0, "support": 1}, "accuracy": 0.38961038961038963, "macro avg": {"precision": 0.06493506493506494, "recall": 0.16666666666666666, "f1-score": 0.09345794392523366, "support": 77}, "weighted avg": {"precision": 0.1517962556923596, "recall": 0.38961038961038963, "f1-score": 0.21847311566937738, "support": 77}}}, "test": {"report": {"0": {"precision": 0.0, "recall": 0.0, "f1-score": 0.0, "support": 1}, "1": {"precision": 0.1111111111111111, "recall": 1.0, "f1-score": 0.19999999999999998, "support": 1}, "2": {"precision": 0.0, "recall": 0.0, "f1-score": 0.0, "support": 7}, "accuracy": 0.1111111111111111, "macro avg": {"precision": 0.037037037037037035, "recall": 0.3333333333333333, "f1-score": 0.06666666666666667, "support": 9}, "weighted avg": {"precision": 0.012345679012345678, "recall": 0.1111111111111111, "f1-score": 0.02222222222222222, "support": 9}}}}