{"feature_name": "Subtypes_of_Asymmetric_Standard_Negation", "feature_id": "114A", "k": 1, "train": {"report": {"0": {"precision": 0.4634146341463415, "recall": 1.0, "f1-score": 0.6333333333333334, "support": 38}, "1": {"precision": 0.0, "recall": 0.0, "f1-score": 0.0, "support": 18}, "2": {"precision": 0.0, "recall": 0.0, "f1-score": 0.0, "support": 11}, "3": {"precision": 0.0, "recall": 0.0, "f1-score": 0.0, "support": 7}, "4": {"precision": 0.0, "recall": 0.0, "f1-score": 0.0, "support": 5}, "5": {"precision": 0.0, "recall": 0.0, "f1-score": 0.0, "support": 2}, "6": {"precision": 0.0, "recall": 0.0, "f1-score": 0.0, "support": 1}, "accuracy": 0.4634146341463415, "macro avg": {"precision": 0.06620209059233449, "recall": 0.14285714285714285, "f1-score": 0.09047619047619049, "support": 82}, "weighted avg": {"precision": 0.2147531231409875, "recall": 0.4634146341463415, "f1-score": 0.2934959349593496, "support": 82}}}, "dev": {"report": {"0": {"precision": 0.4634146341463415, "recall": 1.0, "f1-score": 0.6333333333333334, "support": 38}, "1": {"precision": 0.0, "recall": 0.0, "f1-score": 0.0, "support": 18}, "2": {"precision": 0.0, "recall": 0.0, "f1-score": 0.0, "support": 11}, "3": {"precision": 0.0, "recall": 0.0, "f1-score": 0.0, "support": 7}, "4": {"precision": 0.0, "recall": 0.0, "f1-score": 0.0, "support": 5}, "5": {"precision": 0.0, "recall": 0.0, "f1-score": 0.0, "support": 2}, "6": {"precision": 0.0, "recall": 0.0, "f1-score": 0.0, "support": 1}, "accuracy": 0.4634146341463415, "macro avg": {"precision": 0.06620209059233449, "recall": 0.14285714285714285, "f1-score": 0.09047619047619049, "support": 82}, "weighted avg": {"precision": 0.2147531231409875, "recall": 0.4634146341463415, "f1-score": 0.2934959349593496, "support": 82}}}, "test": {"report": {"0": {"precision": 0.5, "recall": 1.0, "f1-score": 0.6666666666666666, "support": 5}, "1": {"precision": 0.0, "recall": 0.0, "f1-score": 0.0, "support": 3}, "2": {"precision": 0.0, "recall": 0.0, "f1-score": 0.0, "support": 2}, "accuracy": 0.5, "macro avg": {"precision": 0.16666666666666666, "recall": 0.3333333333333333, "f1-score": 0.2222222222222222, "support": 10}, "weighted avg": {"precision": 0.25, "recall": 0.5, "f1-score": 0.3333333333333333, "support": 10}}}}