{"feature_name": "Internally-headed_relative_clauses", "feature_id": "90D", "k": 0, "train": {"report": {"0": {"precision": 0.4166666666666667, "recall": 1.0, "f1-score": 0.5882352941176471, "support": 5}, "1": {"precision": 0.0, "recall": 0.0, "f1-score": 0.0, "support": 3}, "2": {"precision": 0.0, "recall": 0.0, "f1-score": 0.0, "support": 2}, "4": {"precision": 0.0, "recall": 0.0, "f1-score": 0.0, "support": 2}, "accuracy": 0.4166666666666667, "macro avg": {"precision": 0.10416666666666667, "recall": 0.25, "f1-score": 0.14705882352941177, "support": 12}, "weighted avg": {"precision": 0.17361111111111113, "recall": 0.4166666666666667, "f1-score": 0.2450980392156863, "support": 12}}}, "dev": {"report": {"0": {"precision": 0.4166666666666667, "recall": 1.0, "f1-score": 0.5882352941176471, "support": 5}, "1": {"precision": 0.0, "recall": 0.0, "f1-score": 0.0, "support": 3}, "2": {"precision": 0.0, "recall": 0.0, "f1-score": 0.0, "support": 2}, "4": {"precision": 0.0, "recall": 0.0, "f1-score": 0.0, "support": 2}, "accuracy": 0.4166666666666667, "macro avg": {"precision": 0.10416666666666667, "recall": 0.25, "f1-score": 0.14705882352941177, "support": 12}, "weighted avg": {"precision": 0.17361111111111113, "recall": 0.4166666666666667, "f1-score": 0.2450980392156863, "support": 12}}}, "test": {"report": {"0": {"precision": 0.0, "recall": 0.0, "f1-score": 0.0, "support": 0.0}, "2": {"precision": 0.0, "recall": 0.0, "f1-score": 0.0, "support": 2.0}, "accuracy": 0.0, "macro avg": {"precision": 0.0, "recall": 0.0, "f1-score": 0.0, "support": 2.0}, "weighted avg": {"precision": 0.0, "recall": 0.0, "f1-score": 0.0, "support": 2.0}}}}