{"feature_name": "Verb-Initial_with_Clause-Final_Negative", "feature_id": "144X", "k": 3, "train": {"report": {"0": {"precision": 1.0, "recall": 1.0, "f1-score": 1.0, "support": 45}, "accuracy": 1.0, "macro avg": {"precision": 1.0, "recall": 1.0, "f1-score": 1.0, "support": 45}, "weighted avg": {"precision": 1.0, "recall": 1.0, "f1-score": 1.0, "support": 45}}}, "dev": {"report": {"0": {"precision": 1.0, "recall": 1.0, "f1-score": 1.0, "support": 45}, "accuracy": 1.0, "macro avg": {"precision": 1.0, "recall": 1.0, "f1-score": 1.0, "support": 45}, "weighted avg": {"precision": 1.0, "recall": 1.0, "f1-score": 1.0, "support": 45}}}, "test": {"report": {"0": {"precision": 1.0, "recall": 1.0, "f1-score": 1.0, "support": 6}, "accuracy": 1.0, "macro avg": {"precision": 1.0, "recall": 1.0, "f1-score": 1.0, "support": 6}, "weighted avg": {"precision": 1.0, "recall": 1.0, "f1-score": 1.0, "support": 6}}}}