{"feature_name": "Order_of_Subject_and_Verb", "feature_id": "82A", "k": 7, "train": {"report": {"0": {"precision": 0.754601226993865, "recall": 1.0, "f1-score": 0.8601398601398601, "support": 246}, "1": {"precision": 0.0, "recall": 0.0, "f1-score": 0.0, "support": 59}, "2": {"precision": 0.0, "recall": 0.0, "f1-score": 0.0, "support": 21}, "accuracy": 0.754601226993865, "macro avg": {"precision": 0.25153374233128833, "recall": 0.3333333333333333, "f1-score": 0.2867132867132867, "support": 326}, "weighted avg": {"precision": 0.5694230117806466, "recall": 0.754601226993865, "f1-score": 0.6490625938478699, "support": 326}}}, "dev": {"report": {"0": {"precision": 0.754601226993865, "recall": 1.0, "f1-score": 0.8601398601398601, "support": 246}, "1": {"precision": 0.0, "recall": 0.0, "f1-score": 0.0, "support": 59}, "2": {"precision": 0.0, "recall": 0.0, "f1-score": 0.0, "support": 21}, "accuracy": 0.754601226993865, "macro avg": {"precision": 0.25153374233128833, "recall": 0.3333333333333333, "f1-score": 0.2867132867132867, "support": 326}, "weighted avg": {"precision": 0.5694230117806466, "recall": 0.754601226993865, "f1-score": 0.6490625938478699, "support": 326}}}, "test": {"report": {"0": {"precision": 0.6842105263157895, "recall": 1.0, "f1-score": 0.8125000000000001, "support": 26}, "1": {"precision": 0.0, "recall": 0.0, "f1-score": 0.0, "support": 7}, "2": {"precision": 0.0, "recall": 0.0, "f1-score": 0.0, "support": 5}, "accuracy": 0.6842105263157895, "macro avg": {"precision": 0.2280701754385965, "recall": 0.3333333333333333, "f1-score": 0.27083333333333337, "support": 38}, "weighted avg": {"precision": 0.46814404432132967, "recall": 0.6842105263157895, "f1-score": 0.5559210526315791, "support": 38}}}}