{"feature_name": "Order_of_Adjective_and_Noun", "feature_id": "87A", "k": 8, "train": {"report": {"0": {"precision": 0.6557377049180327, "recall": 1.0, "f1-score": 0.7920792079207921, "support": 200}, "1": {"precision": 0.0, "recall": 0.0, "f1-score": 0.0, "support": 67}, "2": {"precision": 0.0, "recall": 0.0, "f1-score": 0.0, "support": 38}, "accuracy": 0.6557377049180327, "macro avg": {"precision": 0.2185792349726776, "recall": 0.3333333333333333, "f1-score": 0.26402640264026406, "support": 305}, "weighted avg": {"precision": 0.429991937651169, "recall": 0.6557377049180327, "f1-score": 0.5193962019152735, "support": 305}}}, "dev": {"report": {"0": {"precision": 0.6557377049180327, "recall": 1.0, "f1-score": 0.7920792079207921, "support": 200}, "1": {"precision": 0.0, "recall": 0.0, "f1-score": 0.0, "support": 67}, "2": {"precision": 0.0, "recall": 0.0, "f1-score": 0.0, "support": 38}, "accuracy": 0.6557377049180327, "macro avg": {"precision": 0.2185792349726776, "recall": 0.3333333333333333, "f1-score": 0.26402640264026406, "support": 305}, "weighted avg": {"precision": 0.429991937651169, "recall": 0.6557377049180327, "f1-score": 0.5193962019152735, "support": 305}}}, "test": {"report": {"0": {"precision": 0.5714285714285714, "recall": 1.0, "f1-score": 0.7272727272727273, "support": 20}, "1": {"precision": 0.0, "recall": 0.0, "f1-score": 0.0, "support": 15}, "accuracy": 0.5714285714285714, "macro avg": {"precision": 0.2857142857142857, "recall": 0.5, "f1-score": 0.36363636363636365, "support": 35}, "weighted avg": {"precision": 0.32653061224489793, "recall": 0.5714285714285714, "f1-score": 0.4155844155844156, "support": 35}}}}