{"feature_name": "'Want'_Complement_Subjects", "feature_id": "124A", "k": 6, "train": {"report": {"0": {"precision": 0.44594594594594594, "recall": 1.0, "f1-score": 0.616822429906542, "support": 33}, "1": {"precision": 0.0, "recall": 0.0, "f1-score": 0.0, "support": 20}, "2": {"precision": 0.0, "recall": 0.0, "f1-score": 0.0, "support": 15}, "3": {"precision": 0.0, "recall": 0.0, "f1-score": 0.0, "support": 4}, "4": {"precision": 0.0, "recall": 0.0, "f1-score": 0.0, "support": 2}, "accuracy": 0.44594594594594594, "macro avg": {"precision": 0.0891891891891892, "recall": 0.2, "f1-score": 0.1233644859813084, "support": 74}, "weighted avg": {"precision": 0.19886778670562455, "recall": 0.44594594594594594, "f1-score": 0.2750694619853498, "support": 74}}}, "dev": {"report": {"0": {"precision": 0.44594594594594594, "recall": 1.0, "f1-score": 0.616822429906542, "support": 33}, "1": {"precision": 0.0, "recall": 0.0, "f1-score": 0.0, "support": 20}, "2": {"precision": 0.0, "recall": 0.0, "f1-score": 0.0, "support": 15}, "3": {"precision": 0.0, "recall": 0.0, "f1-score": 0.0, "support": 4}, "4": {"precision": 0.0, "recall": 0.0, "f1-score": 0.0, "support": 2}, "accuracy": 0.44594594594594594, "macro avg": {"precision": 0.0891891891891892, "recall": 0.2, "f1-score": 0.1233644859813084, "support": 74}, "weighted avg": {"precision": 0.19886778670562455, "recall": 0.44594594594594594, "f1-score": 0.2750694619853498, "support": 74}}}, "test": {"report": {"0": {"precision": 0.4444444444444444, "recall": 1.0, "f1-score": 0.6153846153846153, "support": 4}, "1": {"precision": 0.0, "recall": 0.0, "f1-score": 0.0, "support": 3}, "4": {"precision": 0.0, "recall": 0.0, "f1-score": 0.0, "support": 2}, "accuracy": 0.4444444444444444, "macro avg": {"precision": 0.14814814814814814, "recall": 0.3333333333333333, "f1-score": 0.2051282051282051, "support": 9}, "weighted avg": {"precision": 0.19753086419753085, "recall": 0.4444444444444444, "f1-score": 0.2735042735042735, "support": 9}}}}