{"feature_name": "Optional_Double_Negation", "feature_id": "143C", "k": 0, "train": {"report": {"0": {"precision": 0.21428571428571427, "recall": 1.0, "f1-score": 0.35294117647058826, "support": 3}, "1": {"precision": 0.0, "recall": 0.0, "f1-score": 0.0, "support": 1}, "2": {"precision": 0.0, "recall": 0.0, "f1-score": 0.0, "support": 1}, "3": {"precision": 0.0, "recall": 0.0, "f1-score": 0.0, "support": 2}, "5": {"precision": 0.0, "recall": 0.0, "f1-score": 0.0, "support": 1}, "6": {"precision": 0.0, "recall": 0.0, "f1-score": 0.0, "support": 2}, "8": {"precision": 0.0, "recall": 0.0, "f1-score": 0.0, "support": 1}, "10": {"precision": 0.0, "recall": 0.0, "f1-score": 0.0, "support": 1}, "13": {"precision": 0.0, "recall": 0.0, "f1-score": 0.0, "support": 1}, "22": {"precision": 0.0, "recall": 0.0, "f1-score": 0.0, "support": 1}, "accuracy": 0.21428571428571427, "macro avg": {"precision": 0.02142857142857143, "recall": 0.1, "f1-score": 0.03529411764705882, "support": 14}, "weighted avg": {"precision": 0.04591836734693877, "recall": 0.21428571428571427, "f1-score": 0.07563025210084033, "support": 14}}}, "dev": {"report": {"0": {"precision": 0.21428571428571427, "recall": 1.0, "f1-score": 0.35294117647058826, "support": 3}, "1": {"precision": 0.0, "recall": 0.0, "f1-score": 0.0, "support": 1}, "2": {"precision": 0.0, "recall": 0.0, "f1-score": 0.0, "support": 1}, "3": {"precision": 0.0, "recall": 0.0, "f1-score": 0.0, "support": 2}, "5": {"precision": 0.0, "recall": 0.0, "f1-score": 0.0, "support": 1}, "6": {"precision": 0.0, "recall": 0.0, "f1-score": 0.0, "support": 2}, "8": {"precision": 0.0, "recall": 0.0, "f1-score": 0.0, "support": 1}, "10": {"precision": 0.0, "recall": 0.0, "f1-score": 0.0, "support": 1}, "13": {"precision": 0.0, "recall": 0.0, "f1-score": 0.0, "support": 1}, "22": {"precision": 0.0, "recall": 0.0, "f1-score": 0.0, "support": 1}, "accuracy": 0.21428571428571427, "macro avg": {"precision": 0.02142857142857143, "recall": 0.1, "f1-score": 0.03529411764705882, "support": 14}, "weighted avg": {"precision": 0.04591836734693877, "recall": 0.21428571428571427, "f1-score": 0.07563025210084033, "support": 14}}}, "test": {"report": {"0": {"precision": 0.0, "recall": 0.0, "f1-score": 0.0, "support": 0.0}, "1": {"precision": 0.0, "recall": 0.0, "f1-score": 0.0, "support": 2.0}, "accuracy": 0.0, "macro avg": {"precision": 0.0, "recall": 0.0, "f1-score": 0.0, "support": 2.0}, "weighted avg": {"precision": 0.0, "recall": 0.0, "f1-score": 0.0, "support": 2.0}}}}