{"feature_name": "Symmetric_and_Asymmetric_Standard_Negation", "feature_id": "113A", "k": 1, "train": {"report": {"0": {"precision": 0.0, "recall": 0.0, "f1-score": 0.0, "support": 32}, "1": {"precision": 0.4634146341463415, "recall": 1.0, "f1-score": 0.6333333333333334, "support": 38}, "2": {"precision": 0.0, "recall": 0.0, "f1-score": 0.0, "support": 12}, "accuracy": 0.4634146341463415, "macro avg": {"precision": 0.15447154471544716, "recall": 0.3333333333333333, "f1-score": 0.21111111111111114, "support": 82}, "weighted avg": {"precision": 0.2147531231409875, "recall": 0.4634146341463415, "f1-score": 0.2934959349593496, "support": 82}}}, "dev": {"report": {"0": {"precision": 0.0, "recall": 0.0, "f1-score": 0.0, "support": 32}, "1": {"precision": 0.4634146341463415, "recall": 1.0, "f1-score": 0.6333333333333334, "support": 38}, "2": {"precision": 0.0, "recall": 0.0, "f1-score": 0.0, "support": 12}, "accuracy": 0.4634146341463415, "macro avg": {"precision": 0.15447154471544716, "recall": 0.3333333333333333, "f1-score": 0.21111111111111114, "support": 82}, "weighted avg": {"precision": 0.2147531231409875, "recall": 0.4634146341463415, "f1-score": 0.2934959349593496, "support": 82}}}, "test": {"report": {"0": {"precision": 0.0, "recall": 0.0, "f1-score": 0.0, "support": 3}, "1": {"precision": 0.5, "recall": 1.0, "f1-score": 0.6666666666666666, "support": 5}, "2": {"precision": 0.0, "recall": 0.0, "f1-score": 0.0, "support": 2}, "accuracy": 0.5, "macro avg": {"precision": 0.16666666666666666, "recall": 0.3333333333333333, "f1-score": 0.2222222222222222, "support": 10}, "weighted avg": {"precision": 0.25, "recall": 0.5, "f1-score": 0.3333333333333333, "support": 10}}}}