{"feature_name": "Verb-Initial_with_Preverbal_Negative", "feature_id": "144V", "k": 1, "train": {"report": {"0": {"precision": 0.8222222222222222, "recall": 1.0, "f1-score": 0.9024390243902439, "support": 37}, "1": {"precision": 0.0, "recall": 0.0, "f1-score": 0.0, "support": 3}, "2": {"precision": 0.0, "recall": 0.0, "f1-score": 0.0, "support": 2}, "3": {"precision": 0.0, "recall": 0.0, "f1-score": 0.0, "support": 1}, "4": {"precision": 0.0, "recall": 0.0, "f1-score": 0.0, "support": 1}, "6": {"precision": 0.0, "recall": 0.0, "f1-score": 0.0, "support": 1}, "accuracy": 0.8222222222222222, "macro avg": {"precision": 0.13703703703703704, "recall": 0.16666666666666666, "f1-score": 0.15040650406504066, "support": 45}, "weighted avg": {"precision": 0.6760493827160493, "recall": 0.8222222222222222, "f1-score": 0.7420054200542006, "support": 45}}}, "dev": {"report": {"0": {"precision": 0.8222222222222222, "recall": 1.0, "f1-score": 0.9024390243902439, "support": 37}, "1": {"precision": 0.0, "recall": 0.0, "f1-score": 0.0, "support": 3}, "2": {"precision": 0.0, "recall": 0.0, "f1-score": 0.0, "support": 2}, "3": {"precision": 0.0, "recall": 0.0, "f1-score": 0.0, "support": 1}, "4": {"precision": 0.0, "recall": 0.0, "f1-score": 0.0, "support": 1}, "6": {"precision": 0.0, "recall": 0.0, "f1-score": 0.0, "support": 1}, "accuracy": 0.8222222222222222, "macro avg": {"precision": 0.13703703703703704, "recall": 0.16666666666666666, "f1-score": 0.15040650406504066, "support": 45}, "weighted avg": {"precision": 0.6760493827160493, "recall": 0.8222222222222222, "f1-score": 0.7420054200542006, "support": 45}}}, "test": {"report": {"0": {"precision": 1.0, "recall": 1.0, "f1-score": 1.0, "support": 6}, "accuracy": 1.0, "macro avg": {"precision": 1.0, "recall": 1.0, "f1-score": 1.0, "support": 6}, "weighted avg": {"precision": 1.0, "recall": 1.0, "f1-score": 1.0, "support": 6}}}}