{"feature_name": "Numeral_Bases", "feature_id": "131A", "k": 0, "train": {"report": {"0": {"precision": 0.6271186440677966, "recall": 1.0, "f1-score": 0.7708333333333333, "support": 37}, "1": {"precision": 0.0, "recall": 0.0, "f1-score": 0.0, "support": 9}, "2": {"precision": 0.0, "recall": 0.0, "f1-score": 0.0, "support": 5}, "3": {"precision": 0.0, "recall": 0.0, "f1-score": 0.0, "support": 6}, "4": {"precision": 0.0, "recall": 0.0, "f1-score": 0.0, "support": 1}, "5": {"precision": 0.0, "recall": 0.0, "f1-score": 0.0, "support": 1}, "accuracy": 0.6271186440677966, "macro avg": {"precision": 0.10451977401129943, "recall": 0.16666666666666666, "f1-score": 0.1284722222222222, "support": 59}, "weighted avg": {"precision": 0.39327779373743177, "recall": 0.6271186440677966, "f1-score": 0.4834039548022599, "support": 59}}}, "dev": {"report": {"0": {"precision": 0.6271186440677966, "recall": 1.0, "f1-score": 0.7708333333333333, "support": 37}, "1": {"precision": 0.0, "recall": 0.0, "f1-score": 0.0, "support": 9}, "2": {"precision": 0.0, "recall": 0.0, "f1-score": 0.0, "support": 5}, "3": {"precision": 0.0, "recall": 0.0, "f1-score": 0.0, "support": 6}, "4": {"precision": 0.0, "recall": 0.0, "f1-score": 0.0, "support": 1}, "5": {"precision": 0.0, "recall": 0.0, "f1-score": 0.0, "support": 1}, "accuracy": 0.6271186440677966, "macro avg": {"precision": 0.10451977401129943, "recall": 0.16666666666666666, "f1-score": 0.1284722222222222, "support": 59}, "weighted avg": {"precision": 0.39327779373743177, "recall": 0.6271186440677966, "f1-score": 0.4834039548022599, "support": 59}}}, "test": {"report": {"0": {"precision": 0.7142857142857143, "recall": 1.0, "f1-score": 0.8333333333333333, "support": 5}, "1": {"precision": 0.0, "recall": 0.0, "f1-score": 0.0, "support": 2}, "accuracy": 0.7142857142857143, "macro avg": {"precision": 0.35714285714285715, "recall": 0.5, "f1-score": 0.41666666666666663, "support": 7}, "weighted avg": {"precision": 0.5102040816326531, "recall": 0.7142857142857143, "f1-score": 0.5952380952380951, "support": 7}}}}