{"feature_name": "Productivity_of_the_Antipassive_Construction", "feature_id": "108B", "k": 9, "train": {"report": {"0": {"precision": 0.9166666666666666, "recall": 1.0, "f1-score": 0.9565217391304348, "support": 55}, "1": {"precision": 0.0, "recall": 0.0, "f1-score": 0.0, "support": 4}, "2": {"precision": 0.0, "recall": 0.0, "f1-score": 0.0, "support": 1}, "accuracy": 0.9166666666666666, "macro avg": {"precision": 0.3055555555555555, "recall": 0.3333333333333333, "f1-score": 0.31884057971014496, "support": 60}, "weighted avg": {"precision": 0.8402777777777778, "recall": 0.9166666666666666, "f1-score": 0.8768115942028986, "support": 60}}}, "dev": {"report": {"0": {"precision": 0.9166666666666666, "recall": 1.0, "f1-score": 0.9565217391304348, "support": 55}, "1": {"precision": 0.0, "recall": 0.0, "f1-score": 0.0, "support": 4}, "2": {"precision": 0.0, "recall": 0.0, "f1-score": 0.0, "support": 1}, "accuracy": 0.9166666666666666, "macro avg": {"precision": 0.3055555555555555, "recall": 0.3333333333333333, "f1-score": 0.31884057971014496, "support": 60}, "weighted avg": {"precision": 0.8402777777777778, "recall": 0.9166666666666666, "f1-score": 0.8768115942028986, "support": 60}}}, "test": {"report": {"0": {"precision": 0.8571428571428571, "recall": 1.0, "f1-score": 0.923076923076923, "support": 6}, "1": {"precision": 0.0, "recall": 0.0, "f1-score": 0.0, "support": 1}, "accuracy": 0.8571428571428571, "macro avg": {"precision": 0.42857142857142855, "recall": 0.5, "f1-score": 0.4615384615384615, "support": 7}, "weighted avg": {"precision": 0.7346938775510203, "recall": 0.8571428571428571, "f1-score": 0.7912087912087912, "support": 7}}}}