{"feature_name": "The_Prohibitive", "feature_id": "71A", "k": 3, "train": {"report": {"0": {"precision": 0.3969465648854962, "recall": 1.0, "f1-score": 0.5683060109289617, "support": 52}, "1": {"precision": 0.0, "recall": 0.0, "f1-score": 0.0, "support": 34}, "2": {"precision": 0.0, "recall": 0.0, "f1-score": 0.0, "support": 34}, "3": {"precision": 0.0, "recall": 0.0, "f1-score": 0.0, "support": 11}, "accuracy": 0.3969465648854962, "macro avg": {"precision": 0.09923664122137404, "recall": 0.25, "f1-score": 0.14207650273224043, "support": 131}, "weighted avg": {"precision": 0.15756657537439545, "recall": 0.3969465648854962, "f1-score": 0.2255871188420306, "support": 131}}}, "dev": {"report": {"0": {"precision": 0.3969465648854962, "recall": 1.0, "f1-score": 0.5683060109289617, "support": 52}, "1": {"precision": 0.0, "recall": 0.0, "f1-score": 0.0, "support": 34}, "2": {"precision": 0.0, "recall": 0.0, "f1-score": 0.0, "support": 34}, "3": {"precision": 0.0, "recall": 0.0, "f1-score": 0.0, "support": 11}, "accuracy": 0.3969465648854962, "macro avg": {"precision": 0.09923664122137404, "recall": 0.25, "f1-score": 0.14207650273224043, "support": 131}, "weighted avg": {"precision": 0.15756657537439545, "recall": 0.3969465648854962, "f1-score": 0.2255871188420306, "support": 131}}}, "test": {"report": {"0": {"precision": 0.3333333333333333, "recall": 1.0, "f1-score": 0.5, "support": 5}, "2": {"precision": 0.0, "recall": 0.0, "f1-score": 0.0, "support": 8}, "3": {"precision": 0.0, "recall": 0.0, "f1-score": 0.0, "support": 2}, "accuracy": 0.3333333333333333, "macro avg": {"precision": 0.1111111111111111, "recall": 0.3333333333333333, "f1-score": 0.16666666666666666, "support": 15}, "weighted avg": {"precision": 0.1111111111111111, "recall": 0.3333333333333333, "f1-score": 0.16666666666666666, "support": 15}}}}