{"feature_name": "Position_of_Interrogative_Phrases_in_Content_Questions", "feature_id": "93A", "k": 6, "train": {"report": {"0": {"precision": 0.5965665236051502, "recall": 1.0, "f1-score": 0.7473118279569892, "support": 139}, "1": {"precision": 0.0, "recall": 0.0, "f1-score": 0.0, "support": 87}, "2": {"precision": 0.0, "recall": 0.0, "f1-score": 0.0, "support": 7}, "accuracy": 0.5965665236051502, "macro avg": {"precision": 0.19885550786838338, "recall": 0.3333333333333333, "f1-score": 0.24910394265232974, "support": 233}, "weighted avg": {"precision": 0.3558916170863342, "recall": 0.5965665236051502, "f1-score": 0.4458212192533112, "support": 233}}}, "dev": {"report": {"0": {"precision": 0.5965665236051502, "recall": 1.0, "f1-score": 0.7473118279569892, "support": 139}, "1": {"precision": 0.0, "recall": 0.0, "f1-score": 0.0, "support": 87}, "2": {"precision": 0.0, "recall": 0.0, "f1-score": 0.0, "support": 7}, "accuracy": 0.5965665236051502, "macro avg": {"precision": 0.19885550786838338, "recall": 0.3333333333333333, "f1-score": 0.24910394265232974, "support": 233}, "weighted avg": {"precision": 0.3558916170863342, "recall": 0.5965665236051502, "f1-score": 0.4458212192533112, "support": 233}}}, "test": {"report": {"0": {"precision": 0.5555555555555556, "recall": 1.0, "f1-score": 0.7142857142857143, "support": 15}, "1": {"precision": 0.0, "recall": 0.0, "f1-score": 0.0, "support": 12}, "accuracy": 0.5555555555555556, "macro avg": {"precision": 0.2777777777777778, "recall": 0.5, "f1-score": 0.35714285714285715, "support": 27}, "weighted avg": {"precision": 0.308641975308642, "recall": 0.5555555555555556, "f1-score": 0.39682539682539686, "support": 27}}}}