{"feature_name": "The_Morphological_Imperative", "feature_id": "70A", "k": 3, "train": {"report": {"0": {"precision": 0.5694444444444444, "recall": 1.0, "f1-score": 0.7256637168141593, "support": 82}, "1": {"precision": 0.0, "recall": 0.0, "f1-score": 0.0, "support": 28}, "2": {"precision": 0.0, "recall": 0.0, "f1-score": 0.0, "support": 19}, "3": {"precision": 0.0, "recall": 0.0, "f1-score": 0.0, "support": 13}, "4": {"precision": 0.0, "recall": 0.0, "f1-score": 0.0, "support": 2}, "accuracy": 0.5694444444444444, "macro avg": {"precision": 0.11388888888888889, "recall": 0.2, "f1-score": 0.14513274336283186, "support": 144}, "weighted avg": {"precision": 0.32426697530864196, "recall": 0.5694444444444444, "f1-score": 0.4132251720747296, "support": 144}}}, "dev": {"report": {"0": {"precision": 0.5694444444444444, "recall": 1.0, "f1-score": 0.7256637168141593, "support": 82}, "1": {"precision": 0.0, "recall": 0.0, "f1-score": 0.0, "support": 28}, "2": {"precision": 0.0, "recall": 0.0, "f1-score": 0.0, "support": 19}, "3": {"precision": 0.0, "recall": 0.0, "f1-score": 0.0, "support": 13}, "4": {"precision": 0.0, "recall": 0.0, "f1-score": 0.0, "support": 2}, "accuracy": 0.5694444444444444, "macro avg": {"precision": 0.11388888888888889, "recall": 0.2, "f1-score": 0.14513274336283186, "support": 144}, "weighted avg": {"precision": 0.32426697530864196, "recall": 0.5694444444444444, "f1-score": 0.4132251720747296, "support": 144}}}, "test": {"report": {"0": {"precision": 0.5625, "recall": 1.0, "f1-score": 0.72, "support": 9}, "1": {"precision": 0.0, "recall": 0.0, "f1-score": 0.0, "support": 1}, "2": {"precision": 0.0, "recall": 0.0, "f1-score": 0.0, "support": 3}, "3": {"precision": 0.0, "recall": 0.0, "f1-score": 0.0, "support": 3}, "accuracy": 0.5625, "macro avg": {"precision": 0.140625, "recall": 0.25, "f1-score": 0.18, "support": 16}, "weighted avg": {"precision": 0.31640625, "recall": 0.5625, "f1-score": 0.40499999999999997, "support": 16}}}}