{"feature_name": "SVNegO_Order", "feature_id": "144J", "k": 0, "train": {"report": {"0": {"precision": 0.8490566037735849, "recall": 1.0, "f1-score": 0.9183673469387755, "support": 90}, "1": {"precision": 0.0, "recall": 0.0, "f1-score": 0.0, "support": 4}, "2": {"precision": 0.0, "recall": 0.0, "f1-score": 0.0, "support": 6}, "3": {"precision": 0.0, "recall": 0.0, "f1-score": 0.0, "support": 2}, "4": {"precision": 0.0, "recall": 0.0, "f1-score": 0.0, "support": 3}, "5": {"precision": 0.0, "recall": 0.0, "f1-score": 0.0, "support": 1}, "accuracy": 0.8490566037735849, "macro avg": {"precision": 0.14150943396226415, "recall": 0.16666666666666666, "f1-score": 0.15306122448979592, "support": 106}, "weighted avg": {"precision": 0.7208971164115343, "recall": 0.8490566037735849, "f1-score": 0.7797458606083943, "support": 106}}}, "dev": {"report": {"0": {"precision": 0.8490566037735849, "recall": 1.0, "f1-score": 0.9183673469387755, "support": 90}, "1": {"precision": 0.0, "recall": 0.0, "f1-score": 0.0, "support": 4}, "2": {"precision": 0.0, "recall": 0.0, "f1-score": 0.0, "support": 6}, "3": {"precision": 0.0, "recall": 0.0, "f1-score": 0.0, "support": 2}, "4": {"precision": 0.0, "recall": 0.0, "f1-score": 0.0, "support": 3}, "5": {"precision": 0.0, "recall": 0.0, "f1-score": 0.0, "support": 1}, "accuracy": 0.8490566037735849, "macro avg": {"precision": 0.14150943396226415, "recall": 0.16666666666666666, "f1-score": 0.15306122448979592, "support": 106}, "weighted avg": {"precision": 0.7208971164115343, "recall": 0.8490566037735849, "f1-score": 0.7797458606083943, "support": 106}}}, "test": {"report": {"0": {"precision": 0.6923076923076923, "recall": 1.0, "f1-score": 0.8181818181818181, "support": 9}, "3": {"precision": 0.0, "recall": 0.0, "f1-score": 0.0, "support": 2}, "4": {"precision": 0.0, "recall": 0.0, "f1-score": 0.0, "support": 2}, "accuracy": 0.6923076923076923, "macro avg": {"precision": 0.23076923076923075, "recall": 0.3333333333333333, "f1-score": 0.2727272727272727, "support": 13}, "weighted avg": {"precision": 0.47928994082840237, "recall": 0.6923076923076923, "f1-score": 0.5664335664335665, "support": 13}}}}