{"feature_name": "Pronominal_and_Adnominal_Demonstratives", "feature_id": "42A", "k": 4, "train": {"report": {"0": {"precision": 0.7407407407407407, "recall": 1.0, "f1-score": 0.851063829787234, "support": 40}, "1": {"precision": 0.0, "recall": 0.0, "f1-score": 0.0, "support": 8}, "2": {"precision": 0.0, "recall": 0.0, "f1-score": 0.0, "support": 6}, "accuracy": 0.7407407407407407, "macro avg": {"precision": 0.24691358024691357, "recall": 0.3333333333333333, "f1-score": 0.28368794326241137, "support": 54}, "weighted avg": {"precision": 0.5486968449931412, "recall": 0.7407407407407407, "f1-score": 0.6304176516942475, "support": 54}}}, "dev": {"report": {"0": {"precision": 0.7407407407407407, "recall": 1.0, "f1-score": 0.851063829787234, "support": 40}, "1": {"precision": 0.0, "recall": 0.0, "f1-score": 0.0, "support": 8}, "2": {"precision": 0.0, "recall": 0.0, "f1-score": 0.0, "support": 6}, "accuracy": 0.7407407407407407, "macro avg": {"precision": 0.24691358024691357, "recall": 0.3333333333333333, "f1-score": 0.28368794326241137, "support": 54}, "weighted avg": {"precision": 0.5486968449931412, "recall": 0.7407407407407407, "f1-score": 0.6304176516942475, "support": 54}}}, "test": {"report": {"0": {"precision": 0.7142857142857143, "recall": 1.0, "f1-score": 0.8333333333333333, "support": 5}, "1": {"precision": 0.0, "recall": 0.0, "f1-score": 0.0, "support": 2}, "accuracy": 0.7142857142857143, "macro avg": {"precision": 0.35714285714285715, "recall": 0.5, "f1-score": 0.41666666666666663, "support": 7}, "weighted avg": {"precision": 0.5102040816326531, "recall": 0.7142857142857143, "f1-score": 0.5952380952380951, "support": 7}}}}