{"feature_name": "Consonant_Inventories", "feature_id": "1A", "k": 2, "train": {"report": {"0": {"precision": 0.3819444444444444, "recall": 1.0, "f1-score": 0.5527638190954773, "support": 55}, "1": {"precision": 0.0, "recall": 0.0, "f1-score": 0.0, "support": 43}, "2": {"precision": 0.0, "recall": 0.0, "f1-score": 0.0, "support": 19}, "3": {"precision": 0.0, "recall": 0.0, "f1-score": 0.0, "support": 24}, "4": {"precision": 0.0, "recall": 0.0, "f1-score": 0.0, "support": 3}, "accuracy": 0.3819444444444444, "macro avg": {"precision": 0.07638888888888888, "recall": 0.2, "f1-score": 0.11055276381909547, "support": 144}, "weighted avg": {"precision": 0.1458815586419753, "recall": 0.3819444444444444, "f1-score": 0.21112506979341147, "support": 144}}}, "dev": {"report": {"0": {"precision": 0.3819444444444444, "recall": 1.0, "f1-score": 0.5527638190954773, "support": 55}, "1": {"precision": 0.0, "recall": 0.0, "f1-score": 0.0, "support": 43}, "2": {"precision": 0.0, "recall": 0.0, "f1-score": 0.0, "support": 19}, "3": {"precision": 0.0, "recall": 0.0, "f1-score": 0.0, "support": 24}, "4": {"precision": 0.0, "recall": 0.0, "f1-score": 0.0, "support": 3}, "accuracy": 0.3819444444444444, "macro avg": {"precision": 0.07638888888888888, "recall": 0.2, "f1-score": 0.11055276381909547, "support": 144}, "weighted avg": {"precision": 0.1458815586419753, "recall": 0.3819444444444444, "f1-score": 0.21112506979341147, "support": 144}}}, "test": {"report": {"0": {"precision": 0.4117647058823529, "recall": 1.0, "f1-score": 0.5833333333333334, "support": 7}, "2": {"precision": 0.0, "recall": 0.0, "f1-score": 0.0, "support": 5}, "3": {"precision": 0.0, "recall": 0.0, "f1-score": 0.0, "support": 2}, "4": {"precision": 0.0, "recall": 0.0, "f1-score": 0.0, "support": 3}, "accuracy": 0.4117647058823529, "macro avg": {"precision": 0.10294117647058823, "recall": 0.25, "f1-score": 0.14583333333333334, "support": 17}, "weighted avg": {"precision": 0.1695501730103806, "recall": 0.4117647058823529, "f1-score": 0.24019607843137258, "support": 17}}}}