{"feature_name": "SVONeg_Order", "feature_id": "144K", "k": 2, "train": {"report": {"0": {"precision": 0.7924528301886793, "recall": 1.0, "f1-score": 0.8842105263157896, "support": 84}, "1": {"precision": 0.0, "recall": 0.0, "f1-score": 0.0, "support": 16}, "2": {"precision": 0.0, "recall": 0.0, "f1-score": 0.0, "support": 6}, "accuracy": 0.7924528301886793, "macro avg": {"precision": 0.2641509433962264, "recall": 0.3333333333333333, "f1-score": 0.2947368421052632, "support": 106}, "weighted avg": {"precision": 0.6279814880740477, "recall": 0.7924528301886793, "f1-score": 0.7006951340615691, "support": 106}}}, "dev": {"report": {"0": {"precision": 0.7924528301886793, "recall": 1.0, "f1-score": 0.8842105263157896, "support": 84}, "1": {"precision": 0.0, "recall": 0.0, "f1-score": 0.0, "support": 16}, "2": {"precision": 0.0, "recall": 0.0, "f1-score": 0.0, "support": 6}, "accuracy": 0.7924528301886793, "macro avg": {"precision": 0.2641509433962264, "recall": 0.3333333333333333, "f1-score": 0.2947368421052632, "support": 106}, "weighted avg": {"precision": 0.6279814880740477, "recall": 0.7924528301886793, "f1-score": 0.7006951340615691, "support": 106}}}, "test": {"report": {"0": {"precision": 1.0, "recall": 1.0, "f1-score": 1.0, "support": 13}, "accuracy": 1.0, "macro avg": {"precision": 1.0, "recall": 1.0, "f1-score": 1.0, "support": 13}, "weighted avg": {"precision": 1.0, "recall": 1.0, "f1-score": 1.0, "support": 13}}}}