{"feature_name": "Antipassive_Constructions", "feature_id": "108A", "k": 5, "train": {"report": {"0": {"precision": 0.9, "recall": 1.0, "f1-score": 0.9473684210526316, "support": 54}, "1": {"precision": 0.0, "recall": 0.0, "f1-score": 0.0, "support": 3}, "2": {"precision": 0.0, "recall": 0.0, "f1-score": 0.0, "support": 3}, "accuracy": 0.9, "macro avg": {"precision": 0.3, "recall": 0.3333333333333333, "f1-score": 0.31578947368421056, "support": 60}, "weighted avg": {"precision": 0.81, "recall": 0.9, "f1-score": 0.8526315789473685, "support": 60}}}, "dev": {"report": {"0": {"precision": 0.9, "recall": 1.0, "f1-score": 0.9473684210526316, "support": 54}, "1": {"precision": 0.0, "recall": 0.0, "f1-score": 0.0, "support": 3}, "2": {"precision": 0.0, "recall": 0.0, "f1-score": 0.0, "support": 3}, "accuracy": 0.9, "macro avg": {"precision": 0.3, "recall": 0.3333333333333333, "f1-score": 0.31578947368421056, "support": 60}, "weighted avg": {"precision": 0.81, "recall": 0.9, "f1-score": 0.8526315789473685, "support": 60}}}, "test": {"report": {"0": {"precision": 0.875, "recall": 1.0, "f1-score": 0.9333333333333333, "support": 7}, "1": {"precision": 0.0, "recall": 0.0, "f1-score": 0.0, "support": 1}, "accuracy": 0.875, "macro avg": {"precision": 0.4375, "recall": 0.5, "f1-score": 0.4666666666666667, "support": 8}, "weighted avg": {"precision": 0.765625, "recall": 0.875, "f1-score": 0.8166666666666667, "support": 8}}}}