{"feature_name": "Reciprocal_Constructions", "feature_id": "106A", "k": 2, "train": {"report": {"0": {"precision": 0.5818181818181818, "recall": 1.0, "f1-score": 0.735632183908046, "support": 32}, "1": {"precision": 0.0, "recall": 0.0, "f1-score": 0.0, "support": 9}, "2": {"precision": 0.0, "recall": 0.0, "f1-score": 0.0, "support": 10}, "3": {"precision": 0.0, "recall": 0.0, "f1-score": 0.0, "support": 4}, "accuracy": 0.5818181818181818, "macro avg": {"precision": 0.14545454545454545, "recall": 0.25, "f1-score": 0.1839080459770115, "support": 55}, "weighted avg": {"precision": 0.33851239669421485, "recall": 0.5818181818181818, "f1-score": 0.42800417972831767, "support": 55}}}, "dev": {"report": {"0": {"precision": 0.5818181818181818, "recall": 1.0, "f1-score": 0.735632183908046, "support": 32}, "1": {"precision": 0.0, "recall": 0.0, "f1-score": 0.0, "support": 9}, "2": {"precision": 0.0, "recall": 0.0, "f1-score": 0.0, "support": 10}, "3": {"precision": 0.0, "recall": 0.0, "f1-score": 0.0, "support": 4}, "accuracy": 0.5818181818181818, "macro avg": {"precision": 0.14545454545454545, "recall": 0.25, "f1-score": 0.1839080459770115, "support": 55}, "weighted avg": {"precision": 0.33851239669421485, "recall": 0.5818181818181818, "f1-score": 0.42800417972831767, "support": 55}}}, "test": {"report": {"0": {"precision": 0.2857142857142857, "recall": 1.0, "f1-score": 0.4444444444444445, "support": 2}, "1": {"precision": 0.0, "recall": 0.0, "f1-score": 0.0, "support": 1}, "2": {"precision": 0.0, "recall": 0.0, "f1-score": 0.0, "support": 3}, "3": {"precision": 0.0, "recall": 0.0, "f1-score": 0.0, "support": 1}, "accuracy": 0.2857142857142857, "macro avg": {"precision": 0.07142857142857142, "recall": 0.25, "f1-score": 0.11111111111111112, "support": 7}, "weighted avg": {"precision": 0.08163265306122448, "recall": 0.2857142857142857, "f1-score": 0.126984126984127, "support": 7}}}}