{"feature_name": "Coding_of_Evidentiality", "feature_id": "78A", "k": 4, "train": {"report": {"0": {"precision": 0.4396551724137931, "recall": 1.0, "f1-score": 0.6107784431137724, "support": 51}, "1": {"precision": 0.0, "recall": 0.0, "f1-score": 0.0, "support": 25}, "2": {"precision": 0.0, "recall": 0.0, "f1-score": 0.0, "support": 30}, "3": {"precision": 0.0, "recall": 0.0, "f1-score": 0.0, "support": 6}, "4": {"precision": 0.0, "recall": 0.0, "f1-score": 0.0, "support": 1}, "5": {"precision": 0.0, "recall": 0.0, "f1-score": 0.0, "support": 3}, "accuracy": 0.4396551724137931, "macro avg": {"precision": 0.07327586206896551, "recall": 0.16666666666666666, "f1-score": 0.10179640718562873, "support": 116}, "weighted avg": {"precision": 0.19329667063020214, "recall": 0.4396551724137931, "f1-score": 0.2685319017138137, "support": 116}}}, "dev": {"report": {"0": {"precision": 0.4396551724137931, "recall": 1.0, "f1-score": 0.6107784431137724, "support": 51}, "1": {"precision": 0.0, "recall": 0.0, "f1-score": 0.0, "support": 25}, "2": {"precision": 0.0, "recall": 0.0, "f1-score": 0.0, "support": 30}, "3": {"precision": 0.0, "recall": 0.0, "f1-score": 0.0, "support": 6}, "4": {"precision": 0.0, "recall": 0.0, "f1-score": 0.0, "support": 1}, "5": {"precision": 0.0, "recall": 0.0, "f1-score": 0.0, "support": 3}, "accuracy": 0.4396551724137931, "macro avg": {"precision": 0.07327586206896551, "recall": 0.16666666666666666, "f1-score": 0.10179640718562873, "support": 116}, "weighted avg": {"precision": 0.19329667063020214, "recall": 0.4396551724137931, "f1-score": 0.2685319017138137, "support": 116}}}, "test": {"report": {"0": {"precision": 0.2857142857142857, "recall": 1.0, "f1-score": 0.4444444444444445, "support": 4}, "1": {"precision": 0.0, "recall": 0.0, "f1-score": 0.0, "support": 5}, "3": {"precision": 0.0, "recall": 0.0, "f1-score": 0.0, "support": 3}, "4": {"precision": 0.0, "recall": 0.0, "f1-score": 0.0, "support": 1}, "5": {"precision": 0.0, "recall": 0.0, "f1-score": 0.0, "support": 1}, "accuracy": 0.2857142857142857, "macro avg": {"precision": 0.05714285714285714, "recall": 0.2, "f1-score": 0.08888888888888889, "support": 14}, "weighted avg": {"precision": 0.08163265306122448, "recall": 0.2857142857142857, "f1-score": 0.126984126984127, "support": 14}}}}