{"feature_name": "Periphrastic_Causative_Constructions", "feature_id": "110A", "k": 5, "train": {"report": {"0": {"precision": 0.5652173913043478, "recall": 1.0, "f1-score": 0.7222222222222222, "support": 26}, "1": {"precision": 0.0, "recall": 0.0, "f1-score": 0.0, "support": 11}, "2": {"precision": 0.0, "recall": 0.0, "f1-score": 0.0, "support": 9}, "accuracy": 0.5652173913043478, "macro avg": {"precision": 0.18840579710144925, "recall": 0.3333333333333333, "f1-score": 0.24074074074074073, "support": 46}, "weighted avg": {"precision": 0.31947069943289225, "recall": 0.5652173913043478, "f1-score": 0.40821256038647347, "support": 46}}}, "dev": {"report": {"0": {"precision": 0.5652173913043478, "recall": 1.0, "f1-score": 0.7222222222222222, "support": 26}, "1": {"precision": 0.0, "recall": 0.0, "f1-score": 0.0, "support": 11}, "2": {"precision": 0.0, "recall": 0.0, "f1-score": 0.0, "support": 9}, "accuracy": 0.5652173913043478, "macro avg": {"precision": 0.18840579710144925, "recall": 0.3333333333333333, "f1-score": 0.24074074074074073, "support": 46}, "weighted avg": {"precision": 0.31947069943289225, "recall": 0.5652173913043478, "f1-score": 0.40821256038647347, "support": 46}}}, "test": {"report": {"0": {"precision": 0.8333333333333334, "recall": 1.0, "f1-score": 0.9090909090909091, "support": 5}, "2": {"precision": 0.0, "recall": 0.0, "f1-score": 0.0, "support": 1}, "accuracy": 0.8333333333333334, "macro avg": {"precision": 0.4166666666666667, "recall": 0.5, "f1-score": 0.45454545454545453, "support": 6}, "weighted avg": {"precision": 0.6944444444444445, "recall": 0.8333333333333334, "f1-score": 0.7575757575757575, "support": 6}}}}