{"feature_name": "SNegVO_Order", "feature_id": "144I", "k": 1, "train": {"report": {"0": {"precision": 0.0, "recall": 0.0, "f1-score": 0.0, "support": 27}, "1": {"precision": 0.4, "recall": 1.0, "f1-score": 0.5714285714285715, "support": 40}, "2": {"precision": 0.0, "recall": 0.0, "f1-score": 0.0, "support": 20}, "3": {"precision": 0.0, "recall": 0.0, "f1-score": 0.0, "support": 7}, "4": {"precision": 0.0, "recall": 0.0, "f1-score": 0.0, "support": 2}, "5": {"precision": 0.0, "recall": 0.0, "f1-score": 0.0, "support": 2}, "6": {"precision": 0.0, "recall": 0.0, "f1-score": 0.0, "support": 2}, "accuracy": 0.4, "macro avg": {"precision": 0.05714285714285715, "recall": 0.14285714285714285, "f1-score": 0.0816326530612245, "support": 100}, "weighted avg": {"precision": 0.16, "recall": 0.4, "f1-score": 0.22857142857142862, "support": 100}}}, "dev": {"report": {"0": {"precision": 0.0, "recall": 0.0, "f1-score": 0.0, "support": 27}, "1": {"precision": 0.4, "recall": 1.0, "f1-score": 0.5714285714285715, "support": 40}, "2": {"precision": 0.0, "recall": 0.0, "f1-score": 0.0, "support": 20}, "3": {"precision": 0.0, "recall": 0.0, "f1-score": 0.0, "support": 7}, "4": {"precision": 0.0, "recall": 0.0, "f1-score": 0.0, "support": 2}, "5": {"precision": 0.0, "recall": 0.0, "f1-score": 0.0, "support": 2}, "6": {"precision": 0.0, "recall": 0.0, "f1-score": 0.0, "support": 2}, "accuracy": 0.4, "macro avg": {"precision": 0.05714285714285715, "recall": 0.14285714285714285, "f1-score": 0.0816326530612245, "support": 100}, "weighted avg": {"precision": 0.16, "recall": 0.4, "f1-score": 0.22857142857142862, "support": 100}}}, "test": {"report": {"1": {"precision": 0.5833333333333334, "recall": 1.0, "f1-score": 0.7368421052631579, "support": 7}, "2": {"precision": 0.0, "recall": 0.0, "f1-score": 0.0, "support": 3}, "3": {"precision": 0.0, "recall": 0.0, "f1-score": 0.0, "support": 1}, "5": {"precision": 0.0, "recall": 0.0, "f1-score": 0.0, "support": 1}, "accuracy": 0.5833333333333334, "macro avg": {"precision": 0.14583333333333334, "recall": 0.25, "f1-score": 0.18421052631578946, "support": 12}, "weighted avg": {"precision": 0.34027777777777785, "recall": 0.5833333333333334, "f1-score": 0.4298245614035088, "support": 12}}}}