{"feature_name": "M-T_Pronouns", "feature_id": "136A", "k": 7, "train": {"report": {"0": {"precision": 0.8771929824561403, "recall": 1.0, "f1-score": 0.9345794392523363, "support": 50}, "1": {"precision": 0.0, "recall": 0.0, "f1-score": 0.0, "support": 7}, "accuracy": 0.8771929824561403, "macro avg": {"precision": 0.43859649122807015, "recall": 0.5, "f1-score": 0.46728971962616817, "support": 57}, "weighted avg": {"precision": 0.7694675284702985, "recall": 0.8771929824561403, "f1-score": 0.8198065256599442, "support": 57}}}, "dev": {"report": {"0": {"precision": 0.8771929824561403, "recall": 1.0, "f1-score": 0.9345794392523363, "support": 50}, "1": {"precision": 0.0, "recall": 0.0, "f1-score": 0.0, "support": 7}, "accuracy": 0.8771929824561403, "macro avg": {"precision": 0.43859649122807015, "recall": 0.5, "f1-score": 0.46728971962616817, "support": 57}, "weighted avg": {"precision": 0.7694675284702985, "recall": 0.8771929824561403, "f1-score": 0.8198065256599442, "support": 57}}}, "test": {"report": {"0": {"precision": 0.7142857142857143, "recall": 1.0, "f1-score": 0.8333333333333333, "support": 5}, "1": {"precision": 0.0, "recall": 0.0, "f1-score": 0.0, "support": 2}, "accuracy": 0.7142857142857143, "macro avg": {"precision": 0.35714285714285715, "recall": 0.5, "f1-score": 0.41666666666666663, "support": 7}, "weighted avg": {"precision": 0.5102040816326531, "recall": 0.7142857142857143, "f1-score": 0.5952380952380951, "support": 7}}}}