{"feature_name": "Syllable_Structure", "feature_id": "12A", "k": 5, "train": {"report": {"0": {"precision": 0.5950413223140496, "recall": 1.0, "f1-score": 0.7461139896373057, "support": 72}, "1": {"precision": 0.0, "recall": 0.0, "f1-score": 0.0, "support": 25}, "2": {"precision": 0.0, "recall": 0.0, "f1-score": 0.0, "support": 24}, "accuracy": 0.5950413223140496, "macro avg": {"precision": 0.19834710743801653, "recall": 0.3333333333333333, "f1-score": 0.24870466321243523, "support": 121}, "weighted avg": {"precision": 0.3540741752612526, "recall": 0.5950413223140496, "f1-score": 0.44396865499079347, "support": 121}}}, "dev": {"report": {"0": {"precision": 0.5950413223140496, "recall": 1.0, "f1-score": 0.7461139896373057, "support": 72}, "1": {"precision": 0.0, "recall": 0.0, "f1-score": 0.0, "support": 25}, "2": {"precision": 0.0, "recall": 0.0, "f1-score": 0.0, "support": 24}, "accuracy": 0.5950413223140496, "macro avg": {"precision": 0.19834710743801653, "recall": 0.3333333333333333, "f1-score": 0.24870466321243523, "support": 121}, "weighted avg": {"precision": 0.3540741752612526, "recall": 0.5950413223140496, "f1-score": 0.44396865499079347, "support": 121}}}, "test": {"report": {"0": {"precision": 0.4, "recall": 1.0, "f1-score": 0.5714285714285715, "support": 6}, "1": {"precision": 0.0, "recall": 0.0, "f1-score": 0.0, "support": 9}, "accuracy": 0.4, "macro avg": {"precision": 0.2, "recall": 0.5, "f1-score": 0.28571428571428575, "support": 15}, "weighted avg": {"precision": 0.16000000000000003, "recall": 0.4, "f1-score": 0.2285714285714286, "support": 15}}}}