{"feature_name": "Prefixing_vs._Suffixing_in_Inflectional_Morphology", "feature_id": "26A", "k": 2, "train": {"report": {"0": {"precision": 0.48739495798319327, "recall": 1.0, "f1-score": 0.655367231638418, "support": 116}, "1": {"precision": 0.0, "recall": 0.0, "f1-score": 0.0, "support": 41}, "2": {"precision": 0.0, "recall": 0.0, "f1-score": 0.0, "support": 26}, "3": {"precision": 0.0, "recall": 0.0, "f1-score": 0.0, "support": 19}, "4": {"precision": 0.0, "recall": 0.0, "f1-score": 0.0, "support": 21}, "5": {"precision": 0.0, "recall": 0.0, "f1-score": 0.0, "support": 15}, "accuracy": 0.48739495798319327, "macro avg": {"precision": 0.08123249299719888, "recall": 0.16666666666666666, "f1-score": 0.10922787193973633, "support": 238}, "weighted avg": {"precision": 0.23755384506743873, "recall": 0.48739495798319327, "f1-score": 0.3194226843279685, "support": 238}}}, "dev": {"report": {"0": {"precision": 0.48739495798319327, "recall": 1.0, "f1-score": 0.655367231638418, "support": 116}, "1": {"precision": 0.0, "recall": 0.0, "f1-score": 0.0, "support": 41}, "2": {"precision": 0.0, "recall": 0.0, "f1-score": 0.0, "support": 26}, "3": {"precision": 0.0, "recall": 0.0, "f1-score": 0.0, "support": 19}, "4": {"precision": 0.0, "recall": 0.0, "f1-score": 0.0, "support": 21}, "5": {"precision": 0.0, "recall": 0.0, "f1-score": 0.0, "support": 15}, "accuracy": 0.48739495798319327, "macro avg": {"precision": 0.08123249299719888, "recall": 0.16666666666666666, "f1-score": 0.10922787193973633, "support": 238}, "weighted avg": {"precision": 0.23755384506743873, "recall": 0.48739495798319327, "f1-score": 0.3194226843279685, "support": 238}}}, "test": {"report": {"0": {"precision": 0.5185185185185185, "recall": 1.0, "f1-score": 0.6829268292682926, "support": 14}, "2": {"precision": 0.0, "recall": 0.0, "f1-score": 0.0, "support": 6}, "3": {"precision": 0.0, "recall": 0.0, "f1-score": 0.0, "support": 5}, "5": {"precision": 0.0, "recall": 0.0, "f1-score": 0.0, "support": 2}, "accuracy": 0.5185185185185185, "macro avg": {"precision": 0.12962962962962962, "recall": 0.25, "f1-score": 0.17073170731707316, "support": 27}, "weighted avg": {"precision": 0.2688614540466392, "recall": 0.5185185185185185, "f1-score": 0.35411020776874436, "support": 27}}}}