{"feature_name": "Reason_Clauses", "feature_id": "127A", "k": 6, "train": {"report": {"0": {"precision": 0.6274509803921569, "recall": 1.0, "f1-score": 0.7710843373493976, "support": 32}, "1": {"precision": 0.0, "recall": 0.0, "f1-score": 0.0, "support": 12}, "2": {"precision": 0.0, "recall": 0.0, "f1-score": 0.0, "support": 7}, "accuracy": 0.6274509803921569, "macro avg": {"precision": 0.20915032679738563, "recall": 0.3333333333333333, "f1-score": 0.25702811244979923, "support": 51}, "weighted avg": {"precision": 0.39369473279507883, "recall": 0.6274509803921569, "f1-score": 0.48381762343491613, "support": 51}}}, "dev": {"report": {"0": {"precision": 0.6274509803921569, "recall": 1.0, "f1-score": 0.7710843373493976, "support": 32}, "1": {"precision": 0.0, "recall": 0.0, "f1-score": 0.0, "support": 12}, "2": {"precision": 0.0, "recall": 0.0, "f1-score": 0.0, "support": 7}, "accuracy": 0.6274509803921569, "macro avg": {"precision": 0.20915032679738563, "recall": 0.3333333333333333, "f1-score": 0.25702811244979923, "support": 51}, "weighted avg": {"precision": 0.39369473279507883, "recall": 0.6274509803921569, "f1-score": 0.48381762343491613, "support": 51}}}, "test": {"report": {"0": {"precision": 0.3333333333333333, "recall": 1.0, "f1-score": 0.5, "support": 2}, "1": {"precision": 0.0, "recall": 0.0, "f1-score": 0.0, "support": 1}, "2": {"precision": 0.0, "recall": 0.0, "f1-score": 0.0, "support": 3}, "accuracy": 0.3333333333333333, "macro avg": {"precision": 0.1111111111111111, "recall": 0.3333333333333333, "f1-score": 0.16666666666666666, "support": 6}, "weighted avg": {"precision": 0.1111111111111111, "recall": 0.3333333333333333, "f1-score": 0.16666666666666666, "support": 6}}}}