{"feature_name": "Weight_Factors_in_Weight-Sensitive_Stress_Systems", "feature_id": "16A", "k": 7, "train": {"report": {"0": {"precision": 0.5446428571428571, "recall": 1.0, "f1-score": 0.7052023121387282, "support": 61}, "1": {"precision": 0.0, "recall": 0.0, "f1-score": 0.0, "support": 12}, "2": {"precision": 0.0, "recall": 0.0, "f1-score": 0.0, "support": 8}, "3": {"precision": 0.0, "recall": 0.0, "f1-score": 0.0, "support": 7}, "4": {"precision": 0.0, "recall": 0.0, "f1-score": 0.0, "support": 11}, "5": {"precision": 0.0, "recall": 0.0, "f1-score": 0.0, "support": 8}, "6": {"precision": 0.0, "recall": 0.0, "f1-score": 0.0, "support": 5}, "accuracy": 0.5446428571428571, "macro avg": {"precision": 0.07780612244897958, "recall": 0.14285714285714285, "f1-score": 0.10074318744838974, "support": 112}, "weighted avg": {"precision": 0.2966358418367347, "recall": 0.5446428571428571, "f1-score": 0.3840834021469859, "support": 112}}}, "dev": {"report": {"0": {"precision": 0.5446428571428571, "recall": 1.0, "f1-score": 0.7052023121387282, "support": 61}, "1": {"precision": 0.0, "recall": 0.0, "f1-score": 0.0, "support": 12}, "2": {"precision": 0.0, "recall": 0.0, "f1-score": 0.0, "support": 8}, "3": {"precision": 0.0, "recall": 0.0, "f1-score": 0.0, "support": 7}, "4": {"precision": 0.0, "recall": 0.0, "f1-score": 0.0, "support": 11}, "5": {"precision": 0.0, "recall": 0.0, "f1-score": 0.0, "support": 8}, "6": {"precision": 0.0, "recall": 0.0, "f1-score": 0.0, "support": 5}, "accuracy": 0.5446428571428571, "macro avg": {"precision": 0.07780612244897958, "recall": 0.14285714285714285, "f1-score": 0.10074318744838974, "support": 112}, "weighted avg": {"precision": 0.2966358418367347, "recall": 0.5446428571428571, "f1-score": 0.3840834021469859, "support": 112}}}, "test": {"report": {"0": {"precision": 0.6428571428571429, "recall": 1.0, "f1-score": 0.782608695652174, "support": 9}, "1": {"precision": 0.0, "recall": 0.0, "f1-score": 0.0, "support": 2}, "2": {"precision": 0.0, "recall": 0.0, "f1-score": 0.0, "support": 2}, "4": {"precision": 0.0, "recall": 0.0, "f1-score": 0.0, "support": 1}, "accuracy": 0.6428571428571429, "macro avg": {"precision": 0.16071428571428573, "recall": 0.25, "f1-score": 0.1956521739130435, "support": 14}, "weighted avg": {"precision": 0.41326530612244905, "recall": 0.6428571428571429, "f1-score": 0.5031055900621119, "support": 14}}}}