{"feature_name": "Case_Syncretism", "feature_id": "28A", "k": 6, "train": {"report": {"0": {"precision": 0.7166666666666667, "recall": 1.0, "f1-score": 0.8349514563106796, "support": 43}, "1": {"precision": 0.0, "recall": 0.0, "f1-score": 0.0, "support": 10}, "2": {"precision": 0.0, "recall": 0.0, "f1-score": 0.0, "support": 2}, "3": {"precision": 0.0, "recall": 0.0, "f1-score": 0.0, "support": 5}, "accuracy": 0.7166666666666667, "macro avg": {"precision": 0.17916666666666667, "recall": 0.25, "f1-score": 0.2087378640776699, "support": 60}, "weighted avg": {"precision": 0.5136111111111111, "recall": 0.7166666666666667, "f1-score": 0.5983818770226537, "support": 60}}}, "dev": {"report": {"0": {"precision": 0.7166666666666667, "recall": 1.0, "f1-score": 0.8349514563106796, "support": 43}, "1": {"precision": 0.0, "recall": 0.0, "f1-score": 0.0, "support": 10}, "2": {"precision": 0.0, "recall": 0.0, "f1-score": 0.0, "support": 2}, "3": {"precision": 0.0, "recall": 0.0, "f1-score": 0.0, "support": 5}, "accuracy": 0.7166666666666667, "macro avg": {"precision": 0.17916666666666667, "recall": 0.25, "f1-score": 0.2087378640776699, "support": 60}, "weighted avg": {"precision": 0.5136111111111111, "recall": 0.7166666666666667, "f1-score": 0.5983818770226537, "support": 60}}}, "test": {"report": {"0": {"precision": 0.42857142857142855, "recall": 1.0, "f1-score": 0.6, "support": 3}, "2": {"precision": 0.0, "recall": 0.0, "f1-score": 0.0, "support": 3}, "3": {"precision": 0.0, "recall": 0.0, "f1-score": 0.0, "support": 1}, "accuracy": 0.42857142857142855, "macro avg": {"precision": 0.14285714285714285, "recall": 0.3333333333333333, "f1-score": 0.19999999999999998, "support": 7}, "weighted avg": {"precision": 0.18367346938775508, "recall": 0.42857142857142855, "f1-score": 0.2571428571428571, "support": 7}}}}