{"feature_name": "Distance_Contrasts_in_Demonstratives", "feature_id": "41A", "k": 8, "train": {"report": {"0": {"precision": 0.5161290322580645, "recall": 1.0, "f1-score": 0.6808510638297872, "support": 32}, "1": {"precision": 0.0, "recall": 0.0, "f1-score": 0.0, "support": 22}, "2": {"precision": 0.0, "recall": 0.0, "f1-score": 0.0, "support": 1}, "3": {"precision": 0.0, "recall": 0.0, "f1-score": 0.0, "support": 5}, "4": {"precision": 0.0, "recall": 0.0, "f1-score": 0.0, "support": 2}, "accuracy": 0.5161290322580645, "macro avg": {"precision": 0.1032258064516129, "recall": 0.2, "f1-score": 0.13617021276595745, "support": 62}, "weighted avg": {"precision": 0.26638917793964617, "recall": 0.5161290322580645, "f1-score": 0.3514070006863418, "support": 62}}}, "dev": {"report": {"0": {"precision": 0.5161290322580645, "recall": 1.0, "f1-score": 0.6808510638297872, "support": 32}, "1": {"precision": 0.0, "recall": 0.0, "f1-score": 0.0, "support": 22}, "2": {"precision": 0.0, "recall": 0.0, "f1-score": 0.0, "support": 1}, "3": {"precision": 0.0, "recall": 0.0, "f1-score": 0.0, "support": 5}, "4": {"precision": 0.0, "recall": 0.0, "f1-score": 0.0, "support": 2}, "accuracy": 0.5161290322580645, "macro avg": {"precision": 0.1032258064516129, "recall": 0.2, "f1-score": 0.13617021276595745, "support": 62}, "weighted avg": {"precision": 0.26638917793964617, "recall": 0.5161290322580645, "f1-score": 0.3514070006863418, "support": 62}}}, "test": {"report": {"0": {"precision": 0.875, "recall": 1.0, "f1-score": 0.9333333333333333, "support": 7}, "1": {"precision": 0.0, "recall": 0.0, "f1-score": 0.0, "support": 1}, "accuracy": 0.875, "macro avg": {"precision": 0.4375, "recall": 0.5, "f1-score": 0.4666666666666667, "support": 8}, "weighted avg": {"precision": 0.765625, "recall": 0.875, "f1-score": 0.8166666666666667, "support": 8}}}}