{"feature_name": "Para-Linguistic_Usages_of_Clicks", "feature_id": "142A", "k": 3, "train": {"report": {"0": {"precision": 0.6923076923076923, "recall": 1.0, "f1-score": 0.8181818181818181, "support": 27}, "1": {"precision": 0.0, "recall": 0.0, "f1-score": 0.0, "support": 10}, "2": {"precision": 0.0, "recall": 0.0, "f1-score": 0.0, "support": 2}, "accuracy": 0.6923076923076923, "macro avg": {"precision": 0.23076923076923075, "recall": 0.3333333333333333, "f1-score": 0.2727272727272727, "support": 39}, "weighted avg": {"precision": 0.47928994082840237, "recall": 0.6923076923076923, "f1-score": 0.5664335664335665, "support": 39}}}, "dev": {"report": {"0": {"precision": 0.6923076923076923, "recall": 1.0, "f1-score": 0.8181818181818181, "support": 27}, "1": {"precision": 0.0, "recall": 0.0, "f1-score": 0.0, "support": 10}, "2": {"precision": 0.0, "recall": 0.0, "f1-score": 0.0, "support": 2}, "accuracy": 0.6923076923076923, "macro avg": {"precision": 0.23076923076923075, "recall": 0.3333333333333333, "f1-score": 0.2727272727272727, "support": 39}, "weighted avg": {"precision": 0.47928994082840237, "recall": 0.6923076923076923, "f1-score": 0.5664335664335665, "support": 39}}}, "test": {"report": {"0": {"precision": 0.6, "recall": 1.0, "f1-score": 0.7499999999999999, "support": 3}, "1": {"precision": 0.0, "recall": 0.0, "f1-score": 0.0, "support": 2}, "accuracy": 0.6, "macro avg": {"precision": 0.3, "recall": 0.5, "f1-score": 0.37499999999999994, "support": 5}, "weighted avg": {"precision": 0.36, "recall": 0.6, "f1-score": 0.4499999999999999, "support": 5}}}}