{"feature_name": "Order_of_Negative_Morpheme_and_Verb", "feature_id": "143A", "k": 0, "train": {"report": {"0": {"precision": 0.4175084175084175, "recall": 1.0, "f1-score": 0.5890736342042756, "support": 124}, "1": {"precision": 0.0, "recall": 0.0, "f1-score": 0.0, "support": 58}, "2": {"precision": 0.0, "recall": 0.0, "f1-score": 0.0, "support": 28}, "3": {"precision": 0.0, "recall": 0.0, "f1-score": 0.0, "support": 34}, "4": {"precision": 0.0, "recall": 0.0, "f1-score": 0.0, "support": 23}, "5": {"precision": 0.0, "recall": 0.0, "f1-score": 0.0, "support": 15}, "6": {"precision": 0.0, "recall": 0.0, "f1-score": 0.0, "support": 4}, "7": {"precision": 0.0, "recall": 0.0, "f1-score": 0.0, "support": 3}, "8": {"precision": 0.0, "recall": 0.0, "f1-score": 0.0, "support": 2}, "9": {"precision": 0.0, "recall": 0.0, "f1-score": 0.0, "support": 1}, "10": {"precision": 0.0, "recall": 0.0, "f1-score": 0.0, "support": 2}, "11": {"precision": 0.0, "recall": 0.0, "f1-score": 0.0, "support": 2}, "12": {"precision": 0.0, "recall": 0.0, "f1-score": 0.0, "support": 1}, "accuracy": 0.4175084175084175, "macro avg": {"precision": 0.03211603211603212, "recall": 0.07692307692307693, "f1-score": 0.04531335647725197, "support": 297}, "weighted avg": {"precision": 0.17431327869038307, "recall": 0.4175084175084175, "f1-score": 0.24594320081255952, "support": 297}}}, "dev": {"report": {"0": {"precision": 0.4175084175084175, "recall": 1.0, "f1-score": 0.5890736342042756, "support": 124}, "1": {"precision": 0.0, "recall": 0.0, "f1-score": 0.0, "support": 58}, "2": {"precision": 0.0, "recall": 0.0, "f1-score": 0.0, "support": 28}, "3": {"precision": 0.0, "recall": 0.0, "f1-score": 0.0, "support": 34}, "4": {"precision": 0.0, "recall": 0.0, "f1-score": 0.0, "support": 23}, "5": {"precision": 0.0, "recall": 0.0, "f1-score": 0.0, "support": 15}, "6": {"precision": 0.0, "recall": 0.0, "f1-score": 0.0, "support": 4}, "7": {"precision": 0.0, "recall": 0.0, "f1-score": 0.0, "support": 3}, "8": {"precision": 0.0, "recall": 0.0, "f1-score": 0.0, "support": 2}, "9": {"precision": 0.0, "recall": 0.0, "f1-score": 0.0, "support": 1}, "10": {"precision": 0.0, "recall": 0.0, "f1-score": 0.0, "support": 2}, "11": {"precision": 0.0, "recall": 0.0, "f1-score": 0.0, "support": 2}, "12": {"precision": 0.0, "recall": 0.0, "f1-score": 0.0, "support": 1}, "accuracy": 0.4175084175084175, "macro avg": {"precision": 0.03211603211603212, "recall": 0.07692307692307693, "f1-score": 0.04531335647725197, "support": 297}, "weighted avg": {"precision": 0.17431327869038307, "recall": 0.4175084175084175, "f1-score": 0.24594320081255952, "support": 297}}}, "test": {"report": {"0": {"precision": 0.5151515151515151, "recall": 1.0, "f1-score": 0.6799999999999999, "support": 17}, "1": {"precision": 0.0, "recall": 0.0, "f1-score": 0.0, "support": 3}, "2": {"precision": 0.0, "recall": 0.0, "f1-score": 0.0, "support": 3}, "3": {"precision": 0.0, "recall": 0.0, "f1-score": 0.0, "support": 6}, "4": {"precision": 0.0, "recall": 0.0, "f1-score": 0.0, "support": 1}, "5": {"precision": 0.0, "recall": 0.0, "f1-score": 0.0, "support": 1}, "6": {"precision": 0.0, "recall": 0.0, "f1-score": 0.0, "support": 2}, "accuracy": 0.5151515151515151, "macro avg": {"precision": 0.07359307359307359, "recall": 0.14285714285714285, "f1-score": 0.09714285714285713, "support": 33}, "weighted avg": {"precision": 0.26538108356290174, "recall": 0.5151515151515151, "f1-score": 0.3503030303030303, "support": 33}}}}