{"feature_name": "SNegOV_Order", "feature_id": "144Q", "k": 5, "train": {"report": {"0": {"precision": 0.9157894736842105, "recall": 1.0, "f1-score": 0.956043956043956, "support": 87}, "1": {"precision": 0.0, "recall": 0.0, "f1-score": 0.0, "support": 5}, "2": {"precision": 0.0, "recall": 0.0, "f1-score": 0.0, "support": 3}, "accuracy": 0.9157894736842105, "macro avg": {"precision": 0.30526315789473685, "recall": 0.3333333333333333, "f1-score": 0.31868131868131866, "support": 95}, "weighted avg": {"precision": 0.8386703601108033, "recall": 0.9157894736842105, "f1-score": 0.875534991324465, "support": 95}}}, "dev": {"report": {"0": {"precision": 0.9157894736842105, "recall": 1.0, "f1-score": 0.956043956043956, "support": 87}, "1": {"precision": 0.0, "recall": 0.0, "f1-score": 0.0, "support": 5}, "2": {"precision": 0.0, "recall": 0.0, "f1-score": 0.0, "support": 3}, "accuracy": 0.9157894736842105, "macro avg": {"precision": 0.30526315789473685, "recall": 0.3333333333333333, "f1-score": 0.31868131868131866, "support": 95}, "weighted avg": {"precision": 0.8386703601108033, "recall": 0.9157894736842105, "f1-score": 0.875534991324465, "support": 95}}}, "test": {"report": {"0": {"precision": 1.0, "recall": 1.0, "f1-score": 1.0, "support": 11}, "accuracy": 1.0, "macro avg": {"precision": 1.0, "recall": 1.0, "f1-score": 1.0, "support": 11}, "weighted avg": {"precision": 1.0, "recall": 1.0, "f1-score": 1.0, "support": 11}}}}