{"feature_name": "SONegV_Order", "feature_id": "144R", "k": 8, "train": {"report": {"0": {"precision": 0.6770833333333334, "recall": 1.0, "f1-score": 0.8074534161490683, "support": 65}, "1": {"precision": 0.0, "recall": 0.0, "f1-score": 0.0, "support": 17}, "2": {"precision": 0.0, "recall": 0.0, "f1-score": 0.0, "support": 8}, "3": {"precision": 0.0, "recall": 0.0, "f1-score": 0.0, "support": 2}, "4": {"precision": 0.0, "recall": 0.0, "f1-score": 0.0, "support": 2}, "5": {"precision": 0.0, "recall": 0.0, "f1-score": 0.0, "support": 1}, "6": {"precision": 0.0, "recall": 0.0, "f1-score": 0.0, "support": 1}, "accuracy": 0.6770833333333334, "macro avg": {"precision": 0.09672619047619048, "recall": 0.14285714285714285, "f1-score": 0.11535048802129547, "support": 96}, "weighted avg": {"precision": 0.45844184027777785, "recall": 0.6770833333333334, "f1-score": 0.5467132505175983, "support": 96}}}, "dev": {"report": {"0": {"precision": 0.6770833333333334, "recall": 1.0, "f1-score": 0.8074534161490683, "support": 65}, "1": {"precision": 0.0, "recall": 0.0, "f1-score": 0.0, "support": 17}, "2": {"precision": 0.0, "recall": 0.0, "f1-score": 0.0, "support": 8}, "3": {"precision": 0.0, "recall": 0.0, "f1-score": 0.0, "support": 2}, "4": {"precision": 0.0, "recall": 0.0, "f1-score": 0.0, "support": 2}, "5": {"precision": 0.0, "recall": 0.0, "f1-score": 0.0, "support": 1}, "6": {"precision": 0.0, "recall": 0.0, "f1-score": 0.0, "support": 1}, "accuracy": 0.6770833333333334, "macro avg": {"precision": 0.09672619047619048, "recall": 0.14285714285714285, "f1-score": 0.11535048802129547, "support": 96}, "weighted avg": {"precision": 0.45844184027777785, "recall": 0.6770833333333334, "f1-score": 0.5467132505175983, "support": 96}}}, "test": {"report": {"0": {"precision": 0.5454545454545454, "recall": 1.0, "f1-score": 0.7058823529411764, "support": 6}, "1": {"precision": 0.0, "recall": 0.0, "f1-score": 0.0, "support": 2}, "2": {"precision": 0.0, "recall": 0.0, "f1-score": 0.0, "support": 2}, "7": {"precision": 0.0, "recall": 0.0, "f1-score": 0.0, "support": 1}, "accuracy": 0.5454545454545454, "macro avg": {"precision": 0.13636363636363635, "recall": 0.25, "f1-score": 0.1764705882352941, "support": 11}, "weighted avg": {"precision": 0.29752066115702475, "recall": 0.5454545454545454, "f1-score": 0.38502673796791437, "support": 11}}}}