{"feature_name": "Number_of_Basic_Colour_Categories", "feature_id": "133A", "k": 0, "train": {"report": {"0": {"precision": 0.39344262295081966, "recall": 1.0, "f1-score": 0.5647058823529412, "support": 24}, "1": {"precision": 0.0, "recall": 0.0, "f1-score": 0.0, "support": 12}, "2": {"precision": 0.0, "recall": 0.0, "f1-score": 0.0, "support": 7}, "3": {"precision": 0.0, "recall": 0.0, "f1-score": 0.0, "support": 7}, "4": {"precision": 0.0, "recall": 0.0, "f1-score": 0.0, "support": 3}, "5": {"precision": 0.0, "recall": 0.0, "f1-score": 0.0, "support": 5}, "6": {"precision": 0.0, "recall": 0.0, "f1-score": 0.0, "support": 3}, "accuracy": 0.39344262295081966, "macro avg": {"precision": 0.05620608899297424, "recall": 0.14285714285714285, "f1-score": 0.08067226890756303, "support": 61}, "weighted avg": {"precision": 0.15479709755442086, "recall": 0.39344262295081966, "f1-score": 0.22217936354869816, "support": 61}}}, "dev": {"report": {"0": {"precision": 0.39344262295081966, "recall": 1.0, "f1-score": 0.5647058823529412, "support": 24}, "1": {"precision": 0.0, "recall": 0.0, "f1-score": 0.0, "support": 12}, "2": {"precision": 0.0, "recall": 0.0, "f1-score": 0.0, "support": 7}, "3": {"precision": 0.0, "recall": 0.0, "f1-score": 0.0, "support": 7}, "4": {"precision": 0.0, "recall": 0.0, "f1-score": 0.0, "support": 3}, "5": {"precision": 0.0, "recall": 0.0, "f1-score": 0.0, "support": 5}, "6": {"precision": 0.0, "recall": 0.0, "f1-score": 0.0, "support": 3}, "accuracy": 0.39344262295081966, "macro avg": {"precision": 0.05620608899297424, "recall": 0.14285714285714285, "f1-score": 0.08067226890756303, "support": 61}, "weighted avg": {"precision": 0.15479709755442086, "recall": 0.39344262295081966, "f1-score": 0.22217936354869816, "support": 61}}}, "test": {"report": {"0": {"precision": 0.14285714285714285, "recall": 1.0, "f1-score": 0.25, "support": 1}, "4": {"precision": 0.0, "recall": 0.0, "f1-score": 0.0, "support": 6}, "accuracy": 0.14285714285714285, "macro avg": {"precision": 0.07142857142857142, "recall": 0.5, "f1-score": 0.125, "support": 7}, "weighted avg": {"precision": 0.02040816326530612, "recall": 0.14285714285714285, "f1-score": 0.03571428571428571, "support": 7}}}}