{"feature_name": "Postverbal_Negative_Morphemes", "feature_id": "143F", "k": 0, "train": {"report": {"0": {"precision": 0.5488215488215489, "recall": 1.0, "f1-score": 0.7086956521739131, "support": 163}, "1": {"precision": 0.0, "recall": 0.0, "f1-score": 0.0, "support": 81}, "2": {"precision": 0.0, "recall": 0.0, "f1-score": 0.0, "support": 49}, "3": {"precision": 0.0, "recall": 0.0, "f1-score": 0.0, "support": 4}, "accuracy": 0.5488215488215489, "macro avg": {"precision": 0.13720538720538722, "recall": 0.25, "f1-score": 0.17717391304347826, "support": 297}, "weighted avg": {"precision": 0.3012050924508837, "recall": 0.5488215488215489, "f1-score": 0.3889474454691846, "support": 297}}}, "dev": {"report": {"0": {"precision": 0.5488215488215489, "recall": 1.0, "f1-score": 0.7086956521739131, "support": 163}, "1": {"precision": 0.0, "recall": 0.0, "f1-score": 0.0, "support": 81}, "2": {"precision": 0.0, "recall": 0.0, "f1-score": 0.0, "support": 49}, "3": {"precision": 0.0, "recall": 0.0, "f1-score": 0.0, "support": 4}, "accuracy": 0.5488215488215489, "macro avg": {"precision": 0.13720538720538722, "recall": 0.25, "f1-score": 0.17717391304347826, "support": 297}, "weighted avg": {"precision": 0.3012050924508837, "recall": 0.5488215488215489, "f1-score": 0.3889474454691846, "support": 297}}}, "test": {"report": {"0": {"precision": 0.696969696969697, "recall": 1.0, "f1-score": 0.8214285714285715, "support": 23}, "1": {"precision": 0.0, "recall": 0.0, "f1-score": 0.0, "support": 3}, "2": {"precision": 0.0, "recall": 0.0, "f1-score": 0.0, "support": 7}, "accuracy": 0.696969696969697, "macro avg": {"precision": 0.23232323232323235, "recall": 0.3333333333333333, "f1-score": 0.27380952380952384, "support": 33}, "weighted avg": {"precision": 0.4857667584940312, "recall": 0.696969696969697, "f1-score": 0.5725108225108226, "support": 33}}}}