{"feature_name": "Locus_of_Marking_in_the_Clause", "feature_id": "23A", "k": 0, "train": {"report": {"0": {"precision": 0.0, "recall": 0.0, "f1-score": 0.0, "support": 14}, "1": {"precision": 0.288135593220339, "recall": 1.0, "f1-score": 0.4473684210526315, "support": 17}, "2": {"precision": 0.0, "recall": 0.0, "f1-score": 0.0, "support": 16}, "3": {"precision": 0.0, "recall": 0.0, "f1-score": 0.0, "support": 11}, "4": {"precision": 0.0, "recall": 0.0, "f1-score": 0.0, "support": 1}, "accuracy": 0.288135593220339, "macro avg": {"precision": 0.0576271186440678, "recall": 0.2, "f1-score": 0.0894736842105263, "support": 59}, "weighted avg": {"precision": 0.08302212008043666, "recall": 0.288135593220339, "f1-score": 0.12890276538804638, "support": 59}}}, "dev": {"report": {"0": {"precision": 0.0, "recall": 0.0, "f1-score": 0.0, "support": 14}, "1": {"precision": 0.288135593220339, "recall": 1.0, "f1-score": 0.4473684210526315, "support": 17}, "2": {"precision": 0.0, "recall": 0.0, "f1-score": 0.0, "support": 16}, "3": {"precision": 0.0, "recall": 0.0, "f1-score": 0.0, "support": 11}, "4": {"precision": 0.0, "recall": 0.0, "f1-score": 0.0, "support": 1}, "accuracy": 0.288135593220339, "macro avg": {"precision": 0.0576271186440678, "recall": 0.2, "f1-score": 0.0894736842105263, "support": 59}, "weighted avg": {"precision": 0.08302212008043666, "recall": 0.288135593220339, "f1-score": 0.12890276538804638, "support": 59}}}, "test": {"report": {"0": {"precision": 0.0, "recall": 0.0, "f1-score": 0.0, "support": 1}, "1": {"precision": 0.375, "recall": 1.0, "f1-score": 0.5454545454545454, "support": 3}, "2": {"precision": 0.0, "recall": 0.0, "f1-score": 0.0, "support": 2}, "3": {"precision": 0.0, "recall": 0.0, "f1-score": 0.0, "support": 2}, "accuracy": 0.375, "macro avg": {"precision": 0.09375, "recall": 0.25, "f1-score": 0.13636363636363635, "support": 8}, "weighted avg": {"precision": 0.140625, "recall": 0.375, "f1-score": 0.20454545454545453, "support": 8}}}}