{"feature_name": "Imperative-Hortative_Systems", "feature_id": "72A", "k": 5, "train": {"report": {"0": {"precision": 0.5486725663716814, "recall": 1.0, "f1-score": 0.7085714285714285, "support": 62}, "1": {"precision": 0.0, "recall": 0.0, "f1-score": 0.0, "support": 41}, "2": {"precision": 0.0, "recall": 0.0, "f1-score": 0.0, "support": 6}, "3": {"precision": 0.0, "recall": 0.0, "f1-score": 0.0, "support": 4}, "accuracy": 0.5486725663716814, "macro avg": {"precision": 0.13716814159292035, "recall": 0.25, "f1-score": 0.17714285714285713, "support": 113}, "weighted avg": {"precision": 0.3010415850888871, "recall": 0.5486725663716814, "f1-score": 0.38877370417193424, "support": 113}}}, "dev": {"report": {"0": {"precision": 0.5486725663716814, "recall": 1.0, "f1-score": 0.7085714285714285, "support": 62}, "1": {"precision": 0.0, "recall": 0.0, "f1-score": 0.0, "support": 41}, "2": {"precision": 0.0, "recall": 0.0, "f1-score": 0.0, "support": 6}, "3": {"precision": 0.0, "recall": 0.0, "f1-score": 0.0, "support": 4}, "accuracy": 0.5486725663716814, "macro avg": {"precision": 0.13716814159292035, "recall": 0.25, "f1-score": 0.17714285714285713, "support": 113}, "weighted avg": {"precision": 0.3010415850888871, "recall": 0.5486725663716814, "f1-score": 0.38877370417193424, "support": 113}}}, "test": {"report": {"0": {"precision": 0.7857142857142857, "recall": 1.0, "f1-score": 0.88, "support": 11}, "1": {"precision": 0.0, "recall": 0.0, "f1-score": 0.0, "support": 3}, "accuracy": 0.7857142857142857, "macro avg": {"precision": 0.39285714285714285, "recall": 0.5, "f1-score": 0.44, "support": 14}, "weighted avg": {"precision": 0.6173469387755102, "recall": 0.7857142857142857, "f1-score": 0.6914285714285714, "support": 14}}}}