{"feature_name": "Voicing_in_Plosives_and_Fricatives", "feature_id": "4A", "k": 7, "train": {"report": {"0": {"precision": 0.0, "recall": 0.0, "f1-score": 0.0, "support": 44}, "1": {"precision": 0.35172413793103446, "recall": 1.0, "f1-score": 0.520408163265306, "support": 51}, "2": {"precision": 0.0, "recall": 0.0, "f1-score": 0.0, "support": 39}, "3": {"precision": 0.0, "recall": 0.0, "f1-score": 0.0, "support": 11}, "accuracy": 0.35172413793103446, "macro avg": {"precision": 0.08793103448275862, "recall": 0.25, "f1-score": 0.1301020408163265, "support": 145}, "weighted avg": {"precision": 0.12370986920332937, "recall": 0.35172413793103446, "f1-score": 0.1830401125967628, "support": 145}}}, "dev": {"report": {"0": {"precision": 0.0, "recall": 0.0, "f1-score": 0.0, "support": 44}, "1": {"precision": 0.35172413793103446, "recall": 1.0, "f1-score": 0.520408163265306, "support": 51}, "2": {"precision": 0.0, "recall": 0.0, "f1-score": 0.0, "support": 39}, "3": {"precision": 0.0, "recall": 0.0, "f1-score": 0.0, "support": 11}, "accuracy": 0.35172413793103446, "macro avg": {"precision": 0.08793103448275862, "recall": 0.25, "f1-score": 0.1301020408163265, "support": 145}, "weighted avg": {"precision": 0.12370986920332937, "recall": 0.35172413793103446, "f1-score": 0.1830401125967628, "support": 145}}}, "test": {"report": {"0": {"precision": 0.0, "recall": 0.0, "f1-score": 0.0, "support": 5}, "1": {"precision": 0.17647058823529413, "recall": 1.0, "f1-score": 0.3, "support": 3}, "2": {"precision": 0.0, "recall": 0.0, "f1-score": 0.0, "support": 9}, "accuracy": 0.17647058823529413, "macro avg": {"precision": 0.05882352941176471, "recall": 0.3333333333333333, "f1-score": 0.09999999999999999, "support": 17}, "weighted avg": {"precision": 0.03114186851211073, "recall": 0.17647058823529413, "f1-score": 0.05294117647058823, "support": 17}}}}