{"feature_name": "Situational_Possibility", "feature_id": "74A", "k": 6, "train": {"report": {"0": {"precision": 0.7123287671232876, "recall": 1.0, "f1-score": 0.832, "support": 52}, "1": {"precision": 0.0, "recall": 0.0, "f1-score": 0.0, "support": 18}, "2": {"precision": 0.0, "recall": 0.0, "f1-score": 0.0, "support": 3}, "accuracy": 0.7123287671232876, "macro avg": {"precision": 0.2374429223744292, "recall": 0.3333333333333333, "f1-score": 0.2773333333333333, "support": 73}, "weighted avg": {"precision": 0.507412272471383, "recall": 0.7123287671232876, "f1-score": 0.5926575342465753, "support": 73}}}, "dev": {"report": {"0": {"precision": 0.7123287671232876, "recall": 1.0, "f1-score": 0.832, "support": 52}, "1": {"precision": 0.0, "recall": 0.0, "f1-score": 0.0, "support": 18}, "2": {"precision": 0.0, "recall": 0.0, "f1-score": 0.0, "support": 3}, "accuracy": 0.7123287671232876, "macro avg": {"precision": 0.2374429223744292, "recall": 0.3333333333333333, "f1-score": 0.2773333333333333, "support": 73}, "weighted avg": {"precision": 0.507412272471383, "recall": 0.7123287671232876, "f1-score": 0.5926575342465753, "support": 73}}}, "test": {"report": {"0": {"precision": 1.0, "recall": 1.0, "f1-score": 1.0, "support": 9}, "accuracy": 1.0, "macro avg": {"precision": 1.0, "recall": 1.0, "f1-score": 1.0, "support": 9}, "weighted avg": {"precision": 1.0, "recall": 1.0, "f1-score": 1.0, "support": 9}}}}