{"feature_name": "Number_of_Non-Derived_Basic_Colour_Categories", "feature_id": "132A", "k": 9, "train": {"report": {"3": {"precision": 0.0, "recall": 0.0, "f1-score": 0.0, "support": 1}, "4": {"precision": 0.0, "recall": 0.0, "f1-score": 0.0, "support": 7}, "5": {"precision": 0.6290322580645161, "recall": 1.0, "f1-score": 0.7722772277227723, "support": 39}, "6": {"precision": 0.0, "recall": 0.0, "f1-score": 0.0, "support": 15}, "accuracy": 0.6290322580645161, "macro avg": {"precision": 0.15725806451612903, "recall": 0.25, "f1-score": 0.19306930693069307, "support": 62}, "weighted avg": {"precision": 0.395681581685744, "recall": 0.6290322580645161, "f1-score": 0.48578728840626, "support": 62}}}, "dev": {"report": {"3": {"precision": 0.0, "recall": 0.0, "f1-score": 0.0, "support": 1}, "4": {"precision": 0.0, "recall": 0.0, "f1-score": 0.0, "support": 7}, "5": {"precision": 0.6290322580645161, "recall": 1.0, "f1-score": 0.7722772277227723, "support": 39}, "6": {"precision": 0.0, "recall": 0.0, "f1-score": 0.0, "support": 15}, "accuracy": 0.6290322580645161, "macro avg": {"precision": 0.15725806451612903, "recall": 0.25, "f1-score": 0.19306930693069307, "support": 62}, "weighted avg": {"precision": 0.395681581685744, "recall": 0.6290322580645161, "f1-score": 0.48578728840626, "support": 62}}}, "test": {"report": {"5": {"precision": 0.14285714285714285, "recall": 1.0, "f1-score": 0.25, "support": 1}, "6": {"precision": 0.0, "recall": 0.0, "f1-score": 0.0, "support": 6}, "accuracy": 0.14285714285714285, "macro avg": {"precision": 0.07142857142857142, "recall": 0.5, "f1-score": 0.125, "support": 7}, "weighted avg": {"precision": 0.02040816326530612, "recall": 0.14285714285714285, "f1-score": 0.03571428571428571, "support": 7}}}}