{"feature_name": "Uvular_Consonants", "feature_id": "6A", "k": 7, "train": {"report": {"0": {"precision": 0.9310344827586207, "recall": 1.0, "f1-score": 0.9642857142857143, "support": 135}, "2": {"precision": 0.0, "recall": 0.0, "f1-score": 0.0, "support": 8}, "3": {"precision": 0.0, "recall": 0.0, "f1-score": 0.0, "support": 2}, "accuracy": 0.9310344827586207, "macro avg": {"precision": 0.3103448275862069, "recall": 0.3333333333333333, "f1-score": 0.32142857142857145, "support": 145}, "weighted avg": {"precision": 0.8668252080856124, "recall": 0.9310344827586207, "f1-score": 0.8977832512315272, "support": 145}}}, "dev": {"report": {"0": {"precision": 0.9310344827586207, "recall": 1.0, "f1-score": 0.9642857142857143, "support": 135}, "2": {"precision": 0.0, "recall": 0.0, "f1-score": 0.0, "support": 8}, "3": {"precision": 0.0, "recall": 0.0, "f1-score": 0.0, "support": 2}, "accuracy": 0.9310344827586207, "macro avg": {"precision": 0.3103448275862069, "recall": 0.3333333333333333, "f1-score": 0.32142857142857145, "support": 145}, "weighted avg": {"precision": 0.8668252080856124, "recall": 0.9310344827586207, "f1-score": 0.8977832512315272, "support": 145}}}, "test": {"report": {"0": {"precision": 0.9411764705882353, "recall": 1.0, "f1-score": 0.9696969696969697, "support": 16}, "2": {"precision": 0.0, "recall": 0.0, "f1-score": 0.0, "support": 1}, "accuracy": 0.9411764705882353, "macro avg": {"precision": 0.47058823529411764, "recall": 0.5, "f1-score": 0.48484848484848486, "support": 17}, "weighted avg": {"precision": 0.8858131487889274, "recall": 0.9411764705882353, "f1-score": 0.912655971479501, "support": 17}}}}