{"feature_name": "Alignment_of_Verbal_Person_Marking", "feature_id": "100A", "k": 1, "train": {"report": {"0": {"precision": 0.5882352941176471, "recall": 1.0, "f1-score": 0.7407407407407407, "support": 60}, "1": {"precision": 0.0, "recall": 0.0, "f1-score": 0.0, "support": 23}, "2": {"precision": 0.0, "recall": 0.0, "f1-score": 0.0, "support": 5}, "3": {"precision": 0.0, "recall": 0.0, "f1-score": 0.0, "support": 4}, "4": {"precision": 0.0, "recall": 0.0, "f1-score": 0.0, "support": 7}, "5": {"precision": 0.0, "recall": 0.0, "f1-score": 0.0, "support": 3}, "accuracy": 0.5882352941176471, "macro avg": {"precision": 0.09803921568627451, "recall": 0.16666666666666666, "f1-score": 0.12345679012345678, "support": 102}, "weighted avg": {"precision": 0.34602076124567477, "recall": 0.5882352941176471, "f1-score": 0.43572984749455335, "support": 102}}}, "dev": {"report": {"0": {"precision": 0.5882352941176471, "recall": 1.0, "f1-score": 0.7407407407407407, "support": 60}, "1": {"precision": 0.0, "recall": 0.0, "f1-score": 0.0, "support": 23}, "2": {"precision": 0.0, "recall": 0.0, "f1-score": 0.0, "support": 5}, "3": {"precision": 0.0, "recall": 0.0, "f1-score": 0.0, "support": 4}, "4": {"precision": 0.0, "recall": 0.0, "f1-score": 0.0, "support": 7}, "5": {"precision": 0.0, "recall": 0.0, "f1-score": 0.0, "support": 3}, "accuracy": 0.5882352941176471, "macro avg": {"precision": 0.09803921568627451, "recall": 0.16666666666666666, "f1-score": 0.12345679012345678, "support": 102}, "weighted avg": {"precision": 0.34602076124567477, "recall": 0.5882352941176471, "f1-score": 0.43572984749455335, "support": 102}}}, "test": {"report": {"0": {"precision": 0.6666666666666666, "recall": 1.0, "f1-score": 0.8, "support": 8}, "1": {"precision": 0.0, "recall": 0.0, "f1-score": 0.0, "support": 2}, "2": {"precision": 0.0, "recall": 0.0, "f1-score": 0.0, "support": 1}, "5": {"precision": 0.0, "recall": 0.0, "f1-score": 0.0, "support": 1}, "accuracy": 0.6666666666666666, "macro avg": {"precision": 0.16666666666666666, "recall": 0.25, "f1-score": 0.2, "support": 12}, "weighted avg": {"precision": 0.4444444444444444, "recall": 0.6666666666666666, "f1-score": 0.5333333333333333, "support": 12}}}}