{"feature_name": "The_Optative", "feature_id": "73A", "k": 3, "train": {"report": {"0": {"precision": 0.956989247311828, "recall": 1.0, "f1-score": 0.978021978021978, "support": 89}, "1": {"precision": 0.0, "recall": 0.0, "f1-score": 0.0, "support": 4}, "accuracy": 0.956989247311828, "macro avg": {"precision": 0.478494623655914, "recall": 0.5, "f1-score": 0.489010989010989, "support": 93}, "weighted avg": {"precision": 0.915828419470459, "recall": 0.956989247311828, "f1-score": 0.9359565166016779, "support": 93}}}, "dev": {"report": {"0": {"precision": 0.956989247311828, "recall": 1.0, "f1-score": 0.978021978021978, "support": 89}, "1": {"precision": 0.0, "recall": 0.0, "f1-score": 0.0, "support": 4}, "accuracy": 0.956989247311828, "macro avg": {"precision": 0.478494623655914, "recall": 0.5, "f1-score": 0.489010989010989, "support": 93}, "weighted avg": {"precision": 0.915828419470459, "recall": 0.956989247311828, "f1-score": 0.9359565166016779, "support": 93}}}, "test": {"report": {"0": {"precision": 0.6363636363636364, "recall": 1.0, "f1-score": 0.7777777777777778, "support": 7}, "1": {"precision": 0.0, "recall": 0.0, "f1-score": 0.0, "support": 4}, "accuracy": 0.6363636363636364, "macro avg": {"precision": 0.3181818181818182, "recall": 0.5, "f1-score": 0.3888888888888889, "support": 11}, "weighted avg": {"precision": 0.4049586776859504, "recall": 0.6363636363636364, "f1-score": 0.494949494949495, "support": 11}}}}