{"feature_name": "The_Position_of_Negative_Morphemes_in_Verb-Initial_Languages", "feature_id": "144T", "k": 1, "train": {"report": {"0": {"precision": 0.5111111111111111, "recall": 1.0, "f1-score": 0.676470588235294, "support": 23}, "1": {"precision": 0.0, "recall": 0.0, "f1-score": 0.0, "support": 4}, "2": {"precision": 0.0, "recall": 0.0, "f1-score": 0.0, "support": 4}, "3": {"precision": 0.0, "recall": 0.0, "f1-score": 0.0, "support": 1}, "4": {"precision": 0.0, "recall": 0.0, "f1-score": 0.0, "support": 1}, "5": {"precision": 0.0, "recall": 0.0, "f1-score": 0.0, "support": 3}, "6": {"precision": 0.0, "recall": 0.0, "f1-score": 0.0, "support": 2}, "7": {"precision": 0.0, "recall": 0.0, "f1-score": 0.0, "support": 3}, "8": {"precision": 0.0, "recall": 0.0, "f1-score": 0.0, "support": 1}, "11": {"precision": 0.0, "recall": 0.0, "f1-score": 0.0, "support": 1}, "13": {"precision": 0.0, "recall": 0.0, "f1-score": 0.0, "support": 1}, "19": {"precision": 0.0, "recall": 0.0, "f1-score": 0.0, "support": 1}, "accuracy": 0.5111111111111111, "macro avg": {"precision": 0.04259259259259259, "recall": 0.08333333333333333, "f1-score": 0.05637254901960784, "support": 45}, "weighted avg": {"precision": 0.26123456790123456, "recall": 0.5111111111111111, "f1-score": 0.34575163398692804, "support": 45}}}, "dev": {"report": {"0": {"precision": 0.5111111111111111, "recall": 1.0, "f1-score": 0.676470588235294, "support": 23}, "1": {"precision": 0.0, "recall": 0.0, "f1-score": 0.0, "support": 4}, "2": {"precision": 0.0, "recall": 0.0, "f1-score": 0.0, "support": 4}, "3": {"precision": 0.0, "recall": 0.0, "f1-score": 0.0, "support": 1}, "4": {"precision": 0.0, "recall": 0.0, "f1-score": 0.0, "support": 1}, "5": {"precision": 0.0, "recall": 0.0, "f1-score": 0.0, "support": 3}, "6": {"precision": 0.0, "recall": 0.0, "f1-score": 0.0, "support": 2}, "7": {"precision": 0.0, "recall": 0.0, "f1-score": 0.0, "support": 3}, "8": {"precision": 0.0, "recall": 0.0, "f1-score": 0.0, "support": 1}, "11": {"precision": 0.0, "recall": 0.0, "f1-score": 0.0, "support": 1}, "13": {"precision": 0.0, "recall": 0.0, "f1-score": 0.0, "support": 1}, "19": {"precision": 0.0, "recall": 0.0, "f1-score": 0.0, "support": 1}, "accuracy": 0.5111111111111111, "macro avg": {"precision": 0.04259259259259259, "recall": 0.08333333333333333, "f1-score": 0.05637254901960784, "support": 45}, "weighted avg": {"precision": 0.26123456790123456, "recall": 0.5111111111111111, "f1-score": 0.34575163398692804, "support": 45}}}, "test": {"report": {"0": {"precision": 0.5, "recall": 1.0, "f1-score": 0.6666666666666666, "support": 3}, "3": {"precision": 0.0, "recall": 0.0, "f1-score": 0.0, "support": 2}, "16": {"precision": 0.0, "recall": 0.0, "f1-score": 0.0, "support": 1}, "accuracy": 0.5, "macro avg": {"precision": 0.16666666666666666, "recall": 0.3333333333333333, "f1-score": 0.2222222222222222, "support": 6}, "weighted avg": {"precision": 0.25, "recall": 0.5, "f1-score": 0.3333333333333333, "support": 6}}}}