{"feature_name": "Order_of_Adposition_and_Noun_Phrase", "feature_id": "85A", "k": 1, "train": {"report": {"0": {"precision": 0.5035460992907801, "recall": 1.0, "f1-score": 0.6698113207547169, "support": 142}, "1": {"precision": 0.0, "recall": 0.0, "f1-score": 0.0, "support": 125}, "2": {"precision": 0.0, "recall": 0.0, "f1-score": 0.0, "support": 13}, "3": {"precision": 0.0, "recall": 0.0, "f1-score": 0.0, "support": 2}, "accuracy": 0.5035460992907801, "macro avg": {"precision": 0.12588652482269502, "recall": 0.25, "f1-score": 0.16745283018867924, "support": 282}, "weighted avg": {"precision": 0.25355867411096017, "recall": 0.5035460992907801, "f1-score": 0.3372808778268433, "support": 282}}}, "dev": {"report": {"0": {"precision": 0.5035460992907801, "recall": 1.0, "f1-score": 0.6698113207547169, "support": 142}, "1": {"precision": 0.0, "recall": 0.0, "f1-score": 0.0, "support": 125}, "2": {"precision": 0.0, "recall": 0.0, "f1-score": 0.0, "support": 13}, "3": {"precision": 0.0, "recall": 0.0, "f1-score": 0.0, "support": 2}, "accuracy": 0.5035460992907801, "macro avg": {"precision": 0.12588652482269502, "recall": 0.25, "f1-score": 0.16745283018867924, "support": 282}, "weighted avg": {"precision": 0.25355867411096017, "recall": 0.5035460992907801, "f1-score": 0.3372808778268433, "support": 282}}}, "test": {"report": {"0": {"precision": 0.25, "recall": 1.0, "f1-score": 0.4, "support": 8}, "1": {"precision": 0.0, "recall": 0.0, "f1-score": 0.0, "support": 23}, "3": {"precision": 0.0, "recall": 0.0, "f1-score": 0.0, "support": 1}, "accuracy": 0.25, "macro avg": {"precision": 0.08333333333333333, "recall": 0.3333333333333333, "f1-score": 0.13333333333333333, "support": 32}, "weighted avg": {"precision": 0.0625, "recall": 0.25, "f1-score": 0.1, "support": 32}}}}