{"feature_name": "Negative_Morphemes", "feature_id": "112A", "k": 6, "train": {"report": {"0": {"precision": 0.4583333333333333, "recall": 1.0, "f1-score": 0.6285714285714286, "support": 121}, "1": {"precision": 0.0, "recall": 0.0, "f1-score": 0.0, "support": 94}, "2": {"precision": 0.0, "recall": 0.0, "f1-score": 0.0, "support": 23}, "3": {"precision": 0.0, "recall": 0.0, "f1-score": 0.0, "support": 13}, "4": {"precision": 0.0, "recall": 0.0, "f1-score": 0.0, "support": 8}, "5": {"precision": 0.0, "recall": 0.0, "f1-score": 0.0, "support": 5}, "accuracy": 0.4583333333333333, "macro avg": {"precision": 0.07638888888888888, "recall": 0.16666666666666666, "f1-score": 0.10476190476190476, "support": 264}, "weighted avg": {"precision": 0.21006944444444442, "recall": 0.4583333333333333, "f1-score": 0.28809523809523807, "support": 264}}}, "dev": {"report": {"0": {"precision": 0.4583333333333333, "recall": 1.0, "f1-score": 0.6285714285714286, "support": 121}, "1": {"precision": 0.0, "recall": 0.0, "f1-score": 0.0, "support": 94}, "2": {"precision": 0.0, "recall": 0.0, "f1-score": 0.0, "support": 23}, "3": {"precision": 0.0, "recall": 0.0, "f1-score": 0.0, "support": 13}, "4": {"precision": 0.0, "recall": 0.0, "f1-score": 0.0, "support": 8}, "5": {"precision": 0.0, "recall": 0.0, "f1-score": 0.0, "support": 5}, "accuracy": 0.4583333333333333, "macro avg": {"precision": 0.07638888888888888, "recall": 0.16666666666666666, "f1-score": 0.10476190476190476, "support": 264}, "weighted avg": {"precision": 0.21006944444444442, "recall": 0.4583333333333333, "f1-score": 0.28809523809523807, "support": 264}}}, "test": {"report": {"0": {"precision": 0.6, "recall": 1.0, "f1-score": 0.7499999999999999, "support": 18}, "1": {"precision": 0.0, "recall": 0.0, "f1-score": 0.0, "support": 9}, "2": {"precision": 0.0, "recall": 0.0, "f1-score": 0.0, "support": 1}, "3": {"precision": 0.0, "recall": 0.0, "f1-score": 0.0, "support": 2}, "accuracy": 0.6, "macro avg": {"precision": 0.15, "recall": 0.25, "f1-score": 0.18749999999999997, "support": 30}, "weighted avg": {"precision": 0.36, "recall": 0.6, "f1-score": 0.44999999999999996, "support": 30}}}}