{"feature_name": "Front_Rounded_Vowels", "feature_id": "11A", "k": 8, "train": {"report": {"0": {"precision": 0.9583333333333334, "recall": 1.0, "f1-score": 0.9787234042553191, "support": 138}, "1": {"precision": 0.0, "recall": 0.0, "f1-score": 0.0, "support": 4}, "2": {"precision": 0.0, "recall": 0.0, "f1-score": 0.0, "support": 1}, "3": {"precision": 0.0, "recall": 0.0, "f1-score": 0.0, "support": 1}, "accuracy": 0.9583333333333334, "macro avg": {"precision": 0.23958333333333334, "recall": 0.25, "f1-score": 0.24468085106382978, "support": 144}, "weighted avg": {"precision": 0.9184027777777778, "recall": 0.9583333333333334, "f1-score": 0.9379432624113474, "support": 144}}}, "dev": {"report": {"0": {"precision": 0.9583333333333334, "recall": 1.0, "f1-score": 0.9787234042553191, "support": 138}, "1": {"precision": 0.0, "recall": 0.0, "f1-score": 0.0, "support": 4}, "2": {"precision": 0.0, "recall": 0.0, "f1-score": 0.0, "support": 1}, "3": {"precision": 0.0, "recall": 0.0, "f1-score": 0.0, "support": 1}, "accuracy": 0.9583333333333334, "macro avg": {"precision": 0.23958333333333334, "recall": 0.25, "f1-score": 0.24468085106382978, "support": 144}, "weighted avg": {"precision": 0.9184027777777778, "recall": 0.9583333333333334, "f1-score": 0.9379432624113474, "support": 144}}}, "test": {"report": {"0": {"precision": 0.8823529411764706, "recall": 1.0, "f1-score": 0.9375, "support": 15}, "1": {"precision": 0.0, "recall": 0.0, "f1-score": 0.0, "support": 2}, "accuracy": 0.8823529411764706, "macro avg": {"precision": 0.4411764705882353, "recall": 0.5, "f1-score": 0.46875, "support": 17}, "weighted avg": {"precision": 0.7785467128027681, "recall": 0.8823529411764706, "f1-score": 0.8272058823529411, "support": 17}}}}