{"feature_name": "Verb-Initial_with_Negative_that_is_Immediately_Postverbal_or_between_Subject_and_Object", "feature_id": "144W", "k": 1, "train": {"report": {"0": {"precision": 0.9333333333333333, "recall": 1.0, "f1-score": 0.9655172413793104, "support": 42}, "1": {"precision": 0.0, "recall": 0.0, "f1-score": 0.0, "support": 2}, "2": {"precision": 0.0, "recall": 0.0, "f1-score": 0.0, "support": 1}, "accuracy": 0.9333333333333333, "macro avg": {"precision": 0.3111111111111111, "recall": 0.3333333333333333, "f1-score": 0.3218390804597701, "support": 45}, "weighted avg": {"precision": 0.8711111111111112, "recall": 0.9333333333333333, "f1-score": 0.9011494252873564, "support": 45}}}, "dev": {"report": {"0": {"precision": 0.9333333333333333, "recall": 1.0, "f1-score": 0.9655172413793104, "support": 42}, "1": {"precision": 0.0, "recall": 0.0, "f1-score": 0.0, "support": 2}, "2": {"precision": 0.0, "recall": 0.0, "f1-score": 0.0, "support": 1}, "accuracy": 0.9333333333333333, "macro avg": {"precision": 0.3111111111111111, "recall": 0.3333333333333333, "f1-score": 0.3218390804597701, "support": 45}, "weighted avg": {"precision": 0.8711111111111112, "recall": 0.9333333333333333, "f1-score": 0.9011494252873564, "support": 45}}}, "test": {"report": {"0": {"precision": 1.0, "recall": 1.0, "f1-score": 1.0, "support": 6}, "accuracy": 1.0, "macro avg": {"precision": 1.0, "recall": 1.0, "f1-score": 1.0, "support": 6}, "weighted avg": {"precision": 1.0, "recall": 1.0, "f1-score": 1.0, "support": 6}}}}