{"feature_name": "Comitatives_and_Instrumentals", "feature_id": "52A", "k": 3, "train": {"report": {"0": {"precision": 0.6559139784946236, "recall": 1.0, "f1-score": 0.7922077922077922, "support": 61}, "1": {"precision": 0.0, "recall": 0.0, "f1-score": 0.0, "support": 23}, "2": {"precision": 0.0, "recall": 0.0, "f1-score": 0.0, "support": 9}, "accuracy": 0.6559139784946236, "macro avg": {"precision": 0.2186379928315412, "recall": 0.3333333333333333, "f1-score": 0.26406926406926406, "support": 93}, "weighted avg": {"precision": 0.4302231471846456, "recall": 0.6559139784946236, "f1-score": 0.5196201647814551, "support": 93}}}, "dev": {"report": {"0": {"precision": 0.6559139784946236, "recall": 1.0, "f1-score": 0.7922077922077922, "support": 61}, "1": {"precision": 0.0, "recall": 0.0, "f1-score": 0.0, "support": 23}, "2": {"precision": 0.0, "recall": 0.0, "f1-score": 0.0, "support": 9}, "accuracy": 0.6559139784946236, "macro avg": {"precision": 0.2186379928315412, "recall": 0.3333333333333333, "f1-score": 0.26406926406926406, "support": 93}, "weighted avg": {"precision": 0.4302231471846456, "recall": 0.6559139784946236, "f1-score": 0.5196201647814551, "support": 93}}}, "test": {"report": {"0": {"precision": 0.2727272727272727, "recall": 1.0, "f1-score": 0.42857142857142855, "support": 3}, "1": {"precision": 0.0, "recall": 0.0, "f1-score": 0.0, "support": 6}, "2": {"precision": 0.0, "recall": 0.0, "f1-score": 0.0, "support": 2}, "accuracy": 0.2727272727272727, "macro avg": {"precision": 0.0909090909090909, "recall": 0.3333333333333333, "f1-score": 0.14285714285714285, "support": 11}, "weighted avg": {"precision": 0.07438016528925619, "recall": 0.2727272727272727, "f1-score": 0.11688311688311687, "support": 11}}}}