{"feature_name": "Rhythm_Types", "feature_id": "17A", "k": 8, "train": {"report": {"0": {"precision": 0.5352112676056338, "recall": 1.0, "f1-score": 0.6972477064220183, "support": 38}, "1": {"precision": 0.0, "recall": 0.0, "f1-score": 0.0, "support": 18}, "2": {"precision": 0.0, "recall": 0.0, "f1-score": 0.0, "support": 8}, "3": {"precision": 0.0, "recall": 0.0, "f1-score": 0.0, "support": 7}, "accuracy": 0.5352112676056338, "macro avg": {"precision": 0.13380281690140844, "recall": 0.25, "f1-score": 0.17431192660550457, "support": 71}, "weighted avg": {"precision": 0.28645110097202936, "recall": 0.5352112676056338, "f1-score": 0.3731748287892492, "support": 71}}}, "dev": {"report": {"0": {"precision": 0.5352112676056338, "recall": 1.0, "f1-score": 0.6972477064220183, "support": 38}, "1": {"precision": 0.0, "recall": 0.0, "f1-score": 0.0, "support": 18}, "2": {"precision": 0.0, "recall": 0.0, "f1-score": 0.0, "support": 8}, "3": {"precision": 0.0, "recall": 0.0, "f1-score": 0.0, "support": 7}, "accuracy": 0.5352112676056338, "macro avg": {"precision": 0.13380281690140844, "recall": 0.25, "f1-score": 0.17431192660550457, "support": 71}, "weighted avg": {"precision": 0.28645110097202936, "recall": 0.5352112676056338, "f1-score": 0.3731748287892492, "support": 71}}}, "test": {"report": {"0": {"precision": 0.5555555555555556, "recall": 1.0, "f1-score": 0.7142857142857143, "support": 5}, "1": {"precision": 0.0, "recall": 0.0, "f1-score": 0.0, "support": 2}, "2": {"precision": 0.0, "recall": 0.0, "f1-score": 0.0, "support": 2}, "accuracy": 0.5555555555555556, "macro avg": {"precision": 0.1851851851851852, "recall": 0.3333333333333333, "f1-score": 0.2380952380952381, "support": 9}, "weighted avg": {"precision": 0.30864197530864196, "recall": 0.5555555555555556, "f1-score": 0.39682539682539686, "support": 9}}}}