{"feature_name": "Expression_of_Pronominal_Subjects", "feature_id": "101A", "k": 8, "train": {"report": {"0": {"precision": 0.6257309941520468, "recall": 1.0, "f1-score": 0.7697841726618705, "support": 107}, "1": {"precision": 0.0, "recall": 0.0, "f1-score": 0.0, "support": 23}, "2": {"precision": 0.0, "recall": 0.0, "f1-score": 0.0, "support": 15}, "3": {"precision": 0.0, "recall": 0.0, "f1-score": 0.0, "support": 12}, "4": {"precision": 0.0, "recall": 0.0, "f1-score": 0.0, "support": 10}, "5": {"precision": 0.0, "recall": 0.0, "f1-score": 0.0, "support": 4}, "accuracy": 0.6257309941520468, "macro avg": {"precision": 0.10428849902534114, "recall": 0.16666666666666666, "f1-score": 0.12829736211031176, "support": 171}, "weighted avg": {"precision": 0.3915392770425088, "recall": 0.6257309941520468, "f1-score": 0.48167781564222306, "support": 171}}}, "dev": {"report": {"0": {"precision": 0.6257309941520468, "recall": 1.0, "f1-score": 0.7697841726618705, "support": 107}, "1": {"precision": 0.0, "recall": 0.0, "f1-score": 0.0, "support": 23}, "2": {"precision": 0.0, "recall": 0.0, "f1-score": 0.0, "support": 15}, "3": {"precision": 0.0, "recall": 0.0, "f1-score": 0.0, "support": 12}, "4": {"precision": 0.0, "recall": 0.0, "f1-score": 0.0, "support": 10}, "5": {"precision": 0.0, "recall": 0.0, "f1-score": 0.0, "support": 4}, "accuracy": 0.6257309941520468, "macro avg": {"precision": 0.10428849902534114, "recall": 0.16666666666666666, "f1-score": 0.12829736211031176, "support": 171}, "weighted avg": {"precision": 0.3915392770425088, "recall": 0.6257309941520468, "f1-score": 0.48167781564222306, "support": 171}}}, "test": {"report": {"0": {"precision": 0.631578947368421, "recall": 1.0, "f1-score": 0.7741935483870968, "support": 12}, "1": {"precision": 0.0, "recall": 0.0, "f1-score": 0.0, "support": 4}, "2": {"precision": 0.0, "recall": 0.0, "f1-score": 0.0, "support": 1}, "3": {"precision": 0.0, "recall": 0.0, "f1-score": 0.0, "support": 1}, "5": {"precision": 0.0, "recall": 0.0, "f1-score": 0.0, "support": 1}, "accuracy": 0.631578947368421, "macro avg": {"precision": 0.12631578947368421, "recall": 0.2, "f1-score": 0.15483870967741936, "support": 19}, "weighted avg": {"precision": 0.39889196675900274, "recall": 0.631578947368421, "f1-score": 0.4889643463497453, "support": 19}}}}