{"feature_name": "Coding_of_Nominal_Plurality", "feature_id": "33A", "k": 3, "train": {"report": {"0": {"precision": 0.492, "recall": 1.0, "f1-score": 0.6595174262734584, "support": 123}, "1": {"precision": 0.0, "recall": 0.0, "f1-score": 0.0, "support": 51}, "2": {"precision": 0.0, "recall": 0.0, "f1-score": 0.0, "support": 26}, "3": {"precision": 0.0, "recall": 0.0, "f1-score": 0.0, "support": 21}, "4": {"precision": 0.0, "recall": 0.0, "f1-score": 0.0, "support": 14}, "5": {"precision": 0.0, "recall": 0.0, "f1-score": 0.0, "support": 10}, "6": {"precision": 0.0, "recall": 0.0, "f1-score": 0.0, "support": 3}, "7": {"precision": 0.0, "recall": 0.0, "f1-score": 0.0, "support": 1}, "8": {"precision": 0.0, "recall": 0.0, "f1-score": 0.0, "support": 1}, "accuracy": 0.492, "macro avg": {"precision": 0.05466666666666667, "recall": 0.1111111111111111, "f1-score": 0.07327971403038427, "support": 250}, "weighted avg": {"precision": 0.242064, "recall": 0.492, "f1-score": 0.32448257372654155, "support": 250}}}, "dev": {"report": {"0": {"precision": 0.492, "recall": 1.0, "f1-score": 0.6595174262734584, "support": 123}, "1": {"precision": 0.0, "recall": 0.0, "f1-score": 0.0, "support": 51}, "2": {"precision": 0.0, "recall": 0.0, "f1-score": 0.0, "support": 26}, "3": {"precision": 0.0, "recall": 0.0, "f1-score": 0.0, "support": 21}, "4": {"precision": 0.0, "recall": 0.0, "f1-score": 0.0, "support": 14}, "5": {"precision": 0.0, "recall": 0.0, "f1-score": 0.0, "support": 10}, "6": {"precision": 0.0, "recall": 0.0, "f1-score": 0.0, "support": 3}, "7": {"precision": 0.0, "recall": 0.0, "f1-score": 0.0, "support": 1}, "8": {"precision": 0.0, "recall": 0.0, "f1-score": 0.0, "support": 1}, "accuracy": 0.492, "macro avg": {"precision": 0.05466666666666667, "recall": 0.1111111111111111, "f1-score": 0.07327971403038427, "support": 250}, "weighted avg": {"precision": 0.242064, "recall": 0.492, "f1-score": 0.32448257372654155, "support": 250}}}, "test": {"report": {"0": {"precision": 0.6551724137931034, "recall": 1.0, "f1-score": 0.7916666666666666, "support": 19}, "1": {"precision": 0.0, "recall": 0.0, "f1-score": 0.0, "support": 5}, "2": {"precision": 0.0, "recall": 0.0, "f1-score": 0.0, "support": 2}, "3": {"precision": 0.0, "recall": 0.0, "f1-score": 0.0, "support": 1}, "4": {"precision": 0.0, "recall": 0.0, "f1-score": 0.0, "support": 1}, "5": {"precision": 0.0, "recall": 0.0, "f1-score": 0.0, "support": 1}, "accuracy": 0.6551724137931034, "macro avg": {"precision": 0.10919540229885057, "recall": 0.16666666666666666, "f1-score": 0.13194444444444445, "support": 29}, "weighted avg": {"precision": 0.42925089179548154, "recall": 0.6551724137931034, "f1-score": 0.5186781609195402, "support": 29}}}}