{"feature_name": "Numeral_Classifiers", "feature_id": "55A", "k": 4, "train": {"report": {"0": {"precision": 0.7021276595744681, "recall": 1.0, "f1-score": 0.825, "support": 66}, "1": {"precision": 0.0, "recall": 0.0, "f1-score": 0.0, "support": 18}, "2": {"precision": 0.0, "recall": 0.0, "f1-score": 0.0, "support": 10}, "accuracy": 0.7021276595744681, "macro avg": {"precision": 0.23404255319148937, "recall": 0.3333333333333333, "f1-score": 0.27499999999999997, "support": 94}, "weighted avg": {"precision": 0.4929832503395202, "recall": 0.7021276595744681, "f1-score": 0.5792553191489361, "support": 94}}}, "dev": {"report": {"0": {"precision": 0.7021276595744681, "recall": 1.0, "f1-score": 0.825, "support": 66}, "1": {"precision": 0.0, "recall": 0.0, "f1-score": 0.0, "support": 18}, "2": {"precision": 0.0, "recall": 0.0, "f1-score": 0.0, "support": 10}, "accuracy": 0.7021276595744681, "macro avg": {"precision": 0.23404255319148937, "recall": 0.3333333333333333, "f1-score": 0.27499999999999997, "support": 94}, "weighted avg": {"precision": 0.4929832503395202, "recall": 0.7021276595744681, "f1-score": 0.5792553191489361, "support": 94}}}, "test": {"report": {"0": {"precision": 0.36363636363636365, "recall": 1.0, "f1-score": 0.5333333333333333, "support": 4}, "1": {"precision": 0.0, "recall": 0.0, "f1-score": 0.0, "support": 1}, "2": {"precision": 0.0, "recall": 0.0, "f1-score": 0.0, "support": 6}, "accuracy": 0.36363636363636365, "macro avg": {"precision": 0.12121212121212122, "recall": 0.3333333333333333, "f1-score": 0.17777777777777778, "support": 11}, "weighted avg": {"precision": 0.1322314049586777, "recall": 0.36363636363636365, "f1-score": 0.19393939393939394, "support": 11}}}}