{"feature_name": "Optional_Double_Negation_in_SVO_languages", "feature_id": "144G", "k": 0, "train": {"report": {"1": {"precision": 0.5, "recall": 1.0, "f1-score": 0.6666666666666666, "support": 3}, "2": {"precision": 0.0, "recall": 0.0, "f1-score": 0.0, "support": 1}, "5": {"precision": 0.0, "recall": 0.0, "f1-score": 0.0, "support": 1}, "10": {"precision": 0.0, "recall": 0.0, "f1-score": 0.0, "support": 1}, "accuracy": 0.5, "macro avg": {"precision": 0.125, "recall": 0.25, "f1-score": 0.16666666666666666, "support": 6}, "weighted avg": {"precision": 0.25, "recall": 0.5, "f1-score": 0.3333333333333333, "support": 6}}}, "dev": {"report": {"1": {"precision": 0.5, "recall": 1.0, "f1-score": 0.6666666666666666, "support": 3}, "2": {"precision": 0.0, "recall": 0.0, "f1-score": 0.0, "support": 1}, "5": {"precision": 0.0, "recall": 0.0, "f1-score": 0.0, "support": 1}, "10": {"precision": 0.0, "recall": 0.0, "f1-score": 0.0, "support": 1}, "accuracy": 0.5, "macro avg": {"precision": 0.125, "recall": 0.25, "f1-score": 0.16666666666666666, "support": 6}, "weighted avg": {"precision": 0.25, "recall": 0.5, "f1-score": 0.3333333333333333, "support": 6}}}, "test": {"report": {"1": {"precision": 0.0, "recall": 0.0, "f1-score": 0.0, "support": 0.0}, "6": {"precision": 0.0, "recall": 0.0, "f1-score": 0.0, "support": 1.0}, "accuracy": 0.0, "macro avg": {"precision": 0.0, "recall": 0.0, "f1-score": 0.0, "support": 1.0}, "weighted avg": {"precision": 0.0, "recall": 0.0, "f1-score": 0.0, "support": 1.0}}}}