{"feature_name": "Relationship_between_the_Order_of_Object_and_Verb_and_the_Order_of_Relative_Clause_and_Noun", "feature_id": "96A", "k": 0, "train": {"report": {"0": {"precision": 0.569377990430622, "recall": 1.0, "f1-score": 0.725609756097561, "support": 119}, "1": {"precision": 0.0, "recall": 0.0, "f1-score": 0.0, "support": 36}, "2": {"precision": 0.0, "recall": 0.0, "f1-score": 0.0, "support": 33}, "3": {"precision": 0.0, "recall": 0.0, "f1-score": 0.0, "support": 21}, "accuracy": 0.569377990430622, "macro avg": {"precision": 0.1423444976076555, "recall": 0.25, "f1-score": 0.18140243902439024, "support": 209}, "weighted avg": {"precision": 0.32419129598681345, "recall": 0.569377990430622, "f1-score": 0.413146224763683, "support": 209}}}, "dev": {"report": {"0": {"precision": 0.569377990430622, "recall": 1.0, "f1-score": 0.725609756097561, "support": 119}, "1": {"precision": 0.0, "recall": 0.0, "f1-score": 0.0, "support": 36}, "2": {"precision": 0.0, "recall": 0.0, "f1-score": 0.0, "support": 33}, "3": {"precision": 0.0, "recall": 0.0, "f1-score": 0.0, "support": 21}, "accuracy": 0.569377990430622, "macro avg": {"precision": 0.1423444976076555, "recall": 0.25, "f1-score": 0.18140243902439024, "support": 209}, "weighted avg": {"precision": 0.32419129598681345, "recall": 0.569377990430622, "f1-score": 0.413146224763683, "support": 209}}}, "test": {"report": {"0": {"precision": 0.6666666666666666, "recall": 1.0, "f1-score": 0.8, "support": 16}, "1": {"precision": 0.0, "recall": 0.0, "f1-score": 0.0, "support": 4}, "2": {"precision": 0.0, "recall": 0.0, "f1-score": 0.0, "support": 2}, "3": {"precision": 0.0, "recall": 0.0, "f1-score": 0.0, "support": 2}, "accuracy": 0.6666666666666666, "macro avg": {"precision": 0.16666666666666666, "recall": 0.25, "f1-score": 0.2, "support": 24}, "weighted avg": {"precision": 0.4444444444444444, "recall": 0.6666666666666666, "f1-score": 0.5333333333333333, "support": 24}}}}