{"feature_name": "Order_of_Relative_Clause_and_Noun", "feature_id": "90A", "k": 4, "train": {"report": {"0": {"precision": 0.7536945812807881, "recall": 1.0, "f1-score": 0.8595505617977527, "support": 153}, "1": {"precision": 0.0, "recall": 0.0, "f1-score": 0.0, "support": 28}, "2": {"precision": 0.0, "recall": 0.0, "f1-score": 0.0, "support": 14}, "3": {"precision": 0.0, "recall": 0.0, "f1-score": 0.0, "support": 5}, "4": {"precision": 0.0, "recall": 0.0, "f1-score": 0.0, "support": 1}, "5": {"precision": 0.0, "recall": 0.0, "f1-score": 0.0, "support": 2}, "accuracy": 0.7536945812807881, "macro avg": {"precision": 0.12561576354679801, "recall": 0.16666666666666666, "f1-score": 0.14325842696629212, "support": 203}, "weighted avg": {"precision": 0.5680555218520226, "recall": 0.7536945812807881, "f1-score": 0.6478386007638234, "support": 203}}}, "dev": {"report": {"0": {"precision": 0.7536945812807881, "recall": 1.0, "f1-score": 0.8595505617977527, "support": 153}, "1": {"precision": 0.0, "recall": 0.0, "f1-score": 0.0, "support": 28}, "2": {"precision": 0.0, "recall": 0.0, "f1-score": 0.0, "support": 14}, "3": {"precision": 0.0, "recall": 0.0, "f1-score": 0.0, "support": 5}, "4": {"precision": 0.0, "recall": 0.0, "f1-score": 0.0, "support": 1}, "5": {"precision": 0.0, "recall": 0.0, "f1-score": 0.0, "support": 2}, "accuracy": 0.7536945812807881, "macro avg": {"precision": 0.12561576354679801, "recall": 0.16666666666666666, "f1-score": 0.14325842696629212, "support": 203}, "weighted avg": {"precision": 0.5680555218520226, "recall": 0.7536945812807881, "f1-score": 0.6478386007638234, "support": 203}}}, "test": {"report": {"0": {"precision": 0.8260869565217391, "recall": 1.0, "f1-score": 0.9047619047619047, "support": 19}, "1": {"precision": 0.0, "recall": 0.0, "f1-score": 0.0, "support": 2}, "2": {"precision": 0.0, "recall": 0.0, "f1-score": 0.0, "support": 1}, "4": {"precision": 0.0, "recall": 0.0, "f1-score": 0.0, "support": 1}, "accuracy": 0.8260869565217391, "macro avg": {"precision": 0.20652173913043478, "recall": 0.25, "f1-score": 0.22619047619047616, "support": 23}, "weighted avg": {"precision": 0.6824196597353497, "recall": 0.8260869565217391, "f1-score": 0.7474120082815735, "support": 23}}}}