{"feature_name": "NegSVO_Order", "feature_id": "144H", "k": 5, "train": {"report": {"0": {"precision": 0.96, "recall": 1.0, "f1-score": 0.9795918367346939, "support": 96}, "1": {"precision": 0.0, "recall": 0.0, "f1-score": 0.0, "support": 4}, "accuracy": 0.96, "macro avg": {"precision": 0.48, "recall": 0.5, "f1-score": 0.4897959183673469, "support": 100}, "weighted avg": {"precision": 0.9216, "recall": 0.96, "f1-score": 0.9404081632653061, "support": 100}}}, "dev": {"report": {"0": {"precision": 0.96, "recall": 1.0, "f1-score": 0.9795918367346939, "support": 96}, "1": {"precision": 0.0, "recall": 0.0, "f1-score": 0.0, "support": 4}, "accuracy": 0.96, "macro avg": {"precision": 0.48, "recall": 0.5, "f1-score": 0.4897959183673469, "support": 100}, "weighted avg": {"precision": 0.9216, "recall": 0.96, "f1-score": 0.9404081632653061, "support": 100}}}, "test": {"report": {"0": {"precision": 1.0, "recall": 1.0, "f1-score": 1.0, "support": 12}, "accuracy": 1.0, "macro avg": {"precision": 1.0, "recall": 1.0, "f1-score": 1.0, "support": 12}, "weighted avg": {"precision": 1.0, "recall": 1.0, "f1-score": 1.0, "support": 12}}}}