{"feature_name": "Number_of_Cases", "feature_id": "49A", "k": 7, "train": {"report": {"0": {"precision": 0.4935064935064935, "recall": 1.0, "f1-score": 0.6608695652173914, "support": 38}, "1": {"precision": 0.0, "recall": 0.0, "f1-score": 0.0, "support": 6}, "2": {"precision": 0.0, "recall": 0.0, "f1-score": 0.0, "support": 5}, "3": {"precision": 0.0, "recall": 0.0, "f1-score": 0.0, "support": 7}, "4": {"precision": 0.0, "recall": 0.0, "f1-score": 0.0, "support": 8}, "5": {"precision": 0.0, "recall": 0.0, "f1-score": 0.0, "support": 6}, "6": {"precision": 0.0, "recall": 0.0, "f1-score": 0.0, "support": 3}, "7": {"precision": 0.0, "recall": 0.0, "f1-score": 0.0, "support": 2}, "8": {"precision": 0.0, "recall": 0.0, "f1-score": 0.0, "support": 2}, "accuracy": 0.4935064935064935, "macro avg": {"precision": 0.05483405483405483, "recall": 0.1111111111111111, "f1-score": 0.07342995169082127, "support": 77}, "weighted avg": {"precision": 0.24354865913307472, "recall": 0.4935064935064935, "f1-score": 0.32614342179559574, "support": 77}}}, "dev": {"report": {"0": {"precision": 0.4935064935064935, "recall": 1.0, "f1-score": 0.6608695652173914, "support": 38}, "1": {"precision": 0.0, "recall": 0.0, "f1-score": 0.0, "support": 6}, "2": {"precision": 0.0, "recall": 0.0, "f1-score": 0.0, "support": 5}, "3": {"precision": 0.0, "recall": 0.0, "f1-score": 0.0, "support": 7}, "4": {"precision": 0.0, "recall": 0.0, "f1-score": 0.0, "support": 8}, "5": {"precision": 0.0, "recall": 0.0, "f1-score": 0.0, "support": 6}, "6": {"precision": 0.0, "recall": 0.0, "f1-score": 0.0, "support": 3}, "7": {"precision": 0.0, "recall": 0.0, "f1-score": 0.0, "support": 2}, "8": {"precision": 0.0, "recall": 0.0, "f1-score": 0.0, "support": 2}, "accuracy": 0.4935064935064935, "macro avg": {"precision": 0.05483405483405483, "recall": 0.1111111111111111, "f1-score": 0.07342995169082127, "support": 77}, "weighted avg": {"precision": 0.24354865913307472, "recall": 0.4935064935064935, "f1-score": 0.32614342179559574, "support": 77}}}, "test": {"report": {"0": {"precision": 0.5555555555555556, "recall": 1.0, "f1-score": 0.7142857142857143, "support": 5}, "1": {"precision": 0.0, "recall": 0.0, "f1-score": 0.0, "support": 2}, "4": {"precision": 0.0, "recall": 0.0, "f1-score": 0.0, "support": 2}, "accuracy": 0.5555555555555556, "macro avg": {"precision": 0.1851851851851852, "recall": 0.3333333333333333, "f1-score": 0.2380952380952381, "support": 9}, "weighted avg": {"precision": 0.30864197530864196, "recall": 0.5555555555555556, "f1-score": 0.39682539682539686, "support": 9}}}}