{"feature_name": "Prenominal_relative_clauses", "feature_id": "90B", "k": 7, "train": {"report": {"0": {"precision": 0.7441860465116279, "recall": 1.0, "f1-score": 0.8533333333333333, "support": 32}, "1": {"precision": 0.0, "recall": 0.0, "f1-score": 0.0, "support": 7}, "2": {"precision": 0.0, "recall": 0.0, "f1-score": 0.0, "support": 3}, "3": {"precision": 0.0, "recall": 0.0, "f1-score": 0.0, "support": 1}, "accuracy": 0.7441860465116279, "macro avg": {"precision": 0.18604651162790697, "recall": 0.25, "f1-score": 0.21333333333333332, "support": 43}, "weighted avg": {"precision": 0.5538128718226069, "recall": 0.7441860465116279, "f1-score": 0.6350387596899224, "support": 43}}}, "dev": {"report": {"0": {"precision": 0.7441860465116279, "recall": 1.0, "f1-score": 0.8533333333333333, "support": 32}, "1": {"precision": 0.0, "recall": 0.0, "f1-score": 0.0, "support": 7}, "2": {"precision": 0.0, "recall": 0.0, "f1-score": 0.0, "support": 3}, "3": {"precision": 0.0, "recall": 0.0, "f1-score": 0.0, "support": 1}, "accuracy": 0.7441860465116279, "macro avg": {"precision": 0.18604651162790697, "recall": 0.25, "f1-score": 0.21333333333333332, "support": 43}, "weighted avg": {"precision": 0.5538128718226069, "recall": 0.7441860465116279, "f1-score": 0.6350387596899224, "support": 43}}}, "test": {"report": {"0": {"precision": 0.8, "recall": 1.0, "f1-score": 0.888888888888889, "support": 4}, "1": {"precision": 0.0, "recall": 0.0, "f1-score": 0.0, "support": 1}, "accuracy": 0.8, "macro avg": {"precision": 0.4, "recall": 0.5, "f1-score": 0.4444444444444445, "support": 5}, "weighted avg": {"precision": 0.64, "recall": 0.8, "f1-score": 0.7111111111111111, "support": 5}}}}