{"feature_name": "Sex-based_and_Non-sex-based_Gender_Systems", "feature_id": "31A", "k": 7, "train": {"report": {"0": {"precision": 0.6290322580645161, "recall": 1.0, "f1-score": 0.7722772277227723, "support": 39}, "1": {"precision": 0.0, "recall": 0.0, "f1-score": 0.0, "support": 14}, "2": {"precision": 0.0, "recall": 0.0, "f1-score": 0.0, "support": 9}, "accuracy": 0.6290322580645161, "macro avg": {"precision": 0.20967741935483872, "recall": 0.3333333333333333, "f1-score": 0.25742574257425743, "support": 62}, "weighted avg": {"precision": 0.395681581685744, "recall": 0.6290322580645161, "f1-score": 0.48578728840626, "support": 62}}}, "dev": {"report": {"0": {"precision": 0.6290322580645161, "recall": 1.0, "f1-score": 0.7722772277227723, "support": 39}, "1": {"precision": 0.0, "recall": 0.0, "f1-score": 0.0, "support": 14}, "2": {"precision": 0.0, "recall": 0.0, "f1-score": 0.0, "support": 9}, "accuracy": 0.6290322580645161, "macro avg": {"precision": 0.20967741935483872, "recall": 0.3333333333333333, "f1-score": 0.25742574257425743, "support": 62}, "weighted avg": {"precision": 0.395681581685744, "recall": 0.6290322580645161, "f1-score": 0.48578728840626, "support": 62}}}, "test": {"report": {"0": {"precision": 0.5, "recall": 1.0, "f1-score": 0.6666666666666666, "support": 4}, "1": {"precision": 0.0, "recall": 0.0, "f1-score": 0.0, "support": 4}, "accuracy": 0.5, "macro avg": {"precision": 0.25, "recall": 0.5, "f1-score": 0.3333333333333333, "support": 8}, "weighted avg": {"precision": 0.25, "recall": 0.5, "f1-score": 0.3333333333333333, "support": 8}}}}