{"feature_name": "The_Position_of_Negative_Morphemes_in_SOV_Languages", "feature_id": "144L", "k": 9, "train": {"report": {"0": {"precision": 0.312, "recall": 1.0, "f1-score": 0.47560975609756095, "support": 39}, "1": {"precision": 0.0, "recall": 0.0, "f1-score": 0.0, "support": 17}, "2": {"precision": 0.0, "recall": 0.0, "f1-score": 0.0, "support": 11}, "3": {"precision": 0.0, "recall": 0.0, "f1-score": 0.0, "support": 10}, "4": {"precision": 0.0, "recall": 0.0, "f1-score": 0.0, "support": 8}, "5": {"precision": 0.0, "recall": 0.0, "f1-score": 0.0, "support": 8}, "6": {"precision": 0.0, "recall": 0.0, "f1-score": 0.0, "support": 5}, "7": {"precision": 0.0, "recall": 0.0, "f1-score": 0.0, "support": 8}, "8": {"precision": 0.0, "recall": 0.0, "f1-score": 0.0, "support": 8}, "9": {"precision": 0.0, "recall": 0.0, "f1-score": 0.0, "support": 2}, "10": {"precision": 0.0, "recall": 0.0, "f1-score": 0.0, "support": 1}, "11": {"precision": 0.0, "recall": 0.0, "f1-score": 0.0, "support": 3}, "12": {"precision": 0.0, "recall": 0.0, "f1-score": 0.0, "support": 3}, "13": {"precision": 0.0, "recall": 0.0, "f1-score": 0.0, "support": 2}, "accuracy": 0.312, "macro avg": {"precision": 0.022285714285714287, "recall": 0.07142857142857142, "f1-score": 0.03397212543554007, "support": 125}, "weighted avg": {"precision": 0.097344, "recall": 0.312, "f1-score": 0.14839024390243902, "support": 125}}}, "dev": {"report": {"0": {"precision": 0.312, "recall": 1.0, "f1-score": 0.47560975609756095, "support": 39}, "1": {"precision": 0.0, "recall": 0.0, "f1-score": 0.0, "support": 17}, "2": {"precision": 0.0, "recall": 0.0, "f1-score": 0.0, "support": 11}, "3": {"precision": 0.0, "recall": 0.0, "f1-score": 0.0, "support": 10}, "4": {"precision": 0.0, "recall": 0.0, "f1-score": 0.0, "support": 8}, "5": {"precision": 0.0, "recall": 0.0, "f1-score": 0.0, "support": 8}, "6": {"precision": 0.0, "recall": 0.0, "f1-score": 0.0, "support": 5}, "7": {"precision": 0.0, "recall": 0.0, "f1-score": 0.0, "support": 8}, "8": {"precision": 0.0, "recall": 0.0, "f1-score": 0.0, "support": 8}, "9": {"precision": 0.0, "recall": 0.0, "f1-score": 0.0, "support": 2}, "10": {"precision": 0.0, "recall": 0.0, "f1-score": 0.0, "support": 1}, "11": {"precision": 0.0, "recall": 0.0, "f1-score": 0.0, "support": 3}, "12": {"precision": 0.0, "recall": 0.0, "f1-score": 0.0, "support": 3}, "13": {"precision": 0.0, "recall": 0.0, "f1-score": 0.0, "support": 2}, "accuracy": 0.312, "macro avg": {"precision": 0.022285714285714287, "recall": 0.07142857142857142, "f1-score": 0.03397212543554007, "support": 125}, "weighted avg": {"precision": 0.097344, "recall": 0.312, "f1-score": 0.14839024390243902, "support": 125}}}, "test": {"report": {"0": {"precision": 0.21428571428571427, "recall": 1.0, "f1-score": 0.35294117647058826, "support": 3}, "1": {"precision": 0.0, "recall": 0.0, "f1-score": 0.0, "support": 2}, "3": {"precision": 0.0, "recall": 0.0, "f1-score": 0.0, "support": 2}, "4": {"precision": 0.0, "recall": 0.0, "f1-score": 0.0, "support": 3}, "5": {"precision": 0.0, "recall": 0.0, "f1-score": 0.0, "support": 1}, "6": {"precision": 0.0, "recall": 0.0, "f1-score": 0.0, "support": 2}, "14": {"precision": 0.0, "recall": 0.0, "f1-score": 0.0, "support": 1}, "accuracy": 0.21428571428571427, "macro avg": {"precision": 0.030612244897959183, "recall": 0.14285714285714285, "f1-score": 0.05042016806722689, "support": 14}, "weighted avg": {"precision": 0.04591836734693877, "recall": 0.21428571428571427, "f1-score": 0.07563025210084033, "support": 14}}}}