{"feature_name": "Multiple_Negative_Constructions_in_SVO_Languages", "feature_id": "144E", "k": 0, "train": {"report": {"0": {"precision": 0.1875, "recall": 1.0, "f1-score": 0.3157894736842105, "support": 3}, "1": {"precision": 0.0, "recall": 0.0, "f1-score": 0.0, "support": 1}, "2": {"precision": 0.0, "recall": 0.0, "f1-score": 0.0, "support": 1}, "3": {"precision": 0.0, "recall": 0.0, "f1-score": 0.0, "support": 2}, "4": {"precision": 0.0, "recall": 0.0, "f1-score": 0.0, "support": 1}, "5": {"precision": 0.0, "recall": 0.0, "f1-score": 0.0, "support": 1}, "7": {"precision": 0.0, "recall": 0.0, "f1-score": 0.0, "support": 1}, "9": {"precision": 0.0, "recall": 0.0, "f1-score": 0.0, "support": 1}, "15": {"precision": 0.0, "recall": 0.0, "f1-score": 0.0, "support": 1}, "18": {"precision": 0.0, "recall": 0.0, "f1-score": 0.0, "support": 1}, "22": {"precision": 0.0, "recall": 0.0, "f1-score": 0.0, "support": 1}, "24": {"precision": 0.0, "recall": 0.0, "f1-score": 0.0, "support": 1}, "26": {"precision": 0.0, "recall": 0.0, "f1-score": 0.0, "support": 1}, "accuracy": 0.1875, "macro avg": {"precision": 0.014423076923076924, "recall": 0.07692307692307693, "f1-score": 0.024291497975708502, "support": 16}, "weighted avg": {"precision": 0.03515625, "recall": 0.1875, "f1-score": 0.05921052631578947, "support": 16}}}, "dev": {"report": {"0": {"precision": 0.1875, "recall": 1.0, "f1-score": 0.3157894736842105, "support": 3}, "1": {"precision": 0.0, "recall": 0.0, "f1-score": 0.0, "support": 1}, "2": {"precision": 0.0, "recall": 0.0, "f1-score": 0.0, "support": 1}, "3": {"precision": 0.0, "recall": 0.0, "f1-score": 0.0, "support": 2}, "4": {"precision": 0.0, "recall": 0.0, "f1-score": 0.0, "support": 1}, "5": {"precision": 0.0, "recall": 0.0, "f1-score": 0.0, "support": 1}, "7": {"precision": 0.0, "recall": 0.0, "f1-score": 0.0, "support": 1}, "9": {"precision": 0.0, "recall": 0.0, "f1-score": 0.0, "support": 1}, "15": {"precision": 0.0, "recall": 0.0, "f1-score": 0.0, "support": 1}, "18": {"precision": 0.0, "recall": 0.0, "f1-score": 0.0, "support": 1}, "22": {"precision": 0.0, "recall": 0.0, "f1-score": 0.0, "support": 1}, "24": {"precision": 0.0, "recall": 0.0, "f1-score": 0.0, "support": 1}, "26": {"precision": 0.0, "recall": 0.0, "f1-score": 0.0, "support": 1}, "accuracy": 0.1875, "macro avg": {"precision": 0.014423076923076924, "recall": 0.07692307692307693, "f1-score": 0.024291497975708502, "support": 16}, "weighted avg": {"precision": 0.03515625, "recall": 0.1875, "f1-score": 0.05921052631578947, "support": 16}}}, "test": {"report": {"0": {"precision": 0.0, "recall": 0.0, "f1-score": 0.0, "support": 0.0}, "1": {"precision": 0.0, "recall": 0.0, "f1-score": 0.0, "support": 2.0}, "accuracy": 0.0, "macro avg": {"precision": 0.0, "recall": 0.0, "f1-score": 0.0, "support": 2.0}, "weighted avg": {"precision": 0.0, "recall": 0.0, "f1-score": 0.0, "support": 2.0}}}}