{"feature_name": "Polar_Questions", "feature_id": "116A", "k": 9, "train": {"report": {"0": {"precision": 0.6652719665271967, "recall": 1.0, "f1-score": 0.7989949748743719, "support": 159}, "1": {"precision": 0.0, "recall": 0.0, "f1-score": 0.0, "support": 35}, "2": {"precision": 0.0, "recall": 0.0, "f1-score": 0.0, "support": 36}, "3": {"precision": 0.0, "recall": 0.0, "f1-score": 0.0, "support": 3}, "4": {"precision": 0.0, "recall": 0.0, "f1-score": 0.0, "support": 5}, "6": {"precision": 0.0, "recall": 0.0, "f1-score": 0.0, "support": 1}, "accuracy": 0.6652719665271967, "macro avg": {"precision": 0.1108786610878661, "recall": 0.16666666666666666, "f1-score": 0.13316582914572864, "support": 239}, "weighted avg": {"precision": 0.44258678944696345, "recall": 0.6652719665271967, "f1-score": 0.5315489581800215, "support": 239}}}, "dev": {"report": {"0": {"precision": 0.6652719665271967, "recall": 1.0, "f1-score": 0.7989949748743719, "support": 159}, "1": {"precision": 0.0, "recall": 0.0, "f1-score": 0.0, "support": 35}, "2": {"precision": 0.0, "recall": 0.0, "f1-score": 0.0, "support": 36}, "3": {"precision": 0.0, "recall": 0.0, "f1-score": 0.0, "support": 3}, "4": {"precision": 0.0, "recall": 0.0, "f1-score": 0.0, "support": 5}, "6": {"precision": 0.0, "recall": 0.0, "f1-score": 0.0, "support": 1}, "accuracy": 0.6652719665271967, "macro avg": {"precision": 0.1108786610878661, "recall": 0.16666666666666666, "f1-score": 0.13316582914572864, "support": 239}, "weighted avg": {"precision": 0.44258678944696345, "recall": 0.6652719665271967, "f1-score": 0.5315489581800215, "support": 239}}}, "test": {"report": {"0": {"precision": 0.6666666666666666, "recall": 1.0, "f1-score": 0.8, "support": 18}, "1": {"precision": 0.0, "recall": 0.0, "f1-score": 0.0, "support": 4}, "2": {"precision": 0.0, "recall": 0.0, "f1-score": 0.0, "support": 2}, "4": {"precision": 0.0, "recall": 0.0, "f1-score": 0.0, "support": 3}, "accuracy": 0.6666666666666666, "macro avg": {"precision": 0.16666666666666666, "recall": 0.25, "f1-score": 0.2, "support": 27}, "weighted avg": {"precision": 0.4444444444444444, "recall": 0.6666666666666666, "f1-score": 0.5333333333333333, "support": 27}}}}