{"feature_name": "Ordinal_Numerals", "feature_id": "53A", "k": 6, "train": {"report": {"0": {"precision": 0.36538461538461536, "recall": 1.0, "f1-score": 0.5352112676056338, "support": 38}, "1": {"precision": 0.0, "recall": 0.0, "f1-score": 0.0, "support": 17}, "2": {"precision": 0.0, "recall": 0.0, "f1-score": 0.0, "support": 17}, "3": {"precision": 0.0, "recall": 0.0, "f1-score": 0.0, "support": 14}, "4": {"precision": 0.0, "recall": 0.0, "f1-score": 0.0, "support": 10}, "5": {"precision": 0.0, "recall": 0.0, "f1-score": 0.0, "support": 3}, "6": {"precision": 0.0, "recall": 0.0, "f1-score": 0.0, "support": 4}, "7": {"precision": 0.0, "recall": 0.0, "f1-score": 0.0, "support": 1}, "accuracy": 0.36538461538461536, "macro avg": {"precision": 0.04567307692307692, "recall": 0.125, "f1-score": 0.06690140845070422, "support": 104}, "weighted avg": {"precision": 0.1335059171597633, "recall": 0.36538461538461536, "f1-score": 0.19555796316359697, "support": 104}}}, "dev": {"report": {"0": {"precision": 0.36538461538461536, "recall": 1.0, "f1-score": 0.5352112676056338, "support": 38}, "1": {"precision": 0.0, "recall": 0.0, "f1-score": 0.0, "support": 17}, "2": {"precision": 0.0, "recall": 0.0, "f1-score": 0.0, "support": 17}, "3": {"precision": 0.0, "recall": 0.0, "f1-score": 0.0, "support": 14}, "4": {"precision": 0.0, "recall": 0.0, "f1-score": 0.0, "support": 10}, "5": {"precision": 0.0, "recall": 0.0, "f1-score": 0.0, "support": 3}, "6": {"precision": 0.0, "recall": 0.0, "f1-score": 0.0, "support": 4}, "7": {"precision": 0.0, "recall": 0.0, "f1-score": 0.0, "support": 1}, "accuracy": 0.36538461538461536, "macro avg": {"precision": 0.04567307692307692, "recall": 0.125, "f1-score": 0.06690140845070422, "support": 104}, "weighted avg": {"precision": 0.1335059171597633, "recall": 0.36538461538461536, "f1-score": 0.19555796316359697, "support": 104}}}, "test": {"report": {"0": {"precision": 0.07692307692307693, "recall": 1.0, "f1-score": 0.14285714285714288, "support": 1}, "1": {"precision": 0.0, "recall": 0.0, "f1-score": 0.0, "support": 8}, "2": {"precision": 0.0, "recall": 0.0, "f1-score": 0.0, "support": 3}, "3": {"precision": 0.0, "recall": 0.0, "f1-score": 0.0, "support": 1}, "accuracy": 0.07692307692307693, "macro avg": {"precision": 0.019230769230769232, "recall": 0.25, "f1-score": 0.03571428571428572, "support": 13}, "weighted avg": {"precision": 0.00591715976331361, "recall": 0.07692307692307693, "f1-score": 0.01098901098901099, "support": 13}}}}