{"feature_name": "Number_of_Possessive_Nouns", "feature_id": "58B", "k": 9, "train": {"report": {"0": {"precision": 1.0, "recall": 1.0, "f1-score": 1.0, "support": 59}, "accuracy": 1.0, "macro avg": {"precision": 1.0, "recall": 1.0, "f1-score": 1.0, "support": 59}, "weighted avg": {"precision": 1.0, "recall": 1.0, "f1-score": 1.0, "support": 59}}}, "dev": {"report": {"0": {"precision": 1.0, "recall": 1.0, "f1-score": 1.0, "support": 59}, "accuracy": 1.0, "macro avg": {"precision": 1.0, "recall": 1.0, "f1-score": 1.0, "support": 59}, "weighted avg": {"precision": 1.0, "recall": 1.0, "f1-score": 1.0, "support": 59}}}, "test": {"report": {"0": {"precision": 1.0, "recall": 1.0, "f1-score": 1.0, "support": 7}, "accuracy": 1.0, "macro avg": {"precision": 1.0, "recall": 1.0, "f1-score": 1.0, "support": 7}, "weighted avg": {"precision": 1.0, "recall": 1.0, "f1-score": 1.0, "support": 7}}}}