{"feature_name": "Action_Nominal_Constructions", "feature_id": "62A", "k": 1, "train": {"report": {"0": {"precision": 0.0, "recall": 0.0, "f1-score": 0.0, "support": 6}, "1": {"precision": 0.21428571428571427, "recall": 1.0, "f1-score": 0.35294117647058826, "support": 12}, "2": {"precision": 0.0, "recall": 0.0, "f1-score": 0.0, "support": 8}, "3": {"precision": 0.0, "recall": 0.0, "f1-score": 0.0, "support": 9}, "4": {"precision": 0.0, "recall": 0.0, "f1-score": 0.0, "support": 12}, "5": {"precision": 0.0, "recall": 0.0, "f1-score": 0.0, "support": 5}, "6": {"precision": 0.0, "recall": 0.0, "f1-score": 0.0, "support": 3}, "7": {"precision": 0.0, "recall": 0.0, "f1-score": 0.0, "support": 1}, "accuracy": 0.21428571428571427, "macro avg": {"precision": 0.026785714285714284, "recall": 0.125, "f1-score": 0.04411764705882353, "support": 56}, "weighted avg": {"precision": 0.04591836734693877, "recall": 0.21428571428571427, "f1-score": 0.07563025210084033, "support": 56}}}, "dev": {"report": {"0": {"precision": 0.0, "recall": 0.0, "f1-score": 0.0, "support": 6}, "1": {"precision": 0.21428571428571427, "recall": 1.0, "f1-score": 0.35294117647058826, "support": 12}, "2": {"precision": 0.0, "recall": 0.0, "f1-score": 0.0, "support": 8}, "3": {"precision": 0.0, "recall": 0.0, "f1-score": 0.0, "support": 9}, "4": {"precision": 0.0, "recall": 0.0, "f1-score": 0.0, "support": 12}, "5": {"precision": 0.0, "recall": 0.0, "f1-score": 0.0, "support": 5}, "6": {"precision": 0.0, "recall": 0.0, "f1-score": 0.0, "support": 3}, "7": {"precision": 0.0, "recall": 0.0, "f1-score": 0.0, "support": 1}, "accuracy": 0.21428571428571427, "macro avg": {"precision": 0.026785714285714284, "recall": 0.125, "f1-score": 0.04411764705882353, "support": 56}, "weighted avg": {"precision": 0.04591836734693877, "recall": 0.21428571428571427, "f1-score": 0.07563025210084033, "support": 56}}}, "test": {"report": {"0": {"precision": 0.0, "recall": 0.0, "f1-score": 0.0, "support": 1}, "1": {"precision": 0.14285714285714285, "recall": 1.0, "f1-score": 0.25, "support": 1}, "2": {"precision": 0.0, "recall": 0.0, "f1-score": 0.0, "support": 1}, "4": {"precision": 0.0, "recall": 0.0, "f1-score": 0.0, "support": 2}, "7": {"precision": 0.0, "recall": 0.0, "f1-score": 0.0, "support": 2}, "accuracy": 0.14285714285714285, "macro avg": {"precision": 0.02857142857142857, "recall": 0.2, "f1-score": 0.05, "support": 7}, "weighted avg": {"precision": 0.02040816326530612, "recall": 0.14285714285714285, "f1-score": 0.03571428571428571, "support": 7}}}}