{"feature_name": "Obligatory_Double_Negation", "feature_id": "143B", "k": 1, "train": {"report": {"0": {"precision": 0.0, "recall": 0.0, "f1-score": 0.0, "support": 6}, "1": {"precision": 0.0, "recall": 0.0, "f1-score": 0.0, "support": 3}, "2": {"precision": 0.4090909090909091, "recall": 1.0, "f1-score": 0.5806451612903226, "support": 9}, "4": {"precision": 0.0, "recall": 0.0, "f1-score": 0.0, "support": 1}, "7": {"precision": 0.0, "recall": 0.0, "f1-score": 0.0, "support": 1}, "9": {"precision": 0.0, "recall": 0.0, "f1-score": 0.0, "support": 1}, "13": {"precision": 0.0, "recall": 0.0, "f1-score": 0.0, "support": 1}, "accuracy": 0.4090909090909091, "macro avg": {"precision": 0.05844155844155845, "recall": 0.14285714285714285, "f1-score": 0.08294930875576037, "support": 22}, "weighted avg": {"precision": 0.16735537190082647, "recall": 0.4090909090909091, "f1-score": 0.23753665689149564, "support": 22}}}, "dev": {"report": {"0": {"precision": 0.0, "recall": 0.0, "f1-score": 0.0, "support": 6}, "1": {"precision": 0.0, "recall": 0.0, "f1-score": 0.0, "support": 3}, "2": {"precision": 0.4090909090909091, "recall": 1.0, "f1-score": 0.5806451612903226, "support": 9}, "4": {"precision": 0.0, "recall": 0.0, "f1-score": 0.0, "support": 1}, "7": {"precision": 0.0, "recall": 0.0, "f1-score": 0.0, "support": 1}, "9": {"precision": 0.0, "recall": 0.0, "f1-score": 0.0, "support": 1}, "13": {"precision": 0.0, "recall": 0.0, "f1-score": 0.0, "support": 1}, "accuracy": 0.4090909090909091, "macro avg": {"precision": 0.05844155844155845, "recall": 0.14285714285714285, "f1-score": 0.08294930875576037, "support": 22}, "weighted avg": {"precision": 0.16735537190082647, "recall": 0.4090909090909091, "f1-score": 0.23753665689149564, "support": 22}}}, "test": {"report": {"1": {"precision": 0.0, "recall": 0.0, "f1-score": 0.0, "support": 1.0}, "2": {"precision": 0.0, "recall": 0.0, "f1-score": 0.0, "support": 0.0}, "3": {"precision": 0.0, "recall": 0.0, "f1-score": 0.0, "support": 1.0}, "12": {"precision": 0.0, "recall": 0.0, "f1-score": 0.0, "support": 1.0}, "accuracy": 0.0, "macro avg": {"precision": 0.0, "recall": 0.0, "f1-score": 0.0, "support": 3.0}, "weighted avg": {"precision": 0.0, "recall": 0.0, "f1-score": 0.0, "support": 3.0}}}}