{"feature_name": "Position_of_Polar_Question_Particles", "feature_id": "92A", "k": 2, "train": {"report": {"0": {"precision": 0.37272727272727274, "recall": 1.0, "f1-score": 0.543046357615894, "support": 82}, "1": {"precision": 0.0, "recall": 0.0, "f1-score": 0.0, "support": 72}, "2": {"precision": 0.0, "recall": 0.0, "f1-score": 0.0, "support": 35}, "3": {"precision": 0.0, "recall": 0.0, "f1-score": 0.0, "support": 16}, "4": {"precision": 0.0, "recall": 0.0, "f1-score": 0.0, "support": 12}, "5": {"precision": 0.0, "recall": 0.0, "f1-score": 0.0, "support": 3}, "accuracy": 0.37272727272727274, "macro avg": {"precision": 0.062121212121212126, "recall": 0.16666666666666666, "f1-score": 0.09050772626931568, "support": 220}, "weighted avg": {"precision": 0.13892561983471075, "recall": 0.37272727272727274, "f1-score": 0.20240818783865142, "support": 220}}}, "dev": {"report": {"0": {"precision": 0.37272727272727274, "recall": 1.0, "f1-score": 0.543046357615894, "support": 82}, "1": {"precision": 0.0, "recall": 0.0, "f1-score": 0.0, "support": 72}, "2": {"precision": 0.0, "recall": 0.0, "f1-score": 0.0, "support": 35}, "3": {"precision": 0.0, "recall": 0.0, "f1-score": 0.0, "support": 16}, "4": {"precision": 0.0, "recall": 0.0, "f1-score": 0.0, "support": 12}, "5": {"precision": 0.0, "recall": 0.0, "f1-score": 0.0, "support": 3}, "accuracy": 0.37272727272727274, "macro avg": {"precision": 0.062121212121212126, "recall": 0.16666666666666666, "f1-score": 0.09050772626931568, "support": 220}, "weighted avg": {"precision": 0.13892561983471075, "recall": 0.37272727272727274, "f1-score": 0.20240818783865142, "support": 220}}}, "test": {"report": {"0": {"precision": 0.4230769230769231, "recall": 1.0, "f1-score": 0.5945945945945945, "support": 11}, "1": {"precision": 0.0, "recall": 0.0, "f1-score": 0.0, "support": 5}, "2": {"precision": 0.0, "recall": 0.0, "f1-score": 0.0, "support": 8}, "3": {"precision": 0.0, "recall": 0.0, "f1-score": 0.0, "support": 2}, "accuracy": 0.4230769230769231, "macro avg": {"precision": 0.10576923076923077, "recall": 0.25, "f1-score": 0.14864864864864863, "support": 26}, "weighted avg": {"precision": 0.1789940828402367, "recall": 0.4230769230769231, "f1-score": 0.2515592515592515, "support": 26}}}}