{"feature_name": "Genitives,_Adjectives_and_Relative_Clauses", "feature_id": "60A", "k": 8, "train": {"report": {"0": {"precision": 0.5428571428571428, "recall": 1.0, "f1-score": 0.7037037037037037, "support": 19}, "1": {"precision": 0.0, "recall": 0.0, "f1-score": 0.0, "support": 8}, "2": {"precision": 0.0, "recall": 0.0, "f1-score": 0.0, "support": 3}, "3": {"precision": 0.0, "recall": 0.0, "f1-score": 0.0, "support": 4}, "4": {"precision": 0.0, "recall": 0.0, "f1-score": 0.0, "support": 1}, "accuracy": 0.5428571428571428, "macro avg": {"precision": 0.10857142857142857, "recall": 0.2, "f1-score": 0.14074074074074075, "support": 35}, "weighted avg": {"precision": 0.2946938775510204, "recall": 0.5428571428571428, "f1-score": 0.382010582010582, "support": 35}}}, "dev": {"report": {"0": {"precision": 0.5428571428571428, "recall": 1.0, "f1-score": 0.7037037037037037, "support": 19}, "1": {"precision": 0.0, "recall": 0.0, "f1-score": 0.0, "support": 8}, "2": {"precision": 0.0, "recall": 0.0, "f1-score": 0.0, "support": 3}, "3": {"precision": 0.0, "recall": 0.0, "f1-score": 0.0, "support": 4}, "4": {"precision": 0.0, "recall": 0.0, "f1-score": 0.0, "support": 1}, "accuracy": 0.5428571428571428, "macro avg": {"precision": 0.10857142857142857, "recall": 0.2, "f1-score": 0.14074074074074075, "support": 35}, "weighted avg": {"precision": 0.2946938775510204, "recall": 0.5428571428571428, "f1-score": 0.382010582010582, "support": 35}}}, "test": {"report": {"0": {"precision": 0.0, "recall": 0.0, "f1-score": 0.0, "support": 0.0}, "1": {"precision": 0.0, "recall": 0.0, "f1-score": 0.0, "support": 3.0}, "4": {"precision": 0.0, "recall": 0.0, "f1-score": 0.0, "support": 1.0}, "accuracy": 0.0, "macro avg": {"precision": 0.0, "recall": 0.0, "f1-score": 0.0, "support": 4.0}, "weighted avg": {"precision": 0.0, "recall": 0.0, "f1-score": 0.0, "support": 4.0}}}}