{"feature_name": "Tea", "feature_id": "138A", "k": 6, "train": {"report": {"0": {"precision": 0.5571428571428572, "recall": 1.0, "f1-score": 0.7155963302752294, "support": 39}, "1": {"precision": 0.0, "recall": 0.0, "f1-score": 0.0, "support": 26}, "2": {"precision": 0.0, "recall": 0.0, "f1-score": 0.0, "support": 5}, "accuracy": 0.5571428571428572, "macro avg": {"precision": 0.18571428571428572, "recall": 0.3333333333333333, "f1-score": 0.23853211009174313, "support": 70}, "weighted avg": {"precision": 0.3104081632653061, "recall": 0.5571428571428572, "f1-score": 0.398689384010485, "support": 70}}}, "dev": {"report": {"0": {"precision": 0.5571428571428572, "recall": 1.0, "f1-score": 0.7155963302752294, "support": 39}, "1": {"precision": 0.0, "recall": 0.0, "f1-score": 0.0, "support": 26}, "2": {"precision": 0.0, "recall": 0.0, "f1-score": 0.0, "support": 5}, "accuracy": 0.5571428571428572, "macro avg": {"precision": 0.18571428571428572, "recall": 0.3333333333333333, "f1-score": 0.23853211009174313, "support": 70}, "weighted avg": {"precision": 0.3104081632653061, "recall": 0.5571428571428572, "f1-score": 0.398689384010485, "support": 70}}}, "test": {"report": {"0": {"precision": 0.5555555555555556, "recall": 1.0, "f1-score": 0.7142857142857143, "support": 5}, "1": {"precision": 0.0, "recall": 0.0, "f1-score": 0.0, "support": 3}, "2": {"precision": 0.0, "recall": 0.0, "f1-score": 0.0, "support": 1}, "accuracy": 0.5555555555555556, "macro avg": {"precision": 0.1851851851851852, "recall": 0.3333333333333333, "f1-score": 0.2380952380952381, "support": 9}, "weighted avg": {"precision": 0.30864197530864196, "recall": 0.5555555555555556, "f1-score": 0.39682539682539686, "support": 9}}}}