{"feature_name": "Vowel_Quality_Inventories", "feature_id": "2A", "k": 9, "train": {"report": {"0": {"precision": 0.6, "recall": 1.0, "f1-score": 0.7499999999999999, "support": 87}, "1": {"precision": 0.0, "recall": 0.0, "f1-score": 0.0, "support": 40}, "2": {"precision": 0.0, "recall": 0.0, "f1-score": 0.0, "support": 18}, "accuracy": 0.6, "macro avg": {"precision": 0.19999999999999998, "recall": 0.3333333333333333, "f1-score": 0.24999999999999997, "support": 145}, "weighted avg": {"precision": 0.36, "recall": 0.6, "f1-score": 0.4499999999999999, "support": 145}}}, "dev": {"report": {"0": {"precision": 0.6, "recall": 1.0, "f1-score": 0.7499999999999999, "support": 87}, "1": {"precision": 0.0, "recall": 0.0, "f1-score": 0.0, "support": 40}, "2": {"precision": 0.0, "recall": 0.0, "f1-score": 0.0, "support": 18}, "accuracy": 0.6, "macro avg": {"precision": 0.19999999999999998, "recall": 0.3333333333333333, "f1-score": 0.24999999999999997, "support": 145}, "weighted avg": {"precision": 0.36, "recall": 0.6, "f1-score": 0.4499999999999999, "support": 145}}}, "test": {"report": {"0": {"precision": 0.4117647058823529, "recall": 1.0, "f1-score": 0.5833333333333334, "support": 7}, "1": {"precision": 0.0, "recall": 0.0, "f1-score": 0.0, "support": 10}, "accuracy": 0.4117647058823529, "macro avg": {"precision": 0.20588235294117646, "recall": 0.5, "f1-score": 0.2916666666666667, "support": 17}, "weighted avg": {"precision": 0.1695501730103806, "recall": 0.4117647058823529, "f1-score": 0.24019607843137258, "support": 17}}}}