{"feature_name": "M_in_First_Person_Singular", "feature_id": "136B", "epoch": 0, "train": {"report": {"0": {"precision": 0.8018867924528302, "recall": 0.7522123893805309, "f1-score": 0.776255707762557, "support": 113}, "1": {"precision": 0.5483870967741935, "recall": 0.6181818181818182, "f1-score": 0.5811965811965812, "support": 55}, "accuracy": 0.7083333333333334, "macro avg": {"precision": 0.6751369446135118, "recall": 0.6851971037811746, "f1-score": 0.6787261444795691, "support": 168}, "weighted avg": {"precision": 0.7188958206532765, "recall": 0.7083333333333334, "f1-score": 0.7123970651367911, "support": 168}}, "loss": "0.5820387", "lang_embeds": ["fra", "nab", "mig", "jiv", "tur", "ote", "ind", "chd", "sll", "wnu", "sag", "ell", "nuy", "tsz", "kpw", "laj", "naq", "qvi", "plt", "fub", "eus", "aey", "amp", "dgz", "apu", "hun", "auc", "mzh", "tzj", "deu", "khk", "amh", "kwi", "hau", "hix", "mto", "huv", "fin", "caq", "yad", "spp", "tlf", "yor", "swh", "spa", "zul", "jpn", "gym", "yaq", "bsn", "kor", "top", "pes", "miq", "ape", "cbs", "sua", "rus", "mph", "ses", "ood", "pad", "tgl"], "lang_embeds_length": 63, "lang_length": 63}, "dev": {"report": {"0": {"precision": 1.0, "recall": 1.0, "f1-score": 1.0, "support": 5}, "1": {"precision": 1.0, "recall": 1.0, "f1-score": 1.0, "support": 2}, "accuracy": 1.0, "macro avg": {"precision": 1.0, "recall": 1.0, "f1-score": 1.0, "support": 7}, "weighted avg": {"precision": 1.0, "recall": 1.0, "f1-score": 1.0, "support": 7}}, "loss": "0.35064214", "lang_embeds": ["naq", "top", "ape", "sag", "ood", "tzj", "khk"], "lang_embeds_length": 7, "lang_length": 7}, "test": {"report": {"0": {"precision": 0.0, "recall": 0.0, "f1-score": 0.0, "support": 5}, "1": {"precision": 0.16666666666666666, "recall": 0.5, "f1-score": 0.25, "support": 2}, "accuracy": 0.14285714285714285, "macro avg": {"precision": 0.08333333333333333, "recall": 0.25, "f1-score": 0.125, "support": 7}, "weighted avg": {"precision": 0.047619047619047616, "recall": 0.14285714285714285, "f1-score": 0.07142857142857142, "support": 7}}, "acc": 0.1428571492433548, "lang_embeds": ["arn", "hin", "fij", "vie", "mya", "lug", "tyv"], "lang_embeds_length": 7, "lang_length": 7}, "test_zs": {"report": {"0": {"precision": 0.0, "recall": 0.0, "f1-score": 0.0, "support": 5}, "1": {"precision": 0.2857142857142857, "recall": 1.0, "f1-score": 0.4444444444444445, "support": 2}, "accuracy": 0.2857142857142857, "macro avg": {"precision": 0.14285714285714285, "recall": 0.5, "f1-score": 0.22222222222222224, "support": 7}, "weighted avg": {"precision": 0.08163265306122448, "recall": 0.2857142857142857, "f1-score": 0.126984126984127, "support": 7}}, "acc": 0.2857142984867096, "lang_embeds": [], "lang_embeds_length": 0, "lang_length": 7}}