{"feature_name": "Alignment_of_Case_Marking_of_Pronouns", "feature_id": "99A", "epoch": 0, "train": {"report": {"0": {"precision": 0.75, "recall": 0.6144578313253012, "f1-score": 0.6754966887417218, "support": 83}, "1": {"precision": 0.6808510638297872, "recall": 0.5, "f1-score": 0.5765765765765766, "support": 64}, "2": {"precision": 0.5, "recall": 0.7272727272727273, "f1-score": 0.5925925925925926, "support": 11}, "3": {"precision": 0.08333333333333333, "recall": 0.3333333333333333, "f1-score": 0.13333333333333333, "support": 3}, "4": {"precision": 0.125, "recall": 0.3333333333333333, "f1-score": 0.18181818181818182, "support": 3}, "5": {"precision": 0.0, "recall": 0.0, "f1-score": 0.0, "support": 0}, "6": {"precision": 0.14285714285714285, "recall": 0.5, "f1-score": 0.22222222222222224, "support": 2}, "accuracy": 0.5662650602409639, "macro avg": {"precision": 0.3260059342886091, "recall": 0.42977103218067075, "f1-score": 0.34029137075494686, "support": 166}, "weighted avg": {"precision": 0.676115556450727, "recall": 0.5662650602409639, "f1-score": 0.6076839974390441, "support": 166}}, "loss": "1.4296559", "lang_embeds": ["fra", "hin", "bzd", "vie", "mri", "mig", "tur", "wnu", "ind", "sag", "ell", "ibo", "sue", "shp", "lbj", "nuy", "nhg", "kpw", "laj", "qvi", "naq", "eus", "plt", "dgz", "aey", "apu", "ewe", "hun", "mzh", "deu", "hau", "kwi", "khk", "hix", "cle", "sja", "djk", "pma", "fin", "spp", "yad", "ses", "yor", "swh", "spa", "zul", "jpn", "yaq", "bsn", "kor", "niy", "esu", "khm", "car", "pes", "ape", "rus", "mph", "btx", "urb", "pad", "tgl"], "lang_embeds_length": 62, "lang_length": 62}, "dev": {"report": {"0": {"precision": 1.0, "recall": 1.0, "f1-score": 1.0, "support": 4}, "1": {"precision": 1.0, "recall": 1.0, "f1-score": 1.0, "support": 1}, "2": {"precision": 1.0, "recall": 1.0, "f1-score": 1.0, "support": 1}, "accuracy": 1.0, "macro avg": {"precision": 1.0, "recall": 1.0, "f1-score": 1.0, "support": 6}, "weighted avg": {"precision": 1.0, "recall": 1.0, "f1-score": 1.0, "support": 6}}, "loss": "0.7961735", "lang_embeds": ["esu", "kpw", "mig", "dgz", "ewe", "shp"], "lang_embeds_length": 6, "lang_length": 6}, "test": {"report": {"0": {"precision": 0.5, "recall": 0.5, "f1-score": 0.5, "support": 2}, "1": {"precision": 0.5, "recall": 0.25, "f1-score": 0.3333333333333333, "support": 4}, "2": {"precision": 0.0, "recall": 0.0, "f1-score": 0.0, "support": 0}, "accuracy": 0.3333333333333333, "macro avg": {"precision": 0.3333333333333333, "recall": 0.25, "f1-score": 0.27777777777777773, "support": 6}, "weighted avg": {"precision": 0.5, "recall": 0.3333333333333333, "f1-score": 0.38888888888888884, "support": 6}}, "acc": 0.3333333432674408, "lang_embeds": ["tha", "arn", "hye", "mya", "lav", "gle"], "lang_embeds_length": 6, "lang_length": 6}, "test_zs": {"report": {"0": {"precision": 0.0, "recall": 0.0, "f1-score": 0.0, "support": 2.0}, "1": {"precision": 0.0, "recall": 0.0, "f1-score": 0.0, "support": 4.0}, "4": {"precision": 0.0, "recall": 0.0, "f1-score": 0.0, "support": 0.0}, "accuracy": 0.0, "macro avg": {"precision": 0.0, "recall": 0.0, "f1-score": 0.0, "support": 6.0}, "weighted avg": {"precision": 0.0, "recall": 0.0, "f1-score": 0.0, "support": 6.0}}, "acc": 0.0, "lang_embeds": [], "lang_embeds_length": 0, "lang_length": 6}}