{"feature_name": "Pronominal_and_Adnominal_Demonstratives", "feature_id": "42A", "epoch": 0, "train": {"report": {"0": {"precision": 0.6715328467153284, "recall": 0.8288288288288288, "f1-score": 0.7419354838709676, "support": 111}, "1": {"precision": 0.25, "recall": 0.15384615384615385, "f1-score": 0.1904761904761905, "support": 26}, "2": {"precision": 0.0, "recall": 0.0, "f1-score": 0.0, "support": 25}, "accuracy": 0.5925925925925926, "macro avg": {"precision": 0.30717761557177614, "recall": 0.32755832755832753, "f1-score": 0.3108038914490527, "support": 162}, "weighted avg": {"precision": 0.5002478147247004, "recall": 0.5925925925925926, "f1-score": 0.538933454704064, "support": 162}}, "loss": "1.4905138", "lang_embeds": [], "lang_embeds_length": 0, "lang_length": 60}, "dev": {"report": {"0": {"precision": 1.0, "recall": 1.0, "f1-score": 1.0, "support": 6}, "accuracy": 1.0, "macro avg": {"precision": 1.0, "recall": 1.0, "f1-score": 1.0, "support": 6}, "weighted avg": {"precision": 1.0, "recall": 1.0, "f1-score": 1.0, "support": 6}}, "loss": "0.25020146", "lang_embeds": [], "lang_embeds_length": 0, "lang_length": 6}, "test": {"report": {"0": {"precision": 0.7142857142857143, "recall": 1.0, "f1-score": 0.8333333333333333, "support": 5}, "1": {"precision": 0.0, "recall": 0.0, "f1-score": 0.0, "support": 2}, "accuracy": 0.7142857142857143, "macro avg": {"precision": 0.35714285714285715, "recall": 0.5, "f1-score": 0.41666666666666663, "support": 7}, "weighted avg": {"precision": 0.5102040816326531, "recall": 0.7142857142857143, "f1-score": 0.5952380952380951, "support": 7}}, "acc": 0.7142857313156128, "lang_embeds": [], "lang_embeds_length": 0, "lang_length": 7}, "test_zs": {"report": {"0": {"precision": 0.7142857142857143, "recall": 1.0, "f1-score": 0.8333333333333333, "support": 5}, "1": {"precision": 0.0, "recall": 0.0, "f1-score": 0.0, "support": 2}, "accuracy": 0.7142857142857143, "macro avg": {"precision": 0.35714285714285715, "recall": 0.5, "f1-score": 0.41666666666666663, "support": 7}, "weighted avg": {"precision": 0.5102040816326531, "recall": 0.7142857142857143, "f1-score": 0.5952380952380951, "support": 7}}, "acc": 0.7142857313156128, "lang_embeds": [], "lang_embeds_length": 0, "lang_length": 7}}