{"feature_name": "Purpose_Clauses", "feature_id": "125A", "epoch": 0, "train": {"report": {"0": {"precision": 0.5802469135802469, "recall": 0.8103448275862069, "f1-score": 0.6762589928057554, "support": 58}, "1": {"precision": 0.0, "recall": 0.0, "f1-score": 0.0, "support": 18}, "2": {"precision": 0.15384615384615385, "recall": 0.09090909090909091, "f1-score": 0.1142857142857143, "support": 22}, "accuracy": 0.5, "macro avg": {"precision": 0.2446976891421336, "recall": 0.3004179728317659, "f1-score": 0.26351490236382324, "support": 98}, "weighted avg": {"precision": 0.37794833032928277, "recall": 0.5, "f1-score": 0.4258908907859135, "support": 98}}, "loss": "2.0995512", "lang_embeds": [], "lang_embeds_length": 0, "lang_length": 55}, "dev": {"report": {"0": {"precision": 0.8333333333333334, "recall": 1.0, "f1-score": 0.9090909090909091, "support": 5}, "1": {"precision": 0.0, "recall": 0.0, "f1-score": 0.0, "support": 1}, "accuracy": 0.8333333333333334, "macro avg": {"precision": 0.4166666666666667, "recall": 0.5, "f1-score": 0.45454545454545453, "support": 6}, "weighted avg": {"precision": 0.6944444444444445, "recall": 0.8333333333333334, "f1-score": 0.7575757575757575, "support": 6}}, "loss": "0.7992398", "lang_embeds": [], "lang_embeds_length": 0, "lang_length": 6}, "test": {"report": {"0": {"precision": 0.5, "recall": 1.0, "f1-score": 0.6666666666666666, "support": 3}, "1": {"precision": 0.0, "recall": 0.0, "f1-score": 0.0, "support": 2}, "2": {"precision": 0.0, "recall": 0.0, "f1-score": 0.0, "support": 1}, "accuracy": 0.5, "macro avg": {"precision": 0.16666666666666666, "recall": 0.3333333333333333, "f1-score": 0.2222222222222222, "support": 6}, "weighted avg": {"precision": 0.25, "recall": 0.5, "f1-score": 0.3333333333333333, "support": 6}}, "acc": 0.5, "lang_embeds": [], "lang_embeds_length": 0, "lang_length": 6}, "test_zs": {"report": {"0": {"precision": 0.5, "recall": 1.0, "f1-score": 0.6666666666666666, "support": 3}, "1": {"precision": 0.0, "recall": 0.0, "f1-score": 0.0, "support": 2}, "2": {"precision": 0.0, "recall": 0.0, "f1-score": 0.0, "support": 1}, "accuracy": 0.5, "macro avg": {"precision": 0.16666666666666666, "recall": 0.3333333333333333, "f1-score": 0.2222222222222222, "support": 6}, "weighted avg": {"precision": 0.25, "recall": 0.5, "f1-score": 0.3333333333333333, "support": 6}}, "acc": 0.5, "lang_embeds": [], "lang_embeds_length": 0, "lang_length": 6}}