{"feature_name": "Internally-headed_relative_clauses", "feature_id": "90D", "epoch": 0, "train": {"report": {"0": {"precision": 0.38461538461538464, "recall": 0.5555555555555556, "f1-score": 0.4545454545454546, "support": 27}, "1": {"precision": 0.2777777777777778, "recall": 0.25, "f1-score": 0.2631578947368421, "support": 20}, "2": {"precision": 0.4, "recall": 0.18181818181818182, "f1-score": 0.25000000000000006, "support": 11}, "4": {"precision": 0.16666666666666666, "recall": 0.125, "f1-score": 0.14285714285714288, "support": 16}, "accuracy": 0.32432432432432434, "macro avg": {"precision": 0.30726495726495734, "recall": 0.27809343434343436, "f1-score": 0.27764012303485985, "support": 74}, "weighted avg": {"precision": 0.31090321090321094, "recall": 0.32432432432432434, "f1-score": 0.3050216142321405, "support": 74}}, "loss": "2.4577675", "lang_embeds": [], "lang_embeds_length": 0, "lang_length": 14}, "dev": {"report": {"0": {"precision": 1.0, "recall": 1.0, "f1-score": 1.0, "support": 1}, "accuracy": 1.0, "macro avg": {"precision": 1.0, "recall": 1.0, "f1-score": 1.0, "support": 1}, "weighted avg": {"precision": 1.0, "recall": 1.0, "f1-score": 1.0, "support": 1}}, "loss": "1.064256", "lang_embeds": [], "lang_embeds_length": 0, "lang_length": 1}, "test": {"report": {"0": {"precision": 0.0, "recall": 0.0, "f1-score": 0.0, "support": 0.0}, "2": {"precision": 0.0, "recall": 0.0, "f1-score": 0.0, "support": 2.0}, "accuracy": 0.0, "macro avg": {"precision": 0.0, "recall": 0.0, "f1-score": 0.0, "support": 2.0}, "weighted avg": {"precision": 0.0, "recall": 0.0, "f1-score": 0.0, "support": 2.0}}, "acc": 0.0, "lang_embeds": [], "lang_embeds_length": 0, "lang_length": 2}, "test_zs": {"report": {"0": {"precision": 0.0, "recall": 0.0, "f1-score": 0.0, "support": 0.0}, "2": {"precision": 0.0, "recall": 0.0, "f1-score": 0.0, "support": 2.0}, "accuracy": 0.0, "macro avg": {"precision": 0.0, "recall": 0.0, "f1-score": 0.0, "support": 2.0}, "weighted avg": {"precision": 0.0, "recall": 0.0, "f1-score": 0.0, "support": 2.0}}, "acc": 0.0, "lang_embeds": [], "lang_embeds_length": 0, "lang_length": 2}}