{"feature_name": "Case_Syncretism", "feature_id": "28A", "epoch": 0, "train": {"report": {"0": {"precision": 0.6212121212121212, "recall": 0.703862660944206, "f1-score": 0.659959758551308, "support": 233}, "1": {"precision": 0.14285714285714285, "recall": 0.11320754716981132, "f1-score": 0.12631578947368421, "support": 53}, "2": {"precision": 0.11363636363636363, "recall": 0.11904761904761904, "f1-score": 0.11627906976744186, "support": 42}, "3": {"precision": 0.0, "recall": 0.0, "f1-score": 0.0, "support": 26}, "accuracy": 0.4943502824858757, "macro avg": {"precision": 0.21942640692640694, "recall": 0.2340294567904091, "f1-score": 0.2256386544481085, "support": 354}, "weighted avg": {"precision": 0.44374740137452007, "recall": 0.4943502824858757, "f1-score": 0.46708780088924456, "support": 354}}, "loss": "1.9135498", "lang_embeds": [], "lang_embeds_length": 0, "lang_length": 66}, "dev": {"report": {"0": {"precision": 1.0, "recall": 1.0, "f1-score": 1.0, "support": 7}, "accuracy": 1.0, "macro avg": {"precision": 1.0, "recall": 1.0, "f1-score": 1.0, "support": 7}, "weighted avg": {"precision": 1.0, "recall": 1.0, "f1-score": 1.0, "support": 7}}, "loss": "0.27897307", "lang_embeds": [], "lang_embeds_length": 0, "lang_length": 7}, "test": {"report": {"0": {"precision": 0.42857142857142855, "recall": 1.0, "f1-score": 0.6, "support": 3}, "2": {"precision": 0.0, "recall": 0.0, "f1-score": 0.0, "support": 3}, "3": {"precision": 0.0, "recall": 0.0, "f1-score": 0.0, "support": 1}, "accuracy": 0.42857142857142855, "macro avg": {"precision": 0.14285714285714285, "recall": 0.3333333333333333, "f1-score": 0.19999999999999998, "support": 7}, "weighted avg": {"precision": 0.18367346938775508, "recall": 0.42857142857142855, "f1-score": 0.2571428571428571, "support": 7}}, "acc": 0.4285714328289032, "lang_embeds": [], "lang_embeds_length": 0, "lang_length": 7}, "test_zs": {"report": {"0": {"precision": 0.42857142857142855, "recall": 1.0, "f1-score": 0.6, "support": 3}, "2": {"precision": 0.0, "recall": 0.0, "f1-score": 0.0, "support": 3}, "3": {"precision": 0.0, "recall": 0.0, "f1-score": 0.0, "support": 1}, "accuracy": 0.42857142857142855, "macro avg": {"precision": 0.14285714285714285, "recall": 0.3333333333333333, "f1-score": 0.19999999999999998, "support": 7}, "weighted avg": {"precision": 0.18367346938775508, "recall": 0.42857142857142855, "f1-score": 0.2571428571428571, "support": 7}}, "acc": 0.4285714328289032, "lang_embeds": [], "lang_embeds_length": 0, "lang_length": 7}}