{"feature_name": "Order_of_Adjective_and_Noun", "feature_id": "87A", "epoch": 0, "train": {"report": {"0": {"precision": 0.796078431372549, "recall": 0.8757549611734253, "f1-score": 0.8340180772391126, "support": 1159}, "1": {"precision": 0.7283236994219653, "recall": 0.5550660792951542, "f1-score": 0.63, "support": 454}, "2": {"precision": 0.6424242424242425, "recall": 0.48847926267281105, "f1-score": 0.5549738219895287, "support": 217}, "3": {"precision": 0.0, "recall": 0.0, "f1-score": 0.0, "support": 0}, "accuracy": 0.7502732240437159, "macro avg": {"precision": 0.5417065933046892, "recall": 0.4798250757853476, "f1-score": 0.5047479748071604, "support": 1830}, "weighted avg": {"precision": 0.7610491377619767, "recall": 0.7502732240437159, "f1-score": 0.750314902126699, "support": 1830}}, "loss": "0.6399749", "lang_embeds": ["arb", "ind", "nse", "sag", "hop", "amn", "aey", "kac", "tmd", "apu", "fon", "lif", "tbc", "yor", "apr", "moc", "amr", "lcm", "rus", "pad", "plu", "wnu", "lww", "cub", "kyz", "abt", "mqy", "hla", "xbi", "kms", "tsz", "ong", "apt", "djr", "yle", "khk", "faa", "pam", "bsn", "amk", "tvk", "izz", "mph", "car", "ood", "crn", "tac", "qvh", "awb", "nbc", "tui", "gbr", "sja", "mrg", "okv", "pma", "fin", "caq", "dis", "wim", "maq", "jpn", "ncj", "mpm", "zav", "mva", "kmo", "kwd", "usa", "aoj", "njo", "ndi", "sue", "laj", "ilb", "viv", "ura", "snn", "njz", "agg", "amh", "spp", "ann", "nbl", "snc", "bem", "mua", "cav", "ntp", "trc", "cme", "mbb", "snf", "xsi", "ibo", "shp", "nak", "stp", "taq", "iba", "nyn", "mvn", "auc", "dow", "tee", "seh", "tha", "fij", "cnh", "duo", "nmf", "niy", "xsr", "ape", "mya", "nko", "bqc", "ssw", "wrk", "nuy", "lhu", "kmh", "pbb", "csy", "yrb", "cle", "nhu", "hye", "nzm", "tsg", "lav", "emp", "alp", "apy", "tna", "amm", "gle", "kin", "mig", "cab", "mcf", "apn", "aom", "pag", "lbj", "naq", "acn", "dgz", "ach", "hun", "som", "mpt", "ncl", "swh", "kde", "zai", "gah", "cbi", "pes", "miq", "btx", "bul", "ppo", "kue", "kbh", "xpe", "cco", "trp", "mcn", "too", "djk", "pao", "rwo", "ary", "mcb", "khm", "gvn", "xho", "hto", "sll", "ell", "spl", "tbl", "yao", "bcl", "qvi", "agd", "mna", "ycn", "agt", "guc", "ksf", "bdh", "yad", "tlf", "kor", "mio", "adj", "zpq", "ghs", "sot", "tgl", "arn", "ssd", "mri", "vie", "huu", "ote", "for", "adz", "geb", "sna", "mib", "kki", "gym", "mmn", "tpt", "tbo", "kpx", "cap", "sat", "ewe", "mzh", "sba", "hau", "nas", "adi", "tuo", "toi", "hin", "aca", "ptp", "jiv", "chf", "wed", "cak", "gub", "kpj", "nhg", "chq", "ese", "amp", "teo", "nob", "mxp", "opm", "bhg", "pol", "tfr", "cpa", "zul", "esu", "coe", "yaa", "sps", "zaw", "lac", "sua", "myb", "ses", "des", "nav", "var", "pib", "urt", "nnb", "mam", "fub", "plt", "huv", "kwi", "hix", "nld", "bom", "yaq", "yuj", "aia", "gvf", "kto", "mjw", "emi", "cui", "snp", "sey", "deu", "byr", "mcp", "cbr", "urd", "tnc", "spa", "ctd", "naf", "mkd", "est", "mhx", "tob", "gmv", "fra", "kup", "njb", "bzd", "mie", "lol", "avt", "srq", "hus", "cao", "ven", "xed", "plg", "bvr", "bci", "bsc", "ctp", "uig", "kbp", "cof", "mos", "mek", "mil", "tur", "tbg", "cbc", "gso", "kpw", "etr", "nya", "eus", "lam", "mco", "tzj", "nsn", "nst", "mbc", "hil", "ndo", "sbe", "urb"], "lang_embeds_length": 339, "lang_length": 339}, "dev": {"report": {"0": {"precision": 1.0, "recall": 1.0, "f1-score": 1.0, "support": 19}, "1": {"precision": 1.0, "recall": 1.0, "f1-score": 1.0, "support": 13}, "2": {"precision": 1.0, "recall": 1.0, "f1-score": 1.0, "support": 2}, "accuracy": 1.0, "macro avg": {"precision": 1.0, "recall": 1.0, "f1-score": 1.0, "support": 34}, "weighted avg": {"precision": 1.0, "recall": 1.0, "f1-score": 1.0, "support": 34}}, "loss": "0.16758186", "lang_embeds": ["nav", "pib", "ote", "qvh", "mcf", "avt", "cub", "kms", "kpw", "laj", "qvi", "taq", "ilb", "sat", "nyn", "agt", "som", "njz", "bhg", "pma", "lif", "ncl", "yor", "nzm", "bsn", "cbi", "mhx", "kmo", "gmv", "ape", "tuo", "kpx", "car", "plu"], "lang_embeds_length": 34, "lang_length": 34}, "test": {"report": {"0": {"precision": 0.5652173913043478, "recall": 0.65, "f1-score": 0.6046511627906976, "support": 20}, "1": {"precision": 0.42857142857142855, "recall": 0.2, "f1-score": 0.27272727272727276, "support": 15}, "2": {"precision": 0.0, "recall": 0.0, "f1-score": 0.0, "support": 0}, "accuracy": 0.45714285714285713, "macro avg": {"precision": 0.3312629399585921, "recall": 0.2833333333333334, "f1-score": 0.29245947850599013, "support": 35}, "weighted avg": {"precision": 0.5066548358473824, "recall": 0.45714285714285713, "f1-score": 0.4623980670492299, "support": 35}}, "acc": 0.4571428596973419, "lang_embeds": ["ron", "bel", "mai", "kgp", "gla", "tyv", "lit", "tet", "ukr", "por", "kik", "slv", "cat", "cor", "smo", "ilo", "lus", "bre", "lug", "cym", "swe", "wbp", "ckb", "dan", "nep", "nog", "tat", "tih", "ton", "che", "ita", "ces", "tgk", "ium", "tam"], "lang_embeds_length": 35, "lang_length": 35}, "test_zs": {"report": {"0": {"precision": 0.0, "recall": 0.0, "f1-score": 0.0, "support": 20.0}, "1": {"precision": 0.0, "recall": 0.0, "f1-score": 0.0, "support": 15.0}, "3": {"precision": 0.0, "recall": 0.0, "f1-score": 0.0, "support": 0.0}, "accuracy": 0.0, "macro avg": {"precision": 0.0, "recall": 0.0, "f1-score": 0.0, "support": 35.0}, "weighted avg": {"precision": 0.0, "recall": 0.0, "f1-score": 0.0, "support": 35.0}}, "acc": 0.0, "lang_embeds": [], "lang_embeds_length": 0, "lang_length": 35}}