{"feature_name": "Adjectives_without_Nouns", "feature_id": "61A", "epoch": 0, "train": {"report": {"0": {"precision": 0.6363636363636364, "recall": 0.8571428571428571, "f1-score": 0.7304347826086957, "support": 49}, "1": {"precision": 0.0, "recall": 0.0, "f1-score": 0.0, "support": 10}, "2": {"precision": 0.0, "recall": 0.0, "f1-score": 0.0, "support": 2}, "3": {"precision": 0.0, "recall": 0.0, "f1-score": 0.0, "support": 1}, "4": {"precision": 0.0, "recall": 0.0, "f1-score": 0.0, "support": 6}, "5": {"precision": 0.0, "recall": 0.0, "f1-score": 0.0, "support": 6}, "6": {"precision": 0.0, "recall": 0.0, "f1-score": 0.0, "support": 0}, "accuracy": 0.5675675675675675, "macro avg": {"precision": 0.09090909090909091, "recall": 0.12244897959183673, "f1-score": 0.10434782608695652, "support": 74}, "weighted avg": {"precision": 0.42137592137592134, "recall": 0.5675675675675675, "f1-score": 0.48366627497062276, "support": 74}}, "loss": "2.796172", "lang_embeds": [], "lang_embeds_length": 0, "lang_length": 42}, "dev": {"report": {"0": {"precision": 1.0, "recall": 1.0, "f1-score": 1.0, "support": 5}, "accuracy": 1.0, "macro avg": {"precision": 1.0, "recall": 1.0, "f1-score": 1.0, "support": 5}, "weighted avg": {"precision": 1.0, "recall": 1.0, "f1-score": 1.0, "support": 5}}, "loss": "0.6686876", "lang_embeds": [], "lang_embeds_length": 0, "lang_length": 5}, "test": {"report": {"0": {"precision": 0.4, "recall": 1.0, "f1-score": 0.5714285714285715, "support": 2}, "1": {"precision": 0.0, "recall": 0.0, "f1-score": 0.0, "support": 3}, "accuracy": 0.4, "macro avg": {"precision": 0.2, "recall": 0.5, "f1-score": 0.28571428571428575, "support": 5}, "weighted avg": {"precision": 0.16, "recall": 0.4, "f1-score": 0.2285714285714286, "support": 5}}, "acc": 0.4000000059604645, "lang_embeds": [], "lang_embeds_length": 0, "lang_length": 5}, "test_zs": {"report": {"0": {"precision": 0.4, "recall": 1.0, "f1-score": 0.5714285714285715, "support": 2}, "1": {"precision": 0.0, "recall": 0.0, "f1-score": 0.0, "support": 3}, "accuracy": 0.4, "macro avg": {"precision": 0.2, "recall": 0.5, "f1-score": 0.28571428571428575, "support": 5}, "weighted avg": {"precision": 0.16, "recall": 0.4, "f1-score": 0.2285714285714286, "support": 5}}, "acc": 0.4000000059604645, "lang_embeds": [], "lang_embeds_length": 0, "lang_length": 5}}