{"feature_name": "Indefinite_Articles", "feature_id": "38A", "epoch": 0, "train": {"report": {"0": {"precision": 0.740484429065744, "recall": 0.740484429065744, "f1-score": 0.740484429065744, "support": 289}, "1": {"precision": 0.655367231638418, "recall": 0.6783625730994152, "f1-score": 0.6666666666666666, "support": 171}, "2": {"precision": 0.7079646017699115, "recall": 0.6153846153846154, "f1-score": 0.6584362139917695, "support": 130}, "3": {"precision": 0.5897435897435898, "recall": 0.6052631578947368, "f1-score": 0.5974025974025974, "support": 114}, "4": {"precision": 0.375, "recall": 0.46875, "f1-score": 0.4166666666666667, "support": 32}, "accuracy": 0.6711956521739131, "macro avg": {"precision": 0.6137119704435328, "recall": 0.6216489550889023, "f1-score": 0.6159313147586889, "support": 736}, "weighted avg": {"precision": 0.6757254946617217, "recall": 0.6711956521739131, "f1-score": 0.6726004582284775, "support": 736}}, "loss": "1.0097122", "lang_embeds": ["ron", "xho", "ntp", "trc", "ind", "hto", "xsi", "snf", "ell", "shp", "azb", "stp", "qvi", "mam", "iba", "amn", "plt", "kac", "aey", "apu", "fon", "dow", "tee", "tha", "kwi", "nld", "hix", "smo", "fij", "bom", "lif", "yad", "yor", "cnh", "yaq", "kor", "adj", "niy", "ape", "mya", "lcm", "rus", "pad", "plu", "arn", "aia", "nko", "gvf", "ssd", "mri", "mjw", "lww", "abt", "nuy", "lhu", "xbi", "tsz", "lit", "pbb", "csy", "snp", "deu", "khk", "cle", "urd", "cbr", "nhu", "tnc", "hye", "spa", "ctd", "lav", "alp", "naf", "est", "mhx", "apy", "amk", "tpt", "izz", "tna", "ood", "gle", "fra", "tac", "ceb", "mig", "qvh", "avt", "hus", "lbj", "cao", "srq", "naq", "sat", "dgz", "ewe", "hun", "som", "nbc", "mzh", "sba", "hau", "gbr", "sja", "mpt", "plg", "pma", "fin", "caq", "maq", "jpn", "nas", "gah", "zai", "nso", "mpm", "mva", "miq", "kmo", "tuo", "btx", "hin", "aoj", "mos", "nab", "ppo", "njo", "mil", "tur", "chf", "nhg", "kpw", "laj", "cco", "eus", "nob", "amp", "teo", "mcn", "tzj", "agg", "amh", "bhg", "wib", "djk", "pol", "spp", "ann", "pao", "cpa", "zul", "nbl", "swe", "mbc", "esu", "ary", "sps", "sbe", "sua", "ndo", "ita", "ses", "urb"], "lang_embeds_length": 164, "lang_length": 164}, "dev": {"report": {"0": {"precision": 1.0, "recall": 1.0, "f1-score": 1.0, "support": 7}, "1": {"precision": 1.0, "recall": 1.0, "f1-score": 1.0, "support": 2}, "2": {"precision": 1.0, "recall": 1.0, "f1-score": 1.0, "support": 3}, "3": {"precision": 1.0, "recall": 1.0, "f1-score": 1.0, "support": 1}, "4": {"precision": 1.0, "recall": 1.0, "f1-score": 1.0, "support": 3}, "accuracy": 1.0, "macro avg": {"precision": 1.0, "recall": 1.0, "f1-score": 1.0, "support": 16}, "weighted avg": {"precision": 1.0, "recall": 1.0, "f1-score": 1.0, "support": 16}}, "loss": "0.4627635", "lang_embeds": ["gah", "zai", "tac", "ary", "wib", "kpw", "nab", "spp", "teo", "hto", "tuo", "pao", "ctd", "zul", "dow", "shp"], "lang_embeds_length": 16, "lang_length": 16}, "test": {"report": {"0": {"precision": 0.8, "recall": 0.6666666666666666, "f1-score": 0.7272727272727272, "support": 6}, "1": {"precision": 0.0, "recall": 0.0, "f1-score": 0.0, "support": 3}, "2": {"precision": 1.0, "recall": 0.75, "f1-score": 0.8571428571428571, "support": 4}, "3": {"precision": 0.0, "recall": 0.0, "f1-score": 0.0, "support": 3}, "4": {"precision": 0.0, "recall": 0.0, "f1-score": 0.0, "support": 1}, "accuracy": 0.4117647058823529, "macro avg": {"precision": 0.36, "recall": 0.2833333333333333, "f1-score": 0.3168831168831169, "support": 17}, "weighted avg": {"precision": 0.5176470588235295, "recall": 0.4117647058823529, "f1-score": 0.45836516424751717, "support": 17}}, "acc": 0.4117647111415863, "lang_embeds": ["dan", "tat", "ckb", "tet", "ton", "ukr", "lus", "por", "gla", "che", "bre", "ces", "cor", "tgk", "cym", "cat", "tyv"], "lang_embeds_length": 17, "lang_length": 17}, "test_zs": {"report": {"0": {"precision": 0.0, "recall": 0.0, "f1-score": 0.0, "support": 6}, "1": {"precision": 0.0, "recall": 0.0, "f1-score": 0.0, "support": 3}, "2": {"precision": 0.23529411764705882, "recall": 1.0, "f1-score": 0.38095238095238093, "support": 4}, "3": {"precision": 0.0, "recall": 0.0, "f1-score": 0.0, "support": 3}, "4": {"precision": 0.0, "recall": 0.0, "f1-score": 0.0, "support": 1}, "accuracy": 0.23529411764705882, "macro avg": {"precision": 0.047058823529411764, "recall": 0.2, "f1-score": 0.07619047619047618, "support": 17}, "weighted avg": {"precision": 0.05536332179930796, "recall": 0.23529411764705882, "f1-score": 0.0896358543417367, "support": 17}}, "acc": 0.23529411852359772, "lang_embeds": [], "lang_embeds_length": 0, "lang_length": 17}}