{"feature_name": "Finger_and_Hand", "feature_id": "130A", "epoch": 0, "train": {"report": {"0": {"precision": 0.9566854990583804, "recall": 0.9825918762088974, "f1-score": 0.9694656488549618, "support": 517}, "1": {"precision": 0.0, "recall": 0.0, "f1-score": 0.0, "support": 23}, "accuracy": 0.9407407407407408, "macro avg": {"precision": 0.4783427495291902, "recall": 0.4912959381044487, "f1-score": 0.4847328244274809, "support": 540}, "weighted avg": {"precision": 0.9159377833577457, "recall": 0.9407407407407407, "f1-score": 0.928173593440769, "support": 540}}, "loss": "0.29246688", "lang_embeds": [], "lang_embeds_length": 0, "lang_length": 200}, "dev": {"report": {"0": {"precision": 1.0, "recall": 1.0, "f1-score": 1.0, "support": 20}, "accuracy": 1.0, "macro avg": {"precision": 1.0, "recall": 1.0, "f1-score": 1.0, "support": 20}, "weighted avg": {"precision": 1.0, "recall": 1.0, "f1-score": 1.0, "support": 20}}, "loss": "0.009612704", "lang_embeds": [], "lang_embeds_length": 0, "lang_length": 20}, "test": {"report": {"0": {"precision": 0.95, "recall": 1.0, "f1-score": 0.9743589743589743, "support": 19}, "1": {"precision": 0.0, "recall": 0.0, "f1-score": 0.0, "support": 1}, "accuracy": 0.95, "macro avg": {"precision": 0.475, "recall": 0.5, "f1-score": 0.48717948717948717, "support": 20}, "weighted avg": {"precision": 0.9025000000000001, "recall": 0.95, "f1-score": 0.9256410256410256, "support": 20}}, "acc": 0.949999988079071, "lang_embeds": [], "lang_embeds_length": 0, "lang_length": 20}, "test_zs": {"report": {"0": {"precision": 0.95, "recall": 1.0, "f1-score": 0.9743589743589743, "support": 19}, "1": {"precision": 0.0, "recall": 0.0, "f1-score": 0.0, "support": 1}, "accuracy": 0.95, "macro avg": {"precision": 0.475, "recall": 0.5, "f1-score": 0.48717948717948717, "support": 20}, "weighted avg": {"precision": 0.9025000000000001, "recall": 0.95, "f1-score": 0.9256410256410256, "support": 20}}, "acc": 0.949999988079071, "lang_embeds": [], "lang_embeds_length": 0, "lang_length": 20}}