{"feature_name": "Imperative-Hortative_Systems", "feature_id": "72A", "epoch": 0, "train": {"report": {"0": {"precision": 0.5423728813559322, "recall": 0.5333333333333333, "f1-score": 0.5378151260504201, "support": 60}, "1": {"precision": 0.3055555555555556, "recall": 0.275, "f1-score": 0.2894736842105263, "support": 40}, "2": {"precision": 0.0, "recall": 0.0, "f1-score": 0.0, "support": 8}, "3": {"precision": 0.2, "recall": 0.4, "f1-score": 0.26666666666666666, "support": 5}, "accuracy": 0.39823008849557523, "macro avg": {"precision": 0.26198210922787196, "recall": 0.30208333333333337, "f1-score": 0.2734888692319033, "support": 113}, "weighted avg": {"precision": 0.4049964168458244, "recall": 0.39823008849557523, "f1-score": 0.3998335244670761, "support": 113}}, "loss": "3.0298743", "lang_embeds": [], "lang_embeds_length": 0, "lang_length": 113}, "dev": {"report": {"0": {"precision": 0.5384615384615384, "recall": 1.0, "f1-score": 0.7000000000000001, "support": 7}, "1": {"precision": 0.0, "recall": 0.0, "f1-score": 0.0, "support": 5}, "2": {"precision": 0.0, "recall": 0.0, "f1-score": 0.0, "support": 1}, "accuracy": 0.5384615384615384, "macro avg": {"precision": 0.1794871794871795, "recall": 0.3333333333333333, "f1-score": 0.23333333333333336, "support": 13}, "weighted avg": {"precision": 0.28994082840236685, "recall": 0.5384615384615384, "f1-score": 0.37692307692307697, "support": 13}}, "loss": "0.91618633", "lang_embeds": [], "lang_embeds_length": 0, "lang_length": 13}, "test": {"report": {"0": {"precision": 0.7857142857142857, "recall": 1.0, "f1-score": 0.88, "support": 11}, "1": {"precision": 0.0, "recall": 0.0, "f1-score": 0.0, "support": 3}, "accuracy": 0.7857142857142857, "macro avg": {"precision": 0.39285714285714285, "recall": 0.5, "f1-score": 0.44, "support": 14}, "weighted avg": {"precision": 0.6173469387755102, "recall": 0.7857142857142857, "f1-score": 0.6914285714285714, "support": 14}}, "acc": 0.7857142686843872, "lang_embeds": [], "lang_embeds_length": 0, "lang_length": 14}, "test_zs": {"report": {"0": {"precision": 0.7857142857142857, "recall": 1.0, "f1-score": 0.88, "support": 11}, "1": {"precision": 0.0, "recall": 0.0, "f1-score": 0.0, "support": 3}, "accuracy": 0.7857142857142857, "macro avg": {"precision": 0.39285714285714285, "recall": 0.5, "f1-score": 0.44, "support": 14}, "weighted avg": {"precision": 0.6173469387755102, "recall": 0.7857142857142857, "f1-score": 0.6914285714285714, "support": 14}}, "acc": 0.7857142686843872, "lang_embeds": [], "lang_embeds_length": 0, "lang_length": 14}}