{"feature_name": "Postverbal_Negative_Morphemes", "feature_id": "143F", "epoch": 0, "train": {"report": {"0": {"precision": 0.5425759520753102, "recall": 0.7959824231010671, "f1-score": 0.6452926208651398, "support": 1593}, "1": {"precision": 0.2903930131004367, "recall": 0.16419753086419753, "f1-score": 0.20977917981072555, "support": 810}, "2": {"precision": 0.0975609756097561, "recall": 0.030131826741996232, "f1-score": 0.04604316546762589, "support": 531}, "3": {"precision": 0.09090909090909091, "recall": 0.027777777777777776, "f1-score": 0.0425531914893617, "support": 36}, "accuracy": 0.47744107744107744, "macro avg": {"precision": 0.25535975792364846, "recall": 0.25452238962125967, "f1-score": 0.23591703940821324, "support": 2970}, "weighted avg": {"precision": 0.3887607533969126, "recall": 0.47744107744107744, "f1-score": 0.4120717563777043, "support": 2970}}, "loss": "1.2815812", "lang_embeds": [], "lang_embeds_length": 0, "lang_length": 330}, "dev": {"report": {"0": {"precision": 0.45454545454545453, "recall": 1.0, "f1-score": 0.625, "support": 15}, "1": {"precision": 0.0, "recall": 0.0, "f1-score": 0.0, "support": 11}, "2": {"precision": 0.0, "recall": 0.0, "f1-score": 0.0, "support": 7}, "accuracy": 0.45454545454545453, "macro avg": {"precision": 0.15151515151515152, "recall": 0.3333333333333333, "f1-score": 0.20833333333333334, "support": 33}, "weighted avg": {"precision": 0.2066115702479339, "recall": 0.45454545454545453, "f1-score": 0.2840909090909091, "support": 33}}, "loss": "1.2805675", "lang_embeds": [], "lang_embeds_length": 0, "lang_length": 33}, "test": {"report": {"0": {"precision": 0.696969696969697, "recall": 1.0, "f1-score": 0.8214285714285715, "support": 23}, "1": {"precision": 0.0, "recall": 0.0, "f1-score": 0.0, "support": 3}, "2": {"precision": 0.0, "recall": 0.0, "f1-score": 0.0, "support": 7}, "accuracy": 0.696969696969697, "macro avg": {"precision": 0.23232323232323235, "recall": 0.3333333333333333, "f1-score": 0.27380952380952384, "support": 33}, "weighted avg": {"precision": 0.4857667584940312, "recall": 0.696969696969697, "f1-score": 0.5725108225108226, "support": 33}}, "acc": 0.6969696879386902, "lang_embeds": [], "lang_embeds_length": 0, "lang_length": 33}, "test_zs": {"report": {"0": {"precision": 0.696969696969697, "recall": 1.0, "f1-score": 0.8214285714285715, "support": 23}, "1": {"precision": 0.0, "recall": 0.0, "f1-score": 0.0, "support": 3}, "2": {"precision": 0.0, "recall": 0.0, "f1-score": 0.0, "support": 7}, "accuracy": 0.696969696969697, "macro avg": {"precision": 0.23232323232323235, "recall": 0.3333333333333333, "f1-score": 0.27380952380952384, "support": 33}, "weighted avg": {"precision": 0.4857667584940312, "recall": 0.696969696969697, "f1-score": 0.5725108225108226, "support": 33}}, "acc": 0.6969696879386902, "lang_embeds": [], "lang_embeds_length": 0, "lang_length": 33}}