{"feature_name": "Weight-Sensitive_Stress", "feature_id": "15A", "epoch": 0, "train": {"report": {"0": {"precision": 0.8357664233576643, "recall": 0.7363344051446945, "f1-score": 0.7829059829059829, "support": 311}, "1": {"precision": 0.6881720430107527, "recall": 0.7272727272727273, "f1-score": 0.7071823204419889, "support": 88}, "2": {"precision": 0.5666666666666667, "recall": 0.5230769230769231, "f1-score": 0.5439999999999999, "support": 65}, "3": {"precision": 0.6551724137931034, "recall": 0.6129032258064516, "f1-score": 0.6333333333333333, "support": 31}, "4": {"precision": 0.48484848484848486, "recall": 0.5714285714285714, "f1-score": 0.5245901639344263, "support": 28}, "5": {"precision": 0.40625, "recall": 0.65, "f1-score": 0.5000000000000001, "support": 20}, "6": {"precision": 0.38095238095238093, "recall": 0.6153846153846154, "f1-score": 0.47058823529411764, "support": 13}, "7": {"precision": 0.0, "recall": 0.0, "f1-score": 0.0, "support": 0}, "accuracy": 0.6888489208633094, "macro avg": {"precision": 0.5022285515786316, "recall": 0.554550058514248, "f1-score": 0.5203250044887311, "support": 556}, "weighted avg": {"precision": 0.7271210685939531, "recall": 0.6888489208633094, "f1-score": 0.7041642263758571, "support": 556}}, "loss": "1.0699056", "lang_embeds": ["des", "ron", "cav", "pib", "ind", "xsi", "kaq", "ell", "spl", "hop", "kje", "bcl", "shp", "stp", "qvi", "mam", "plt", "aey", "apu", "ptu", "auc", "cjo", "cat", "nld", "hix", "fij", "jic", "yaq", "aii", "ape", "mqj", "rus", "pad", "tgl", "arn", "aia", "ssd", "mri", "agu", "wnu", "poh", "for", "cub", "wrk", "mqy", "nuy", "tsz", "lit", "sda", "yle", "deu", "khk", "cle", "hye", "spa", "lex", "bre", "lav", "alp", "cym", "quc", "mkd", "est", "tzo", "tbo", "tvk", "inb", "wer", "mph", "tna", "car", "gle", "fra", "ceb", "gla", "avt", "hus", "wmt", "por", "dhg", "hun", "mzh", "blz", "sja", "pma", "fin", "kgk", "leu", "bvr", "swh", "rro", "mbt", "mva", "pes", "miq", "nwi", "quy", "kwd", "btx", "hin", "nab", "aca", "tur", "tiy", "nhg", "kpw", "laj", "nob", "amp", "ese", "ons", "djk", "pol", "spp", "zul", "swe", "mbc", "esu", "nep", "khm", "prs", "gvn", "ita", "urb"], "lang_embeds_length": 124, "lang_length": 124}, "dev": {"report": {"0": {"precision": 1.0, "recall": 1.0, "f1-score": 1.0, "support": 9}, "1": {"precision": 1.0, "recall": 1.0, "f1-score": 1.0, "support": 1}, "3": {"precision": 1.0, "recall": 1.0, "f1-score": 1.0, "support": 1}, "6": {"precision": 1.0, "recall": 1.0, "f1-score": 1.0, "support": 1}, "accuracy": 1.0, "macro avg": {"precision": 1.0, "recall": 1.0, "f1-score": 1.0, "support": 12}, "weighted avg": {"precision": 1.0, "recall": 1.0, "f1-score": 1.0, "support": 12}}, "loss": "0.28151393", "lang_embeds": ["nhg", "ons", "kpw", "prs", "pib", "mbt", "amp", "swh", "dhg", "tna", "hop", "yle"], "lang_embeds_length": 12, "lang_length": 12}, "test": {"report": {"0": {"precision": 0.4444444444444444, "recall": 0.5, "f1-score": 0.47058823529411764, "support": 8}, "1": {"precision": 0.0, "recall": 0.0, "f1-score": 0.0, "support": 2}, "2": {"precision": 0.0, "recall": 0.0, "f1-score": 0.0, "support": 1}, "4": {"precision": 0.0, "recall": 0.0, "f1-score": 0.0, "support": 1}, "6": {"precision": 0.0, "recall": 0.0, "f1-score": 0.0, "support": 2}, "accuracy": 0.2857142857142857, "macro avg": {"precision": 0.08888888888888888, "recall": 0.1, "f1-score": 0.09411764705882353, "support": 14}, "weighted avg": {"precision": 0.25396825396825395, "recall": 0.2857142857142857, "f1-score": 0.2689075630252101, "support": 14}}, "acc": 0.2857142984867096, "lang_embeds": ["dan", "ban", "ben", "mai", "ton", "fao", "tgk", "snd", "ces", "slv", "jav", "wbp", "slk", "cor"], "lang_embeds_length": 14, "lang_length": 14}, "test_zs": {"report": {"0": {"precision": 0.0, "recall": 0.0, "f1-score": 0.0, "support": 8.0}, "1": {"precision": 0.0, "recall": 0.0, "f1-score": 0.0, "support": 2.0}, "2": {"precision": 0.0, "recall": 0.0, "f1-score": 0.0, "support": 1.0}, "3": {"precision": 0.0, "recall": 0.0, "f1-score": 0.0, "support": 0.0}, "4": {"precision": 0.0, "recall": 0.0, "f1-score": 0.0, "support": 1.0}, "6": {"precision": 0.0, "recall": 0.0, "f1-score": 0.0, "support": 2.0}, "accuracy": 0.0, "macro avg": {"precision": 0.0, "recall": 0.0, "f1-score": 0.0, "support": 14.0}, "weighted avg": {"precision": 0.0, "recall": 0.0, "f1-score": 0.0, "support": 14.0}}, "acc": 0.0, "lang_embeds": [], "lang_embeds_length": 0, "lang_length": 14}}