{"feature_name": "Order_of_Object,_Oblique,_and_Verb", "feature_id": "84A", "epoch": 0, "train": {"report": {"0": {"precision": 0.5414781297134238, "recall": 0.7872807017543859, "f1-score": 0.6416443252904378, "support": 456}, "1": {"precision": 0.17647058823529413, "recall": 0.07547169811320754, "f1-score": 0.10572687224669604, "support": 159}, "2": {"precision": 0.21978021978021978, "recall": 0.18867924528301888, "f1-score": 0.20304568527918782, "support": 106}, "3": {"precision": 0.0, "recall": 0.0, "f1-score": 0.0, "support": 68}, "4": {"precision": 0.0, "recall": 0.0, "f1-score": 0.0, "support": 54}, "accuracy": 0.4638196915776987, "macro avg": {"precision": 0.18754578754578755, "recall": 0.21028632903012245, "f1-score": 0.19008337656326435, "support": 843}, "weighted avg": {"precision": 0.3538191624856896, "recall": 0.4638196915776987, "f1-score": 0.39255424396116045, "support": 843}}, "loss": "1.8345264", "lang_embeds": [], "lang_embeds_length": 0, "lang_length": 134}, "dev": {"report": {"0": {"precision": 0.7692307692307693, "recall": 1.0, "f1-score": 0.8695652173913044, "support": 10}, "1": {"precision": 0.0, "recall": 0.0, "f1-score": 0.0, "support": 1}, "2": {"precision": 0.0, "recall": 0.0, "f1-score": 0.0, "support": 1}, "3": {"precision": 0.0, "recall": 0.0, "f1-score": 0.0, "support": 1}, "accuracy": 0.7692307692307693, "macro avg": {"precision": 0.19230769230769232, "recall": 0.25, "f1-score": 0.2173913043478261, "support": 13}, "weighted avg": {"precision": 0.591715976331361, "recall": 0.7692307692307693, "f1-score": 0.6688963210702342, "support": 13}}, "loss": "0.88997257", "lang_embeds": [], "lang_embeds_length": 0, "lang_length": 13}, "test": {"report": {"0": {"precision": 0.5, "recall": 1.0, "f1-score": 0.6666666666666666, "support": 7}, "1": {"precision": 0.0, "recall": 0.0, "f1-score": 0.0, "support": 4}, "2": {"precision": 0.0, "recall": 0.0, "f1-score": 0.0, "support": 3}, "accuracy": 0.5, "macro avg": {"precision": 0.16666666666666666, "recall": 0.3333333333333333, "f1-score": 0.2222222222222222, "support": 14}, "weighted avg": {"precision": 0.25, "recall": 0.5, "f1-score": 0.3333333333333333, "support": 14}}, "acc": 0.5, "lang_embeds": [], "lang_embeds_length": 0, "lang_length": 14}, "test_zs": {"report": {"0": {"precision": 0.5, "recall": 1.0, "f1-score": 0.6666666666666666, "support": 7}, "1": {"precision": 0.0, "recall": 0.0, "f1-score": 0.0, "support": 4}, "2": {"precision": 0.0, "recall": 0.0, "f1-score": 0.0, "support": 3}, "accuracy": 0.5, "macro avg": {"precision": 0.16666666666666666, "recall": 0.3333333333333333, "f1-score": 0.2222222222222222, "support": 14}, "weighted avg": {"precision": 0.25, "recall": 0.5, "f1-score": 0.3333333333333333, "support": 14}}, "acc": 0.5, "lang_embeds": [], "lang_embeds_length": 0, "lang_length": 14}}