{"feature_name": "Postverbal_Negative_Morphemes", "feature_id": "143F", "epoch": 0, "train": {"report": {"0": {"precision": 0.8214876033057851, "recall": 0.8882931188561215, "f1-score": 0.8535852297123229, "support": 1119}, "1": {"precision": 0.7805343511450382, "recall": 0.7226148409893993, "f1-score": 0.7504587155963304, "support": 566}, "2": {"precision": 0.803448275862069, "recall": 0.6297297297297297, "f1-score": 0.7060606060606059, "support": 370}, "3": {"precision": 0.21818181818181817, "recall": 0.5, "f1-score": 0.3037974683544304, "support": 24}, "accuracy": 0.7926887926887927, "macro avg": {"precision": 0.6559130121236777, "recall": 0.6851594223938127, "f1-score": 0.6534755049309223, "support": 2079}, "weighted avg": {"precision": 0.8001632018049997, "recall": 0.7926887926887927, "f1-score": 0.7929076808843399, "support": 2079}}, "loss": "0.5800535", "lang_embeds": ["arb", "ind", "nse", "sag", "hop", "azb", "amn", "aey", "tmd", "kac", "apu", "fon", "lif", "tbc", "yor", "apr", "moc", "rus", "pad", "ign", "wnu", "cbu", "lww", "cub", "kyz", "abt", "hla", "xbi", "kms", "tsz", "ong", "apt", "djr", "khk", "enx", "bsn", "tso", "amk", "mbj", "izz", "mph", "car", "ood", "tac", "qvh", "awb", "nbc", "tui", "gbr", "sja", "mrg", "okv", "pma", "fin", "caq", "dis", "wim", "maq", "jpn", "mva", "kmo", "kwd", "usa", "aoj", "nab", "njo", "xav", "sue", "laj", "ilb", "viv", "ura", "snn", "agg", "njz", "amh", "spp", "ann", "nbl", "snc", "mua", "ntp", "cme", "trc", "mbb", "xsi", "snf", "shp", "nak", "taq", "iba", "nyn", "yon", "auc", "dow", "tee", "tha", "fij", "cnh", "mcd", "duo", "niy", "nmf", "bmr", "xsr", "ape", "mya", "nko", "bqc", "ssw", "wrk", "nuy", "lhu", "rim", "pbb", "csy", "yrb", "cle", "nhu", "hye", "nzm", "tsg", "lav", "emp", "alp", "apy", "tna", "gle", "kin", "mig", "hch", "cab", "aom", "pag", "txu", "lbj", "naq", "dgz", "oym", "ach", "hun", "som", "mpt", "ncl", "swh", "kde", "zai", "gah", "nso", "cbi", "miq", "pes", "btx", "bul", "kue", "kbh", "cco", "trp", "mcn", "cax", "djk", "pao", "rwo", "ary", "mcb", "khm", "gvn", "xho", "hto", "sll", "ell", "tbl", "yao", "qvi", "mna", "agt", "guc", "bdh", "yad", "jic", "kor", "mio", "adj", "zpq", "ghs", "sot", "tgl", "arn", "ssd", "mri", "vie", "ote", "huu", "adz", "geb", "sna", "kki", "gym", "mmn", "tpt", "tbo", "kpx", "acu", "mlp", "poy", "cap", "kyq", "sat", "ewe", "mzh", "sba", "hau", "nas", "adi", "aau", "tuo", "toi", "hin", "aca", "ptp", "jiv", "chf", "wed", "gub", "cak", "nhg", "chq", "nob", "amp", "teo", "ese", "mxp", "opm", "ons", "pol", "tfr", "cpa", "zul", "esu", "sps", "zaw", "lac", "yaa", "sua", "myb", "ses", "des", "nav", "var", "urt", "nnb", "mam", "plt", "fub", "huv", "kwi", "hix", "nld", "bom", "apw", "yaq", "yuj", "aia", "gvf", "bum", "kto", "mjw", "poe", "emi", "kbc", "cui", "snp", "deu", "mcp", "urd", "cbr", "tnc", "spa", "ctd", "naf", "mkd", "est", "mhx", "tob", "tzo", "fra", "kup", "njb", "bzd", "kvn", "mie", "noa", "avt", "hus", "wmt", "cao", "ven", "poi", "xed", "suk", "plg", "bvr", "bci", "uig", "ctp", "kbp", "cof", "pwg", "mos", "mek", "mil", "tue", "tur", "tbg", "cbc", "gso", "kpw", "nya", "eus", "mco", "tzj", "wib", "rkb", "nsn", "mbc", "hil", "top", "sbe", "ndo", "urb"], "lang_embeds_length": 330, "lang_length": 330}, "dev": {"report": {"0": {"precision": 1.0, "recall": 1.0, "f1-score": 1.0, "support": 18}, "1": {"precision": 1.0, "recall": 1.0, "f1-score": 1.0, "support": 8}, "2": {"precision": 1.0, "recall": 1.0, "f1-score": 1.0, "support": 4}, "3": {"precision": 1.0, "recall": 1.0, "f1-score": 1.0, "support": 3}, "accuracy": 1.0, "macro avg": {"precision": 1.0, "recall": 1.0, "f1-score": 1.0, "support": 33}, "weighted avg": {"precision": 1.0, "recall": 1.0, "f1-score": 1.0, "support": 33}}, "loss": "0.15331616", "lang_embeds": ["tac", "njb", "aoj", "mig", "mjw", "aom", "chf", "ssw", "sue", "tbg", "nnb", "hla", "xbi", "ven", "qvi", "amn", "cax", "mco", "dow", "tee", "kwi", "mcp", "bdh", "plg", "pao", "nzm", "zul", "pes", "uig", "gvn", "sua", "kbp", "yuj"], "lang_embeds_length": 33, "lang_length": 33}, "test": {"report": {"0": {"precision": 0.6956521739130435, "recall": 0.6956521739130435, "f1-score": 0.6956521739130435, "support": 23}, "1": {"precision": 0.14285714285714285, "recall": 0.3333333333333333, "f1-score": 0.2, "support": 3}, "2": {"precision": 0.0, "recall": 0.0, "f1-score": 0.0, "support": 7}, "accuracy": 0.5151515151515151, "macro avg": {"precision": 0.2795031055900621, "recall": 0.3429951690821256, "f1-score": 0.2985507246376811, "support": 33}, "weighted avg": {"precision": 0.4978354978354978, "recall": 0.5151515151515151, "f1-score": 0.503030303030303, "support": 33}}, "acc": 0.5151515007019043, "lang_embeds": ["ron", "bel", "mai", "kgp", "gla", "tyv", "lit", "tet", "ukr", "por", "kik", "slv", "cat", "cor", "smo", "lus", "bre", "lug", "cym", "swe", "wbp", "ckb", "dan", "nep", "ben", "tih", "ton", "che", "ita", "ces", "tgk", "ium", "tam"], "lang_embeds_length": 33, "lang_length": 33}, "test_zs": {"report": {"0": {"precision": 0.0, "recall": 0.0, "f1-score": 0.0, "support": 23.0}, "1": {"precision": 0.0, "recall": 0.0, "f1-score": 0.0, "support": 3.0}, "2": {"precision": 0.0, "recall": 0.0, "f1-score": 0.0, "support": 7.0}, "3": {"precision": 0.0, "recall": 0.0, "f1-score": 0.0, "support": 0.0}, "accuracy": 0.0, "macro avg": {"precision": 0.0, "recall": 0.0, "f1-score": 0.0, "support": 33.0}, "weighted avg": {"precision": 0.0, "recall": 0.0, "f1-score": 0.0, "support": 33.0}}, "acc": 0.0, "lang_embeds": [], "lang_embeds_length": 0, "lang_length": 33}}