{"feature_name": "Comitatives_and_Instrumentals", "feature_id": "52A", "epoch": 0, "train": {"report": {"0": {"precision": 0.6881720430107527, "recall": 0.5565217391304348, "f1-score": 0.6153846153846153, "support": 115}, "1": {"precision": 0.3728813559322034, "recall": 0.43137254901960786, "f1-score": 0.4, "support": 51}, "2": {"precision": 0.1875, "recall": 0.3333333333333333, "f1-score": 0.24000000000000005, "support": 18}, "accuracy": 0.5, "macro avg": {"precision": 0.41618446631431877, "recall": 0.44040920716112536, "f1-score": 0.41846153846153844, "support": 184}, "weighted avg": {"precision": 0.5518029027107552, "recall": 0.5, "f1-score": 0.5189632107023412, "support": 184}}, "loss": "1.0201132", "lang_embeds": ["des", "ron", "nav", "var", "trc", "ind", "sll", "sag", "ell", "spl", "bcl", "qvi", "aey", "fon", "huv", "guc", "tha", "hix", "fij", "yua", "lif", "yor", "afr", "yaq", "kor", "niy", "ape", "rus", "kog", "tam", "tgl", "arn", "mri", "poe", "lhu", "tsz", "pbb", "fuv", "sna", "yle", "deu", "khk", "mib", "cle", "mfy", "urd", "hye", "lav", "quc", "bsn", "est", "sus", "inb", "knj", "car", "crn", "gle", "fra", "kin", "hch", "cab", "otm", "gui", "lbj", "ven", "naq", "oym", "ach", "ewe", "hun", "som", "auy", "mzh", "hau", "nhx", "fin", "swh", "maq", "jpn", "zav", "pes", "quy", "tnk", "usa", "hin", "aca", "tur", "tbg", "kpw", "laj", "eus", "ilb", "nob", "amp", "too", "pol", "spp", "srm", "bjr", "esu", "khm", "sbe", "urb"], "lang_embeds_length": 103, "lang_length": 103}, "dev": {"report": {"0": {"precision": 1.0, "recall": 1.0, "f1-score": 1.0, "support": 11}, "accuracy": 1.0, "macro avg": {"precision": 1.0, "recall": 1.0, "f1-score": 1.0, "support": 11}, "weighted avg": {"precision": 1.0, "recall": 1.0, "f1-score": 1.0, "support": 11}}, "loss": "0.48549068", "lang_embeds": ["lhu", "tsz", "kpw", "mfy", "ven", "lif", "oym", "yor", "spl", "yaq", "tbg"], "lang_embeds_length": 11, "lang_length": 11}, "test": {"report": {"0": {"precision": 0.16666666666666666, "recall": 0.3333333333333333, "f1-score": 0.2222222222222222, "support": 3}, "1": {"precision": 0.5, "recall": 0.3333333333333333, "f1-score": 0.4, "support": 6}, "2": {"precision": 0.0, "recall": 0.0, "f1-score": 0.0, "support": 2}, "accuracy": 0.2727272727272727, "macro avg": {"precision": 0.2222222222222222, "recall": 0.2222222222222222, "f1-score": 0.2074074074074074, "support": 11}, "weighted avg": {"precision": 0.3181818181818182, "recall": 0.2727272727272727, "f1-score": 0.2787878787878788, "support": 11}}, "acc": 0.27272728085517883, "lang_embeds": ["dan", "smo", "lit", "ton", "kgp", "por", "ita", "bre", "cym", "swe", "cat"], "lang_embeds_length": 11, "lang_length": 11}, "test_zs": {"report": {"0": {"precision": 0.0, "recall": 0.0, "f1-score": 0.0, "support": 3}, "1": {"precision": 0.0, "recall": 0.0, "f1-score": 0.0, "support": 6}, "2": {"precision": 0.18181818181818182, "recall": 1.0, "f1-score": 0.3076923076923077, "support": 2}, "accuracy": 0.18181818181818182, "macro avg": {"precision": 0.06060606060606061, "recall": 0.3333333333333333, "f1-score": 0.10256410256410257, "support": 11}, "weighted avg": {"precision": 0.03305785123966942, "recall": 0.18181818181818182, "f1-score": 0.055944055944055944, "support": 11}}, "acc": 0.1818181872367859, "lang_embeds": [], "lang_embeds_length": 0, "lang_length": 11}}