{"feature_name": "Rhythm_Types", "feature_id": "17A", "epoch": 0, "train": {"report": {"0": {"precision": 0.8242424242424242, "recall": 0.7640449438202247, "f1-score": 0.7930029154518949, "support": 178}, "1": {"precision": 0.7111111111111111, "recall": 0.7191011235955056, "f1-score": 0.7150837988826815, "support": 89}, "2": {"precision": 0.72, "recall": 0.6428571428571429, "f1-score": 0.6792452830188679, "support": 56}, "3": {"precision": 0.5135135135135135, "recall": 0.59375, "f1-score": 0.5507246376811593, "support": 32}, "4": {"precision": 0.0, "recall": 0.0, "f1-score": 0.0, "support": 0}, "accuracy": 0.7183098591549296, "macro avg": {"precision": 0.5537734097734097, "recall": 0.5439506420545747, "f1-score": 0.5476113270069207, "support": 355}, "weighted avg": {"precision": 0.7514266840464023, "recall": 0.7183098591549296, "f1-score": 0.7336842290305625, "support": 355}}, "loss": "0.9068673", "lang_embeds": ["cav", "pib", "ind", "kaq", "xsi", "ell", "spl", "hop", "kje", "bcl", "stp", "plt", "aey", "apu", "ptu", "auc", "cat", "nld", "hix", "fij", "yaq", "rus", "tgl", "arn", "agu", "poh", "for", "cub", "wrk", "nuy", "lit", "yle", "deu", "khk", "hye", "spa", "lex", "lav", "alp", "mkd", "est", "tbo", "inb", "tvk", "wer", "mph", "tna", "gle", "fra", "ceb", "gla", "hus", "wmt", "hun", "dhg", "mzh", "blz", "fin", "bvr", "leu", "mva", "nwi", "tur", "tiy", "kpw", "ese", "nob", "ons", "pol", "zul", "swe", "mbc", "esu", "khm", "prs", "gvn", "ita", "ces", "urb"], "lang_embeds_length": 79, "lang_length": 79}, "dev": {"report": {"0": {"precision": 1.0, "recall": 1.0, "f1-score": 1.0, "support": 5}, "1": {"precision": 1.0, "recall": 1.0, "f1-score": 1.0, "support": 2}, "3": {"precision": 1.0, "recall": 1.0, "f1-score": 1.0, "support": 1}, "accuracy": 1.0, "macro avg": {"precision": 1.0, "recall": 1.0, "f1-score": 1.0, "support": 8}, "weighted avg": {"precision": 1.0, "recall": 1.0, "f1-score": 1.0, "support": 8}}, "loss": "0.23625165", "lang_embeds": ["nuy", "est", "stp", "poh", "xsi", "zul", "urb", "kje"], "lang_embeds_length": 8, "lang_length": 8}, "test": {"report": {"0": {"precision": 0.6, "recall": 0.6, "f1-score": 0.6, "support": 5}, "1": {"precision": 0.3333333333333333, "recall": 0.5, "f1-score": 0.4, "support": 2}, "2": {"precision": 0.0, "recall": 0.0, "f1-score": 0.0, "support": 2}, "accuracy": 0.4444444444444444, "macro avg": {"precision": 0.3111111111111111, "recall": 0.3666666666666667, "f1-score": 0.3333333333333333, "support": 9}, "weighted avg": {"precision": 0.4074074074074074, "recall": 0.4444444444444444, "f1-score": 0.4222222222222222, "support": 9}}, "acc": 0.4444444477558136, "lang_embeds": ["ben", "mai", "ton", "fao", "slv", "jav", "wbp", "slk", "cor"], "lang_embeds_length": 9, "lang_length": 9}, "test_zs": {"report": {"0": {"precision": 0.0, "recall": 0.0, "f1-score": 0.0, "support": 5.0}, "1": {"precision": 0.0, "recall": 0.0, "f1-score": 0.0, "support": 2.0}, "2": {"precision": 0.0, "recall": 0.0, "f1-score": 0.0, "support": 2.0}, "3": {"precision": 0.0, "recall": 0.0, "f1-score": 0.0, "support": 0.0}, "accuracy": 0.0, "macro avg": {"precision": 0.0, "recall": 0.0, "f1-score": 0.0, "support": 9.0}, "weighted avg": {"precision": 0.0, "recall": 0.0, "f1-score": 0.0, "support": 9.0}}, "acc": 0.0, "lang_embeds": [], "lang_embeds_length": 0, "lang_length": 9}}