{"feature_name": "SNegVO_Order", "feature_id": "144I", "epoch": 0, "train": {"report": {"0": {"precision": 0.6565656565656566, "recall": 0.5909090909090909, "f1-score": 0.6220095693779905, "support": 110}, "1": {"precision": 0.6901408450704225, "recall": 0.6621621621621622, "f1-score": 0.6758620689655171, "support": 148}, "2": {"precision": 0.6029411764705882, "recall": 0.5061728395061729, "f1-score": 0.5503355704697986, "support": 81}, "3": {"precision": 0.5357142857142857, "recall": 0.46875, "f1-score": 0.5, "support": 32}, "4": {"precision": 0.3333333333333333, "recall": 0.5, "f1-score": 0.4, "support": 10}, "5": {"precision": 0.36363636363636365, "recall": 0.7272727272727273, "f1-score": 0.4848484848484849, "support": 11}, "6": {"precision": 0.2, "recall": 0.2857142857142857, "f1-score": 0.23529411764705882, "support": 7}, "7": {"precision": 0.0, "recall": 0.0, "f1-score": 0.0, "support": 0}, "accuracy": 0.5864661654135338, "macro avg": {"precision": 0.42279145759883124, "recall": 0.4676226381955549, "f1-score": 0.4335437264136063, "support": 399}, "weighted avg": {"precision": 0.6242543685788292, "recall": 0.5864661654135338, "f1-score": 0.6015193288305563, "support": 399}}, "loss": "1.3741926", "lang_embeds": ["ron", "xho", "mua", "cme", "ind", "nse", "snf", "urt", "sag", "ell", "xsi", "yao", "nak", "fub", "mna", "nyn", "apu", "fon", "dow", "tee", "tha", "bdh", "nld", "bom", "yor", "apr", "adj", "niy", "moc", "ape", "rus", "pad", "arn", "aia", "nko", "vie", "mri", "lww", "emi", "hla", "xbi", "adz", "rim", "kbc", "ong", "sna", "deu", "mcp", "nhu", "hye", "spa", "lav", "alp", "mkd", "est", "tob", "amk", "izz", "mbj", "mph", "poy", "fra", "kin", "avt", "kyq", "hus", "ven", "poi", "hun", "ewe", "mzh", "sba", "tui", "suk", "hau", "gbr", "plg", "pma", "fin", "ncl", "swh", "kde", "nso", "bci", "kbp", "kwd", "btx", "toi", "bul", "mos", "aca", "ptp", "chf", "gso", "laj", "nya", "ilb", "nob", "teo", "mcn", "tzj", "djk", "pol", "ann", "nsn", "zul", "nbl", "khm", "sps", "sua", "myb"], "lang_embeds_length": 111, "lang_length": 111}, "dev": {"report": {"0": {"precision": 1.0, "recall": 1.0, "f1-score": 1.0, "support": 1}, "1": {"precision": 1.0, "recall": 1.0, "f1-score": 1.0, "support": 6}, "2": {"precision": 1.0, "recall": 1.0, "f1-score": 1.0, "support": 4}, "accuracy": 1.0, "macro avg": {"precision": 1.0, "recall": 1.0, "f1-score": 1.0, "support": 11}, "weighted avg": {"precision": 1.0, "recall": 1.0, "f1-score": 1.0, "support": 11}}, "loss": "0.42916286", "lang_embeds": ["est", "khm", "moc", "sps", "ann", "fon", "kwd", "toi", "kde", "tui", "mkd"], "lang_embeds_length": 11, "lang_length": 11}, "test": {"report": {"0": {"precision": 0.0, "recall": 0.0, "f1-score": 0.0, "support": 0}, "1": {"precision": 0.3333333333333333, "recall": 0.14285714285714285, "f1-score": 0.2, "support": 7}, "2": {"precision": 0.0, "recall": 0.0, "f1-score": 0.0, "support": 3}, "3": {"precision": 0.5, "recall": 1.0, "f1-score": 0.6666666666666666, "support": 1}, "5": {"precision": 0.0, "recall": 0.0, "f1-score": 0.0, "support": 1}, "accuracy": 0.16666666666666666, "macro avg": {"precision": 0.16666666666666666, "recall": 0.22857142857142856, "f1-score": 0.17333333333333334, "support": 12}, "weighted avg": {"precision": 0.23611111111111108, "recall": 0.16666666666666666, "f1-score": 0.17222222222222225, "support": 12}}, "acc": 0.1666666716337204, "lang_embeds": ["dan", "lit", "tet", "ukr", "por", "kik", "ita", "bre", "ces", "slv", "swe", "cat"], "lang_embeds_length": 12, "lang_length": 12}, "test_zs": {"report": {"1": {"precision": 0.0, "recall": 0.0, "f1-score": 0.0, "support": 7}, "2": {"precision": 0.0, "recall": 0.0, "f1-score": 0.0, "support": 3}, "3": {"precision": 0.08333333333333333, "recall": 1.0, "f1-score": 0.15384615384615385, "support": 1}, "5": {"precision": 0.0, "recall": 0.0, "f1-score": 0.0, "support": 1}, "accuracy": 0.08333333333333333, "macro avg": {"precision": 0.020833333333333332, "recall": 0.25, "f1-score": 0.038461538461538464, "support": 12}, "weighted avg": {"precision": 0.006944444444444444, "recall": 0.08333333333333333, "f1-score": 0.012820512820512822, "support": 12}}, "acc": 0.0833333358168602, "lang_embeds": [], "lang_embeds_length": 0, "lang_length": 12}}