{"feature_name": "Subtypes_of_Asymmetric_Standard_Negation", "feature_id": "114A", "epoch": 0, "train": {"report": {"0": {"precision": 0.4293785310734463, "recall": 0.7916666666666666, "f1-score": 0.5567765567765568, "support": 288}, "1": {"precision": 0.18181818181818182, "recall": 0.11920529801324503, "f1-score": 0.144, "support": 151}, "2": {"precision": 0.0, "recall": 0.0, "f1-score": 0.0, "support": 87}, "3": {"precision": 0.1111111111111111, "recall": 0.0196078431372549, "f1-score": 0.03333333333333333, "support": 51}, "4": {"precision": 0.11764705882352941, "recall": 0.04081632653061224, "f1-score": 0.06060606060606061, "support": 49}, "5": {"precision": 0.0, "recall": 0.0, "f1-score": 0.0, "support": 21}, "6": {"precision": 0.0, "recall": 0.0, "f1-score": 0.0, "support": 15}, "accuracy": 0.37613293051359514, "macro avg": {"precision": 0.11999355468946694, "recall": 0.1387565906211113, "f1-score": 0.11353085010227867, "support": 662}, "weighted avg": {"precision": 0.24553917666573652, "recall": 0.37613293051359514, "f1-score": 0.2821228781289204, "support": 662}}, "loss": "2.0883484", "lang_embeds": [], "lang_embeds_length": 0, "lang_length": 92}, "dev": {"report": {"0": {"precision": 0.5555555555555556, "recall": 1.0, "f1-score": 0.7142857142857143, "support": 5}, "2": {"precision": 0.0, "recall": 0.0, "f1-score": 0.0, "support": 1}, "3": {"precision": 0.0, "recall": 0.0, "f1-score": 0.0, "support": 2}, "4": {"precision": 0.0, "recall": 0.0, "f1-score": 0.0, "support": 1}, "accuracy": 0.5555555555555556, "macro avg": {"precision": 0.1388888888888889, "recall": 0.25, "f1-score": 0.17857142857142858, "support": 9}, "weighted avg": {"precision": 0.30864197530864196, "recall": 0.5555555555555556, "f1-score": 0.39682539682539686, "support": 9}}, "loss": "1.5821012", "lang_embeds": [], "lang_embeds_length": 0, "lang_length": 9}, "test": {"report": {"0": {"precision": 0.5, "recall": 1.0, "f1-score": 0.6666666666666666, "support": 5}, "1": {"precision": 0.0, "recall": 0.0, "f1-score": 0.0, "support": 3}, "2": {"precision": 0.0, "recall": 0.0, "f1-score": 0.0, "support": 2}, "accuracy": 0.5, "macro avg": {"precision": 0.16666666666666666, "recall": 0.3333333333333333, "f1-score": 0.2222222222222222, "support": 10}, "weighted avg": {"precision": 0.25, "recall": 0.5, "f1-score": 0.3333333333333333, "support": 10}}, "acc": 0.5, "lang_embeds": [], "lang_embeds_length": 0, "lang_length": 10}, "test_zs": {"report": {"0": {"precision": 0.5, "recall": 1.0, "f1-score": 0.6666666666666666, "support": 5}, "1": {"precision": 0.0, "recall": 0.0, "f1-score": 0.0, "support": 3}, "2": {"precision": 0.0, "recall": 0.0, "f1-score": 0.0, "support": 2}, "accuracy": 0.5, "macro avg": {"precision": 0.16666666666666666, "recall": 0.3333333333333333, "f1-score": 0.2222222222222222, "support": 10}, "weighted avg": {"precision": 0.25, "recall": 0.5, "f1-score": 0.3333333333333333, "support": 10}}, "acc": 0.5, "lang_embeds": [], "lang_embeds_length": 0, "lang_length": 10}}