{"feature_name": "Suppletion_According_to_Tense_and_Aspect", "feature_id": "79A", "epoch": 0, "train": {"report": {"0": {"precision": 0.5263157894736842, "recall": 0.6666666666666666, "f1-score": 0.5882352941176471, "support": 105}, "1": {"precision": 0.2653061224489796, "recall": 0.25, "f1-score": 0.25742574257425743, "support": 52}, "2": {"precision": 0.25, "recall": 0.09090909090909091, "f1-score": 0.13333333333333333, "support": 33}, "3": {"precision": 0.0, "recall": 0.0, "f1-score": 0.0, "support": 11}, "accuracy": 0.42786069651741293, "macro avg": {"precision": 0.26040547798066593, "recall": 0.2518939393939394, "f1-score": 0.24474859250630945, "support": 201}, "weighted avg": {"precision": 0.3846222699606158, "recall": 0.42786069651741293, "f1-score": 0.39577534575231016, "support": 201}}, "loss": "2.0748248", "lang_embeds": [], "lang_embeds_length": 0, "lang_length": 75}, "dev": {"report": {"0": {"precision": 1.0, "recall": 1.0, "f1-score": 1.0, "support": 8}, "accuracy": 1.0, "macro avg": {"precision": 1.0, "recall": 1.0, "f1-score": 1.0, "support": 8}, "weighted avg": {"precision": 1.0, "recall": 1.0, "f1-score": 1.0, "support": 8}}, "loss": "0.8282998", "lang_embeds": [], "lang_embeds_length": 0, "lang_length": 8}, "test": {"report": {"0": {"precision": 0.125, "recall": 1.0, "f1-score": 0.2222222222222222, "support": 1}, "1": {"precision": 0.0, "recall": 0.0, "f1-score": 0.0, "support": 1}, "2": {"precision": 0.0, "recall": 0.0, "f1-score": 0.0, "support": 6}, "accuracy": 0.125, "macro avg": {"precision": 0.041666666666666664, "recall": 0.3333333333333333, "f1-score": 0.07407407407407407, "support": 8}, "weighted avg": {"precision": 0.015625, "recall": 0.125, "f1-score": 0.027777777777777776, "support": 8}}, "acc": 0.125, "lang_embeds": [], "lang_embeds_length": 0, "lang_length": 8}, "test_zs": {"report": {"0": {"precision": 0.125, "recall": 1.0, "f1-score": 0.2222222222222222, "support": 1}, "1": {"precision": 0.0, "recall": 0.0, "f1-score": 0.0, "support": 1}, "2": {"precision": 0.0, "recall": 0.0, "f1-score": 0.0, "support": 6}, "accuracy": 0.125, "macro avg": {"precision": 0.041666666666666664, "recall": 0.3333333333333333, "f1-score": 0.07407407407407407, "support": 8}, "weighted avg": {"precision": 0.015625, "recall": 0.125, "f1-score": 0.027777777777777776, "support": 8}}, "acc": 0.125, "lang_embeds": [], "lang_embeds_length": 0, "lang_length": 8}}