{"feature_name": "Third_Person_Pronouns_and_Demonstratives", "feature_id": "43A", "epoch": 0, "train": {"report": {"0": {"precision": 0.4, "recall": 0.18181818181818182, "f1-score": 0.25000000000000006, "support": 22}, "1": {"precision": 0.14285714285714285, "recall": 0.07692307692307693, "f1-score": 0.1, "support": 13}, "2": {"precision": 0.09090909090909091, "recall": 0.1111111111111111, "f1-score": 0.09999999999999999, "support": 9}, "3": {"precision": 0.2, "recall": 0.4, "f1-score": 0.26666666666666666, "support": 5}, "4": {"precision": 0.0, "recall": 0.0, "f1-score": 0.0, "support": 6}, "5": {"precision": 0.09090909090909091, "recall": 0.5, "f1-score": 0.15384615384615385, "support": 2}, "accuracy": 0.15789473684210525, "macro avg": {"precision": 0.15411255411255415, "recall": 0.21164206164206165, "f1-score": 0.1450854700854701, "support": 57}, "weighted avg": {"precision": 0.22205513784461156, "recall": 0.15789473684210525, "f1-score": 0.1638776428250113, "support": 57}}, "loss": "5.694653", "lang_embeds": [], "lang_embeds_length": 0, "lang_length": 57}, "dev": {"report": {"0": {"precision": 1.0, "recall": 1.0, "f1-score": 1.0, "support": 7}, "accuracy": 1.0, "macro avg": {"precision": 1.0, "recall": 1.0, "f1-score": 1.0, "support": 7}, "weighted avg": {"precision": 1.0, "recall": 1.0, "f1-score": 1.0, "support": 7}}, "loss": "0.05258489", "lang_embeds": [], "lang_embeds_length": 0, "lang_length": 7}, "test": {"report": {"0": {"precision": 0.2857142857142857, "recall": 1.0, "f1-score": 0.4444444444444445, "support": 2}, "2": {"precision": 0.0, "recall": 0.0, "f1-score": 0.0, "support": 1}, "3": {"precision": 0.0, "recall": 0.0, "f1-score": 0.0, "support": 3}, "5": {"precision": 0.0, "recall": 0.0, "f1-score": 0.0, "support": 1}, "accuracy": 0.2857142857142857, "macro avg": {"precision": 0.07142857142857142, "recall": 0.25, "f1-score": 0.11111111111111112, "support": 7}, "weighted avg": {"precision": 0.08163265306122448, "recall": 0.2857142857142857, "f1-score": 0.126984126984127, "support": 7}}, "acc": 0.2857142984867096, "lang_embeds": [], "lang_embeds_length": 0, "lang_length": 7}, "test_zs": {"report": {"0": {"precision": 0.2857142857142857, "recall": 1.0, "f1-score": 0.4444444444444445, "support": 2}, "2": {"precision": 0.0, "recall": 0.0, "f1-score": 0.0, "support": 1}, "3": {"precision": 0.0, "recall": 0.0, "f1-score": 0.0, "support": 3}, "5": {"precision": 0.0, "recall": 0.0, "f1-score": 0.0, "support": 1}, "accuracy": 0.2857142857142857, "macro avg": {"precision": 0.07142857142857142, "recall": 0.25, "f1-score": 0.11111111111111112, "support": 7}, "weighted avg": {"precision": 0.08163265306122448, "recall": 0.2857142857142857, "f1-score": 0.126984126984127, "support": 7}}, "acc": 0.2857142984867096, "lang_embeds": [], "lang_embeds_length": 0, "lang_length": 7}}