{"feature_name": "Vowel_Nasalization", "feature_id": "10A", "epoch": 0, "train": {"report": {"0": {"precision": 0.7030456852791879, "recall": 0.7386666666666667, "f1-score": 0.7204161248374512, "support": 375}, "1": {"precision": 0.2898550724637681, "recall": 0.25477707006369427, "f1-score": 0.2711864406779661, "support": 157}, "accuracy": 0.5958646616541353, "macro avg": {"precision": 0.496450378871478, "recall": 0.4967218683651805, "f1-score": 0.49580128275770863, "support": 532}, "weighted avg": {"precision": 0.5811078540535848, "recall": 0.5958646616541353, "f1-score": 0.5878427030084302, "support": 532}}, "loss": "0.8676431", "lang_embeds": [], "lang_embeds_length": 0, "lang_length": 74}, "dev": {"report": {"0": {"precision": 1.0, "recall": 1.0, "f1-score": 1.0, "support": 7}, "accuracy": 1.0, "macro avg": {"precision": 1.0, "recall": 1.0, "f1-score": 1.0, "support": 7}, "weighted avg": {"precision": 1.0, "recall": 1.0, "f1-score": 1.0, "support": 7}}, "loss": "0.17256317", "lang_embeds": [], "lang_embeds_length": 0, "lang_length": 7}, "test": {"report": {"0": {"precision": 0.875, "recall": 1.0, "f1-score": 0.9333333333333333, "support": 7}, "1": {"precision": 0.0, "recall": 0.0, "f1-score": 0.0, "support": 1}, "accuracy": 0.875, "macro avg": {"precision": 0.4375, "recall": 0.5, "f1-score": 0.4666666666666667, "support": 8}, "weighted avg": {"precision": 0.765625, "recall": 0.875, "f1-score": 0.8166666666666667, "support": 8}}, "acc": 0.875, "lang_embeds": [], "lang_embeds_length": 0, "lang_length": 8}, "test_zs": {"report": {"0": {"precision": 0.875, "recall": 1.0, "f1-score": 0.9333333333333333, "support": 7}, "1": {"precision": 0.0, "recall": 0.0, "f1-score": 0.0, "support": 1}, "accuracy": 0.875, "macro avg": {"precision": 0.4375, "recall": 0.5, "f1-score": 0.4666666666666667, "support": 8}, "weighted avg": {"precision": 0.765625, "recall": 0.875, "f1-score": 0.8166666666666667, "support": 8}}, "acc": 0.875, "lang_embeds": [], "lang_embeds_length": 0, "lang_length": 8}}