{"feature_name": "Consonant-Vowel_Ratio", "feature_id": "3A", "epoch": 0, "train": {"report": {"0": {"precision": 0.7673267326732673, "recall": 0.7928388746803069, "f1-score": 0.779874213836478, "support": 391}, "1": {"precision": 0.7263681592039801, "recall": 0.6952380952380952, "f1-score": 0.7104622871046229, "support": 210}, "2": {"precision": 0.6935483870967742, "recall": 0.6370370370370371, "f1-score": 0.6640926640926641, "support": 135}, "3": {"precision": 0.48, "recall": 0.5714285714285714, "f1-score": 0.5217391304347826, "support": 42}, "4": {"precision": 0.7333333333333333, "recall": 0.7252747252747253, "f1-score": 0.7292817679558011, "support": 91}, "accuracy": 0.7272727272727273, "macro avg": {"precision": 0.680115322461471, "recall": 0.684363460731747, "f1-score": 0.6810900126848697, "support": 869}, "weighted avg": {"precision": 0.7285206346369174, "recall": 0.7272727272727273, "f1-score": 0.7273395764289784, "support": 869}}, "loss": "0.8655957", "lang_embeds": ["nav", "cjv", "ind", "sag", "ell", "ibo", "spl", "hop", "shp", "roo", "iba", "guh", "plt", "kac", "aey", "apu", "ycn", "auc", "dow", "huv", "wap", "kwi", "guc", "hix", "arl", "mto", "fij", "tha", "bom", "yua", "yad", "yor", "jic", "yaq", "kor", "bmr", "niy", "cbv", "mwp", "ape", "mya", "cag", "rus", "pad", "tgl", "arn", "ign", "mri", "vie", "wnu", "huu", "ote", "mbl", "cub", "wrk", "nuy", "lhu", "tsz", "adz", "pbb", "yle", "deu", "yrb", "khk", "ame", "cle", "tzh", "nhu", "hye", "ivv", "spa", "faa", "tsg", "ctd", "ald", "mph", "tna", "yss", "car", "ood", "wrs", "etu", "kup", "fra", "con", "kvn", "bzd", "bao", "mig", "tca", "apn", "daa", "lbj", "hus", "srq", "gum", "naq", "amu", "dgz", "hun", "ewe", "som", "mzh", "hau", "gbr", "quh", "beq", "sja", "pma", "fin", "bvr", "wim", "swh", "rro", "maq", "jpn", "ncj", "nas", "kss", "cbi", "mps", "pes", "ctp", "kmo", "kwd", "btx", "wnc", "hin", "nab", "njo", "jiv", "tur", "kbh", "tiy", "sue", "agm", "xpe", "nhg", "kpw", "laj", "chq", "eus", "nob", "amp", "ake", "snn", "njz", "yva", "amh", "djk", "bkq", "spp", "zul", "kek", "khm", "top", "gvn", "byx", "bba", "ses", "urb"], "lang_embeds_length": 161, "lang_length": 161}, "dev": {"report": {"0": {"precision": 1.0, "recall": 1.0, "f1-score": 1.0, "support": 7}, "1": {"precision": 1.0, "recall": 1.0, "f1-score": 1.0, "support": 3}, "2": {"precision": 1.0, "recall": 1.0, "f1-score": 1.0, "support": 4}, "4": {"precision": 1.0, "recall": 1.0, "f1-score": 1.0, "support": 2}, "accuracy": 1.0, "macro avg": {"precision": 1.0, "recall": 1.0, "f1-score": 1.0, "support": 16}, "weighted avg": {"precision": 1.0, "recall": 1.0, "f1-score": 1.0, "support": 16}}, "loss": "0.20548925", "lang_embeds": ["hus", "cbv", "niy", "nhg", "wnc", "tsz", "ign", "pes", "bkq", "ctp", "kbh", "swh", "rro", "daa", "apn", "dow"], "lang_embeds_length": 16, "lang_length": 16}, "test": {"report": {"0": {"precision": 0.5, "recall": 0.5, "f1-score": 0.5, "support": 8}, "1": {"precision": 0.2, "recall": 0.3333333333333333, "f1-score": 0.25, "support": 3}, "2": {"precision": 1.0, "recall": 0.4, "f1-score": 0.5714285714285715, "support": 5}, "3": {"precision": 0.0, "recall": 0.0, "f1-score": 0.0, "support": 0}, "4": {"precision": 0.0, "recall": 0.0, "f1-score": 0.0, "support": 1}, "accuracy": 0.4117647058823529, "macro avg": {"precision": 0.33999999999999997, "recall": 0.24666666666666667, "f1-score": 0.26428571428571435, "support": 17}, "weighted avg": {"precision": 0.5647058823529412, "recall": 0.4117647058823529, "f1-score": 0.4474789915966387, "support": 17}}, "acc": 0.4117647111415863, "lang_embeds": ["ron", "nep", "ben", "lit", "pol", "ckb", "tet", "kgp", "snd", "bre", "lav", "jav", "shn", "ium", "cat", "tyv", "bul"], "lang_embeds_length": 17, "lang_length": 17}, "test_zs": {"report": {"0": {"precision": 0.47058823529411764, "recall": 1.0, "f1-score": 0.6399999999999999, "support": 8}, "1": {"precision": 0.0, "recall": 0.0, "f1-score": 0.0, "support": 3}, "2": {"precision": 0.0, "recall": 0.0, "f1-score": 0.0, "support": 5}, "4": {"precision": 0.0, "recall": 0.0, "f1-score": 0.0, "support": 1}, "accuracy": 0.47058823529411764, "macro avg": {"precision": 0.11764705882352941, "recall": 0.25, "f1-score": 0.15999999999999998, "support": 17}, "weighted avg": {"precision": 0.22145328719723184, "recall": 0.47058823529411764, "f1-score": 0.30117647058823527, "support": 17}}, "acc": 0.47058823704719543, "lang_embeds": [], "lang_embeds_length": 0, "lang_length": 17}}