{"feature_name": "The_Morphological_Imperative", "feature_id": "70A", "epoch": 0, "train": {"report": {"0": {"precision": 0.5163398692810458, "recall": 0.6869565217391305, "f1-score": 0.5895522388059702, "support": 230}, "1": {"precision": 0.19444444444444445, "recall": 0.15555555555555556, "f1-score": 0.17283950617283952, "support": 90}, "2": {"precision": 0.24324324324324326, "recall": 0.12857142857142856, "f1-score": 0.16822429906542052, "support": 70}, "3": {"precision": 0.0, "recall": 0.0, "f1-score": 0.0, "support": 36}, "4": {"precision": 0.0, "recall": 0.0, "f1-score": 0.0, "support": 6}, "accuracy": 0.41898148148148145, "macro avg": {"precision": 0.1908055113937467, "recall": 0.19421670117322293, "f1-score": 0.18612320880884603, "support": 432}, "weighted avg": {"precision": 0.35482684481867494, "recall": 0.41898148148148145, "f1-score": 0.3771487764247874, "support": 432}}, "loss": "2.0525236", "lang_embeds": [], "lang_embeds_length": 0, "lang_length": 160}, "dev": {"report": {"0": {"precision": 0.75, "recall": 1.0, "f1-score": 0.8571428571428571, "support": 12}, "1": {"precision": 0.0, "recall": 0.0, "f1-score": 0.0, "support": 2}, "3": {"precision": 0.0, "recall": 0.0, "f1-score": 0.0, "support": 2}, "accuracy": 0.75, "macro avg": {"precision": 0.25, "recall": 0.3333333333333333, "f1-score": 0.2857142857142857, "support": 16}, "weighted avg": {"precision": 0.5625, "recall": 0.75, "f1-score": 0.6428571428571428, "support": 16}}, "loss": "1.0562459", "lang_embeds": [], "lang_embeds_length": 0, "lang_length": 16}, "test": {"report": {"0": {"precision": 0.5625, "recall": 1.0, "f1-score": 0.72, "support": 9}, "1": {"precision": 0.0, "recall": 0.0, "f1-score": 0.0, "support": 1}, "2": {"precision": 0.0, "recall": 0.0, "f1-score": 0.0, "support": 3}, "3": {"precision": 0.0, "recall": 0.0, "f1-score": 0.0, "support": 3}, "accuracy": 0.5625, "macro avg": {"precision": 0.140625, "recall": 0.25, "f1-score": 0.18, "support": 16}, "weighted avg": {"precision": 0.31640625, "recall": 0.5625, "f1-score": 0.40499999999999997, "support": 16}}, "acc": 0.5625, "lang_embeds": [], "lang_embeds_length": 0, "lang_length": 16}, "test_zs": {"report": {"0": {"precision": 0.5625, "recall": 1.0, "f1-score": 0.72, "support": 9}, "1": {"precision": 0.0, "recall": 0.0, "f1-score": 0.0, "support": 1}, "2": {"precision": 0.0, "recall": 0.0, "f1-score": 0.0, "support": 3}, "3": {"precision": 0.0, "recall": 0.0, "f1-score": 0.0, "support": 3}, "accuracy": 0.5625, "macro avg": {"precision": 0.140625, "recall": 0.25, "f1-score": 0.18, "support": 16}, "weighted avg": {"precision": 0.31640625, "recall": 0.5625, "f1-score": 0.40499999999999997, "support": 16}}, "acc": 0.5625, "lang_embeds": [], "lang_embeds_length": 0, "lang_length": 16}}