{"feature_name": "Overlap_between_Situational_and_Epistemic_Modal_Marking", "feature_id": "76A", "epoch": 0, "train": {"report": {"0": {"precision": 0.6557377049180327, "recall": 0.5633802816901409, "f1-score": 0.6060606060606061, "support": 71}, "1": {"precision": 0.6290322580645161, "recall": 0.5735294117647058, "f1-score": 0.5999999999999999, "support": 68}, "2": {"precision": 0.6282051282051282, "recall": 0.7903225806451613, "f1-score": 0.7000000000000001, "support": 62}, "accuracy": 0.6368159203980099, "macro avg": {"precision": 0.6376583637292257, "recall": 0.6424107580333359, "f1-score": 0.6353535353535354, "support": 201}, "weighted avg": {"precision": 0.6382103907775392, "recall": 0.6368159203980099, "f1-score": 0.6329865822403136, "support": 201}}, "loss": "0.87371993", "lang_embeds": ["fra", "ron", "nav", "arn", "mua", "hin", "vie", "mri", "mig", "tur", "wnu", "ote", "ind", "sag", "ell", "ibo", "tyv", "shp", "lbj", "nuy", "nhg", "kpw", "laj", "qvi", "lit", "fub", "eus", "plt", "aey", "dgz", "naq", "hun", "ewe", "som", "btx", "mzh", "cat", "deu", "hau", "amh", "tha", "nld", "kwi", "khk", "fij", "djk", "tam", "fin", "hye", "spp", "pol", "yor", "swh", "spa", "zul", "jpn", "lav", "swe", "cym", "kor", "bsn", "mkd", "yaq", "nmf", "zav", "esu", "ary", "pes", "mya", "ita", "rus", "ses", "pad", "tgl", "gle"], "lang_embeds_length": 75, "lang_length": 75}, "dev": {"report": {"0": {"precision": 1.0, "recall": 1.0, "f1-score": 1.0, "support": 5}, "1": {"precision": 1.0, "recall": 1.0, "f1-score": 1.0, "support": 2}, "2": {"precision": 1.0, "recall": 1.0, "f1-score": 1.0, "support": 1}, "accuracy": 1.0, "macro avg": {"precision": 1.0, "recall": 1.0, "f1-score": 1.0, "support": 8}, "weighted avg": {"precision": 1.0, "recall": 1.0, "f1-score": 1.0, "support": 8}}, "loss": "0.45895064", "lang_embeds": ["amh", "djk", "mig", "pes", "wnu", "ote", "sag", "mkd"], "lang_embeds_length": 8, "lang_length": 8}, "test": {"report": {"0": {"precision": 1.0, "recall": 0.5, "f1-score": 0.6666666666666666, "support": 2}, "1": {"precision": 0.3333333333333333, "recall": 0.5, "f1-score": 0.4, "support": 2}, "2": {"precision": 0.75, "recall": 0.75, "f1-score": 0.75, "support": 4}, "accuracy": 0.625, "macro avg": {"precision": 0.6944444444444443, "recall": 0.5833333333333334, "f1-score": 0.6055555555555555, "support": 8}, "weighted avg": {"precision": 0.7083333333333333, "recall": 0.625, "f1-score": 0.6416666666666666, "support": 8}}, "acc": 0.625, "lang_embeds": ["dan", "ban", "mai", "fao", "por", "slv", "rmy", "ium"], "lang_embeds_length": 8, "lang_length": 8}, "test_zs": {"report": {"0": {"precision": 0.0, "recall": 0.0, "f1-score": 0.0, "support": 2}, "1": {"precision": 0.25, "recall": 1.0, "f1-score": 0.4, "support": 2}, "2": {"precision": 0.0, "recall": 0.0, "f1-score": 0.0, "support": 4}, "accuracy": 0.25, "macro avg": {"precision": 0.08333333333333333, "recall": 0.3333333333333333, "f1-score": 0.13333333333333333, "support": 8}, "weighted avg": {"precision": 0.0625, "recall": 0.25, "f1-score": 0.1, "support": 8}}, "acc": 0.25, "lang_embeds": [], "lang_embeds_length": 0, "lang_length": 8}}