{"feature_name": "Position_of_Interrogative_Phrases_in_Content_Questions", "feature_id": "93A", "epoch": 0, "train": {"report": {"0": {"precision": 0.5789473684210527, "recall": 0.5746268656716418, "f1-score": 0.5767790262172285, "support": 134}, "1": {"precision": 0.38636363636363635, "recall": 0.3695652173913043, "f1-score": 0.37777777777777777, "support": 92}, "2": {"precision": 0.0, "recall": 0.0, "f1-score": 0.0, "support": 7}, "accuracy": 0.47639484978540775, "macro avg": {"precision": 0.32177033492822965, "recall": 0.3147306943543154, "f1-score": 0.3181856013316688, "support": 233}, "weighted avg": {"precision": 0.4855124545659897, "recall": 0.47639484978540775, "f1-score": 0.4808753007238806, "support": 233}}, "loss": "2.0247345", "lang_embeds": [], "lang_embeds_length": 0, "lang_length": 233}, "dev": {"report": {"0": {"precision": 0.6153846153846154, "recall": 1.0, "f1-score": 0.761904761904762, "support": 16}, "1": {"precision": 0.0, "recall": 0.0, "f1-score": 0.0, "support": 10}, "accuracy": 0.6153846153846154, "macro avg": {"precision": 0.3076923076923077, "recall": 0.5, "f1-score": 0.380952380952381, "support": 26}, "weighted avg": {"precision": 0.37869822485207105, "recall": 0.6153846153846154, "f1-score": 0.4688644688644689, "support": 26}}, "loss": "0.6827582", "lang_embeds": [], "lang_embeds_length": 0, "lang_length": 26}, "test": {"report": {"0": {"precision": 0.5555555555555556, "recall": 1.0, "f1-score": 0.7142857142857143, "support": 15}, "1": {"precision": 0.0, "recall": 0.0, "f1-score": 0.0, "support": 12}, "accuracy": 0.5555555555555556, "macro avg": {"precision": 0.2777777777777778, "recall": 0.5, "f1-score": 0.35714285714285715, "support": 27}, "weighted avg": {"precision": 0.308641975308642, "recall": 0.5555555555555556, "f1-score": 0.39682539682539686, "support": 27}}, "acc": 0.5555555820465088, "lang_embeds": [], "lang_embeds_length": 0, "lang_length": 27}, "test_zs": {"report": {"0": {"precision": 0.5555555555555556, "recall": 1.0, "f1-score": 0.7142857142857143, "support": 15}, "1": {"precision": 0.0, "recall": 0.0, "f1-score": 0.0, "support": 12}, "accuracy": 0.5555555555555556, "macro avg": {"precision": 0.2777777777777778, "recall": 0.5, "f1-score": 0.35714285714285715, "support": 27}, "weighted avg": {"precision": 0.308641975308642, "recall": 0.5555555555555556, "f1-score": 0.39682539682539686, "support": 27}}, "acc": 0.5555555820465088, "lang_embeds": [], "lang_embeds_length": 0, "lang_length": 27}}