{"feature_name": "Order_of_Demonstrative_and_Noun", "feature_id": "88A", "epoch": 0, "train": {"report": {"0": {"precision": 0.836241610738255, "recall": 0.7662976629766297, "f1-score": 0.7997432605905006, "support": 813}, "1": {"precision": 0.8210633946830266, "recall": 0.850635593220339, "f1-score": 0.8355879292403746, "support": 944}, "2": {"precision": 0.6372549019607843, "recall": 0.5701754385964912, "f1-score": 0.6018518518518519, "support": 114}, "3": {"precision": 0.5121951219512195, "recall": 0.6774193548387096, "f1-score": 0.5833333333333334, "support": 31}, "4": {"precision": 0.42857142857142855, "recall": 0.5806451612903226, "f1-score": 0.4931506849315069, "support": 31}, "5": {"precision": 0.0967741935483871, "recall": 0.5, "f1-score": 0.16216216216216214, "support": 6}, "accuracy": 0.7906137184115524, "macro avg": {"precision": 0.5553501085755168, "recall": 0.657528868487082, "f1-score": 0.5793048703516217, "support": 1939}, "weighted avg": {"precision": 0.8031664472212481, "recall": 0.7906137184115524, "f1-score": 0.7952250462678105, "support": 1939}}, "loss": "0.6140967", "lang_embeds": ["arb", "ind", "nse", "sag", "hop", "amn", "kac", "aey", "apu", "fon", "lif", "tbc", "yor", "apr", "moc", "amr", "lcm", "rus", "pad", "plu", "wnu", "lww", "abt", "mqy", "hla", "xbi", "kms", "tsz", "ong", "apt", "djr", "yle", "khk", "faa", "bsn", "amk", "tvk", "izz", "mph", "car", "ood", "crn", "tac", "qvh", "awb", "nbc", "tui", "gbr", "sja", "mrg", "okv", "fin", "caq", "dis", "wim", "jpn", "ncj", "zav", "mpm", "mva", "kmo", "kwd", "usa", "aoj", "njo", "ndi", "sue", "laj", "ilb", "viv", "ura", "snn", "njz", "agg", "amh", "spp", "ann", "nbl", "snc", "bem", "mua", "ntp", "cme", "trc", "mbb", "snf", "xsi", "ibo", "shp", "nak", "stp", "taq", "iba", "nyn", "mvn", "auc", "tee", "tha", "fij", "cnh", "mcd", "duo", "nmf", "niy", "xsr", "ape", "mya", "nko", "ssw", "wrk", "nuy", "lhu", "kmh", "pbb", "csy", "cle", "nhu", "hye", "nzm", "lav", "emp", "alp", "tna", "gle", "kin", "mig", "cab", "tca", "apn", "aom", "lbj", "naq", "acn", "dgz", "hun", "som", "mpt", "blw", "ncl", "swh", "zai", "cbi", "pes", "miq", "btx", "bul", "ppo", "kue", "xpe", "cco", "trp", "too", "pio", "djk", "pao", "rwo", "ary", "mcb", "khm", "gvn", "xho", "hto", "ell", "spl", "tbl", "yao", "qvi", "mna", "ycn", "agt", "guc", "ksf", "bdh", "yad", "tlf", "kor", "mio", "adj", "zpq", "sot", "sop", "tgl", "arn", "ssd", "mri", "vie", "ote", "for", "adz", "geb", "sna", "kki", "gym", "mmn", "tbo", "kpx", "cap", "kyq", "ngc", "sat", "ewe", "mzh", "sba", "hau", "nas", "aau", "tuo", "toi", "hin", "ptp", "chf", "wed", "gub", "cak", "kpj", "nhg", "chq", "nob", "amp", "teo", "mxp", "bhg", "pol", "tfr", "cpa", "zul", "sps", "zaw", "lac", "sua", "myb", "ses", "des", "nav", "var", "pib", "urt", "nnb", "mam", "fub", "plt", "huv", "kwi", "nld", "bom", "apw", "yaq", "yuj", "aia", "gvf", "kto", "mjw", "emi", "sey", "deu", "byr", "mcp", "cbr", "urd", "tnc", "spa", "bsp", "ctd", "naf", "mkd", "est", "sus", "mhx", "tob", "gmv", "fra", "kup", "njb", "bzd", "mie", "lol", "avt", "hus", "srq", "poi", "xed", "plg", "bci", "ctp", "cof", "mos", "mek", "mil", "tue", "tur", "tbg", "cbc", "gso", "kpw", "etr", "nya", "eus", "lam", "mco", "tzj", "wib", "nsn", "nst", "mbc", "hil", "sbe", "ndo", "urb"], "lang_embeds_length": 308, "lang_length": 308}, "dev": {"report": {"0": {"precision": 1.0, "recall": 1.0, "f1-score": 1.0, "support": 12}, "1": {"precision": 1.0, "recall": 1.0, "f1-score": 1.0, "support": 17}, "2": {"precision": 1.0, "recall": 1.0, "f1-score": 1.0, "support": 1}, "3": {"precision": 1.0, "recall": 1.0, "f1-score": 1.0, "support": 1}, "accuracy": 1.0, "macro avg": {"precision": 1.0, "recall": 1.0, "f1-score": 1.0, "support": 31}, "weighted avg": {"precision": 1.0, "recall": 1.0, "f1-score": 1.0, "support": 31}}, "loss": "0.11520375", "lang_embeds": ["aoj", "kue", "mbb", "lol", "nse", "gub", "nak", "kpj", "mqy", "kmh", "mam", "agt", "tee", "agg", "bhg", "djk", "lif", "tbc", "nzm", "tfr", "bsn", "nas", "adj", "mbc", "mhx", "tob", "ndo", "tuo", "yuj", "crn", "plu"], "lang_embeds_length": 31, "lang_length": 31}, "test": {"report": {"0": {"precision": 0.46153846153846156, "recall": 0.6666666666666666, "f1-score": 0.5454545454545455, "support": 9}, "1": {"precision": 0.631578947368421, "recall": 0.631578947368421, "f1-score": 0.631578947368421, "support": 19}, "2": {"precision": 0.0, "recall": 0.0, "f1-score": 0.0, "support": 3}, "4": {"precision": 0.0, "recall": 0.0, "f1-score": 0.0, "support": 1}, "accuracy": 0.5625, "macro avg": {"precision": 0.2732793522267206, "recall": 0.32456140350877194, "f1-score": 0.29425837320574166, "support": 32}, "weighted avg": {"precision": 0.5048076923076923, "recall": 0.5625, "f1-score": 0.5284090909090909, "support": 32}}, "acc": 0.5625, "lang_embeds": ["ron", "bel", "mai", "gla", "tyv", "lit", "tet", "ukr", "por", "kik", "slv", "cat", "cor", "smo", "ilo", "lus", "bre", "lug", "cym", "swe", "ckb", "dan", "nep", "tat", "tih", "ton", "che", "ita", "ces", "tgk", "ium", "tam"], "lang_embeds_length": 32, "lang_length": 32}, "test_zs": {"report": {"0": {"precision": 0.0, "recall": 0.0, "f1-score": 0.0, "support": 9.0}, "1": {"precision": 0.0, "recall": 0.0, "f1-score": 0.0, "support": 19.0}, "2": {"precision": 0.0, "recall": 0.0, "f1-score": 0.0, "support": 3.0}, "3": {"precision": 0.0, "recall": 0.0, "f1-score": 0.0, "support": 0.0}, "4": {"precision": 0.0, "recall": 0.0, "f1-score": 0.0, "support": 1.0}, "accuracy": 0.0, "macro avg": {"precision": 0.0, "recall": 0.0, "f1-score": 0.0, "support": 32.0}, "weighted avg": {"precision": 0.0, "recall": 0.0, "f1-score": 0.0, "support": 32.0}}, "acc": 0.0, "lang_embeds": [], "lang_embeds_length": 0, "lang_length": 32}}