{"feature_name": "Rhythm_Types", "feature_id": "17A", "epoch": 0, "train": {"report": {"0": {"precision": 0.5227272727272727, "recall": 0.6216216216216216, "f1-score": 0.5679012345679012, "support": 37}, "1": {"precision": 0.3333333333333333, "recall": 0.29411764705882354, "f1-score": 0.3125, "support": 17}, "2": {"precision": 0.0, "recall": 0.0, "f1-score": 0.0, "support": 10}, "3": {"precision": 0.0, "recall": 0.0, "f1-score": 0.0, "support": 7}, "4": {"precision": 0.0, "recall": 0.0, "f1-score": 0.0, "support": 0}, "accuracy": 0.39436619718309857, "macro avg": {"precision": 0.1712121212121212, "recall": 0.18314785373608902, "f1-score": 0.17608024691358024, "support": 71}, "weighted avg": {"precision": 0.3522193768672642, "recall": 0.39436619718309857, "f1-score": 0.37077247435228655, "support": 71}}, "loss": "3.4896827", "lang_embeds": [], "lang_embeds_length": 0, "lang_length": 71}, "dev": {"report": {"0": {"precision": 0.375, "recall": 1.0, "f1-score": 0.5454545454545454, "support": 3}, "1": {"precision": 0.0, "recall": 0.0, "f1-score": 0.0, "support": 3}, "2": {"precision": 0.0, "recall": 0.0, "f1-score": 0.0, "support": 2}, "accuracy": 0.375, "macro avg": {"precision": 0.125, "recall": 0.3333333333333333, "f1-score": 0.1818181818181818, "support": 8}, "weighted avg": {"precision": 0.140625, "recall": 0.375, "f1-score": 0.20454545454545453, "support": 8}}, "loss": "1.1026658", "lang_embeds": [], "lang_embeds_length": 0, "lang_length": 8}, "test": {"report": {"0": {"precision": 0.5555555555555556, "recall": 1.0, "f1-score": 0.7142857142857143, "support": 5}, "1": {"precision": 0.0, "recall": 0.0, "f1-score": 0.0, "support": 2}, "2": {"precision": 0.0, "recall": 0.0, "f1-score": 0.0, "support": 2}, "accuracy": 0.5555555555555556, "macro avg": {"precision": 0.1851851851851852, "recall": 0.3333333333333333, "f1-score": 0.2380952380952381, "support": 9}, "weighted avg": {"precision": 0.30864197530864196, "recall": 0.5555555555555556, "f1-score": 0.39682539682539686, "support": 9}}, "acc": 0.5555555820465088, "lang_embeds": [], "lang_embeds_length": 0, "lang_length": 9}, "test_zs": {"report": {"0": {"precision": 0.5555555555555556, "recall": 1.0, "f1-score": 0.7142857142857143, "support": 5}, "1": {"precision": 0.0, "recall": 0.0, "f1-score": 0.0, "support": 2}, "2": {"precision": 0.0, "recall": 0.0, "f1-score": 0.0, "support": 2}, "accuracy": 0.5555555555555556, "macro avg": {"precision": 0.1851851851851852, "recall": 0.3333333333333333, "f1-score": 0.2380952380952381, "support": 9}, "weighted avg": {"precision": 0.30864197530864196, "recall": 0.5555555555555556, "f1-score": 0.39682539682539686, "support": 9}}, "acc": 0.5555555820465088, "lang_embeds": [], "lang_embeds_length": 0, "lang_length": 9}}