{"feature_name": "Relationship_between_the_Order_of_Object_and_Verb_and_the_Order_of_Relative_Clause_and_Noun", "feature_id": "96A", "epoch": 0, "train": {"report": {"0": {"precision": 0.8159268929503917, "recall": 0.882768361581921, "f1-score": 0.8480325644504749, "support": 708}, "1": {"precision": 0.7291666666666666, "recall": 0.6481481481481481, "f1-score": 0.6862745098039215, "support": 216}, "2": {"precision": 0.8071428571428572, "recall": 0.5824742268041238, "f1-score": 0.6766467065868265, "support": 194}, "3": {"precision": 0.6640625, "recall": 0.6115107913669064, "f1-score": 0.6367041198501873, "support": 139}, "4": {"precision": 0.0, "recall": 0.0, "f1-score": 0.0, "support": 0}, "accuracy": 0.766109785202864, "macro avg": {"precision": 0.603259783351983, "recall": 0.5449803055802199, "f1-score": 0.5695315801382821, "support": 1257}, "weighted avg": {"precision": 0.7828692458190863, "recall": 0.766109785202864, "f1-score": 0.7704166137514746, "support": 1257}}, "loss": "0.69259244", "lang_embeds": ["ron", "des", "nav", "xho", "mua", "cav", "var", "ntp", "cme", "trc", "ind", "xsi", "snf", "urt", "sag", "ell", "ibo", "tbl", "azb", "mam", "qvi", "fub", "plt", "nyn", "mna", "tmd", "kac", "iba", "apu", "taq", "guh", "aey", "fon", "auc", "dow", "tee", "huv", "ksf", "bdh", "hix", "tha", "nld", "bom", "fij", "lif", "yad", "tbc", "yor", "apw", "cnh", "yaq", "kor", "apr", "adj", "niy", "nmf", "zpq", "moc", "mya", "lcm", "sot", "rus", "pad", "tam", "tgl", "aia", "nko", "ign", "mri", "vie", "ssd", "bqc", "huu", "ote", "kto", "ssw", "lww", "cub", "emi", "abt", "mqy", "nuy", "hla", "lhu", "xbi", "kms", "tsz", "adz", "csy", "fuv", "ong", "sna", "apt", "djr", "yrb", "deu", "khk", "cle", "urd", "nhu", "tnc", "hye", "spa", "kki", "lav", "pam", "emp", "bsn", "mmn", "est", "mhx", "gmv", "amk", "tpt", "tbo", "tvk", "izz", "mph", "ood", "crn", "gle", "fra", "tac", "njb", "ceb", "mig", "cap", "mie", "mau", "lol", "hch", "cab", "qvh", "tca", "kyq", "awb", "hus", "naq", "acn", "sat", "dgz", "ach", "xed", "ewe", "som", "hun", "nbc", "mzh", "sba", "hau", "gbr", "sja", "mrg", "mpt", "plg", "pma", "fin", "dis", "ncl", "swh", "jpn", "ncj", "adi", "gah", "zai", "mpm", "bsc", "pes", "mva", "uig", "ctp", "kmo", "tuo", "cof", "toi", "btx", "bul", "hin", "aoj", "pwg", "aca", "njo", "ptp", "mil", "tur", "kbh", "ndi", "cak", "chf", "nhg", "laj", "chq", "kpw", "cco", "ilb", "viv", "eus", "nya", "amp", "teo", "nob", "ura", "mcn", "mxp", "too", "mco", "tzj", "agg", "amh", "wib", "djk", "pol", "spp", "ann", "pao", "tfr", "nsn", "cpa", "zul", "mbc", "ary", "khm", "esu", "snc", "coe", "sps", "gvn", "sbe", "sua", "ndo", "ita", "myb", "ses"], "lang_embeds_length": 233, "lang_length": 233}, "dev": {"report": {"0": {"precision": 1.0, "recall": 1.0, "f1-score": 1.0, "support": 12}, "1": {"precision": 1.0, "recall": 1.0, "f1-score": 1.0, "support": 4}, "2": {"precision": 1.0, "recall": 1.0, "f1-score": 1.0, "support": 3}, "3": {"precision": 1.0, "recall": 1.0, "f1-score": 1.0, "support": 4}, "accuracy": 1.0, "macro avg": {"precision": 1.0, "recall": 1.0, "f1-score": 1.0, "support": 23}, "weighted avg": {"precision": 1.0, "recall": 1.0, "f1-score": 1.0, "support": 23}}, "loss": "0.16877475", "lang_embeds": ["pwg", "ptp", "trc", "mau", "ssw", "hla", "kac", "amp", "teo", "som", "sba", "tzj", "huv", "gbr", "amh", "ksf", "bom", "tfr", "cnh", "mmn", "ary", "pes", "tpt"], "lang_embeds_length": 23, "lang_length": 23}, "test": {"report": {"0": {"precision": 0.7222222222222222, "recall": 0.8125, "f1-score": 0.7647058823529411, "support": 16}, "1": {"precision": 0.5, "recall": 0.5, "f1-score": 0.5, "support": 4}, "2": {"precision": 0.0, "recall": 0.0, "f1-score": 0.0, "support": 2}, "3": {"precision": 0.0, "recall": 0.0, "f1-score": 0.0, "support": 2}, "accuracy": 0.625, "macro avg": {"precision": 0.3055555555555556, "recall": 0.328125, "f1-score": 0.3161764705882353, "support": 24}, "weighted avg": {"precision": 0.5648148148148148, "recall": 0.625, "f1-score": 0.5931372549019608, "support": 24}}, "acc": 0.625, "lang_embeds": ["bel", "mai", "gla", "lit", "tet", "ukr", "por", "kik", "cat", "cor", "smo", "bre", "lug", "cym", "swe", "wbp", "ckb", "dan", "tat", "tih", "ton", "che", "tgk", "ces"], "lang_embeds_length": 24, "lang_length": 24}, "test_zs": {"report": {"0": {"precision": 0.0, "recall": 0.0, "f1-score": 0.0, "support": 16}, "1": {"precision": 0.0, "recall": 0.0, "f1-score": 0.0, "support": 4}, "2": {"precision": 0.0, "recall": 0.0, "f1-score": 0.0, "support": 2}, "3": {"precision": 0.08333333333333333, "recall": 1.0, "f1-score": 0.15384615384615385, "support": 2}, "accuracy": 0.08333333333333333, "macro avg": {"precision": 0.020833333333333332, "recall": 0.25, "f1-score": 0.038461538461538464, "support": 24}, "weighted avg": {"precision": 0.006944444444444444, "recall": 0.08333333333333333, "f1-score": 0.012820512820512822, "support": 24}}, "acc": 0.0833333358168602, "lang_embeds": [], "lang_embeds_length": 0, "lang_length": 24}}