{"feature_name": "Optional_Double_Negation", "feature_id": "143C", "epoch": 0, "train": {"report": {"0": {"precision": 0.3333333333333333, "recall": 0.2, "f1-score": 0.25, "support": 5}, "1": {"precision": 0.0, "recall": 0.0, "f1-score": 0.0, "support": 2}, "2": {"precision": 0.5, "recall": 1.0, "f1-score": 0.6666666666666666, "support": 2}, "3": {"precision": 0.5, "recall": 0.25, "f1-score": 0.3333333333333333, "support": 4}, "4": {"precision": 0.0, "recall": 0.0, "f1-score": 0.0, "support": 0}, "5": {"precision": 0.5, "recall": 0.5, "f1-score": 0.5, "support": 2}, "6": {"precision": 0.5, "recall": 0.25, "f1-score": 0.3333333333333333, "support": 4}, "8": {"precision": 0.0, "recall": 0.0, "f1-score": 0.0, "support": 2}, "9": {"precision": 0.0, "recall": 0.0, "f1-score": 0.0, "support": 0}, "10": {"precision": 0.0, "recall": 0.0, "f1-score": 0.0, "support": 2}, "11": {"precision": 0.0, "recall": 0.0, "f1-score": 0.0, "support": 0}, "13": {"precision": 1.0, "recall": 0.5, "f1-score": 0.6666666666666666, "support": 2}, "16": {"precision": 0.0, "recall": 0.0, "f1-score": 0.0, "support": 0}, "17": {"precision": 0.0, "recall": 0.0, "f1-score": 0.0, "support": 1}, "21": {"precision": 0.0, "recall": 0.0, "f1-score": 0.0, "support": 0}, "22": {"precision": 1.0, "recall": 0.5, "f1-score": 0.6666666666666666, "support": 2}, "accuracy": 0.2857142857142857, "macro avg": {"precision": 0.27083333333333337, "recall": 0.2, "f1-score": 0.21354166666666666, "support": 28}, "weighted avg": {"precision": 0.41666666666666663, "recall": 0.2857142857142857, "f1-score": 0.31845238095238093, "support": 28}}, "loss": "3.0488389", "lang_embeds": ["fra", "adz", "njo", "ghs", "kmo", "bqc", "spp", "aey", "taq", "ape", "urt", "mxp", "tna", "zul", "lww", "kyz"], "lang_embeds_length": 16, "lang_length": 16}, "dev": {"report": {"0": {"precision": 1.0, "recall": 1.0, "f1-score": 1.0, "support": 1}, "1": {"precision": 1.0, "recall": 1.0, "f1-score": 1.0, "support": 1}, "accuracy": 1.0, "macro avg": {"precision": 1.0, "recall": 1.0, "f1-score": 1.0, "support": 2}, "weighted avg": {"precision": 1.0, "recall": 1.0, "f1-score": 1.0, "support": 2}}, "loss": "2.1406806", "lang_embeds": ["urt", "bqc"], "lang_embeds_length": 2, "lang_length": 2}, "test": {"report": {"1": {"precision": 0.0, "recall": 0.0, "f1-score": 0.0, "support": 2.0}, "3": {"precision": 0.0, "recall": 0.0, "f1-score": 0.0, "support": 0.0}, "accuracy": 0.0, "macro avg": {"precision": 0.0, "recall": 0.0, "f1-score": 0.0, "support": 2.0}, "weighted avg": {"precision": 0.0, "recall": 0.0, "f1-score": 0.0, "support": 2.0}}, "acc": 0.0, "lang_embeds": ["cat", "hau"], "lang_embeds_length": 2, "lang_length": 2}, "test_zs": {"report": {"1": {"precision": 0.0, "recall": 0.0, "f1-score": 0.0, "support": 2.0}, "2": {"precision": 0.0, "recall": 0.0, "f1-score": 0.0, "support": 0.0}, "accuracy": 0.0, "macro avg": {"precision": 0.0, "recall": 0.0, "f1-score": 0.0, "support": 2.0}, "weighted avg": {"precision": 0.0, "recall": 0.0, "f1-score": 0.0, "support": 2.0}}, "acc": 0.0, "lang_embeds": [], "lang_embeds_length": 0, "lang_length": 2}}