{"feature_name": "SONegV_Order", "feature_id": "144R", "epoch": 0, "train": {"report": {"0": {"precision": 0.559322033898305, "recall": 0.559322033898305, "f1-score": 0.559322033898305, "support": 59}, "1": {"precision": 0.09523809523809523, "recall": 0.09523809523809523, "f1-score": 0.09523809523809523, "support": 21}, "2": {"precision": 0.0, "recall": 0.0, "f1-score": 0.0, "support": 8}, "3": {"precision": 0.0, "recall": 0.0, "f1-score": 0.0, "support": 3}, "4": {"precision": 0.0, "recall": 0.0, "f1-score": 0.0, "support": 2}, "5": {"precision": 0.0, "recall": 0.0, "f1-score": 0.0, "support": 1}, "6": {"precision": 0.0, "recall": 0.0, "f1-score": 0.0, "support": 1}, "accuracy": 0.3684210526315789, "macro avg": {"precision": 0.0935085898766286, "recall": 0.0935085898766286, "f1-score": 0.0935085898766286, "support": 95}, "weighted avg": {"precision": 0.3684210526315789, "recall": 0.3684210526315789, "f1-score": 0.3684210526315789, "support": 95}}, "loss": "3.9162812", "lang_embeds": [], "lang_embeds_length": 0, "lang_length": 95}, "dev": {"report": {"0": {"precision": 0.8181818181818182, "recall": 1.0, "f1-score": 0.9, "support": 9}, "1": {"precision": 0.0, "recall": 0.0, "f1-score": 0.0, "support": 2}, "accuracy": 0.8181818181818182, "macro avg": {"precision": 0.4090909090909091, "recall": 0.5, "f1-score": 0.45, "support": 11}, "weighted avg": {"precision": 0.6694214876033059, "recall": 0.8181818181818182, "f1-score": 0.7363636363636363, "support": 11}}, "loss": "0.4954817", "lang_embeds": [], "lang_embeds_length": 0, "lang_length": 11}, "test": {"report": {"0": {"precision": 0.5454545454545454, "recall": 1.0, "f1-score": 0.7058823529411764, "support": 6}, "1": {"precision": 0.0, "recall": 0.0, "f1-score": 0.0, "support": 2}, "2": {"precision": 0.0, "recall": 0.0, "f1-score": 0.0, "support": 2}, "7": {"precision": 0.0, "recall": 0.0, "f1-score": 0.0, "support": 1}, "accuracy": 0.5454545454545454, "macro avg": {"precision": 0.13636363636363635, "recall": 0.25, "f1-score": 0.1764705882352941, "support": 11}, "weighted avg": {"precision": 0.29752066115702475, "recall": 0.5454545454545454, "f1-score": 0.38502673796791437, "support": 11}}, "acc": 0.5454545617103577, "lang_embeds": [], "lang_embeds_length": 0, "lang_length": 11}, "test_zs": {"report": {"0": {"precision": 0.5454545454545454, "recall": 1.0, "f1-score": 0.7058823529411764, "support": 6}, "1": {"precision": 0.0, "recall": 0.0, "f1-score": 0.0, "support": 2}, "2": {"precision": 0.0, "recall": 0.0, "f1-score": 0.0, "support": 2}, "7": {"precision": 0.0, "recall": 0.0, "f1-score": 0.0, "support": 1}, "accuracy": 0.5454545454545454, "macro avg": {"precision": 0.13636363636363635, "recall": 0.25, "f1-score": 0.1764705882352941, "support": 11}, "weighted avg": {"precision": 0.29752066115702475, "recall": 0.5454545454545454, "f1-score": 0.38502673796791437, "support": 11}}, "acc": 0.5454545617103577, "lang_embeds": [], "lang_embeds_length": 0, "lang_length": 11}}