{"feature_name": "Verbal_Person_Marking", "feature_id": "102A", "epoch": 0, "train": {"report": {"0": {"precision": 0.782051282051282, "recall": 0.7593360995850622, "f1-score": 0.7705263157894737, "support": 241}, "1": {"precision": 0.7830188679245284, "recall": 0.6384615384615384, "f1-score": 0.7033898305084746, "support": 130}, "2": {"precision": 0.7040816326530612, "recall": 0.6831683168316832, "f1-score": 0.6934673366834172, "support": 101}, "3": {"precision": 0.38, "recall": 0.5588235294117647, "f1-score": 0.4523809523809524, "support": 34}, "4": {"precision": 0.08695652173913043, "recall": 0.4, "f1-score": 0.14285714285714285, "support": 5}, "accuracy": 0.6966731898238747, "macro avg": {"precision": 0.5472216608736005, "recall": 0.6079578968580097, "f1-score": 0.5525243156438921, "support": 511}, "weighted avg": {"precision": 0.7333343235052887, "recall": 0.6966731898238747, "f1-score": 0.710905986637237, "support": 511}}, "loss": "0.96202064", "lang_embeds": ["nav", "cav", "ntp", "trc", "ind", "sll", "snf", "kaq", "sag", "ell", "ibo", "spl", "nak", "shp", "tcs", "qvi", "plt", "fub", "aey", "apu", "auc", "dow", "kwi", "hix", "fij", "lif", "yad", "yor", "jic", "yaq", "kor", "niy", "ape", "mya", "rus", "pad", "plu", "tgl", "vie", "mri", "wnu", "ote", "cbu", "poe", "cub", "nuy", "lhu", "tsz", "adz", "yle", "deu", "zab", "khk", "ame", "cle", "tnc", "spa", "crh", "pam", "gym", "bsn", "tbo", "mbj", "mph", "yss", "car", "crn", "fra", "bzd", "mig", "avt", "mfe", "lbj", "cao", "naq", "dgz", "ewe", "hun", "mzh", "hau", "sja", "pma", "fin", "swh", "jpn", "nas", "miq", "pes", "btx", "hin", "nab", "tur", "sue", "nhg", "laj", "kpw", "eus", "amp", "yva", "tzj", "amh", "xuo", "djk", "spp", "srm", "tfr", "zul", "mbc", "esu", "khm", "ndo", "myb", "ses", "urb"], "lang_embeds_length": 114, "lang_length": 114}, "dev": {"report": {"0": {"precision": 1.0, "recall": 1.0, "f1-score": 1.0, "support": 8}, "1": {"precision": 1.0, "recall": 1.0, "f1-score": 1.0, "support": 3}, "accuracy": 1.0, "macro avg": {"precision": 1.0, "recall": 1.0, "f1-score": 1.0, "support": 11}, "weighted avg": {"precision": 1.0, "recall": 1.0, "f1-score": 1.0, "support": 11}}, "loss": "0.24748798", "lang_embeds": ["amh", "mbc", "ntp", "pes", "srm", "tbo", "swh", "myb", "ibo", "pam", "khk"], "lang_embeds_length": 11, "lang_length": 11}, "test": {"report": {"0": {"precision": 0.375, "recall": 1.0, "f1-score": 0.5454545454545454, "support": 3}, "1": {"precision": 0.5, "recall": 1.0, "f1-score": 0.6666666666666666, "support": 2}, "2": {"precision": 0.0, "recall": 0.0, "f1-score": 0.0, "support": 7}, "accuracy": 0.4166666666666667, "macro avg": {"precision": 0.2916666666666667, "recall": 0.6666666666666666, "f1-score": 0.404040404040404, "support": 12}, "weighted avg": {"precision": 0.17708333333333334, "recall": 0.4166666666666667, "f1-score": 0.2474747474747475, "support": 12}}, "acc": 0.4166666567325592, "lang_embeds": ["tha", "arn", "nld", "smo", "hye", "pol", "lus", "ita", "lav", "cym", "ckb", "gle"], "lang_embeds_length": 12, "lang_length": 12}, "test_zs": {"report": {"0": {"precision": 0.0, "recall": 0.0, "f1-score": 0.0, "support": 3}, "1": {"precision": 0.0, "recall": 0.0, "f1-score": 0.0, "support": 2}, "2": {"precision": 0.5833333333333334, "recall": 1.0, "f1-score": 0.7368421052631579, "support": 7}, "accuracy": 0.5833333333333334, "macro avg": {"precision": 0.19444444444444445, "recall": 0.3333333333333333, "f1-score": 0.24561403508771928, "support": 12}, "weighted avg": {"precision": 0.34027777777777785, "recall": 0.5833333333333334, "f1-score": 0.4298245614035088, "support": 12}}, "acc": 0.5833333134651184, "lang_embeds": [], "lang_embeds_length": 0, "lang_length": 12}}