{"feature_name": "Number_of_Non-Derived_Basic_Colour_Categories", "feature_id": "132A", "epoch": 0, "train": {"report": {"0": {"precision": 0.0, "recall": 0.0, "f1-score": 0.0, "support": 0}, "1": {"precision": 0.0, "recall": 0.0, "f1-score": 0.0, "support": 0}, "2": {"precision": 0.0, "recall": 0.0, "f1-score": 0.0, "support": 0}, "3": {"precision": 0.25, "recall": 0.2222222222222222, "f1-score": 0.23529411764705882, "support": 9}, "4": {"precision": 0.4166666666666667, "recall": 0.29411764705882354, "f1-score": 0.3448275862068966, "support": 17}, "5": {"precision": 0.7446808510638298, "recall": 0.6422018348623854, "f1-score": 0.689655172413793, "support": 109}, "6": {"precision": 0.6944444444444444, "recall": 0.5208333333333334, "f1-score": 0.5952380952380953, "support": 48}, "accuracy": 0.5573770491803278, "macro avg": {"precision": 0.30082742316784866, "recall": 0.2399107196395378, "f1-score": 0.26643071021512055, "support": 183}, "weighted avg": {"precision": 0.6767042591946673, "recall": 0.5573770491803278, "f1-score": 0.6105112480266273, "support": 183}}, "loss": "1.3933808", "lang_embeds": ["etu", "tac", "cav", "kbq", "kvn", "ppo", "var", "con", "ptp", "agu", "mil", "cab", "mcf", "kbh", "apn", "tca", "mic", "zpz", "cak", "cbu", "tbl", "agm", "shp", "kpj", "srq", "hus", "cao", "rop", "gum", "kmh", "sgz", "guh", "agd", "ncu", "amu", "ese", "cbt", "cul", "ycn", "yka", "viv", "agt", "auc", "cax", "huv", "tif", "arl", "xon", "cle", "djk", "dyi", "apz", "srm", "cbk", "jic", "tfr", "maq", "gym", "ncj", "cbi", "amr", "tna", "yaa", "gvn", "tuo", "sab", "cof", "ood"], "lang_embeds_length": 68, "lang_length": 68}, "dev": {"report": {"5": {"precision": 1.0, "recall": 1.0, "f1-score": 1.0, "support": 6}, "6": {"precision": 1.0, "recall": 1.0, "f1-score": 1.0, "support": 1}, "accuracy": 1.0, "macro avg": {"precision": 1.0, "recall": 1.0, "f1-score": 1.0, "support": 7}, "weighted avg": {"precision": 1.0, "recall": 1.0, "f1-score": 1.0, "support": 7}}, "loss": "0.5727646", "lang_embeds": ["tac", "cle", "rop", "sgz", "guh", "ncu", "cof"], "lang_embeds_length": 7, "lang_length": 7}, "test": {"report": {"0": {"precision": 0.0, "recall": 0.0, "f1-score": 0.0, "support": 0}, "4": {"precision": 0.0, "recall": 0.0, "f1-score": 0.0, "support": 0}, "5": {"precision": 0.3333333333333333, "recall": 1.0, "f1-score": 0.5, "support": 1}, "6": {"precision": 1.0, "recall": 0.3333333333333333, "f1-score": 0.5, "support": 6}, "accuracy": 0.42857142857142855, "macro avg": {"precision": 0.3333333333333333, "recall": 0.3333333333333333, "f1-score": 0.25, "support": 7}, "weighted avg": {"precision": 0.9047619047619048, "recall": 0.42857142857142855, "f1-score": 0.5, "support": 7}}, "acc": 0.4285714328289032, "lang_embeds": ["fra", "spa", "rus", "jpn", "wbp", "kor", "deu"], "lang_embeds_length": 7, "lang_length": 7}, "test_zs": {"report": {"5": {"precision": 0.14285714285714285, "recall": 1.0, "f1-score": 0.25, "support": 1}, "6": {"precision": 0.0, "recall": 0.0, "f1-score": 0.0, "support": 6}, "accuracy": 0.14285714285714285, "macro avg": {"precision": 0.07142857142857142, "recall": 0.5, "f1-score": 0.125, "support": 7}, "weighted avg": {"precision": 0.02040816326530612, "recall": 0.14285714285714285, "f1-score": 0.03571428571428571, "support": 7}}, "acc": 0.1428571492433548, "lang_embeds": [], "lang_embeds_length": 0, "lang_length": 7}}