{"feature_name": "Order_of_Negative_Morpheme_and_Verb", "feature_id": "143A", "epoch": 0, "train": {"report": {"0": {"precision": 0.4033423667570009, "recall": 0.8238007380073801, "f1-score": 0.5415403274711947, "support": 1084}, "1": {"precision": 0.22988505747126436, "recall": 0.15180265654648956, "f1-score": 0.18285714285714286, "support": 527}, "2": {"precision": 0.0, "recall": 0.0, "f1-score": 0.0, "support": 277}, "3": {"precision": 0.08108108108108109, "recall": 0.009771986970684038, "f1-score": 0.01744186046511628, "support": 307}, "4": {"precision": 0.16, "recall": 0.019801980198019802, "f1-score": 0.03524229074889868, "support": 202}, "5": {"precision": 0.0, "recall": 0.0, "f1-score": 0.0, "support": 138}, "6": {"precision": 0.0, "recall": 0.0, "f1-score": 0.0, "support": 40}, "7": {"precision": 0.0, "recall": 0.0, "f1-score": 0.0, "support": 33}, "8": {"precision": 0.0, "recall": 0.0, "f1-score": 0.0, "support": 16}, "9": {"precision": 0.0, "recall": 0.0, "f1-score": 0.0, "support": 8}, "10": {"precision": 0.0, "recall": 0.0, "f1-score": 0.0, "support": 16}, "11": {"precision": 0.0, "recall": 0.0, "f1-score": 0.0, "support": 16}, "12": {"precision": 0.0, "recall": 0.0, "f1-score": 0.0, "support": 9}, "15": {"precision": 0.0, "recall": 0.0, "f1-score": 0.0, "support": 0}, "accuracy": 0.3666292555181444, "macro avg": {"precision": 0.06245060752209617, "recall": 0.07179838298018382, "f1-score": 0.05550583011016804, "support": 2673}, "weighted avg": {"precision": 0.23029721015482127, "recall": 0.3666292555181444, "f1-score": 0.2603325937742453, "support": 2673}}, "loss": "2.027689", "lang_embeds": [], "lang_embeds_length": 0, "lang_length": 330}, "dev": {"report": {"0": {"precision": 0.6060606060606061, "recall": 1.0, "f1-score": 0.7547169811320755, "support": 20}, "1": {"precision": 0.0, "recall": 0.0, "f1-score": 0.0, "support": 4}, "3": {"precision": 0.0, "recall": 0.0, "f1-score": 0.0, "support": 1}, "4": {"precision": 0.0, "recall": 0.0, "f1-score": 0.0, "support": 2}, "5": {"precision": 0.0, "recall": 0.0, "f1-score": 0.0, "support": 2}, "6": {"precision": 0.0, "recall": 0.0, "f1-score": 0.0, "support": 2}, "8": {"precision": 0.0, "recall": 0.0, "f1-score": 0.0, "support": 1}, "11": {"precision": 0.0, "recall": 0.0, "f1-score": 0.0, "support": 1}, "accuracy": 0.6060606060606061, "macro avg": {"precision": 0.07575757575757576, "recall": 0.125, "f1-score": 0.09433962264150944, "support": 33}, "weighted avg": {"precision": 0.3673094582185491, "recall": 0.6060606060606061, "f1-score": 0.45740423098913663, "support": 33}}, "loss": "1.8292754", "lang_embeds": [], "lang_embeds_length": 0, "lang_length": 33}, "test": {"report": {"0": {"precision": 0.5151515151515151, "recall": 1.0, "f1-score": 0.6799999999999999, "support": 17}, "1": {"precision": 0.0, "recall": 0.0, "f1-score": 0.0, "support": 3}, "2": {"precision": 0.0, "recall": 0.0, "f1-score": 0.0, "support": 3}, "3": {"precision": 0.0, "recall": 0.0, "f1-score": 0.0, "support": 6}, "4": {"precision": 0.0, "recall": 0.0, "f1-score": 0.0, "support": 1}, "5": {"precision": 0.0, "recall": 0.0, "f1-score": 0.0, "support": 1}, "6": {"precision": 0.0, "recall": 0.0, "f1-score": 0.0, "support": 2}, "accuracy": 0.5151515151515151, "macro avg": {"precision": 0.07359307359307359, "recall": 0.14285714285714285, "f1-score": 0.09714285714285713, "support": 33}, "weighted avg": {"precision": 0.26538108356290174, "recall": 0.5151515151515151, "f1-score": 0.3503030303030303, "support": 33}}, "acc": 0.5151515007019043, "lang_embeds": [], "lang_embeds_length": 0, "lang_length": 33}, "test_zs": {"report": {"0": {"precision": 0.5151515151515151, "recall": 1.0, "f1-score": 0.6799999999999999, "support": 17}, "1": {"precision": 0.0, "recall": 0.0, "f1-score": 0.0, "support": 3}, "2": {"precision": 0.0, "recall": 0.0, "f1-score": 0.0, "support": 3}, "3": {"precision": 0.0, "recall": 0.0, "f1-score": 0.0, "support": 6}, "4": {"precision": 0.0, "recall": 0.0, "f1-score": 0.0, "support": 1}, "5": {"precision": 0.0, "recall": 0.0, "f1-score": 0.0, "support": 1}, "6": {"precision": 0.0, "recall": 0.0, "f1-score": 0.0, "support": 2}, "accuracy": 0.5151515151515151, "macro avg": {"precision": 0.07359307359307359, "recall": 0.14285714285714285, "f1-score": 0.09714285714285713, "support": 33}, "weighted avg": {"precision": 0.26538108356290174, "recall": 0.5151515151515151, "f1-score": 0.3503030303030303, "support": 33}}, "acc": 0.5151515007019043, "lang_embeds": [], "lang_embeds_length": 0, "lang_length": 33}}