{"feature_name": "The_Position_of_Negative_Morphemes_in_Verb-Initial_Languages", "feature_id": "144T", "epoch": 0, "train": {"report": {"0": {"precision": 0.967741935483871, "recall": 0.44776119402985076, "f1-score": 0.6122448979591837, "support": 67}, "1": {"precision": 0.45454545454545453, "recall": 0.38461538461538464, "f1-score": 0.41666666666666663, "support": 13}, "2": {"precision": 0.5454545454545454, "recall": 0.5, "f1-score": 0.5217391304347826, "support": 12}, "3": {"precision": 0.25, "recall": 0.3333333333333333, "f1-score": 0.28571428571428575, "support": 3}, "4": {"precision": 0.0, "recall": 0.0, "f1-score": 0.0, "support": 2}, "5": {"precision": 0.75, "recall": 0.6666666666666666, "f1-score": 0.7058823529411765, "support": 9}, "6": {"precision": 0.36363636363636365, "recall": 0.4, "f1-score": 0.380952380952381, "support": 10}, "7": {"precision": 0.5555555555555556, "recall": 0.625, "f1-score": 0.5882352941176471, "support": 8}, "8": {"precision": 0.25, "recall": 0.6666666666666666, "f1-score": 0.36363636363636365, "support": 3}, "10": {"precision": 0.0, "recall": 0.0, "f1-score": 0.0, "support": 0}, "11": {"precision": 0.16666666666666666, "recall": 0.5, "f1-score": 0.25, "support": 2}, "12": {"precision": 0.0, "recall": 0.0, "f1-score": 0.0, "support": 0}, "13": {"precision": 0.14285714285714285, "recall": 0.3333333333333333, "f1-score": 0.2, "support": 3}, "14": {"precision": 0.0, "recall": 0.0, "f1-score": 0.0, "support": 0}, "15": {"precision": 0.0, "recall": 0.0, "f1-score": 0.0, "support": 0}, "17": {"precision": 0.0, "recall": 0.0, "f1-score": 0.0, "support": 0}, "18": {"precision": 0.0, "recall": 0.0, "f1-score": 0.0, "support": 0}, "19": {"precision": 0.25, "recall": 0.3333333333333333, "f1-score": 0.28571428571428575, "support": 3}, "20": {"precision": 0.0, "recall": 0.0, "f1-score": 0.0, "support": 0}, "21": {"precision": 0.0, "recall": 0.0, "f1-score": 0.0, "support": 0}, "accuracy": 0.45925925925925926, "macro avg": {"precision": 0.23482288320997996, "recall": 0.2595354955989284, "f1-score": 0.23053928290683862, "support": 135}, "weighted avg": {"precision": 0.7047108738865011, "recall": 0.45925925925925926, "f1-score": 0.5294184188094796, "support": 135}}, "loss": "2.4791255", "lang_embeds": ["arb", "ign", "ntp", "mig", "trc", "mie", "mil", "mbb", "ote", "kto", "cab", "pag", "ell", "cak", "gub", "tbl", "chq", "mam", "cco", "taq", "plt", "xed", "agt", "tzj", "guc", "tee", "cle", "fij", "caq", "yad", "maq", "cpa", "tsg", "mmn", "mio", "zai", "hil", "duo", "ary", "mcb", "zpq", "tob", "ctp", "tzo", "zaw", "lac", "btx", "ood", "tgl", "gle"], "lang_embeds_length": 50, "lang_length": 50}, "dev": {"report": {"0": {"precision": 1.0, "recall": 1.0, "f1-score": 1.0, "support": 2}, "2": {"precision": 1.0, "recall": 1.0, "f1-score": 1.0, "support": 1}, "4": {"precision": 1.0, "recall": 1.0, "f1-score": 1.0, "support": 1}, "11": {"precision": 1.0, "recall": 1.0, "f1-score": 1.0, "support": 1}, "accuracy": 1.0, "macro avg": {"precision": 1.0, "recall": 1.0, "f1-score": 1.0, "support": 5}, "weighted avg": {"precision": 1.0, "recall": 1.0, "f1-score": 1.0, "support": 5}}, "loss": "1.3024621", "lang_embeds": ["hil", "ign", "taq", "kto", "tzj"], "lang_embeds_length": 5, "lang_length": 5}, "test": {"report": {"0": {"precision": 0.5, "recall": 0.3333333333333333, "f1-score": 0.4, "support": 3}, "1": {"precision": 0.0, "recall": 0.0, "f1-score": 0.0, "support": 0}, "3": {"precision": 0.0, "recall": 0.0, "f1-score": 0.0, "support": 2}, "7": {"precision": 0.0, "recall": 0.0, "f1-score": 0.0, "support": 0}, "16": {"precision": 0.0, "recall": 0.0, "f1-score": 0.0, "support": 1}, "19": {"precision": 0.0, "recall": 0.0, "f1-score": 0.0, "support": 0}, "accuracy": 0.16666666666666666, "macro avg": {"precision": 0.08333333333333333, "recall": 0.05555555555555555, "f1-score": 0.06666666666666667, "support": 6}, "weighted avg": {"precision": 0.25, "recall": 0.16666666666666666, "f1-score": 0.20000000000000004, "support": 6}}, "acc": 0.1666666716337204, "lang_embeds": ["smo", "tih", "ton", "gla", "cym", "cor"], "lang_embeds_length": 6, "lang_length": 6}, "test_zs": {"report": {"0": {"precision": 0.0, "recall": 0.0, "f1-score": 0.0, "support": 3.0}, "3": {"precision": 0.0, "recall": 0.0, "f1-score": 0.0, "support": 2.0}, "11": {"precision": 0.0, "recall": 0.0, "f1-score": 0.0, "support": 0.0}, "16": {"precision": 0.0, "recall": 0.0, "f1-score": 0.0, "support": 1.0}, "accuracy": 0.0, "macro avg": {"precision": 0.0, "recall": 0.0, "f1-score": 0.0, "support": 6.0}, "weighted avg": {"precision": 0.0, "recall": 0.0, "f1-score": 0.0, "support": 6.0}}, "acc": 0.0, "lang_embeds": [], "lang_embeds_length": 0, "lang_length": 6}}