{"feature_name": "The_Velar_Nasal", "feature_id": "9A", "epoch": 0, "train": {"report": {"0": {"precision": 0.82, "recall": 0.8070866141732284, "f1-score": 0.8134920634920635, "support": 254}, "1": {"precision": 0.6509433962264151, "recall": 0.6571428571428571, "f1-score": 0.6540284360189574, "support": 105}, "2": {"precision": 0.6388888888888888, "recall": 0.6666666666666666, "f1-score": 0.6524822695035462, "support": 69}, "accuracy": 0.7476635514018691, "macro avg": {"precision": 0.7032774283717679, "recall": 0.7102987126609174, "f1-score": 0.7066675896715223, "support": 428}, "weighted avg": {"precision": 0.7493280138717451, "recall": 0.7476635514018691, "f1-score": 0.7484141273474751, "support": 428}}, "loss": "0.6687062", "lang_embeds": ["boa", "nav", "cav", "ind", "hto", "sag", "ell", "ibo", "kje", "shp", "stp", "qvi", "mam", "plt", "amn", "aey", "apu", "agr", "kwi", "hix", "arl", "lif", "yad", "yor", "yaq", "kor", "bmr", "niy", "ape", "tew", "rus", "pad", "tgl", "vie", "mri", "agu", "wnu", "kto", "ote", "mbl", "nuy", "hla", "lhu", "cya", "cui", "kjh", "ong", "deu", "khk", "cle", "ame", "cbr", "spa", "crh", "emp", "alp", "naf", "bsn", "qug", "mph", "tna", "car", "crn", "fra", "kup", "bzd", "mig", "cab", "lbj", "naq", "amu", "dgz", "hun", "ewe", "som", "mzh", "hau", "sja", "okv", "pma", "fin", "swh", "jpn", "ncj", "pes", "kmo", "uig", "btx", "hin", "pwg", "ptp", "jiv", "tur", "xav", "chf", "ixl", "sue", "kpj", "ike", "kpw", "laj", "cco", "eus", "ese", "amp", "opm", "amh", "djk", "spp", "pao", "rwo", "esu", "khm", "ary", "cso", "ttc", "sua", "ses", "urb"], "lang_embeds_length": 119, "lang_length": 119}, "dev": {"report": {"0": {"precision": 1.0, "recall": 1.0, "f1-score": 1.0, "support": 6}, "1": {"precision": 1.0, "recall": 1.0, "f1-score": 1.0, "support": 2}, "2": {"precision": 1.0, "recall": 1.0, "f1-score": 1.0, "support": 4}, "accuracy": 1.0, "macro avg": {"precision": 1.0, "recall": 1.0, "f1-score": 1.0, "support": 12}, "weighted avg": {"precision": 1.0, "recall": 1.0, "f1-score": 1.0, "support": 12}}, "loss": "0.32516086", "lang_embeds": ["amh", "lbj", "niy", "ary", "cle", "djk", "amp", "pao", "kjh", "agr", "ncj", "khk"], "lang_embeds_length": 12, "lang_length": 12}, "test": {"report": {"0": {"precision": 0.2222222222222222, "recall": 0.5, "f1-score": 0.30769230769230765, "support": 4}, "1": {"precision": 0.0, "recall": 0.0, "f1-score": 0.0, "support": 4}, "2": {"precision": 0.0, "recall": 0.0, "f1-score": 0.0, "support": 5}, "accuracy": 0.15384615384615385, "macro avg": {"precision": 0.07407407407407407, "recall": 0.16666666666666666, "f1-score": 0.10256410256410255, "support": 13}, "weighted avg": {"precision": 0.06837606837606837, "recall": 0.15384615384615385, "f1-score": 0.09467455621301774, "support": 13}}, "acc": 0.1538461595773697, "lang_embeds": ["tha", "arn", "fij", "nog", "kum", "tat", "hye", "mya", "che", "lav", "ckb", "tyv", "gle"], "lang_embeds_length": 13, "lang_length": 13}, "test_zs": {"report": {"0": {"precision": 0.0, "recall": 0.0, "f1-score": 0.0, "support": 4}, "1": {"precision": 0.3076923076923077, "recall": 1.0, "f1-score": 0.47058823529411764, "support": 4}, "2": {"precision": 0.0, "recall": 0.0, "f1-score": 0.0, "support": 5}, "accuracy": 0.3076923076923077, "macro avg": {"precision": 0.10256410256410257, "recall": 0.3333333333333333, "f1-score": 0.1568627450980392, "support": 13}, "weighted avg": {"precision": 0.09467455621301776, "recall": 0.3076923076923077, "f1-score": 0.14479638009049772, "support": 13}}, "acc": 0.3076923191547394, "lang_embeds": [], "lang_embeds_length": 0, "lang_length": 13}}