{"feature_name": "Numeral_Classifiers", "feature_id": "55A", "epoch": 0, "train": {"report": {"0": {"precision": 0.7523809523809524, "recall": 0.632, "f1-score": 0.6869565217391305, "support": 125}, "1": {"precision": 0.41304347826086957, "recall": 0.5428571428571428, "f1-score": 0.46913580246913583, "support": 35}, "2": {"precision": 0.14285714285714285, "recall": 0.19230769230769232, "f1-score": 0.16393442622950818, "support": 26}, "accuracy": 0.553763440860215, "macro avg": {"precision": 0.43609385783298826, "recall": 0.4557216117216117, "f1-score": 0.4400089168125915, "support": 186}, "weighted avg": {"precision": 0.6033248736614796, "recall": 0.553763440860215, "f1-score": 0.5728581364826788, "support": 186}}, "loss": "0.9940403", "lang_embeds": ["boa", "nav", "pib", "ind", "sll", "kaq", "ibo", "shp", "stp", "qvi", "plt", "aey", "cbt", "apu", "crx", "auc", "tha", "bth", "hix", "arl", "fij", "yua", "lif", "yad", "tlf", "yor", "jic", "cnh", "kor", "mww", "amr", "mya", "sot", "rus", "pad", "plu", "tgl", "arn", "aia", "vie", "bqc", "pab", "ssw", "wrk", "abt", "nuy", "lhu", "tsz", "deu", "khk", "hye", "lav", "alp", "tob", "tbo", "mph", "yss", "ood", "fra", "mig", "qvh", "naq", "sat", "cul", "hun", "myu", "hau", "sja", "fin", "caq", "kpr", "swh", "jpn", "nas", "tcc", "miq", "pes", "ter", "tuo", "btx", "bul", "hin", "jiv", "tue", "tur", "sue", "xpe", "nhg", "kpw", "laj", "eus", "amp", "snn", "amh", "wib", "djk", "spp", "pao", "tfr", "zul", "ary", "khm", "top", "sua"], "lang_embeds_length": 104, "lang_length": 104}, "dev": {"report": {"0": {"precision": 1.0, "recall": 1.0, "f1-score": 1.0, "support": 9}, "1": {"precision": 1.0, "recall": 1.0, "f1-score": 1.0, "support": 2}, "accuracy": 1.0, "macro avg": {"precision": 1.0, "recall": 1.0, "f1-score": 1.0, "support": 11}, "weighted avg": {"precision": 1.0, "recall": 1.0, "f1-score": 1.0, "support": 11}}, "loss": "0.5052768", "lang_embeds": ["hix", "tcc", "lif", "spp", "yss", "pao", "crx", "jic", "cnh", "zul", "pad"], "lang_embeds_length": 11, "lang_length": 11}, "test": {"report": {"0": {"precision": 0.4444444444444444, "recall": 1.0, "f1-score": 0.6153846153846153, "support": 4}, "1": {"precision": 0.0, "recall": 0.0, "f1-score": 0.0, "support": 1}, "2": {"precision": 0.5, "recall": 0.16666666666666666, "f1-score": 0.25, "support": 6}, "accuracy": 0.45454545454545453, "macro avg": {"precision": 0.3148148148148148, "recall": 0.3888888888888889, "f1-score": 0.28846153846153844, "support": 11}, "weighted avg": {"precision": 0.4343434343434343, "recall": 0.45454545454545453, "f1-score": 0.3601398601398601, "support": 11}}, "acc": 0.4545454680919647, "lang_embeds": ["smo", "ban", "ben", "tat", "tih", "tet", "ton", "che", "lug", "jav", "tyv"], "lang_embeds_length": 11, "lang_length": 11}, "test_zs": {"report": {"0": {"precision": 0.0, "recall": 0.0, "f1-score": 0.0, "support": 4}, "1": {"precision": 0.0, "recall": 0.0, "f1-score": 0.0, "support": 1}, "2": {"precision": 0.5454545454545454, "recall": 1.0, "f1-score": 0.7058823529411764, "support": 6}, "accuracy": 0.5454545454545454, "macro avg": {"precision": 0.1818181818181818, "recall": 0.3333333333333333, "f1-score": 0.2352941176470588, "support": 11}, "weighted avg": {"precision": 0.29752066115702475, "recall": 0.5454545454545454, "f1-score": 0.38502673796791437, "support": 11}}, "acc": 0.5454545617103577, "lang_embeds": [], "lang_embeds_length": 0, "lang_length": 11}}