{"feature_name": "The_Optative", "feature_id": "73A", "epoch": 0, "train": {"report": {"0": {"precision": 0.9411764705882353, "recall": 0.8275862068965517, "f1-score": 0.8807339449541284, "support": 174}, "1": {"precision": 0.09090909090909091, "recall": 0.25, "f1-score": 0.13333333333333333, "support": 12}, "accuracy": 0.7903225806451613, "macro avg": {"precision": 0.516042780748663, "recall": 0.5387931034482758, "f1-score": 0.5070336391437309, "support": 186}, "weighted avg": {"precision": 0.8863205106089356, "recall": 0.7903225806451613, "f1-score": 0.8325145506560124, "support": 186}}, "loss": "0.43138704", "lang_embeds": ["nav", "ind", "ell", "ibo", "mop", "shp", "mam", "qvi", "plt", "aey", "apu", "rmn", "kwi", "tha", "hix", "bom", "fij", "lif", "yad", "yor", "yaq", "kor", "niy", "ape", "mya", "rus", "pad", "tgl", "arn", "vie", "mri", "wnu", "ote", "nuy", "lhu", "tsz", "kjh", "sna", "deu", "khk", "cle", "urd", "hye", "spa", "lav", "bsn", "est", "sus", "apy", "car", "gle", "fra", "kup", "kin", "ceb", "mig", "lol", "pag", "lbj", "naq", "sat", "ewe", "hun", "som", "mzh", "hau", "gbr", "sja", "pma", "fin", "gya", "swh", "jpn", "mva", "pes", "cbs", "loz", "kwd", "btx", "bul", "hin", "tur", "cak", "sue", "xpe", "nhg", "kpw", "laj", "trp", "eus", "nob", "amp", "too", "tzj", "djk", "spp", "ann", "zul", "mbc", "ary", "khm", "bem", "ses", "urb"], "lang_embeds_length": 104, "lang_length": 104}, "dev": {"report": {"0": {"precision": 1.0, "recall": 1.0, "f1-score": 1.0, "support": 11}, "accuracy": 1.0, "macro avg": {"precision": 1.0, "recall": 1.0, "f1-score": 1.0, "support": 11}, "weighted avg": {"precision": 1.0, "recall": 1.0, "f1-score": 1.0, "support": 11}}, "loss": "0.1648713", "lang_embeds": ["khm", "sus", "mam", "ceb", "ape", "aey", "amp", "kjh", "ewe", "ibo", "yaq"], "lang_embeds_length": 11, "lang_length": 11}, "test": {"report": {"0": {"precision": 0.6, "recall": 0.8571428571428571, "f1-score": 0.7058823529411764, "support": 7}, "1": {"precision": 0.0, "recall": 0.0, "f1-score": 0.0, "support": 4}, "accuracy": 0.5454545454545454, "macro avg": {"precision": 0.3, "recall": 0.42857142857142855, "f1-score": 0.3529411764705882, "support": 11}, "weighted avg": {"precision": 0.38181818181818183, "recall": 0.5454545454545454, "f1-score": 0.4491978609625668, "support": 11}}, "acc": 0.5454545617103577, "lang_embeds": ["dan", "nep", "nog", "kmr", "mai", "che", "snd", "slv", "swe", "kum", "tyv"], "lang_embeds_length": 11, "lang_length": 11}, "test_zs": {"report": {"0": {"precision": 0.0, "recall": 0.0, "f1-score": 0.0, "support": 7}, "1": {"precision": 0.36363636363636365, "recall": 1.0, "f1-score": 0.5333333333333333, "support": 4}, "accuracy": 0.36363636363636365, "macro avg": {"precision": 0.18181818181818182, "recall": 0.5, "f1-score": 0.26666666666666666, "support": 11}, "weighted avg": {"precision": 0.1322314049586777, "recall": 0.36363636363636365, "f1-score": 0.19393939393939394, "support": 11}}, "acc": 0.3636363744735718, "lang_embeds": [], "lang_embeds_length": 0, "lang_length": 11}}