{"feature_name": "Epistemic_Possibility", "feature_id": "75A", "epoch": 0, "train": {"report": {"0": {"precision": 0.26229508196721313, "recall": 0.2191780821917808, "f1-score": 0.23880597014925373, "support": 146}, "1": {"precision": 0.33088235294117646, "recall": 0.3435114503816794, "f1-score": 0.3370786516853933, "support": 131}, "2": {"precision": 0.35195530726256985, "recall": 0.39375, "f1-score": 0.37168141592920356, "support": 160}, "accuracy": 0.32036613272311215, "macro avg": {"precision": 0.31504424739031983, "recall": 0.31881317752448673, "f1-score": 0.31585534592128356, "support": 437}, "weighted avg": {"precision": 0.31568311067395516, "recall": 0.32036613272311215, "f1-score": 0.31691533538043515, "support": 437}}, "loss": "1.5064273", "lang_embeds": [], "lang_embeds_length": 0, "lang_length": 81}, "dev": {"report": {"2": {"precision": 1.0, "recall": 1.0, "f1-score": 1.0, "support": 8}, "accuracy": 1.0, "macro avg": {"precision": 1.0, "recall": 1.0, "f1-score": 1.0, "support": 8}, "weighted avg": {"precision": 1.0, "recall": 1.0, "f1-score": 1.0, "support": 8}}, "loss": "0.23995557", "lang_embeds": [], "lang_embeds_length": 0, "lang_length": 8}, "test": {"report": {"0": {"precision": 0.0, "recall": 0.0, "f1-score": 0.0, "support": 4}, "1": {"precision": 0.0, "recall": 0.0, "f1-score": 0.0, "support": 1}, "2": {"precision": 0.4444444444444444, "recall": 1.0, "f1-score": 0.6153846153846153, "support": 4}, "accuracy": 0.4444444444444444, "macro avg": {"precision": 0.14814814814814814, "recall": 0.3333333333333333, "f1-score": 0.2051282051282051, "support": 9}, "weighted avg": {"precision": 0.19753086419753085, "recall": 0.4444444444444444, "f1-score": 0.2735042735042735, "support": 9}}, "acc": 0.4444444477558136, "lang_embeds": [], "lang_embeds_length": 0, "lang_length": 9}, "test_zs": {"report": {"0": {"precision": 0.0, "recall": 0.0, "f1-score": 0.0, "support": 4}, "1": {"precision": 0.0, "recall": 0.0, "f1-score": 0.0, "support": 1}, "2": {"precision": 0.4444444444444444, "recall": 1.0, "f1-score": 0.6153846153846153, "support": 4}, "accuracy": 0.4444444444444444, "macro avg": {"precision": 0.14814814814814814, "recall": 0.3333333333333333, "f1-score": 0.2051282051282051, "support": 9}, "weighted avg": {"precision": 0.19753086419753085, "recall": 0.4444444444444444, "f1-score": 0.2735042735042735, "support": 9}}, "acc": 0.4444444477558136, "lang_embeds": [], "lang_embeds_length": 0, "lang_length": 9}}