{"feature_name": "Gender_Distinctions_in_Independent_Personal_Pronouns", "feature_id": "44A", "epoch": 0, "train": {"report": {"0": {"precision": 0.6724890829694323, "recall": 0.7661691542288557, "f1-score": 0.7162790697674418, "support": 201}, "1": {"precision": 0.19047619047619047, "recall": 0.16, "f1-score": 0.17391304347826086, "support": 50}, "2": {"precision": 0.09090909090909091, "recall": 0.05405405405405406, "f1-score": 0.06779661016949154, "support": 37}, "3": {"precision": 0.0, "recall": 0.0, "f1-score": 0.0, "support": 15}, "4": {"precision": 0.0, "recall": 0.0, "f1-score": 0.0, "support": 0}, "accuracy": 0.5412541254125413, "macro avg": {"precision": 0.19077487287094275, "recall": 0.19604464165658195, "f1-score": 0.19159774468303886, "support": 303}, "weighted avg": {"precision": 0.48863944410660654, "recall": 0.5412541254125413, "f1-score": 0.5121327385262048, "support": 303}}, "loss": "1.9874882", "lang_embeds": [], "lang_embeds_length": 0, "lang_length": 113}, "dev": {"report": {"0": {"precision": 0.8333333333333334, "recall": 1.0, "f1-score": 0.9090909090909091, "support": 10}, "1": {"precision": 0.0, "recall": 0.0, "f1-score": 0.0, "support": 2}, "accuracy": 0.8333333333333334, "macro avg": {"precision": 0.4166666666666667, "recall": 0.5, "f1-score": 0.45454545454545453, "support": 12}, "weighted avg": {"precision": 0.6944444444444445, "recall": 0.8333333333333334, "f1-score": 0.7575757575757575, "support": 12}}, "loss": "0.6137977", "lang_embeds": [], "lang_embeds_length": 0, "lang_length": 12}, "test": {"report": {"0": {"precision": 0.5, "recall": 1.0, "f1-score": 0.6666666666666666, "support": 6}, "1": {"precision": 0.0, "recall": 0.0, "f1-score": 0.0, "support": 4}, "2": {"precision": 0.0, "recall": 0.0, "f1-score": 0.0, "support": 2}, "accuracy": 0.5, "macro avg": {"precision": 0.16666666666666666, "recall": 0.3333333333333333, "f1-score": 0.2222222222222222, "support": 12}, "weighted avg": {"precision": 0.25, "recall": 0.5, "f1-score": 0.3333333333333333, "support": 12}}, "acc": 0.5, "lang_embeds": [], "lang_embeds_length": 0, "lang_length": 12}, "test_zs": {"report": {"0": {"precision": 0.5, "recall": 1.0, "f1-score": 0.6666666666666666, "support": 6}, "1": {"precision": 0.0, "recall": 0.0, "f1-score": 0.0, "support": 4}, "2": {"precision": 0.0, "recall": 0.0, "f1-score": 0.0, "support": 2}, "accuracy": 0.5, "macro avg": {"precision": 0.16666666666666666, "recall": 0.3333333333333333, "f1-score": 0.2222222222222222, "support": 12}, "weighted avg": {"precision": 0.25, "recall": 0.5, "f1-score": 0.3333333333333333, "support": 12}}, "acc": 0.5, "lang_embeds": [], "lang_embeds_length": 0, "lang_length": 12}}