{"feature_name": "Purpose_Clauses", "feature_id": "125A", "epoch": 0, "train": {"report": {"0": {"precision": 0.7, "recall": 0.603448275862069, "f1-score": 0.6481481481481481, "support": 58}, "1": {"precision": 0.4, "recall": 0.4444444444444444, "f1-score": 0.4210526315789474, "support": 18}, "2": {"precision": 0.4642857142857143, "recall": 0.5909090909090909, "f1-score": 0.52, "support": 22}, "accuracy": 0.5714285714285714, "macro avg": {"precision": 0.5214285714285715, "recall": 0.5462672704052015, "f1-score": 0.5297335932423651, "support": 98}, "weighted avg": {"precision": 0.5919825072886297, "recall": 0.5714285714285714, "f1-score": 0.5776687751123841, "support": 98}}, "loss": "1.0094666", "lang_embeds": ["fra", "mri", "mig", "ind", "tur", "qvh", "snf", "ell", "ibo", "shp", "nuy", "nhg", "tsz", "laj", "kpw", "naq", "fub", "eus", "plt", "aey", "amp", "oym", "hun", "som", "tzj", "deu", "khk", "kwi", "hau", "hix", "sja", "cle", "djk", "lif", "tnc", "spp", "fin", "yad", "spa", "yor", "zul", "emp", "jpn", "yaq", "bsn", "kor", "nmf", "niy", "snc", "pes", "ape", "rus", "btx", "pad", "tgl"], "lang_embeds_length": 55, "lang_length": 55}, "dev": {"report": {"0": {"precision": 1.0, "recall": 1.0, "f1-score": 1.0, "support": 5}, "1": {"precision": 1.0, "recall": 1.0, "f1-score": 1.0, "support": 1}, "accuracy": 1.0, "macro avg": {"precision": 1.0, "recall": 1.0, "f1-score": 1.0, "support": 6}, "weighted avg": {"precision": 1.0, "recall": 1.0, "f1-score": 1.0, "support": 6}}, "loss": "0.44489434", "lang_embeds": ["nmf", "niy", "tsz", "naq", "tzj", "khk"], "lang_embeds_length": 6, "lang_length": 6}, "test": {"report": {"0": {"precision": 0.6, "recall": 1.0, "f1-score": 0.7499999999999999, "support": 3}, "1": {"precision": 1.0, "recall": 0.5, "f1-score": 0.6666666666666666, "support": 2}, "2": {"precision": 0.0, "recall": 0.0, "f1-score": 0.0, "support": 1}, "accuracy": 0.6666666666666666, "macro avg": {"precision": 0.5333333333333333, "recall": 0.5, "f1-score": 0.47222222222222215, "support": 6}, "weighted avg": {"precision": 0.6333333333333333, "recall": 0.6666666666666666, "f1-score": 0.5972222222222222, "support": 6}}, "acc": 0.6666666865348816, "lang_embeds": ["arn", "fij", "vie", "ita", "tam", "gle"], "lang_embeds_length": 6, "lang_length": 6}, "test_zs": {"report": {"0": {"precision": 0.0, "recall": 0.0, "f1-score": 0.0, "support": 3}, "1": {"precision": 0.3333333333333333, "recall": 1.0, "f1-score": 0.5, "support": 2}, "2": {"precision": 0.0, "recall": 0.0, "f1-score": 0.0, "support": 1}, "accuracy": 0.3333333333333333, "macro avg": {"precision": 0.1111111111111111, "recall": 0.3333333333333333, "f1-score": 0.16666666666666666, "support": 6}, "weighted avg": {"precision": 0.1111111111111111, "recall": 0.3333333333333333, "f1-score": 0.16666666666666666, "support": 6}}, "acc": 0.3333333432674408, "lang_embeds": [], "lang_embeds_length": 0, "lang_length": 6}}