{"feature_name": "NegSVO_Order", "feature_id": "144H", "epoch": 0, "train": {"report": {"0": {"precision": 0.9429824561403509, "recall": 0.7678571428571429, "f1-score": 0.8464566929133859, "support": 280}, "1": {"precision": 0.08695652173913043, "recall": 0.125, "f1-score": 0.10256410256410256, "support": 16}, "2": {"precision": 0.14285714285714285, "recall": 1.0, "f1-score": 0.25, "support": 3}, "3": {"precision": 0.0, "recall": 0.0, "f1-score": 0.0, "support": 0}, "accuracy": 0.7357859531772575, "macro avg": {"precision": 0.29319903018415605, "recall": 0.4732142857142857, "f1-score": 0.2997551988693721, "support": 299}, "weighted avg": {"precision": 0.8891470351026614, "recall": 0.7357859531772575, "f1-score": 0.8006652162433903, "support": 299}}, "loss": "0.7076072", "lang_embeds": ["ron", "xho", "mua", "cme", "ind", "nse", "xsi", "urt", "snf", "ell", "sag", "yao", "nak", "fub", "mna", "nyn", "apu", "fon", "dow", "tee", "tha", "bdh", "nld", "bom", "yor", "apr", "adj", "niy", "moc", "ape", "rus", "pad", "arn", "aia", "nko", "vie", "mri", "lww", "emi", "hla", "xbi", "adz", "rim", "kbc", "sna", "ong", "deu", "mcp", "nhu", "hye", "spa", "lav", "alp", "mkd", "est", "tob", "amk", "izz", "mbj", "mph", "poy", "fra", "kin", "avt", "kyq", "hus", "ven", "poi", "hun", "ewe", "mzh", "sba", "tui", "suk", "hau", "gbr", "plg", "pma", "fin", "ncl", "swh", "kde", "nso", "bci", "kbp", "kwd", "btx", "toi", "bul", "mos", "aca", "ptp", "chf", "gso", "laj", "nya", "ilb", "nob", "teo", "mcn", "tzj", "djk", "pol", "ann", "nsn", "zul", "nbl", "khm", "sps", "sua", "myb"], "lang_embeds_length": 111, "lang_length": 111}, "dev": {"report": {"0": {"precision": 1.0, "recall": 1.0, "f1-score": 1.0, "support": 11}, "accuracy": 1.0, "macro avg": {"precision": 1.0, "recall": 1.0, "f1-score": 1.0, "support": 11}, "weighted avg": {"precision": 1.0, "recall": 1.0, "f1-score": 1.0, "support": 11}}, "loss": "0.20374821", "lang_embeds": ["gbr", "xbi", "bci", "nya", "tob", "ptp", "nyn", "toi", "tui", "emi", "apr"], "lang_embeds_length": 11, "lang_length": 11}, "test": {"report": {"0": {"precision": 1.0, "recall": 0.9166666666666666, "f1-score": 0.9565217391304348, "support": 12}, "3": {"precision": 0.0, "recall": 0.0, "f1-score": 0.0, "support": 0}, "accuracy": 0.9166666666666666, "macro avg": {"precision": 0.5, "recall": 0.4583333333333333, "f1-score": 0.4782608695652174, "support": 12}, "weighted avg": {"precision": 1.0, "recall": 0.9166666666666666, "f1-score": 0.9565217391304349, "support": 12}}, "acc": 0.9166666865348816, "lang_embeds": ["dan", "lit", "tet", "ukr", "por", "kik", "ita", "bre", "ces", "slv", "swe", "cat"], "lang_embeds_length": 12, "lang_length": 12}, "test_zs": {"report": {"0": {"precision": 0.0, "recall": 0.0, "f1-score": 0.0, "support": 12.0}, "3": {"precision": 0.0, "recall": 0.0, "f1-score": 0.0, "support": 0.0}, "accuracy": 0.0, "macro avg": {"precision": 0.0, "recall": 0.0, "f1-score": 0.0, "support": 12.0}, "weighted avg": {"precision": 0.0, "recall": 0.0, "f1-score": 0.0, "support": 12.0}}, "acc": 0.0, "lang_embeds": [], "lang_embeds_length": 0, "lang_length": 12}}