{"feature_name": "Order_of_Adverbial_Subordinator_and_Clause", "feature_id": "94A", "epoch": 0, "train": {"report": {"0": {"precision": 0.8132635253054101, "recall": 0.8550458715596331, "f1-score": 0.8336314847942754, "support": 545}, "1": {"precision": 0.6779661016949152, "recall": 0.5228758169934641, "f1-score": 0.5904059040590406, "support": 153}, "2": {"precision": 0.6373626373626373, "recall": 0.5918367346938775, "f1-score": 0.6137566137566137, "support": 98}, "3": {"precision": 0.6082474226804123, "recall": 0.6210526315789474, "f1-score": 0.6145833333333334, "support": 95}, "4": {"precision": 0.2857142857142857, "recall": 0.6666666666666666, "f1-score": 0.4, "support": 9}, "accuracy": 0.7433333333333333, "macro avg": {"precision": 0.6045107945515322, "recall": 0.6514955442985177, "f1-score": 0.6104754671886526, "support": 900}, "weighted avg": {"precision": 0.7441932300426409, "recall": 0.7433333333333333, "f1-score": 0.7408831414985867, "support": 900}}, "loss": "0.7771563", "lang_embeds": ["des", "ron", "arb", "nav", "cme", "trc", "mbb", "ind", "hto", "snf", "xsi", "sag", "ell", "ibo", "tbl", "bcl", "mam", "qvi", "fub", "iba", "nyn", "kac", "aey", "taq", "plt", "apu", "yon", "tee", "huv", "kwi", "bdh", "tha", "nld", "hix", "bom", "fij", "lif", "yad", "yor", "cnh", "yaq", "kor", "apr", "mio", "adj", "niy", "nmf", "moc", "zpq", "ape", "mya", "rus", "pad", "tgl", "tam", "nko", "ssd", "mri", "vie", "huu", "mjw", "ote", "ssw", "emi", "kyz", "wrk", "mqy", "abt", "nuy", "hla", "lhu", "lit", "pbb", "csy", "snp", "sna", "ong", "apt", "deu", "khk", "cle", "urd", "nhu", "hye", "spa", "ctd", "lav", "emp", "alp", "bsn", "mmn", "est", "sus", "mhx", "tob", "apy", "tzo", "tpt", "tbo", "kpx", "izz", "mph", "tna", "car", "ood", "gle", "fra", "kup", "tac", "mig", "mie", "mau", "cab", "noa", "tca", "pag", "avt", "txu", "srq", "hus", "cao", "naq", "oym", "ach", "ewe", "hun", "som", "mzh", "sba", "hau", "gbr", "sja", "mpt", "pma", "fin", "caq", "ncl", "dis", "swh", "jpn", "nas", "zai", "gah", "zav", "cbi", "pes", "ctp", "kmo", "miq", "tuo", "btx", "bul", "hin", "mos", "mek", "ptp", "njo", "mil", "tur", "chf", "gub", "sue", "tbg", "cbc", "nhg", "chq", "cco", "nya", "viv", "eus", "nob", "ese", "teo", "trp", "ura", "lam", "too", "mco", "tzj", "amh", "wib", "djk", "pol", "spp", "ann", "cpa", "zul", "mbc", "ary", "khm", "esu", "snc", "zaw", "gvn", "lac", "ndo", "sua", "ita", "ses", "urb"], "lang_embeds_length": 200, "lang_length": 200}, "dev": {"report": {"0": {"precision": 1.0, "recall": 1.0, "f1-score": 1.0, "support": 14}, "1": {"precision": 1.0, "recall": 1.0, "f1-score": 1.0, "support": 2}, "2": {"precision": 1.0, "recall": 1.0, "f1-score": 1.0, "support": 1}, "3": {"precision": 1.0, "recall": 1.0, "f1-score": 1.0, "support": 3}, "accuracy": 1.0, "macro avg": {"precision": 1.0, "recall": 1.0, "f1-score": 1.0, "support": 20}, "weighted avg": {"precision": 1.0, "recall": 1.0, "f1-score": 1.0, "support": 20}}, "loss": "0.20592205", "lang_embeds": ["des", "cme", "mil", "mau", "mjw", "ssw", "avt", "tbl", "txu", "mqy", "pbb", "nob", "apu", "sna", "huv", "cpa", "apr", "niy", "snc", "tzo"], "lang_embeds_length": 20, "lang_length": 20}, "test": {"report": {"0": {"precision": 0.9333333333333333, "recall": 0.7777777777777778, "f1-score": 0.8484848484848485, "support": 18}, "1": {"precision": 0.3333333333333333, "recall": 0.3333333333333333, "f1-score": 0.3333333333333333, "support": 3}, "2": {"precision": 0.0, "recall": 0.0, "f1-score": 0.0, "support": 0}, "3": {"precision": 0.0, "recall": 0.0, "f1-score": 0.0, "support": 0}, "accuracy": 0.7142857142857143, "macro avg": {"precision": 0.31666666666666665, "recall": 0.2777777777777778, "f1-score": 0.29545454545454547, "support": 21}, "weighted avg": {"precision": 0.8476190476190476, "recall": 0.7142857142857143, "f1-score": 0.774891774891775, "support": 21}}, "acc": 0.7142857313156128, "lang_embeds": ["mai", "kgp", "gla", "tet", "ukr", "kik", "cor", "smo", "lus", "bre", "lug", "cym", "swe", "ckb", "dan", "nep", "tat", "tih", "ton", "tgk", "ces"], "lang_embeds_length": 21, "lang_length": 21}, "test_zs": {"report": {"0": {"precision": 0.0, "recall": 0.0, "f1-score": 0.0, "support": 18.0}, "1": {"precision": 0.0, "recall": 0.0, "f1-score": 0.0, "support": 3.0}, "4": {"precision": 0.0, "recall": 0.0, "f1-score": 0.0, "support": 0.0}, "accuracy": 0.0, "macro avg": {"precision": 0.0, "recall": 0.0, "f1-score": 0.0, "support": 21.0}, "weighted avg": {"precision": 0.0, "recall": 0.0, "f1-score": 0.0, "support": 21.0}}, "acc": 0.0, "lang_embeds": [], "lang_embeds_length": 0, "lang_length": 21}}