{"feature_name": "Order_of_Numeral_and_Noun", "feature_id": "89A", "epoch": 0, "train": {"report": {"0": {"precision": 0.5081521739130435, "recall": 0.5054054054054054, "f1-score": 0.5067750677506775, "support": 370}, "1": {"precision": 0.5251798561151079, "recall": 0.5572519083969466, "f1-score": 0.5407407407407407, "support": 393}, "2": {"precision": 0.0, "recall": 0.0, "f1-score": 0.0, "support": 29}, "accuracy": 0.5126262626262627, "macro avg": {"precision": 0.34444401000938374, "recall": 0.35421910460078393, "f1-score": 0.3491719361638061, "support": 792}, "weighted avg": {"precision": 0.4979949340922518, "recall": 0.5126262626262627, "f1-score": 0.5050730886096739, "support": 792}}, "loss": "1.2232612", "lang_embeds": [], "lang_embeds_length": 0, "lang_length": 294}, "dev": {"report": {"0": {"precision": 0.6666666666666666, "recall": 1.0, "f1-score": 0.8, "support": 20}, "1": {"precision": 0.0, "recall": 0.0, "f1-score": 0.0, "support": 9}, "2": {"precision": 0.0, "recall": 0.0, "f1-score": 0.0, "support": 1}, "accuracy": 0.6666666666666666, "macro avg": {"precision": 0.2222222222222222, "recall": 0.3333333333333333, "f1-score": 0.26666666666666666, "support": 30}, "weighted avg": {"precision": 0.4444444444444444, "recall": 0.6666666666666666, "f1-score": 0.5333333333333333, "support": 30}}, "loss": "0.7504102", "lang_embeds": [], "lang_embeds_length": 0, "lang_length": 30}, "test": {"report": {"0": {"precision": 0.13793103448275862, "recall": 1.0, "f1-score": 0.2424242424242424, "support": 4}, "1": {"precision": 0.0, "recall": 0.0, "f1-score": 0.0, "support": 24}, "2": {"precision": 0.0, "recall": 0.0, "f1-score": 0.0, "support": 1}, "accuracy": 0.13793103448275862, "macro avg": {"precision": 0.04597701149425287, "recall": 0.3333333333333333, "f1-score": 0.0808080808080808, "support": 29}, "weighted avg": {"precision": 0.019024970273483946, "recall": 0.13793103448275862, "f1-score": 0.033437826541274814, "support": 29}}, "acc": 0.13793103396892548, "lang_embeds": [], "lang_embeds_length": 0, "lang_length": 29}, "test_zs": {"report": {"0": {"precision": 0.13793103448275862, "recall": 1.0, "f1-score": 0.2424242424242424, "support": 4}, "1": {"precision": 0.0, "recall": 0.0, "f1-score": 0.0, "support": 24}, "2": {"precision": 0.0, "recall": 0.0, "f1-score": 0.0, "support": 1}, "accuracy": 0.13793103448275862, "macro avg": {"precision": 0.04597701149425287, "recall": 0.3333333333333333, "f1-score": 0.0808080808080808, "support": 29}, "weighted avg": {"precision": 0.019024970273483946, "recall": 0.13793103448275862, "f1-score": 0.033437826541274814, "support": 29}}, "acc": 0.13793103396892548, "lang_embeds": [], "lang_embeds_length": 0, "lang_length": 29}}