{"feature_name": "Comparative_Constructions", "feature_id": "121A", "epoch": 0, "train": {"report": {"0": {"precision": 0.6730769230769231, "recall": 0.5645161290322581, "f1-score": 0.6140350877192983, "support": 62}, "1": {"precision": 0.4827586206896552, "recall": 0.42424242424242425, "f1-score": 0.45161290322580644, "support": 33}, "2": {"precision": 0.5106382978723404, "recall": 0.7058823529411765, "f1-score": 0.5925925925925926, "support": 34}, "3": {"precision": 0.55, "recall": 0.5641025641025641, "f1-score": 0.5569620253164557, "support": 39}, "accuracy": 0.5654761904761905, "macro avg": {"precision": 0.5541184604097298, "recall": 0.5646858675796058, "f1-score": 0.5538006522135382, "support": 168}, "weighted avg": {"precision": 0.5742470585784967, "recall": 0.5654761904761905, "f1-score": 0.5645420736936787, "support": 168}}, "loss": "1.1794585", "lang_embeds": ["fra", "arn", "arb", "nav", "hin", "vie", "ceb", "mri", "pib", "tur", "ell", "ibo", "txu", "shp", "srn", "nuy", "tsz", "kpw", "naq", "qvi", "plt", "sat", "eus", "aey", "nya", "kjh", "sna", "hun", "guc", "khk", "amh", "mib", "hix", "hau", "tha", "nld", "lif", "fin", "yad", "spa", "gfk", "swh", "yor", "lav", "jpn", "zul", "kor", "nso", "nmf", "ary", "khm", "urb", "miq", "apy", "ape", "mya", "myb", "rus", "car", "ood", "pad", "tam", "gle"], "lang_embeds_length": 63, "lang_length": 63}, "dev": {"report": {"0": {"precision": 1.0, "recall": 1.0, "f1-score": 1.0, "support": 2}, "1": {"precision": 1.0, "recall": 1.0, "f1-score": 1.0, "support": 3}, "2": {"precision": 1.0, "recall": 1.0, "f1-score": 1.0, "support": 1}, "3": {"precision": 1.0, "recall": 1.0, "f1-score": 1.0, "support": 1}, "accuracy": 1.0, "macro avg": {"precision": 1.0, "recall": 1.0, "f1-score": 1.0, "support": 7}, "weighted avg": {"precision": 1.0, "recall": 1.0, "f1-score": 1.0, "support": 7}}, "loss": "0.5485665", "lang_embeds": ["amh", "khm", "ceb", "plt", "gfk", "urb", "shp"], "lang_embeds_length": 7, "lang_length": 7}, "test": {"report": {"0": {"precision": 0.5, "recall": 0.3333333333333333, "f1-score": 0.4, "support": 3}, "1": {"precision": 0.3333333333333333, "recall": 1.0, "f1-score": 0.5, "support": 1}, "2": {"precision": 0.0, "recall": 0.0, "f1-score": 0.0, "support": 0}, "3": {"precision": 1.0, "recall": 0.3333333333333333, "f1-score": 0.5, "support": 3}, "accuracy": 0.42857142857142855, "macro avg": {"precision": 0.4583333333333333, "recall": 0.41666666666666663, "f1-score": 0.35, "support": 7}, "weighted avg": {"precision": 0.6904761904761905, "recall": 0.42857142857142855, "f1-score": 0.4571428571428572, "support": 7}}, "acc": 0.4285714328289032, "lang_embeds": ["smo", "ilo", "tgk", "gla", "bre", "jav", "tyv"], "lang_embeds_length": 7, "lang_length": 7}, "test_zs": {"report": {"0": {"precision": 0.0, "recall": 0.0, "f1-score": 0.0, "support": 3.0}, "1": {"precision": 0.0, "recall": 0.0, "f1-score": 0.0, "support": 1.0}, "2": {"precision": 0.0, "recall": 0.0, "f1-score": 0.0, "support": 0.0}, "3": {"precision": 0.0, "recall": 0.0, "f1-score": 0.0, "support": 3.0}, "accuracy": 0.0, "macro avg": {"precision": 0.0, "recall": 0.0, "f1-score": 0.0, "support": 7.0}, "weighted avg": {"precision": 0.0, "recall": 0.0, "f1-score": 0.0, "support": 7.0}}, "acc": 0.0, "lang_embeds": [], "lang_embeds_length": 0, "lang_length": 7}}