{"feature_name": "Suppletion_According_to_Tense_and_Aspect", "feature_id": "79A", "epoch": 0, "train": {"report": {"0": {"precision": 0.8130081300813008, "recall": 0.704225352112676, "f1-score": 0.7547169811320754, "support": 142}, "1": {"precision": 0.5571428571428572, "recall": 0.5571428571428572, "f1-score": 0.5571428571428572, "support": 70}, "2": {"precision": 0.6170212765957447, "recall": 0.6904761904761905, "f1-score": 0.651685393258427, "support": 42}, "3": {"precision": 0.2857142857142857, "recall": 0.5714285714285714, "f1-score": 0.38095238095238093, "support": 14}, "accuracy": 0.6567164179104478, "macro avg": {"precision": 0.568221637383547, "recall": 0.6308182427900737, "f1-score": 0.5861244031214352, "support": 268}, "weighted avg": {"precision": 0.6879180898827089, "recall": 0.6567164179104478, "f1-score": 0.6674400416826194, "support": 268}}, "loss": "0.9429061", "lang_embeds": ["fra", "arn", "nav", "hin", "vie", "mri", "ntp", "mig", "tur", "wnu", "ind", "cab", "kto", "sag", "ell", "ibo", "hop", "sue", "shp", "lbj", "nuy", "nhg", "laj", "naq", "qvi", "eus", "plt", "dgz", "amp", "aey", "apu", "ewe", "hun", "mzh", "deu", "hau", "kwi", "tha", "hix", "nld", "cle", "fij", "khk", "djk", "aeb", "fin", "hye", "spp", "pol", "yad", "ses", "spa", "swh", "yor", "gle", "zul", "jpn", "lav", "yaq", "bsn", "kor", "mkd", "mbc", "ary", "khm", "esu", "pes", "ape", "mya", "sot", "rus", "mph", "car", "tgl", "bul"], "lang_embeds_length": 75, "lang_length": 75}, "dev": {"report": {"0": {"precision": 1.0, "recall": 1.0, "f1-score": 1.0, "support": 4}, "1": {"precision": 1.0, "recall": 1.0, "f1-score": 1.0, "support": 1}, "2": {"precision": 1.0, "recall": 1.0, "f1-score": 1.0, "support": 2}, "3": {"precision": 1.0, "recall": 1.0, "f1-score": 1.0, "support": 1}, "accuracy": 1.0, "macro avg": {"precision": 1.0, "recall": 1.0, "f1-score": 1.0, "support": 8}, "weighted avg": {"precision": 1.0, "recall": 1.0, "f1-score": 1.0, "support": 8}}, "loss": "0.46101218", "lang_embeds": ["esu", "cle", "pes", "spp", "aey", "amp", "sot", "bsn"], "lang_embeds_length": 8, "lang_length": 8}, "test": {"report": {"0": {"precision": 0.14285714285714285, "recall": 1.0, "f1-score": 0.25, "support": 1}, "1": {"precision": 0.0, "recall": 0.0, "f1-score": 0.0, "support": 1}, "2": {"precision": 1.0, "recall": 0.16666666666666666, "f1-score": 0.2857142857142857, "support": 6}, "accuracy": 0.25, "macro avg": {"precision": 0.38095238095238093, "recall": 0.3888888888888889, "f1-score": 0.17857142857142858, "support": 8}, "weighted avg": {"precision": 0.7678571428571429, "recall": 0.25, "f1-score": 0.24553571428571427, "support": 8}}, "acc": 0.25, "lang_embeds": ["bel", "smo", "ben", "ukr", "ces", "slv", "swe", "slk"], "lang_embeds_length": 8, "lang_length": 8}, "test_zs": {"report": {"0": {"precision": 0.0, "recall": 0.0, "f1-score": 0.0, "support": 1}, "1": {"precision": 0.125, "recall": 1.0, "f1-score": 0.2222222222222222, "support": 1}, "2": {"precision": 0.0, "recall": 0.0, "f1-score": 0.0, "support": 6}, "accuracy": 0.125, "macro avg": {"precision": 0.041666666666666664, "recall": 0.3333333333333333, "f1-score": 0.07407407407407407, "support": 8}, "weighted avg": {"precision": 0.015625, "recall": 0.125, "f1-score": 0.027777777777777776, "support": 8}}, "acc": 0.125, "lang_embeds": [], "lang_embeds_length": 0, "lang_length": 8}}