{"feature_name": "The_Position_of_Negative_Morphemes_in_SOV_Languages", "feature_id": "144L", "epoch": 0, "train": {"report": {"0": {"precision": 0.2855392156862745, "recall": 0.706060606060606, "f1-score": 0.406631762652705, "support": 330}, "1": {"precision": 0.0967741935483871, "recall": 0.05844155844155844, "f1-score": 0.0728744939271255, "support": 154}, "2": {"precision": 0.0, "recall": 0.0, "f1-score": 0.0, "support": 97}, "3": {"precision": 0.0, "recall": 0.0, "f1-score": 0.0, "support": 89}, "4": {"precision": 0.028985507246376812, "recall": 0.02197802197802198, "f1-score": 0.024999999999999998, "support": 91}, "5": {"precision": 0.0, "recall": 0.0, "f1-score": 0.0, "support": 73}, "6": {"precision": 0.0, "recall": 0.0, "f1-score": 0.0, "support": 58}, "7": {"precision": 0.0, "recall": 0.0, "f1-score": 0.0, "support": 64}, "8": {"precision": 0.08333333333333333, "recall": 0.015625, "f1-score": 0.02631578947368421, "support": 64}, "9": {"precision": 0.0, "recall": 0.0, "f1-score": 0.0, "support": 16}, "10": {"precision": 0.0, "recall": 0.0, "f1-score": 0.0, "support": 8}, "11": {"precision": 0.0, "recall": 0.0, "f1-score": 0.0, "support": 24}, "12": {"precision": 0.0, "recall": 0.0, "f1-score": 0.0, "support": 24}, "13": {"precision": 0.0, "recall": 0.0, "f1-score": 0.0, "support": 25}, "15": {"precision": 0.0, "recall": 0.0, "f1-score": 0.0, "support": 0}, "18": {"precision": 0.0, "recall": 0.0, "f1-score": 0.0, "support": 0}, "20": {"precision": 0.0, "recall": 0.0, "f1-score": 0.0, "support": 0}, "22": {"precision": 0.0, "recall": 0.0, "f1-score": 0.0, "support": 0}, "accuracy": 0.21933751119068934, "macro avg": {"precision": 0.02747956943413176, "recall": 0.04456139924889925, "f1-score": 0.02949011366963971, "support": 1117}, "weighted avg": {"precision": 0.10483633077500074, "recall": 0.21933751119068934, "f1-score": 0.13372458752594968, "support": 1117}}, "loss": "2.9142392", "lang_embeds": [], "lang_embeds_length": 0, "lang_length": 138}, "dev": {"report": {"0": {"precision": 0.3076923076923077, "recall": 1.0, "f1-score": 0.47058823529411764, "support": 4}, "1": {"precision": 0.0, "recall": 0.0, "f1-score": 0.0, "support": 4}, "3": {"precision": 0.0, "recall": 0.0, "f1-score": 0.0, "support": 1}, "7": {"precision": 0.0, "recall": 0.0, "f1-score": 0.0, "support": 1}, "8": {"precision": 0.0, "recall": 0.0, "f1-score": 0.0, "support": 2}, "9": {"precision": 0.0, "recall": 0.0, "f1-score": 0.0, "support": 1}, "accuracy": 0.3076923076923077, "macro avg": {"precision": 0.05128205128205129, "recall": 0.16666666666666666, "f1-score": 0.0784313725490196, "support": 13}, "weighted avg": {"precision": 0.09467455621301776, "recall": 0.3076923076923077, "f1-score": 0.14479638009049772, "support": 13}}, "loss": "2.3889356", "lang_embeds": [], "lang_embeds_length": 0, "lang_length": 13}, "test": {"report": {"0": {"precision": 0.21428571428571427, "recall": 1.0, "f1-score": 0.35294117647058826, "support": 3}, "1": {"precision": 0.0, "recall": 0.0, "f1-score": 0.0, "support": 2}, "3": {"precision": 0.0, "recall": 0.0, "f1-score": 0.0, "support": 2}, "4": {"precision": 0.0, "recall": 0.0, "f1-score": 0.0, "support": 3}, "5": {"precision": 0.0, "recall": 0.0, "f1-score": 0.0, "support": 1}, "6": {"precision": 0.0, "recall": 0.0, "f1-score": 0.0, "support": 2}, "14": {"precision": 0.0, "recall": 0.0, "f1-score": 0.0, "support": 1}, "accuracy": 0.21428571428571427, "macro avg": {"precision": 0.030612244897959183, "recall": 0.14285714285714285, "f1-score": 0.05042016806722689, "support": 14}, "weighted avg": {"precision": 0.04591836734693877, "recall": 0.21428571428571427, "f1-score": 0.07563025210084033, "support": 14}}, "acc": 0.2142857164144516, "lang_embeds": [], "lang_embeds_length": 0, "lang_length": 14}, "test_zs": {"report": {"0": {"precision": 0.21428571428571427, "recall": 1.0, "f1-score": 0.35294117647058826, "support": 3}, "1": {"precision": 0.0, "recall": 0.0, "f1-score": 0.0, "support": 2}, "3": {"precision": 0.0, "recall": 0.0, "f1-score": 0.0, "support": 2}, "4": {"precision": 0.0, "recall": 0.0, "f1-score": 0.0, "support": 3}, "5": {"precision": 0.0, "recall": 0.0, "f1-score": 0.0, "support": 1}, "6": {"precision": 0.0, "recall": 0.0, "f1-score": 0.0, "support": 2}, "14": {"precision": 0.0, "recall": 0.0, "f1-score": 0.0, "support": 1}, "accuracy": 0.21428571428571427, "macro avg": {"precision": 0.030612244897959183, "recall": 0.14285714285714285, "f1-score": 0.05042016806722689, "support": 14}, "weighted avg": {"precision": 0.04591836734693877, "recall": 0.21428571428571427, "f1-score": 0.07563025210084033, "support": 14}}, "acc": 0.2142857164144516, "lang_embeds": [], "lang_embeds_length": 0, "lang_length": 14}}