{"feature_name": "Productivity_of_the_Antipassive_Construction", "feature_id": "108B", "epoch": 0, "train": {"report": {"0": {"precision": 0.875, "recall": 0.8666666666666667, "f1-score": 0.8708133971291866, "support": 105}, "1": {"precision": 0.0, "recall": 0.0, "f1-score": 0.0, "support": 9}, "2": {"precision": 0.0, "recall": 0.0, "f1-score": 0.0, "support": 4}, "3": {"precision": 0.0, "recall": 0.0, "f1-score": 0.0, "support": 0}, "accuracy": 0.7711864406779662, "macro avg": {"precision": 0.21875, "recall": 0.21666666666666667, "f1-score": 0.21770334928229665, "support": 118}, "weighted avg": {"precision": 0.7786016949152542, "recall": 0.7711864406779662, "f1-score": 0.7748763279539372, "support": 118}}, "loss": "1.5291212", "lang_embeds": [], "lang_embeds_length": 0, "lang_length": 66}, "dev": {"report": {"0": {"precision": 1.0, "recall": 1.0, "f1-score": 1.0, "support": 7}, "accuracy": 1.0, "macro avg": {"precision": 1.0, "recall": 1.0, "f1-score": 1.0, "support": 7}, "weighted avg": {"precision": 1.0, "recall": 1.0, "f1-score": 1.0, "support": 7}}, "loss": "0.04965895", "lang_embeds": [], "lang_embeds_length": 0, "lang_length": 7}, "test": {"report": {"0": {"precision": 0.8571428571428571, "recall": 1.0, "f1-score": 0.923076923076923, "support": 6}, "1": {"precision": 0.0, "recall": 0.0, "f1-score": 0.0, "support": 1}, "accuracy": 0.8571428571428571, "macro avg": {"precision": 0.42857142857142855, "recall": 0.5, "f1-score": 0.4615384615384615, "support": 7}, "weighted avg": {"precision": 0.7346938775510203, "recall": 0.8571428571428571, "f1-score": 0.7912087912087912, "support": 7}}, "acc": 0.8571428656578064, "lang_embeds": [], "lang_embeds_length": 0, "lang_length": 7}, "test_zs": {"report": {"0": {"precision": 0.8571428571428571, "recall": 1.0, "f1-score": 0.923076923076923, "support": 6}, "1": {"precision": 0.0, "recall": 0.0, "f1-score": 0.0, "support": 1}, "accuracy": 0.8571428571428571, "macro avg": {"precision": 0.42857142857142855, "recall": 0.5, "f1-score": 0.4615384615384615, "support": 7}, "weighted avg": {"precision": 0.7346938775510203, "recall": 0.8571428571428571, "f1-score": 0.7912087912087912, "support": 7}}, "acc": 0.8571428656578064, "lang_embeds": [], "lang_embeds_length": 0, "lang_length": 7}}