{"feature_name": "Other_Roles_of_Applied_Objects", "feature_id": "109B", "epoch": 0, "train": {"report": {"0": {"precision": 0.5860058309037901, "recall": 0.8481012658227848, "f1-score": 0.6931034482758621, "support": 237}, "1": {"precision": 0.05, "recall": 0.02857142857142857, "f1-score": 0.03636363636363636, "support": 70}, "2": {"precision": 0.0, "recall": 0.0, "f1-score": 0.0, "support": 33}, "3": {"precision": 0.1, "recall": 0.03333333333333333, "f1-score": 0.05, "support": 30}, "4": {"precision": 0.0, "recall": 0.0, "f1-score": 0.0, "support": 26}, "accuracy": 0.5151515151515151, "macro avg": {"precision": 0.14720116618075801, "recall": 0.18200120554550933, "f1-score": 0.1558934169278997, "support": 396}, "weighted avg": {"precision": 0.367129752333834, "recall": 0.5151515151515151, "f1-score": 0.4250277065324087, "support": 396}}, "loss": "1.6546004", "lang_embeds": [], "lang_embeds_length": 0, "lang_length": 63}, "dev": {"report": {"0": {"precision": 1.0, "recall": 1.0, "f1-score": 1.0, "support": 6}, "accuracy": 1.0, "macro avg": {"precision": 1.0, "recall": 1.0, "f1-score": 1.0, "support": 6}, "weighted avg": {"precision": 1.0, "recall": 1.0, "f1-score": 1.0, "support": 6}}, "loss": "0.73965806", "lang_embeds": [], "lang_embeds_length": 0, "lang_length": 6}, "test": {"report": {"0": {"precision": 1.0, "recall": 1.0, "f1-score": 1.0, "support": 7}, "accuracy": 1.0, "macro avg": {"precision": 1.0, "recall": 1.0, "f1-score": 1.0, "support": 7}, "weighted avg": {"precision": 1.0, "recall": 1.0, "f1-score": 1.0, "support": 7}}, "acc": 1.0, "lang_embeds": [], "lang_embeds_length": 0, "lang_length": 7}, "test_zs": {"report": {"0": {"precision": 1.0, "recall": 1.0, "f1-score": 1.0, "support": 7}, "accuracy": 1.0, "macro avg": {"precision": 1.0, "recall": 1.0, "f1-score": 1.0, "support": 7}, "weighted avg": {"precision": 1.0, "recall": 1.0, "f1-score": 1.0, "support": 7}}, "acc": 1.0, "lang_embeds": [], "lang_embeds_length": 0, "lang_length": 7}}