{"feature_name": "Correlative_relative_clauses", "feature_id": "90E", "epoch": 0, "train": {"report": {"0": {"precision": 1.0, "recall": 0.6666666666666666, "f1-score": 0.8, "support": 3}, "2": {"precision": 0.0, "recall": 0.0, "f1-score": 0.0, "support": 1}, "5": {"precision": 0.0, "recall": 0.0, "f1-score": 0.0, "support": 0}, "6": {"precision": 0.0, "recall": 0.0, "f1-score": 0.0, "support": 0}, "accuracy": 0.5, "macro avg": {"precision": 0.25, "recall": 0.16666666666666666, "f1-score": 0.2, "support": 4}, "weighted avg": {"precision": 0.75, "recall": 0.5, "f1-score": 0.6000000000000001, "support": 4}}, "loss": "1.6025785", "lang_embeds": ["urd", "qvi", "hin", "spp"], "lang_embeds_length": 4, "lang_length": 4}, "dev": {"report": {"1": {"precision": 1.0, "recall": 1.0, "f1-score": 1.0, "support": 1}, "accuracy": 1.0, "macro avg": {"precision": 1.0, "recall": 1.0, "f1-score": 1.0, "support": 1}, "weighted avg": {"precision": 1.0, "recall": 1.0, "f1-score": 1.0, "support": 1}}, "loss": "1.3991238", "lang_embeds": ["sat"], "lang_embeds_length": 1, "lang_length": 1}, "test": {"report": {"4": {"precision": 0.0, "recall": 0.0, "f1-score": 0.0, "support": 1.0}, "6": {"precision": 0.0, "recall": 0.0, "f1-score": 0.0, "support": 0.0}, "accuracy": 0.0, "macro avg": {"precision": 0.0, "recall": 0.0, "f1-score": 0.0, "support": 1.0}, "weighted avg": {"precision": 0.0, "recall": 0.0, "f1-score": 0.0, "support": 1.0}}, "acc": 0.0, "lang_embeds": ["mai"], "lang_embeds_length": 1, "lang_length": 1}, "test_zs": {"report": {"1": {"precision": 0.0, "recall": 0.0, "f1-score": 0.0, "support": 0.0}, "4": {"precision": 0.0, "recall": 0.0, "f1-score": 0.0, "support": 1.0}, "accuracy": 0.0, "macro avg": {"precision": 0.0, "recall": 0.0, "f1-score": 0.0, "support": 1.0}, "weighted avg": {"precision": 0.0, "recall": 0.0, "f1-score": 0.0, "support": 1.0}}, "acc": 0.0, "lang_embeds": [], "lang_embeds_length": 0, "lang_length": 1}}