{"feature_name": "Sex-based_and_Non-sex-based_Gender_Systems", "feature_id": "31A", "epoch": 0, "train": {"report": {"0": {"precision": 0.8217821782178217, "recall": 0.7410714285714286, "f1-score": 0.7793427230046948, "support": 112}, "1": {"precision": 0.5918367346938775, "recall": 0.58, "f1-score": 0.5858585858585857, "support": 50}, "2": {"precision": 0.3888888888888889, "recall": 0.5833333333333334, "f1-score": 0.4666666666666666, "support": 24}, "accuracy": 0.6774193548387096, "macro avg": {"precision": 0.6008359339335293, "recall": 0.6348015873015873, "f1-score": 0.6106226585099824, "support": 186}, "weighted avg": {"precision": 0.7041116883248562, "recall": 0.6774193548387096, "f1-score": 0.6869855605884683, "support": 186}}, "loss": "0.8393174", "lang_embeds": ["fra", "hin", "vie", "mri", "mig", "tur", "wnu", "ote", "ind", "sag", "ell", "ibo", "sue", "shp", "srq", "nuy", "lbj", "lhu", "nhg", "kpw", "laj", "naq", "nya", "plt", "qvi", "eus", "aey", "amp", "dgz", "apu", "kjh", "ewe", "sna", "hun", "btx", "yle", "deu", "khk", "kwi", "hau", "hix", "amh", "cle", "fij", "sja", "djk", "tnc", "caq", "spp", "fin", "yor", "swh", "jic", "spa", "zul", "yaq", "bsn", "mbc", "esu", "khm", "car", "pes", "ape", "rus", "mph", "ses", "urb", "pad", "tgl"], "lang_embeds_length": 69, "lang_length": 69}, "dev": {"report": {"0": {"precision": 1.0, "recall": 1.0, "f1-score": 1.0, "support": 4}, "1": {"precision": 1.0, "recall": 1.0, "f1-score": 1.0, "support": 2}, "2": {"precision": 1.0, "recall": 1.0, "f1-score": 1.0, "support": 1}, "accuracy": 1.0, "macro avg": {"precision": 1.0, "recall": 1.0, "f1-score": 1.0, "support": 7}, "weighted avg": {"precision": 1.0, "recall": 1.0, "f1-score": 1.0, "support": 7}}, "loss": "0.41594523", "lang_embeds": ["kwi", "spp", "amp", "ote", "yor", "bsn", "khk"], "lang_embeds_length": 7, "lang_length": 7}, "test": {"report": {"0": {"precision": 0.4, "recall": 0.5, "f1-score": 0.4444444444444445, "support": 4}, "1": {"precision": 0.3333333333333333, "recall": 0.25, "f1-score": 0.28571428571428575, "support": 4}, "accuracy": 0.375, "macro avg": {"precision": 0.3666666666666667, "recall": 0.375, "f1-score": 0.3650793650793651, "support": 8}, "weighted avg": {"precision": 0.3666666666666667, "recall": 0.375, "f1-score": 0.3650793650793651, "support": 8}}, "acc": 0.375, "lang_embeds": ["tha", "arn", "hye", "mya", "ukr", "gla", "lav", "tam"], "lang_embeds_length": 8, "lang_length": 8}, "test_zs": {"report": {"0": {"precision": 0.0, "recall": 0.0, "f1-score": 0.0, "support": 4}, "1": {"precision": 0.5, "recall": 1.0, "f1-score": 0.6666666666666666, "support": 4}, "accuracy": 0.5, "macro avg": {"precision": 0.25, "recall": 0.5, "f1-score": 0.3333333333333333, "support": 8}, "weighted avg": {"precision": 0.25, "recall": 0.5, "f1-score": 0.3333333333333333, "support": 8}}, "acc": 0.5, "lang_embeds": [], "lang_embeds_length": 0, "lang_length": 8}}