{"feature_name": "Applicative_Constructions", "feature_id": "109A", "epoch": 0, "train": {"report": {"0": {"precision": 0.8461538461538461, "recall": 0.6407766990291263, "f1-score": 0.7292817679558011, "support": 103}, "1": {"precision": 0.6129032258064516, "recall": 0.48717948717948717, "f1-score": 0.5428571428571428, "support": 39}, "2": {"precision": 0.4666666666666667, "recall": 0.5384615384615384, "f1-score": 0.5, "support": 13}, "3": {"precision": 0.17647058823529413, "recall": 0.42857142857142855, "f1-score": 0.25, "support": 7}, "4": {"precision": 0.1, "recall": 0.3333333333333333, "f1-score": 0.15384615384615383, "support": 3}, "5": {"precision": 0.0, "recall": 0.0, "f1-score": 0.0, "support": 0}, "6": {"precision": 0.1111111111111111, "recall": 0.3333333333333333, "f1-score": 0.16666666666666666, "support": 3}, "accuracy": 0.5773809523809523, "macro avg": {"precision": 0.33047220542476713, "recall": 0.39452225998689244, "f1-score": 0.33466453304653776, "support": 168}, "weighted avg": {"precision": 0.7082878933211001, "recall": 0.5773809523809523, "f1-score": 0.6279701734072296, "support": 168}}, "loss": "1.4217565", "lang_embeds": ["fra", "hin", "vie", "mri", "mig", "tur", "ind", "ote", "wnu", "sag", "ell", "ibo", "sue", "shp", "nuy", "kpw", "laj", "naq", "nya", "qvi", "eus", "plt", "dgz", "aey", "amp", "kjh", "apu", "ewe", "hun", "mzh", "deu", "hau", "kwi", "khk", "hix", "sja", "fij", "djk", "pma", "fin", "yad", "spp", "spa", "swh", "yor", "cnh", "zul", "jpn", "yaq", "bsn", "kor", "mbc", "esu", "pes", "ape", "tpt", "mya", "rus", "mph", "ses", "urb", "pad", "tgl"], "lang_embeds_length": 63, "lang_length": 63}, "dev": {"report": {"0": {"precision": 1.0, "recall": 1.0, "f1-score": 1.0, "support": 5}, "1": {"precision": 1.0, "recall": 1.0, "f1-score": 1.0, "support": 2}, "accuracy": 1.0, "macro avg": {"precision": 1.0, "recall": 1.0, "f1-score": 1.0, "support": 7}, "weighted avg": {"precision": 1.0, "recall": 1.0, "f1-score": 1.0, "support": 7}}, "loss": "0.7111965", "lang_embeds": ["kwi", "mig", "kjh", "ewe", "sag", "ibo", "shp"], "lang_embeds_length": 7, "lang_length": 7}, "test": {"report": {"0": {"precision": 1.0, "recall": 0.8571428571428571, "f1-score": 0.923076923076923, "support": 7}, "1": {"precision": 0.0, "recall": 0.0, "f1-score": 0.0, "support": 0}, "accuracy": 0.8571428571428571, "macro avg": {"precision": 0.5, "recall": 0.42857142857142855, "f1-score": 0.4615384615384615, "support": 7}, "weighted avg": {"precision": 1.0, "recall": 0.8571428571428571, "f1-score": 0.923076923076923, "support": 7}}, "acc": 0.8571428656578064, "lang_embeds": ["tha", "arn", "hye", "ukr", "gla", "lav", "tam"], "lang_embeds_length": 7, "lang_length": 7}, "test_zs": {"report": {"0": {"precision": 0.0, "recall": 0.0, "f1-score": 0.0, "support": 7.0}, "2": {"precision": 0.0, "recall": 0.0, "f1-score": 0.0, "support": 0.0}, "accuracy": 0.0, "macro avg": {"precision": 0.0, "recall": 0.0, "f1-score": 0.0, "support": 7.0}, "weighted avg": {"precision": 0.0, "recall": 0.0, "f1-score": 0.0, "support": 7.0}}, "acc": 0.0, "lang_embeds": [], "lang_embeds_length": 0, "lang_length": 7}}