{"feature_name": "Perfective/Imperfective_Aspect", "feature_id": "65A", "epoch": 0, "train": {"report": {"0": {"precision": 0.5392156862745098, "recall": 0.5670103092783505, "f1-score": 0.5527638190954773, "support": 194}, "1": {"precision": 0.5116279069767442, "recall": 0.4835164835164835, "f1-score": 0.4971751412429378, "support": 182}, "accuracy": 0.526595744680851, "macro avg": {"precision": 0.5254217966256269, "recall": 0.525263396397417, "f1-score": 0.5249694801692075, "support": 376}, "weighted avg": {"precision": 0.525862027146336, "recall": 0.526595744680851, "f1-score": 0.5258565335391949, "support": 376}}, "loss": "1.1508269", "lang_embeds": [], "lang_embeds_length": 0, "lang_length": 84}, "dev": {"report": {"0": {"precision": 0.75, "recall": 1.0, "f1-score": 0.8571428571428571, "support": 6}, "1": {"precision": 0.0, "recall": 0.0, "f1-score": 0.0, "support": 2}, "accuracy": 0.75, "macro avg": {"precision": 0.375, "recall": 0.5, "f1-score": 0.42857142857142855, "support": 8}, "weighted avg": {"precision": 0.5625, "recall": 0.75, "f1-score": 0.6428571428571428, "support": 8}}, "loss": "0.6108308", "lang_embeds": [], "lang_embeds_length": 0, "lang_length": 8}, "test": {"report": {"0": {"precision": 0.5555555555555556, "recall": 1.0, "f1-score": 0.7142857142857143, "support": 5}, "1": {"precision": 0.0, "recall": 0.0, "f1-score": 0.0, "support": 4}, "accuracy": 0.5555555555555556, "macro avg": {"precision": 0.2777777777777778, "recall": 0.5, "f1-score": 0.35714285714285715, "support": 9}, "weighted avg": {"precision": 0.30864197530864196, "recall": 0.5555555555555556, "f1-score": 0.39682539682539686, "support": 9}}, "acc": 0.5555555820465088, "lang_embeds": [], "lang_embeds_length": 0, "lang_length": 9}, "test_zs": {"report": {"0": {"precision": 0.5555555555555556, "recall": 1.0, "f1-score": 0.7142857142857143, "support": 5}, "1": {"precision": 0.0, "recall": 0.0, "f1-score": 0.0, "support": 4}, "accuracy": 0.5555555555555556, "macro avg": {"precision": 0.2777777777777778, "recall": 0.5, "f1-score": 0.35714285714285715, "support": 9}, "weighted avg": {"precision": 0.30864197530864196, "recall": 0.5555555555555556, "f1-score": 0.39682539682539686, "support": 9}}, "acc": 0.5555555820465088, "lang_embeds": [], "lang_embeds_length": 0, "lang_length": 9}}