{"feature_name": "Front_Rounded_Vowels", "feature_id": "11A", "epoch": 0, "train": {"report": {"0": {"precision": 0.9565217391304348, "recall": 0.850828729281768, "f1-score": 0.9005847953216375, "support": 543}, "1": {"precision": 0.26666666666666666, "recall": 0.3076923076923077, "f1-score": 0.28571428571428575, "support": 26}, "2": {"precision": 0.0, "recall": 0.0, "f1-score": 0.0, "support": 4}, "3": {"precision": 0.05128205128205128, "recall": 0.6666666666666666, "f1-score": 0.09523809523809523, "support": 3}, "accuracy": 0.8194444444444444, "macro avg": {"precision": 0.3186176142697882, "recall": 0.45629692591018556, "f1-score": 0.32038429406850466, "support": 576}, "weighted avg": {"precision": 0.9140251455468847, "recall": 0.8194444444444444, "f1-score": 0.8623816485658592, "support": 576}}, "loss": "0.53302014", "lang_embeds": ["nav", "cjv", "ind", "sag", "ell", "ibo", "spl", "hop", "shp", "roo", "plt", "iba", "guh", "kac", "aey", "apu", "ycn", "auc", "dow", "huv", "wap", "kwi", "guc", "hix", "arl", "mto", "bom", "fij", "tha", "yua", "yad", "yor", "jic", "yaq", "kor", "bmr", "niy", "cbv", "mwp", "ape", "mya", "cag", "rus", "pad", "tgl", "arn", "vie", "mri", "ign", "wnu", "huu", "ote", "mbl", "cub", "wrk", "nuy", "lhu", "tsz", "adz", "pbb", "yle", "deu", "yrb", "khk", "cle", "ame", "tzh", "nhu", "hye", "ivv", "spa", "faa", "tsg", "ctd", "ald", "mph", "tna", "yss", "car", "ood", "wrs", "etu", "kup", "fra", "con", "bzd", "kvn", "bao", "mig", "tca", "apn", "daa", "lbj", "srq", "hus", "gum", "naq", "dgz", "amu", "hun", "ewe", "som", "mzh", "hau", "gbr", "quh", "beq", "sja", "pma", "fin", "bvr", "wim", "swh", "rro", "maq", "jpn", "kss", "nas", "ncj", "cbi", "mps", "pes", "kmo", "ctp", "kwd", "btx", "wnc", "hin", "nab", "njo", "jiv", "tur", "kbh", "tiy", "sue", "xpe", "agm", "nhg", "kpw", "laj", "chq", "eus", "nob", "amp", "ake", "yva", "snn", "njz", "amh", "djk", "bkq", "spp", "zul", "kek", "khm", "gvn", "byx", "bba", "ses", "urb"], "lang_embeds_length": 160, "lang_length": 160}, "dev": {"report": {"0": {"precision": 1.0, "recall": 1.0, "f1-score": 1.0, "support": 16}, "accuracy": 1.0, "macro avg": {"precision": 1.0, "recall": 1.0, "f1-score": 1.0, "support": 16}, "weighted avg": {"precision": 1.0, "recall": 1.0, "f1-score": 1.0, "support": 16}}, "loss": "0.050135847", "lang_embeds": ["gbr", "lbj", "srq", "bzd", "gum", "roo", "cbi", "wap", "wnu", "gvn", "huu", "ake", "maq", "car", "snn", "agm"], "lang_embeds_length": 16, "lang_length": 16}, "test": {"report": {"0": {"precision": 0.875, "recall": 0.9333333333333333, "f1-score": 0.9032258064516129, "support": 15}, "1": {"precision": 0.0, "recall": 0.0, "f1-score": 0.0, "support": 2}, "accuracy": 0.8235294117647058, "macro avg": {"precision": 0.4375, "recall": 0.4666666666666667, "f1-score": 0.45161290322580644, "support": 17}, "weighted avg": {"precision": 0.7720588235294118, "recall": 0.8235294117647058, "f1-score": 0.7969639468690702, "support": 17}}, "acc": 0.8235294222831726, "lang_embeds": ["ron", "nep", "ben", "lit", "pol", "ckb", "tet", "kgp", "snd", "bre", "lav", "jav", "shn", "ium", "cat", "tyv", "bul"], "lang_embeds_length": 17, "lang_length": 17}, "test_zs": {"report": {"0": {"precision": 0.0, "recall": 0.0, "f1-score": 0.0, "support": 15.0}, "1": {"precision": 0.0, "recall": 0.0, "f1-score": 0.0, "support": 2.0}, "2": {"precision": 0.0, "recall": 0.0, "f1-score": 0.0, "support": 0.0}, "accuracy": 0.0, "macro avg": {"precision": 0.0, "recall": 0.0, "f1-score": 0.0, "support": 17.0}, "weighted avg": {"precision": 0.0, "recall": 0.0, "f1-score": 0.0, "support": 17.0}}, "acc": 0.0, "lang_embeds": [], "lang_embeds_length": 0, "lang_length": 17}}