{"feature_name": "NegSOV_Order", "feature_id": "144P", "epoch": 0, "train": {"report": {"0": {"precision": 0.9631336405529954, "recall": 0.7798507462686567, "f1-score": 0.8618556701030927, "support": 268}, "1": {"precision": 0.19230769230769232, "recall": 0.3333333333333333, "f1-score": 0.2439024390243902, "support": 15}, "2": {"precision": 0.0, "recall": 0.0, "f1-score": 0.0, "support": 2}, "3": {"precision": 0.0, "recall": 0.0, "f1-score": 0.0, "support": 0}, "accuracy": 0.7508771929824561, "macro avg": {"precision": 0.28886033321517196, "recall": 0.2782960199004975, "f1-score": 0.2764395272818707, "support": 285}, "weighted avg": {"precision": 0.9158050212379583, "recall": 0.7508771929824561, "f1-score": 0.8232837058701569, "support": 285}}, "loss": "0.7246159", "lang_embeds": ["des", "nav", "hto", "sll", "hop", "shp", "azb", "qvi", "aey", "yon", "auc", "kwi", "tbc", "apw", "cnh", "yaq", "kor", "mcd", "niy", "nmf", "xsr", "mya", "yuj", "ssd", "gvf", "bqc", "wnu", "huu", "mjw", "cbu", "kyz", "lhu", "kms", "pbb", "geb", "cui", "snp", "apt", "yrb", "deu", "khk", "urd", "cbr", "tnc", "naf", "mhx", "apy", "kpx", "car", "kup", "njb", "kvn", "cap", "hch", "txu", "awb", "lbj", "naq", "sat", "oym", "dgz", "som", "nbc", "gbr", "sja", "mrg", "mpt", "jpn", "nas", "adi", "aau", "gah", "cbi", "mva", "pes", "miq", "uig", "cof", "usa", "hin", "pwg", "kue", "nab", "njo", "tue", "jiv", "tur", "tbg", "kpw", "trp", "viv", "eus", "ese", "amp", "opm", "agg", "amh", "spp", "pao", "tfr", "mbc", "snc", "yaa", "sbe", "ses", "urb"], "lang_embeds_length": 106, "lang_length": 106}, "dev": {"report": {"0": {"precision": 1.0, "recall": 1.0, "f1-score": 1.0, "support": 10}, "1": {"precision": 1.0, "recall": 1.0, "f1-score": 1.0, "support": 1}, "accuracy": 1.0, "macro avg": {"precision": 1.0, "recall": 1.0, "f1-score": 1.0, "support": 11}, "weighted avg": {"precision": 1.0, "recall": 1.0, "f1-score": 1.0, "support": 11}}, "loss": "0.19377731", "lang_embeds": ["kwi", "niy", "snc", "urd", "pes", "miq", "apt", "som", "cnh", "agg", "awb"], "lang_embeds_length": 11, "lang_length": 11}, "test": {"report": {"0": {"precision": 1.0, "recall": 0.8181818181818182, "f1-score": 0.9, "support": 11}, "3": {"precision": 0.0, "recall": 0.0, "f1-score": 0.0, "support": 0}, "accuracy": 0.8181818181818182, "macro avg": {"precision": 0.5, "recall": 0.4090909090909091, "f1-score": 0.45, "support": 11}, "weighted avg": {"precision": 1.0, "recall": 0.8181818181818182, "f1-score": 0.9, "support": 11}}, "acc": 0.8181818127632141, "lang_embeds": ["nld", "nep", "tyv", "ben", "hye", "kgp", "lus", "che", "tgk", "ckb", "tam"], "lang_embeds_length": 11, "lang_length": 11}, "test_zs": {"report": {"0": {"precision": 0.0, "recall": 0.0, "f1-score": 0.0, "support": 11.0}, "2": {"precision": 0.0, "recall": 0.0, "f1-score": 0.0, "support": 0.0}, "accuracy": 0.0, "macro avg": {"precision": 0.0, "recall": 0.0, "f1-score": 0.0, "support": 11.0}, "weighted avg": {"precision": 0.0, "recall": 0.0, "f1-score": 0.0, "support": 11.0}}, "acc": 0.0, "lang_embeds": [], "lang_embeds_length": 0, "lang_length": 11}}