{"feature_name": "Order_of_Object,_Oblique,_and_Verb", "feature_id": "84A", "epoch": 0, "train": {"report": {"0": {"precision": 0.8036253776435045, "recall": 0.8134556574923547, "f1-score": 0.8085106382978722, "support": 327}, "1": {"precision": 0.7047619047619048, "recall": 0.6434782608695652, "f1-score": 0.6727272727272727, "support": 115}, "2": {"precision": 0.6363636363636364, "recall": 0.5753424657534246, "f1-score": 0.60431654676259, "support": 73}, "3": {"precision": 0.5217391304347826, "recall": 0.5, "f1-score": 0.5106382978723404, "support": 48}, "4": {"precision": 0.5121951219512195, "recall": 0.5526315789473685, "f1-score": 0.5316455696202531, "support": 38}, "5": {"precision": 0.0, "recall": 0.0, "f1-score": 0.0, "support": 0}, "accuracy": 0.7104825291181365, "macro avg": {"precision": 0.5297808618591746, "recall": 0.5141513271771189, "f1-score": 0.5213063875467214, "support": 601}, "weighted avg": {"precision": 0.7234518400775479, "recall": 0.7104825291181365, "f1-score": 0.7164307702897698, "support": 601}}, "loss": "0.94384307", "lang_embeds": ["nav", "arb", "cav", "mua", "var", "ntp", "trc", "ind", "hto", "xsi", "sag", "ibo", "qvi", "taq", "mam", "plt", "fub", "iba", "aey", "kac", "amn", "apu", "mna", "guc", "kwi", "tha", "hix", "bom", "fij", "tbc", "tlf", "apw", "mio", "adj", "niy", "ghs", "mya", "sot", "yuj", "pad", "arn", "aia", "vie", "mri", "ote", "mjw", "kto", "lww", "emi", "mqy", "nuy", "kms", "adz", "djr", "deu", "cle", "nhu", "spa", "pam", "gym", "bsn", "mmn", "est", "sus", "apy", "tzo", "amk", "kpx", "izz", "mph", "tna", "fra", "tac", "kin", "bzd", "mig", "mie", "mau", "tca", "apn", "avt", "txu", "srq", "hus", "naq", "xed", "mzh", "sba", "hau", "gbr", "sja", "mpt", "fin", "caq", "jpn", "nas", "mpm", "ctp", "kmo", "tuo", "kwd", "btx", "aoj", "mos", "pwg", "mil", "tur", "kbh", "gub", "ixl", "nhg", "laj", "cco", "nya", "eus", "amp", "mxp", "tzj", "njz", "agg", "djk", "spp", "ann", "nsn", "cpa", "esu", "xsm", "zaw", "gvn", "sbe", "sua", "myb", "ses", "urb"], "lang_embeds_length": 134, "lang_length": 134}, "dev": {"report": {"0": {"precision": 1.0, "recall": 1.0, "f1-score": 1.0, "support": 6}, "1": {"precision": 1.0, "recall": 1.0, "f1-score": 1.0, "support": 3}, "2": {"precision": 1.0, "recall": 1.0, "f1-score": 1.0, "support": 1}, "3": {"precision": 1.0, "recall": 1.0, "f1-score": 1.0, "support": 3}, "accuracy": 1.0, "macro avg": {"precision": 1.0, "recall": 1.0, "f1-score": 1.0, "support": 13}, "weighted avg": {"precision": 1.0, "recall": 1.0, "f1-score": 1.0, "support": 13}}, "loss": "0.38166556", "lang_embeds": ["gbr", "srq", "hix", "tac", "sja", "nhg", "nya", "iba", "kac", "tuo", "sua", "pam", "mzh"], "lang_embeds_length": 13, "lang_length": 13}, "test": {"report": {"0": {"precision": 0.7142857142857143, "recall": 0.7142857142857143, "f1-score": 0.7142857142857143, "support": 7}, "1": {"precision": 0.5, "recall": 0.5, "f1-score": 0.5, "support": 4}, "2": {"precision": 0.0, "recall": 0.0, "f1-score": 0.0, "support": 3}, "3": {"precision": 0.0, "recall": 0.0, "f1-score": 0.0, "support": 0}, "accuracy": 0.5, "macro avg": {"precision": 0.3035714285714286, "recall": 0.3035714285714286, "f1-score": 0.3035714285714286, "support": 14}, "weighted avg": {"precision": 0.5, "recall": 0.5, "f1-score": 0.5, "support": 14}}, "acc": 0.5, "lang_embeds": ["dan", "nld", "bel", "ben", "hye", "tet", "lus", "gle", "gla", "cym", "swe", "wbp", "tam", "bul"], "lang_embeds_length": 14, "lang_length": 14}, "test_zs": {"report": {"0": {"precision": 0.0, "recall": 0.0, "f1-score": 0.0, "support": 7.0}, "1": {"precision": 0.0, "recall": 0.0, "f1-score": 0.0, "support": 4.0}, "2": {"precision": 0.0, "recall": 0.0, "f1-score": 0.0, "support": 3.0}, "3": {"precision": 0.0, "recall": 0.0, "f1-score": 0.0, "support": 0.0}, "accuracy": 0.0, "macro avg": {"precision": 0.0, "recall": 0.0, "f1-score": 0.0, "support": 14.0}, "weighted avg": {"precision": 0.0, "recall": 0.0, "f1-score": 0.0, "support": 14.0}}, "acc": 0.0, "lang_embeds": [], "lang_embeds_length": 0, "lang_length": 14}}