{"feature_name": "Number_of_Basic_Colour_Categories", "feature_id": "133A", "epoch": 0, "train": {"report": {"0": {"precision": 0.3048128342245989, "recall": 0.5229357798165137, "f1-score": 0.3851351351351351, "support": 109}, "1": {"precision": 0.08536585365853659, "recall": 0.11290322580645161, "f1-score": 0.09722222222222222, "support": 62}, "2": {"precision": 0.125, "recall": 0.02702702702702703, "f1-score": 0.044444444444444446, "support": 37}, "3": {"precision": 0.17391304347826086, "recall": 0.10526315789473684, "f1-score": 0.13114754098360656, "support": 38}, "4": {"precision": 0.0, "recall": 0.0, "f1-score": 0.0, "support": 14}, "5": {"precision": 0.0, "recall": 0.0, "f1-score": 0.0, "support": 32}, "6": {"precision": 0.0, "recall": 0.0, "f1-score": 0.0, "support": 13}, "accuracy": 0.2262295081967213, "macro avg": {"precision": 0.09844167590877091, "recall": 0.1097327415063899, "f1-score": 0.09399276325505833, "support": 305}, "weighted avg": {"precision": 0.16311795904749005, "recall": 0.2262295081967213, "f1-score": 0.1791329787191115, "support": 305}}, "loss": "2.8037739", "lang_embeds": [], "lang_embeds_length": 0, "lang_length": 68}, "dev": {"report": {"0": {"precision": 0.5714285714285714, "recall": 1.0, "f1-score": 0.7272727272727273, "support": 4}, "1": {"precision": 0.0, "recall": 0.0, "f1-score": 0.0, "support": 2}, "3": {"precision": 0.0, "recall": 0.0, "f1-score": 0.0, "support": 1}, "accuracy": 0.5714285714285714, "macro avg": {"precision": 0.19047619047619047, "recall": 0.3333333333333333, "f1-score": 0.24242424242424243, "support": 7}, "weighted avg": {"precision": 0.32653061224489793, "recall": 0.5714285714285714, "f1-score": 0.4155844155844156, "support": 7}}, "loss": "1.5429881", "lang_embeds": [], "lang_embeds_length": 0, "lang_length": 7}, "test": {"report": {"0": {"precision": 0.14285714285714285, "recall": 1.0, "f1-score": 0.25, "support": 1}, "4": {"precision": 0.0, "recall": 0.0, "f1-score": 0.0, "support": 6}, "accuracy": 0.14285714285714285, "macro avg": {"precision": 0.07142857142857142, "recall": 0.5, "f1-score": 0.125, "support": 7}, "weighted avg": {"precision": 0.02040816326530612, "recall": 0.14285714285714285, "f1-score": 0.03571428571428571, "support": 7}}, "acc": 0.1428571492433548, "lang_embeds": [], "lang_embeds_length": 0, "lang_length": 7}, "test_zs": {"report": {"0": {"precision": 0.14285714285714285, "recall": 1.0, "f1-score": 0.25, "support": 1}, "4": {"precision": 0.0, "recall": 0.0, "f1-score": 0.0, "support": 6}, "accuracy": 0.14285714285714285, "macro avg": {"precision": 0.07142857142857142, "recall": 0.5, "f1-score": 0.125, "support": 7}, "weighted avg": {"precision": 0.02040816326530612, "recall": 0.14285714285714285, "f1-score": 0.03571428571428571, "support": 7}}, "acc": 0.1428571492433548, "lang_embeds": [], "lang_embeds_length": 0, "lang_length": 7}}