{"feature_name": "Alignment_of_Case_Marking_of_Full_Noun_Phrases", "feature_id": "98A", "epoch": 0, "train": {"report": {"0": {"precision": 0.5562913907284768, "recall": 0.6774193548387096, "f1-score": 0.6109090909090908, "support": 124}, "1": {"precision": 0.3114754098360656, "recall": 0.2714285714285714, "f1-score": 0.2900763358778626, "support": 70}, "2": {"precision": 0.0, "recall": 0.0, "f1-score": 0.0, "support": 26}, "3": {"precision": 0.0, "recall": 0.0, "f1-score": 0.0, "support": 4}, "4": {"precision": 0.0, "recall": 0.0, "f1-score": 0.0, "support": 4}, "5": {"precision": 0.0, "recall": 0.0, "f1-score": 0.0, "support": 4}, "accuracy": 0.44396551724137934, "macro avg": {"precision": 0.1446278000940904, "recall": 0.15814132104454684, "f1-score": 0.1501642377978256, "support": 232}, "weighted avg": {"precision": 0.39130780663299874, "recall": 0.44396551724137934, "f1-score": 0.4140434085524899, "support": 232}}, "loss": "2.0195315", "lang_embeds": [], "lang_embeds_length": 0, "lang_length": 65}, "dev": {"report": {"0": {"precision": 0.8571428571428571, "recall": 1.0, "f1-score": 0.923076923076923, "support": 6}, "1": {"precision": 0.0, "recall": 0.0, "f1-score": 0.0, "support": 1}, "accuracy": 0.8571428571428571, "macro avg": {"precision": 0.42857142857142855, "recall": 0.5, "f1-score": 0.4615384615384615, "support": 7}, "weighted avg": {"precision": 0.7346938775510203, "recall": 0.8571428571428571, "f1-score": 0.7912087912087912, "support": 7}}, "loss": "0.67849547", "lang_embeds": [], "lang_embeds_length": 0, "lang_length": 7}, "test": {"report": {"0": {"precision": 0.5714285714285714, "recall": 1.0, "f1-score": 0.7272727272727273, "support": 4}, "1": {"precision": 0.0, "recall": 0.0, "f1-score": 0.0, "support": 3}, "accuracy": 0.5714285714285714, "macro avg": {"precision": 0.2857142857142857, "recall": 0.5, "f1-score": 0.36363636363636365, "support": 7}, "weighted avg": {"precision": 0.32653061224489793, "recall": 0.5714285714285714, "f1-score": 0.4155844155844156, "support": 7}}, "acc": 0.5714285969734192, "lang_embeds": [], "lang_embeds_length": 0, "lang_length": 7}, "test_zs": {"report": {"0": {"precision": 0.5714285714285714, "recall": 1.0, "f1-score": 0.7272727272727273, "support": 4}, "1": {"precision": 0.0, "recall": 0.0, "f1-score": 0.0, "support": 3}, "accuracy": 0.5714285714285714, "macro avg": {"precision": 0.2857142857142857, "recall": 0.5, "f1-score": 0.36363636363636365, "support": 7}, "weighted avg": {"precision": 0.32653061224489793, "recall": 0.5714285714285714, "f1-score": 0.4155844155844156, "support": 7}}, "acc": 0.5714285969734192, "lang_embeds": [], "lang_embeds_length": 0, "lang_length": 7}}