{"feature_name": "Suppletion_in_Imperatives_and_Hortatives", "feature_id": "79B", "epoch": 0, "train": {"report": {"0": {"precision": 0.8663101604278075, "recall": 0.801980198019802, "f1-score": 0.832904884318766, "support": 202}, "1": {"precision": 0.6756756756756757, "recall": 0.5, "f1-score": 0.5747126436781609, "support": 50}, "2": {"precision": 0.16, "recall": 0.25, "f1-score": 0.19512195121951217, "support": 16}, "3": {"precision": 0.0, "recall": 0.0, "f1-score": 0.0, "support": 0}, "4": {"precision": 0.0, "recall": 0.0, "f1-score": 0.0, "support": 0}, "accuracy": 0.7126865671641791, "macro avg": {"precision": 0.34039716722069663, "recall": 0.3103960396039604, "f1-score": 0.3205478958432878, "support": 268}, "weighted avg": {"precision": 0.7885762544410481, "recall": 0.7126865671641791, "f1-score": 0.7466580971485484, "support": 268}}, "loss": "0.90290886", "lang_embeds": ["fra", "arn", "nav", "hin", "vie", "mri", "ntp", "mig", "tur", "wnu", "ind", "cab", "kto", "sag", "ell", "ibo", "hop", "sue", "shp", "lbj", "nuy", "nhg", "laj", "naq", "qvi", "eus", "plt", "dgz", "amp", "aey", "apu", "ewe", "hun", "mzh", "deu", "hau", "kwi", "tha", "hix", "nld", "cle", "fij", "khk", "djk", "aeb", "fin", "hye", "spp", "pol", "yad", "ses", "spa", "swh", "yor", "gle", "zul", "jpn", "lav", "yaq", "bsn", "kor", "mkd", "mbc", "ary", "khm", "esu", "pes", "ape", "mya", "sot", "rus", "mph", "car", "tgl", "bul"], "lang_embeds_length": 75, "lang_length": 75}, "dev": {"report": {"0": {"precision": 1.0, "recall": 1.0, "f1-score": 1.0, "support": 8}, "accuracy": 1.0, "macro avg": {"precision": 1.0, "recall": 1.0, "f1-score": 1.0, "support": 8}, "weighted avg": {"precision": 1.0, "recall": 1.0, "f1-score": 1.0, "support": 8}}, "loss": "0.26510066", "lang_embeds": ["esu", "cle", "pes", "spp", "aey", "amp", "sot", "bsn"], "lang_embeds_length": 8, "lang_length": 8}, "test": {"report": {"0": {"precision": 1.0, "recall": 0.875, "f1-score": 0.9333333333333333, "support": 8}, "3": {"precision": 0.0, "recall": 0.0, "f1-score": 0.0, "support": 0}, "accuracy": 0.875, "macro avg": {"precision": 0.5, "recall": 0.4375, "f1-score": 0.4666666666666667, "support": 8}, "weighted avg": {"precision": 1.0, "recall": 0.875, "f1-score": 0.9333333333333333, "support": 8}}, "acc": 0.875, "lang_embeds": ["bel", "smo", "ben", "ukr", "ces", "slv", "swe", "slk"], "lang_embeds_length": 8, "lang_length": 8}, "test_zs": {"report": {"0": {"precision": 0.0, "recall": 0.0, "f1-score": 0.0, "support": 8.0}, "3": {"precision": 0.0, "recall": 0.0, "f1-score": 0.0, "support": 0.0}, "accuracy": 0.0, "macro avg": {"precision": 0.0, "recall": 0.0, "f1-score": 0.0, "support": 8.0}, "weighted avg": {"precision": 0.0, "recall": 0.0, "f1-score": 0.0, "support": 8.0}}, "acc": 0.0, "lang_embeds": [], "lang_embeds_length": 0, "lang_length": 8}}