{"feature_name": "Green_and_Blue", "feature_id": "134A", "epoch": 0, "train": {"report": {"0": {"precision": 0.9032258064516129, "recall": 0.7225806451612903, "f1-score": 0.8028673835125447, "support": 155}, "1": {"precision": 0.8269230769230769, "recall": 0.6825396825396826, "f1-score": 0.7478260869565218, "support": 63}, "2": {"precision": 0.43478260869565216, "recall": 0.5263157894736842, "f1-score": 0.47619047619047616, "support": 19}, "3": {"precision": 0.2857142857142857, "recall": 0.6666666666666666, "f1-score": 0.4, "support": 3}, "4": {"precision": 0.11764705882352941, "recall": 0.5, "f1-score": 0.19047619047619047, "support": 4}, "5": {"precision": 0.0, "recall": 0.0, "f1-score": 0.0, "support": 0}, "6": {"precision": 0.0, "recall": 0.0, "f1-score": 0.0, "support": 0}, "accuracy": 0.6926229508196722, "macro avg": {"precision": 0.3668989766583081, "recall": 0.4425861119773319, "f1-score": 0.3739085910193904, "support": 244}, "weighted avg": {"precision": 0.8265768627205256, "recall": 0.6926229508196722, "f1-score": 0.7482254579189717, "support": 244}}, "loss": "1.1055831", "lang_embeds": ["etu", "tac", "cav", "var", "kvn", "con", "ppo", "kbq", "ptp", "agu", "mil", "cof", "cab", "tca", "apn", "kbh", "mcf", "mic", "zpz", "cak", "cbu", "tbl", "agm", "shp", "kpj", "srq", "hus", "cao", "rop", "gum", "kmh", "sgz", "guh", "viv", "ese", "amu", "agd", "cbt", "ncu", "cul", "ycn", "yka", "cax", "agt", "auc", "tif", "huv", "xon", "arl", "cle", "djk", "dyi", "apz", "srm", "cbk", "jic", "tfr", "maq", "gym", "ncj", "cbi", "amr", "yaa", "gvn", "tuo", "sab", "tna", "ood"], "lang_embeds_length": 68, "lang_length": 68}, "dev": {"report": {"0": {"precision": 1.0, "recall": 1.0, "f1-score": 1.0, "support": 4}, "1": {"precision": 1.0, "recall": 1.0, "f1-score": 1.0, "support": 3}, "accuracy": 1.0, "macro avg": {"precision": 1.0, "recall": 1.0, "f1-score": 1.0, "support": 7}, "weighted avg": {"precision": 1.0, "recall": 1.0, "f1-score": 1.0, "support": 7}}, "loss": "0.28005844", "lang_embeds": ["cao", "con", "amu", "tca", "tuo", "cax", "gym"], "lang_embeds_length": 7, "lang_length": 7}, "test": {"report": {"0": {"precision": 0.5, "recall": 1.0, "f1-score": 0.6666666666666666, "support": 1}, "1": {"precision": 0.0, "recall": 0.0, "f1-score": 0.0, "support": 6}, "2": {"precision": 0.0, "recall": 0.0, "f1-score": 0.0, "support": 0}, "4": {"precision": 0.0, "recall": 0.0, "f1-score": 0.0, "support": 0}, "5": {"precision": 0.0, "recall": 0.0, "f1-score": 0.0, "support": 0}, "6": {"precision": 0.0, "recall": 0.0, "f1-score": 0.0, "support": 0}, "accuracy": 0.14285714285714285, "macro avg": {"precision": 0.08333333333333333, "recall": 0.16666666666666666, "f1-score": 0.1111111111111111, "support": 7}, "weighted avg": {"precision": 0.07142857142857142, "recall": 0.14285714285714285, "f1-score": 0.09523809523809523, "support": 7}}, "acc": 0.1428571492433548, "lang_embeds": ["fra", "spa", "rus", "jpn", "wbp", "kor", "deu"], "lang_embeds_length": 7, "lang_length": 7}, "test_zs": {"report": {"0": {"precision": 0.0, "recall": 0.0, "f1-score": 0.0, "support": 1.0}, "1": {"precision": 0.0, "recall": 0.0, "f1-score": 0.0, "support": 6.0}, "4": {"precision": 0.0, "recall": 0.0, "f1-score": 0.0, "support": 0.0}, "accuracy": 0.0, "macro avg": {"precision": 0.0, "recall": 0.0, "f1-score": 0.0, "support": 7.0}, "weighted avg": {"precision": 0.0, "recall": 0.0, "f1-score": 0.0, "support": 7.0}}, "acc": 0.0, "lang_embeds": [], "lang_embeds_length": 0, "lang_length": 7}}