{"feature_name": "Fixed_Stress_Locations", "feature_id": "14A", "epoch": 0, "train": {"report": {"0": {"precision": 0.7781350482315113, "recall": 0.7882736156351792, "f1-score": 0.7831715210355986, "support": 307}, "1": {"precision": 0.732824427480916, "recall": 0.6233766233766234, "f1-score": 0.6736842105263158, "support": 154}, "2": {"precision": 0.7398373983739838, "recall": 0.7109375, "f1-score": 0.7250996015936255, "support": 128}, "3": {"precision": 0.7073170731707317, "recall": 0.5576923076923077, "f1-score": 0.6236559139784946, "support": 52}, "4": {"precision": 0.4473684210526316, "recall": 0.6538461538461539, "f1-score": 0.53125, "support": 26}, "5": {"precision": 0.3333333333333333, "recall": 0.6363636363636364, "f1-score": 0.43749999999999994, "support": 11}, "6": {"precision": 0.0, "recall": 0.0, "f1-score": 0.0, "support": 0}, "accuracy": 0.7109144542772862, "macro avg": {"precision": 0.5341165288061582, "recall": 0.5672128338448429, "f1-score": 0.5391944638762907, "support": 678}, "weighted avg": {"precision": 0.735280740486605, "recall": 0.7109144542772862, "f1-score": 0.7198361090115741, "support": 678}}, "loss": "0.9696357", "lang_embeds": ["des", "ron", "nav", "cav", "pib", "ind", "xsi", "kaq", "ell", "spl", "hop", "kje", "bcl", "shp", "stp", "mam", "qvi", "plt", "aey", "apu", "ptu", "auc", "cat", "cjo", "nld", "hix", "fij", "jic", "yaq", "aii", "ape", "mqj", "rus", "pad", "tgl", "arn", "aia", "ssd", "mri", "agu", "poh", "wnu", "for", "cub", "wrk", "mqy", "nuy", "tsz", "lit", "sda", "yle", "deu", "khk", "cle", "hye", "spa", "lex", "bre", "lav", "alp", "quc", "cym", "mkd", "est", "tzo", "tbo", "tvk", "inb", "wer", "mph", "tna", "car", "gle", "fra", "ceb", "gla", "avt", "hus", "wmt", "por", "dhg", "hun", "mzh", "blz", "sja", "pma", "fin", "kgk", "leu", "bvr", "rro", "swh", "mbt", "mva", "miq", "pes", "nwi", "quy", "kwd", "btx", "hin", "nab", "aca", "tur", "tiy", "nhg", "kpw", "laj", "ese", "nob", "amp", "ons", "djk", "pol", "spp", "zul", "swe", "mbc", "dan", "esu", "nep", "khm", "prs", "gvn", "ita", "urb"], "lang_embeds_length": 126, "lang_length": 126}, "dev": {"report": {"0": {"precision": 1.0, "recall": 1.0, "f1-score": 1.0, "support": 2}, "1": {"precision": 1.0, "recall": 1.0, "f1-score": 1.0, "support": 4}, "2": {"precision": 1.0, "recall": 1.0, "f1-score": 1.0, "support": 4}, "3": {"precision": 1.0, "recall": 1.0, "f1-score": 1.0, "support": 2}, "4": {"precision": 1.0, "recall": 1.0, "f1-score": 1.0, "support": 1}, "accuracy": 1.0, "macro avg": {"precision": 1.0, "recall": 1.0, "f1-score": 1.0, "support": 13}, "weighted avg": {"precision": 1.0, "recall": 1.0, "f1-score": 1.0, "support": 13}}, "loss": "0.20474091", "lang_embeds": ["sja", "aca", "qvi", "pes", "kgk", "gvn", "lex", "tvk", "auc", "zul", "tiy", "blz", "yle"], "lang_embeds_length": 13, "lang_length": 13}, "test": {"report": {"0": {"precision": 0.4, "recall": 0.8, "f1-score": 0.5333333333333333, "support": 5}, "1": {"precision": 0.0, "recall": 0.0, "f1-score": 0.0, "support": 1}, "2": {"precision": 0.5, "recall": 0.2, "f1-score": 0.28571428571428575, "support": 5}, "3": {"precision": 0.0, "recall": 0.0, "f1-score": 0.0, "support": 2}, "accuracy": 0.38461538461538464, "macro avg": {"precision": 0.225, "recall": 0.25, "f1-score": 0.20476190476190476, "support": 13}, "weighted avg": {"precision": 0.34615384615384615, "recall": 0.38461538461538464, "f1-score": 0.315018315018315, "support": 13}}, "acc": 0.38461539149284363, "lang_embeds": ["ban", "ben", "mai", "ton", "fao", "tgk", "snd", "ces", "slv", "jav", "wbp", "slk", "cor"], "lang_embeds_length": 13, "lang_length": 13}, "test_zs": {"report": {"0": {"precision": 0.0, "recall": 0.0, "f1-score": 0.0, "support": 5.0}, "1": {"precision": 0.0, "recall": 0.0, "f1-score": 0.0, "support": 1.0}, "2": {"precision": 0.0, "recall": 0.0, "f1-score": 0.0, "support": 5.0}, "3": {"precision": 0.0, "recall": 0.0, "f1-score": 0.0, "support": 2.0}, "4": {"precision": 0.0, "recall": 0.0, "f1-score": 0.0, "support": 0.0}, "accuracy": 0.0, "macro avg": {"precision": 0.0, "recall": 0.0, "f1-score": 0.0, "support": 13.0}, "weighted avg": {"precision": 0.0, "recall": 0.0, "f1-score": 0.0, "support": 13.0}}, "acc": 0.0, "lang_embeds": [], "lang_embeds_length": 0, "lang_length": 13}}