{"feature_name": "Order_of_Relative_Clause_and_Noun", "feature_id": "90A", "epoch": 0, "train": {"report": {"0": {"precision": 0.7346041055718475, "recall": 0.9597701149425287, "f1-score": 0.8322259136212624, "support": 1044}, "1": {"precision": 0.1111111111111111, "recall": 0.017699115044247787, "f1-score": 0.030534351145038163, "support": 226}, "2": {"precision": 0.0, "recall": 0.0, "f1-score": 0.0, "support": 96}, "3": {"precision": 0.0, "recall": 0.0, "f1-score": 0.0, "support": 31}, "4": {"precision": 0.0, "recall": 0.0, "f1-score": 0.0, "support": 6}, "5": {"precision": 0.0, "recall": 0.0, "f1-score": 0.0, "support": 19}, "accuracy": 0.7074542897327707, "macro avg": {"precision": 0.14095253611382644, "recall": 0.16291153833112942, "f1-score": 0.14379337746105011, "support": 1422}, "weighted avg": {"precision": 0.5569886057159774, "recall": 0.7074542897327707, "f1-score": 0.6158541611669315, "support": 1422}}, "loss": "1.1216092", "lang_embeds": [], "lang_embeds_length": 0, "lang_length": 226}, "dev": {"report": {"0": {"precision": 0.8636363636363636, "recall": 1.0, "f1-score": 0.9268292682926829, "support": 19}, "1": {"precision": 0.0, "recall": 0.0, "f1-score": 0.0, "support": 3}, "accuracy": 0.8636363636363636, "macro avg": {"precision": 0.4318181818181818, "recall": 0.5, "f1-score": 0.46341463414634143, "support": 22}, "weighted avg": {"precision": 0.7458677685950413, "recall": 0.8636363636363636, "f1-score": 0.8004434589800443, "support": 22}}, "loss": "0.54139197", "lang_embeds": [], "lang_embeds_length": 0, "lang_length": 22}, "test": {"report": {"0": {"precision": 0.8260869565217391, "recall": 1.0, "f1-score": 0.9047619047619047, "support": 19}, "1": {"precision": 0.0, "recall": 0.0, "f1-score": 0.0, "support": 2}, "2": {"precision": 0.0, "recall": 0.0, "f1-score": 0.0, "support": 1}, "4": {"precision": 0.0, "recall": 0.0, "f1-score": 0.0, "support": 1}, "accuracy": 0.8260869565217391, "macro avg": {"precision": 0.20652173913043478, "recall": 0.25, "f1-score": 0.22619047619047616, "support": 23}, "weighted avg": {"precision": 0.6824196597353497, "recall": 0.8260869565217391, "f1-score": 0.7474120082815735, "support": 23}}, "acc": 0.8260869383811951, "lang_embeds": [], "lang_embeds_length": 0, "lang_length": 23}, "test_zs": {"report": {"0": {"precision": 0.8260869565217391, "recall": 1.0, "f1-score": 0.9047619047619047, "support": 19}, "1": {"precision": 0.0, "recall": 0.0, "f1-score": 0.0, "support": 2}, "2": {"precision": 0.0, "recall": 0.0, "f1-score": 0.0, "support": 1}, "4": {"precision": 0.0, "recall": 0.0, "f1-score": 0.0, "support": 1}, "accuracy": 0.8260869565217391, "macro avg": {"precision": 0.20652173913043478, "recall": 0.25, "f1-score": 0.22619047619047616, "support": 23}, "weighted avg": {"precision": 0.6824196597353497, "recall": 0.8260869565217391, "f1-score": 0.7474120082815735, "support": 23}}, "acc": 0.8260869383811951, "lang_embeds": [], "lang_embeds_length": 0, "lang_length": 23}}