{"feature_name": "Minor_morphological_means_of_signaling_negation", "feature_id": "143G", "epoch": 0, "train": {"report": {"0": {"precision": 0.9896907216494846, "recall": 0.9795918367346939, "f1-score": 0.9846153846153847, "support": 294}, "1": {"precision": 0.0, "recall": 0.0, "f1-score": 0.0, "support": 2}, "2": {"precision": 0.0, "recall": 0.0, "f1-score": 0.0, "support": 1}, "3": {"precision": 0.0, "recall": 0.0, "f1-score": 0.0, "support": 0}, "accuracy": 0.9696969696969697, "macro avg": {"precision": 0.24742268041237114, "recall": 0.24489795918367346, "f1-score": 0.24615384615384617, "support": 297}, "weighted avg": {"precision": 0.979693845673227, "recall": 0.9696969696969697, "f1-score": 0.9746697746697747, "support": 297}}, "loss": "0.22737075", "lang_embeds": [], "lang_embeds_length": 0, "lang_length": 297}, "dev": {"report": {"0": {"precision": 1.0, "recall": 1.0, "f1-score": 1.0, "support": 33}, "accuracy": 1.0, "macro avg": {"precision": 1.0, "recall": 1.0, "f1-score": 1.0, "support": 33}, "weighted avg": {"precision": 1.0, "recall": 1.0, "f1-score": 1.0, "support": 33}}, "loss": "3.576278e-07", "lang_embeds": [], "lang_embeds_length": 0, "lang_length": 33}, "test": {"report": {"0": {"precision": 1.0, "recall": 1.0, "f1-score": 1.0, "support": 33}, "accuracy": 1.0, "macro avg": {"precision": 1.0, "recall": 1.0, "f1-score": 1.0, "support": 33}, "weighted avg": {"precision": 1.0, "recall": 1.0, "f1-score": 1.0, "support": 33}}, "acc": 1.0, "lang_embeds": [], "lang_embeds_length": 0, "lang_length": 33}, "test_zs": {"report": {"0": {"precision": 1.0, "recall": 1.0, "f1-score": 1.0, "support": 33}, "accuracy": 1.0, "macro avg": {"precision": 1.0, "recall": 1.0, "f1-score": 1.0, "support": 33}, "weighted avg": {"precision": 1.0, "recall": 1.0, "f1-score": 1.0, "support": 33}}, "acc": 1.0, "lang_embeds": [], "lang_embeds_length": 0, "lang_length": 33}}