{"feature_name": "'Want'_Complement_Subjects", "feature_id": "124A", "epoch": 0, "train": {"report": {"0": {"precision": 0.3884297520661157, "recall": 0.46078431372549017, "f1-score": 0.42152466367713004, "support": 306}, "1": {"precision": 0.17098445595854922, "recall": 0.16666666666666666, "f1-score": 0.16879795396419434, "support": 198}, "2": {"precision": 0.14772727272727273, "recall": 0.15204678362573099, "f1-score": 0.14985590778097985, "support": 171}, "3": {"precision": 0.2, "recall": 0.027777777777777776, "f1-score": 0.048780487804878044, "support": 36}, "4": {"precision": 0.0, "recall": 0.0, "f1-score": 0.0, "support": 27}, "accuracy": 0.27235772357723576, "macro avg": {"precision": 0.18142829615038752, "recall": 0.16145510835913313, "f1-score": 0.15779180264543644, "support": 738}, "weighted avg": {"precision": 0.2509157046726121, "recall": 0.27235772357723576, "f1-score": 0.2571680213572296, "support": 738}}, "loss": "1.9010924", "lang_embeds": [], "lang_embeds_length": 0, "lang_length": 82}, "dev": {"report": {"0": {"precision": 0.75, "recall": 1.0, "f1-score": 0.8571428571428571, "support": 6}, "1": {"precision": 0.0, "recall": 0.0, "f1-score": 0.0, "support": 1}, "4": {"precision": 0.0, "recall": 0.0, "f1-score": 0.0, "support": 1}, "accuracy": 0.75, "macro avg": {"precision": 0.25, "recall": 0.3333333333333333, "f1-score": 0.2857142857142857, "support": 8}, "weighted avg": {"precision": 0.5625, "recall": 0.75, "f1-score": 0.6428571428571428, "support": 8}}, "loss": "1.1429306", "lang_embeds": [], "lang_embeds_length": 0, "lang_length": 8}, "test": {"report": {"0": {"precision": 0.4444444444444444, "recall": 1.0, "f1-score": 0.6153846153846153, "support": 4}, "1": {"precision": 0.0, "recall": 0.0, "f1-score": 0.0, "support": 3}, "4": {"precision": 0.0, "recall": 0.0, "f1-score": 0.0, "support": 2}, "accuracy": 0.4444444444444444, "macro avg": {"precision": 0.14814814814814814, "recall": 0.3333333333333333, "f1-score": 0.2051282051282051, "support": 9}, "weighted avg": {"precision": 0.19753086419753085, "recall": 0.4444444444444444, "f1-score": 0.2735042735042735, "support": 9}}, "acc": 0.4444444477558136, "lang_embeds": [], "lang_embeds_length": 0, "lang_length": 9}, "test_zs": {"report": {"0": {"precision": 0.4444444444444444, "recall": 1.0, "f1-score": 0.6153846153846153, "support": 4}, "1": {"precision": 0.0, "recall": 0.0, "f1-score": 0.0, "support": 3}, "4": {"precision": 0.0, "recall": 0.0, "f1-score": 0.0, "support": 2}, "accuracy": 0.4444444444444444, "macro avg": {"precision": 0.14814814814814814, "recall": 0.3333333333333333, "f1-score": 0.2051282051282051, "support": 9}, "weighted avg": {"precision": 0.19753086419753085, "recall": 0.4444444444444444, "f1-score": 0.2735042735042735, "support": 9}}, "acc": 0.4444444477558136, "lang_embeds": [], "lang_embeds_length": 0, "lang_length": 9}}