{"feature_name": "Multiple_Negative_Constructions_in_SVO_Languages", "feature_id": "144E", "epoch": 0, "train": {"report": {"0": {"precision": 0.14583333333333334, "recall": 0.3888888888888889, "f1-score": 0.21212121212121213, "support": 18}, "1": {"precision": 0.0, "recall": 0.0, "f1-score": 0.0, "support": 6}, "2": {"precision": 0.0, "recall": 0.0, "f1-score": 0.0, "support": 6}, "3": {"precision": 0.08, "recall": 0.15384615384615385, "f1-score": 0.10526315789473685, "support": 13}, "4": {"precision": 0.0, "recall": 0.0, "f1-score": 0.0, "support": 7}, "5": {"precision": 0.0, "recall": 0.0, "f1-score": 0.0, "support": 6}, "7": {"precision": 0.0, "recall": 0.0, "f1-score": 0.0, "support": 6}, "8": {"precision": 0.0, "recall": 0.0, "f1-score": 0.0, "support": 6}, "9": {"precision": 0.0, "recall": 0.0, "f1-score": 0.0, "support": 6}, "11": {"precision": 0.0, "recall": 0.0, "f1-score": 0.0, "support": 0}, "13": {"precision": 0.0, "recall": 0.0, "f1-score": 0.0, "support": 6}, "15": {"precision": 0.0, "recall": 0.0, "f1-score": 0.0, "support": 6}, "18": {"precision": 0.0, "recall": 0.0, "f1-score": 0.0, "support": 6}, "19": {"precision": 0.0, "recall": 0.0, "f1-score": 0.0, "support": 0}, "20": {"precision": 0.0, "recall": 0.0, "f1-score": 0.0, "support": 0}, "21": {"precision": 0.0, "recall": 0.0, "f1-score": 0.0, "support": 0}, "22": {"precision": 0.0, "recall": 0.0, "f1-score": 0.0, "support": 6}, "23": {"precision": 0.0, "recall": 0.0, "f1-score": 0.0, "support": 0}, "24": {"precision": 0.0, "recall": 0.0, "f1-score": 0.0, "support": 7}, "26": {"precision": 0.0, "recall": 0.0, "f1-score": 0.0, "support": 7}, "accuracy": 0.08035714285714286, "macro avg": {"precision": 0.011291666666666667, "recall": 0.02713675213675214, "f1-score": 0.01586921850079745, "support": 112}, "weighted avg": {"precision": 0.032723214285714286, "recall": 0.08035714285714286, "f1-score": 0.04630895420369104, "support": 112}}, "loss": "4.4086175", "lang_embeds": [], "lang_embeds_length": 0, "lang_length": 18}, "dev": {"report": {"0": {"precision": 0.5, "recall": 1.0, "f1-score": 0.6666666666666666, "support": 1}, "3": {"precision": 0.0, "recall": 0.0, "f1-score": 0.0, "support": 1}, "accuracy": 0.5, "macro avg": {"precision": 0.25, "recall": 0.5, "f1-score": 0.3333333333333333, "support": 2}, "weighted avg": {"precision": 0.25, "recall": 0.5, "f1-score": 0.3333333333333333, "support": 2}}, "loss": "2.145835", "lang_embeds": [], "lang_embeds_length": 0, "lang_length": 2}, "test": {"report": {"0": {"precision": 0.0, "recall": 0.0, "f1-score": 0.0, "support": 0.0}, "1": {"precision": 0.0, "recall": 0.0, "f1-score": 0.0, "support": 2.0}, "accuracy": 0.0, "macro avg": {"precision": 0.0, "recall": 0.0, "f1-score": 0.0, "support": 2.0}, "weighted avg": {"precision": 0.0, "recall": 0.0, "f1-score": 0.0, "support": 2.0}}, "acc": 0.0, "lang_embeds": [], "lang_embeds_length": 0, "lang_length": 2}, "test_zs": {"report": {"0": {"precision": 0.0, "recall": 0.0, "f1-score": 0.0, "support": 0.0}, "1": {"precision": 0.0, "recall": 0.0, "f1-score": 0.0, "support": 2.0}, "accuracy": 0.0, "macro avg": {"precision": 0.0, "recall": 0.0, "f1-score": 0.0, "support": 2.0}, "weighted avg": {"precision": 0.0, "recall": 0.0, "f1-score": 0.0, "support": 2.0}}, "acc": 0.0, "lang_embeds": [], "lang_embeds_length": 0, "lang_length": 2}}