{"feature_name": "Relationship_between_the_Order_of_Object_and_Verb_and_the_Order_of_Adjective_and_Noun", "feature_id": "97A", "epoch": 0, "train": {"report": {"0": {"precision": 0.24299065420560748, "recall": 0.2524271844660194, "f1-score": 0.2476190476190476, "support": 103}, "1": {"precision": 0.1566265060240964, "recall": 0.17105263157894737, "f1-score": 0.16352201257861634, "support": 76}, "2": {"precision": 0.09375, "recall": 0.075, "f1-score": 0.08333333333333331, "support": 40}, "3": {"precision": 0.06818181818181818, "recall": 0.06382978723404255, "f1-score": 0.06593406593406594, "support": 47}, "4": {"precision": 0.0967741935483871, "recall": 0.0967741935483871, "f1-score": 0.0967741935483871, "support": 31}, "accuracy": 0.16161616161616163, "macro avg": {"precision": 0.1316646343919818, "recall": 0.1318167593654793, "f1-score": 0.13143653060269006, "support": 297}, "weighted avg": {"precision": 0.15786598416011566, "recall": 0.16161616161616163, "f1-score": 0.15947700098643497, "support": 297}}, "loss": "3.32947", "lang_embeds": [], "lang_embeds_length": 0, "lang_length": 297}, "dev": {"report": {"0": {"precision": 0.45454545454545453, "recall": 1.0, "f1-score": 0.625, "support": 15}, "1": {"precision": 0.0, "recall": 0.0, "f1-score": 0.0, "support": 9}, "2": {"precision": 0.0, "recall": 0.0, "f1-score": 0.0, "support": 1}, "3": {"precision": 0.0, "recall": 0.0, "f1-score": 0.0, "support": 4}, "4": {"precision": 0.0, "recall": 0.0, "f1-score": 0.0, "support": 4}, "accuracy": 0.45454545454545453, "macro avg": {"precision": 0.09090909090909091, "recall": 0.2, "f1-score": 0.125, "support": 33}, "weighted avg": {"precision": 0.2066115702479339, "recall": 0.45454545454545453, "f1-score": 0.2840909090909091, "support": 33}}, "loss": "1.442269", "lang_embeds": [], "lang_embeds_length": 0, "lang_length": 33}, "test": {"report": {"0": {"precision": 0.4117647058823529, "recall": 1.0, "f1-score": 0.5833333333333334, "support": 14}, "1": {"precision": 0.0, "recall": 0.0, "f1-score": 0.0, "support": 4}, "2": {"precision": 0.0, "recall": 0.0, "f1-score": 0.0, "support": 7}, "3": {"precision": 0.0, "recall": 0.0, "f1-score": 0.0, "support": 2}, "4": {"precision": 0.0, "recall": 0.0, "f1-score": 0.0, "support": 7}, "accuracy": 0.4117647058823529, "macro avg": {"precision": 0.08235294117647059, "recall": 0.2, "f1-score": 0.11666666666666667, "support": 34}, "weighted avg": {"precision": 0.1695501730103806, "recall": 0.4117647058823529, "f1-score": 0.24019607843137258, "support": 34}}, "acc": 0.4117647111415863, "lang_embeds": [], "lang_embeds_length": 0, "lang_length": 34}, "test_zs": {"report": {"0": {"precision": 0.4117647058823529, "recall": 1.0, "f1-score": 0.5833333333333334, "support": 14}, "1": {"precision": 0.0, "recall": 0.0, "f1-score": 0.0, "support": 4}, "2": {"precision": 0.0, "recall": 0.0, "f1-score": 0.0, "support": 7}, "3": {"precision": 0.0, "recall": 0.0, "f1-score": 0.0, "support": 2}, "4": {"precision": 0.0, "recall": 0.0, "f1-score": 0.0, "support": 7}, "accuracy": 0.4117647058823529, "macro avg": {"precision": 0.08235294117647059, "recall": 0.2, "f1-score": 0.11666666666666667, "support": 34}, "weighted avg": {"precision": 0.1695501730103806, "recall": 0.4117647058823529, "f1-score": 0.24019607843137258, "support": 34}}, "acc": 0.4117647111415863, "lang_embeds": [], "lang_embeds_length": 0, "lang_length": 34}}