{"feature_name": "Reduplication", "feature_id": "27A", "epoch": 0, "train": {"report": {"0": {"precision": 0.64, "recall": 0.75, "f1-score": 0.6906474820143884, "support": 128}, "1": {"precision": 0.0967741935483871, "recall": 0.07317073170731707, "f1-score": 0.08333333333333333, "support": 41}, "2": {"precision": 0.0, "recall": 0.0, "f1-score": 0.0, "support": 23}, "accuracy": 0.515625, "macro avg": {"precision": 0.24559139784946238, "recall": 0.274390243902439, "f1-score": 0.25799360511590724, "support": 192}, "weighted avg": {"precision": 0.4473319892473118, "recall": 0.515625, "f1-score": 0.47822679356514786, "support": 192}}, "loss": "1.7736548", "lang_embeds": [], "lang_embeds_length": 0, "lang_length": 107}, "dev": {"report": {"0": {"precision": 0.8181818181818182, "recall": 1.0, "f1-score": 0.9, "support": 9}, "1": {"precision": 0.0, "recall": 0.0, "f1-score": 0.0, "support": 2}, "accuracy": 0.8181818181818182, "macro avg": {"precision": 0.4090909090909091, "recall": 0.5, "f1-score": 0.45, "support": 11}, "weighted avg": {"precision": 0.6694214876033059, "recall": 0.8181818181818182, "f1-score": 0.7363636363636363, "support": 11}}, "loss": "0.79481053", "lang_embeds": [], "lang_embeds_length": 0, "lang_length": 11}, "test": {"report": {"0": {"precision": 0.6363636363636364, "recall": 1.0, "f1-score": 0.7777777777777778, "support": 7}, "1": {"precision": 0.0, "recall": 0.0, "f1-score": 0.0, "support": 3}, "2": {"precision": 0.0, "recall": 0.0, "f1-score": 0.0, "support": 1}, "accuracy": 0.6363636363636364, "macro avg": {"precision": 0.21212121212121213, "recall": 0.3333333333333333, "f1-score": 0.25925925925925924, "support": 11}, "weighted avg": {"precision": 0.4049586776859504, "recall": 0.6363636363636364, "f1-score": 0.494949494949495, "support": 11}}, "acc": 0.6363636255264282, "lang_embeds": [], "lang_embeds_length": 0, "lang_length": 11}, "test_zs": {"report": {"0": {"precision": 0.6363636363636364, "recall": 1.0, "f1-score": 0.7777777777777778, "support": 7}, "1": {"precision": 0.0, "recall": 0.0, "f1-score": 0.0, "support": 3}, "2": {"precision": 0.0, "recall": 0.0, "f1-score": 0.0, "support": 1}, "accuracy": 0.6363636363636364, "macro avg": {"precision": 0.21212121212121213, "recall": 0.3333333333333333, "f1-score": 0.25925925925925924, "support": 11}, "weighted avg": {"precision": 0.4049586776859504, "recall": 0.6363636363636364, "f1-score": 0.494949494949495, "support": 11}}, "acc": 0.6363636255264282, "lang_embeds": [], "lang_embeds_length": 0, "lang_length": 11}}