{"feature_name": "Asymmetrical_Case-Marking", "feature_id": "50A", "epoch": 0, "train": {"report": {"0": {"precision": 0.6290322580645161, "recall": 0.5416666666666666, "f1-score": 0.582089552238806, "support": 72}, "1": {"precision": 0.6376811594202898, "recall": 0.5365853658536586, "f1-score": 0.5827814569536424, "support": 82}, "2": {"precision": 0.5526315789473685, "recall": 0.44680851063829785, "f1-score": 0.49411764705882355, "support": 47}, "3": {"precision": 0.36363636363636365, "recall": 0.6, "f1-score": 0.4528301886792453, "support": 20}, "4": {"precision": 0.21428571428571427, "recall": 0.6, "f1-score": 0.3157894736842105, "support": 5}, "5": {"precision": 0.08333333333333333, "recall": 0.5, "f1-score": 0.14285714285714285, "support": 2}, "accuracy": 0.5263157894736842, "macro avg": {"precision": 0.4134334012812644, "recall": 0.5375100905264372, "f1-score": 0.42841091024531175, "support": 228}, "weighted avg": {"precision": 0.5792310718177972, "recall": 0.5263157894736842, "f1-score": 0.5431724652231477, "support": 228}}, "loss": "1.3609967", "lang_embeds": ["nav", "ind", "hto", "sag", "ell", "ibo", "shp", "qvi", "plt", "fub", "aey", "apu", "huv", "tha", "kwi", "nld", "arl", "hix", "fij", "yad", "yor", "yaq", "kor", "niy", "mwp", "ape", "mya", "rus", "pad", "tgl", "arn", "vie", "mri", "wnu", "nuy", "pbb", "deu", "khk", "ame", "cle", "urd", "hye", "spa", "lav", "bsn", "est", "mph", "car", "gle", "fra", "kin", "bzd", "mig", "otm", "lbj", "naq", "dgz", "hun", "ewe", "som", "mzh", "hau", "sja", "pma", "fin", "swh", "jpn", "pes", "btx", "tur", "sue", "nhg", "laj", "kpw", "eus", "amp", "amh", "djk", "pol", "spp", "zul", "esu", "khm", "ses", "urb"], "lang_embeds_length": 85, "lang_length": 85}, "dev": {"report": {"0": {"precision": 1.0, "recall": 1.0, "f1-score": 1.0, "support": 3}, "1": {"precision": 1.0, "recall": 1.0, "f1-score": 1.0, "support": 2}, "2": {"precision": 1.0, "recall": 1.0, "f1-score": 1.0, "support": 3}, "5": {"precision": 1.0, "recall": 1.0, "f1-score": 1.0, "support": 1}, "accuracy": 1.0, "macro avg": {"precision": 1.0, "recall": 1.0, "f1-score": 1.0, "support": 9}, "weighted avg": {"precision": 1.0, "recall": 1.0, "f1-score": 1.0, "support": 9}}, "loss": "0.7848248", "lang_embeds": ["amh", "nav", "ame", "cle", "kpw", "naq", "mwp", "plt", "sue"], "lang_embeds_length": 9, "lang_length": 9}, "test": {"report": {"0": {"precision": 0.0, "recall": 0.0, "f1-score": 0.0, "support": 1}, "1": {"precision": 0.25, "recall": 1.0, "f1-score": 0.4, "support": 1}, "2": {"precision": 0.5, "recall": 0.14285714285714285, "f1-score": 0.22222222222222224, "support": 7}, "3": {"precision": 0.0, "recall": 0.0, "f1-score": 0.0, "support": 0}, "accuracy": 0.2222222222222222, "macro avg": {"precision": 0.1875, "recall": 0.2857142857142857, "f1-score": 0.15555555555555556, "support": 9}, "weighted avg": {"precision": 0.4166666666666667, "recall": 0.2222222222222222, "f1-score": 0.21728395061728398, "support": 9}}, "acc": 0.2222222238779068, "lang_embeds": ["ron", "ilo", "lit", "ita", "rmy", "cym", "swe", "cat", "bul"], "lang_embeds_length": 9, "lang_length": 9}, "test_zs": {"report": {"0": {"precision": 0.0, "recall": 0.0, "f1-score": 0.0, "support": 1.0}, "1": {"precision": 0.0, "recall": 0.0, "f1-score": 0.0, "support": 1.0}, "2": {"precision": 0.0, "recall": 0.0, "f1-score": 0.0, "support": 7.0}, "4": {"precision": 0.0, "recall": 0.0, "f1-score": 0.0, "support": 0.0}, "accuracy": 0.0, "macro avg": {"precision": 0.0, "recall": 0.0, "f1-score": 0.0, "support": 9.0}, "weighted avg": {"precision": 0.0, "recall": 0.0, "f1-score": 0.0, "support": 9.0}}, "acc": 0.0, "lang_embeds": [], "lang_embeds_length": 0, "lang_length": 9}}