{"feature_name": "Fusion_of_Selected_Inflectional_Formatives", "feature_id": "20A", "epoch": 0, "train": {"report": {"0": {"precision": 0.8, "recall": 0.8235294117647058, "f1-score": 0.8115942028985507, "support": 34}, "1": {"precision": 0.0, "recall": 0.0, "f1-score": 0.0, "support": 6}, "2": {"precision": 0.0, "recall": 0.0, "f1-score": 0.0, "support": 2}, "4": {"precision": 0.0, "recall": 0.0, "f1-score": 0.0, "support": 1}, "6": {"precision": 0.0, "recall": 0.0, "f1-score": 0.0, "support": 1}, "accuracy": 0.6363636363636364, "macro avg": {"precision": 0.16, "recall": 0.16470588235294117, "f1-score": 0.16231884057971013, "support": 44}, "weighted avg": {"precision": 0.6181818181818183, "recall": 0.6363636363636364, "f1-score": 0.6271409749670619, "support": 44}}, "loss": "2.4057887", "lang_embeds": [], "lang_embeds_length": 0, "lang_length": 44}, "dev": {"report": {"0": {"precision": 1.0, "recall": 1.0, "f1-score": 1.0, "support": 5}, "accuracy": 1.0, "macro avg": {"precision": 1.0, "recall": 1.0, "f1-score": 1.0, "support": 5}, "weighted avg": {"precision": 1.0, "recall": 1.0, "f1-score": 1.0, "support": 5}}, "loss": "0.00086341763", "lang_embeds": [], "lang_embeds_length": 0, "lang_length": 5}, "test": {"report": {"0": {"precision": 0.5, "recall": 1.0, "f1-score": 0.6666666666666666, "support": 3}, "1": {"precision": 0.0, "recall": 0.0, "f1-score": 0.0, "support": 2}, "2": {"precision": 0.0, "recall": 0.0, "f1-score": 0.0, "support": 1}, "accuracy": 0.5, "macro avg": {"precision": 0.16666666666666666, "recall": 0.3333333333333333, "f1-score": 0.2222222222222222, "support": 6}, "weighted avg": {"precision": 0.25, "recall": 0.5, "f1-score": 0.3333333333333333, "support": 6}}, "acc": 0.5, "lang_embeds": [], "lang_embeds_length": 0, "lang_length": 6}, "test_zs": {"report": {"0": {"precision": 0.5, "recall": 1.0, "f1-score": 0.6666666666666666, "support": 3}, "1": {"precision": 0.0, "recall": 0.0, "f1-score": 0.0, "support": 2}, "2": {"precision": 0.0, "recall": 0.0, "f1-score": 0.0, "support": 1}, "accuracy": 0.5, "macro avg": {"precision": 0.16666666666666666, "recall": 0.3333333333333333, "f1-score": 0.2222222222222222, "support": 6}, "weighted avg": {"precision": 0.25, "recall": 0.5, "f1-score": 0.3333333333333333, "support": 6}}, "acc": 0.5, "lang_embeds": [], "lang_embeds_length": 0, "lang_length": 6}}