{"feature_name": "Alignment_of_Verbal_Person_Marking", "feature_id": "100A", "epoch": 0, "train": {"report": {"0": {"precision": 0.5367892976588629, "recall": 0.7165178571428571, "f1-score": 0.6137667304015297, "support": 448}, "1": {"precision": 0.16042780748663102, "recall": 0.14218009478672985, "f1-score": 0.15075376884422112, "support": 211}, "2": {"precision": 0.0, "recall": 0.0, "f1-score": 0.0, "support": 45}, "3": {"precision": 0.0, "recall": 0.0, "f1-score": 0.0, "support": 36}, "4": {"precision": 0.0, "recall": 0.0, "f1-score": 0.0, "support": 59}, "5": {"precision": 0.0, "recall": 0.0, "f1-score": 0.0, "support": 21}, "accuracy": 0.42804878048780487, "macro avg": {"precision": 0.11620285085758231, "recall": 0.14311632532159782, "f1-score": 0.12742008320762513, "support": 820}, "weighted avg": {"precision": 0.3345510643059143, "recall": 0.42804878048780487, "f1-score": 0.374117732251239, "support": 820}}, "loss": "1.8645123", "lang_embeds": [], "lang_embeds_length": 0, "lang_length": 114}, "dev": {"report": {"0": {"precision": 0.9090909090909091, "recall": 1.0, "f1-score": 0.9523809523809523, "support": 10}, "1": {"precision": 0.0, "recall": 0.0, "f1-score": 0.0, "support": 1}, "accuracy": 0.9090909090909091, "macro avg": {"precision": 0.45454545454545453, "recall": 0.5, "f1-score": 0.47619047619047616, "support": 11}, "weighted avg": {"precision": 0.8264462809917354, "recall": 0.9090909090909091, "f1-score": 0.8658008658008658, "support": 11}}, "loss": "0.8516648", "lang_embeds": [], "lang_embeds_length": 0, "lang_length": 11}, "test": {"report": {"0": {"precision": 0.6666666666666666, "recall": 1.0, "f1-score": 0.8, "support": 8}, "1": {"precision": 0.0, "recall": 0.0, "f1-score": 0.0, "support": 2}, "2": {"precision": 0.0, "recall": 0.0, "f1-score": 0.0, "support": 1}, "5": {"precision": 0.0, "recall": 0.0, "f1-score": 0.0, "support": 1}, "accuracy": 0.6666666666666666, "macro avg": {"precision": 0.16666666666666666, "recall": 0.25, "f1-score": 0.2, "support": 12}, "weighted avg": {"precision": 0.4444444444444444, "recall": 0.6666666666666666, "f1-score": 0.5333333333333333, "support": 12}}, "acc": 0.6666666865348816, "lang_embeds": [], "lang_embeds_length": 0, "lang_length": 12}, "test_zs": {"report": {"0": {"precision": 0.6666666666666666, "recall": 1.0, "f1-score": 0.8, "support": 8}, "1": {"precision": 0.0, "recall": 0.0, "f1-score": 0.0, "support": 2}, "2": {"precision": 0.0, "recall": 0.0, "f1-score": 0.0, "support": 1}, "5": {"precision": 0.0, "recall": 0.0, "f1-score": 0.0, "support": 1}, "accuracy": 0.6666666666666666, "macro avg": {"precision": 0.16666666666666666, "recall": 0.25, "f1-score": 0.2, "support": 12}, "weighted avg": {"precision": 0.4444444444444444, "recall": 0.6666666666666666, "f1-score": 0.5333333333333333, "support": 12}}, "acc": 0.6666666865348816, "lang_embeds": [], "lang_embeds_length": 0, "lang_length": 12}}