{"feature_name": "Noun_Phrase_Conjunction", "feature_id": "63A", "epoch": 0, "train": {"report": {"0": {"precision": 0.5423280423280423, "recall": 0.6011730205278593, "f1-score": 0.5702364394993047, "support": 341}, "1": {"precision": 0.4624505928853755, "recall": 0.40344827586206894, "f1-score": 0.43093922651933697, "support": 290}, "accuracy": 0.5103011093502378, "macro avg": {"precision": 0.5023893176067089, "recall": 0.5023106481949641, "f1-score": 0.5005878330093209, "support": 631}, "weighted avg": {"precision": 0.5056173286380687, "recall": 0.5103011093502378, "f1-score": 0.5062171181614431, "support": 631}}, "loss": "1.0735401", "lang_embeds": [], "lang_embeds_length": 0, "lang_length": 78}, "dev": {"report": {"0": {"precision": 0.8571428571428571, "recall": 1.0, "f1-score": 0.923076923076923, "support": 6}, "1": {"precision": 0.0, "recall": 0.0, "f1-score": 0.0, "support": 1}, "accuracy": 0.8571428571428571, "macro avg": {"precision": 0.42857142857142855, "recall": 0.5, "f1-score": 0.4615384615384615, "support": 7}, "weighted avg": {"precision": 0.7346938775510203, "recall": 0.8571428571428571, "f1-score": 0.7912087912087912, "support": 7}}, "loss": "0.45502073", "lang_embeds": [], "lang_embeds_length": 0, "lang_length": 7}, "test": {"report": {"0": {"precision": 0.5555555555555556, "recall": 1.0, "f1-score": 0.7142857142857143, "support": 5}, "1": {"precision": 0.0, "recall": 0.0, "f1-score": 0.0, "support": 4}, "accuracy": 0.5555555555555556, "macro avg": {"precision": 0.2777777777777778, "recall": 0.5, "f1-score": 0.35714285714285715, "support": 9}, "weighted avg": {"precision": 0.30864197530864196, "recall": 0.5555555555555556, "f1-score": 0.39682539682539686, "support": 9}}, "acc": 0.5555555820465088, "lang_embeds": [], "lang_embeds_length": 0, "lang_length": 9}, "test_zs": {"report": {"0": {"precision": 0.5555555555555556, "recall": 1.0, "f1-score": 0.7142857142857143, "support": 5}, "1": {"precision": 0.0, "recall": 0.0, "f1-score": 0.0, "support": 4}, "accuracy": 0.5555555555555556, "macro avg": {"precision": 0.2777777777777778, "recall": 0.5, "f1-score": 0.35714285714285715, "support": 9}, "weighted avg": {"precision": 0.30864197530864196, "recall": 0.5555555555555556, "f1-score": 0.39682539682539686, "support": 9}}, "acc": 0.5555555820465088, "lang_embeds": [], "lang_embeds_length": 0, "lang_length": 9}}