{"feature_name": "'When'_Clauses", "feature_id": "126A", "epoch": 0, "train": {"report": {"0": {"precision": 0.5120274914089347, "recall": 0.6995305164319249, "f1-score": 0.5912698412698412, "support": 213}, "1": {"precision": 0.2, "recall": 0.03, "f1-score": 0.05217391304347826, "support": 100}, "2": {"precision": 0.3389830508474576, "recall": 0.36036036036036034, "f1-score": 0.34934497816593885, "support": 111}, "accuracy": 0.4528301886792453, "macro avg": {"precision": 0.3503368474187974, "recall": 0.36329695893076175, "f1-score": 0.3309295774930861, "support": 424}, "weighted avg": {"precision": 0.3931343733824785, "recall": 0.4528301886792453, "f1-score": 0.40079047186613964, "support": 424}}, "loss": "1.4917772", "lang_embeds": [], "lang_embeds_length": 0, "lang_length": 59}, "dev": {"report": {"0": {"precision": 0.0, "recall": 0.0, "f1-score": 0.0, "support": 2}, "2": {"precision": 0.6666666666666666, "recall": 1.0, "f1-score": 0.8, "support": 4}, "accuracy": 0.6666666666666666, "macro avg": {"precision": 0.3333333333333333, "recall": 0.5, "f1-score": 0.4, "support": 6}, "weighted avg": {"precision": 0.4444444444444444, "recall": 0.6666666666666666, "f1-score": 0.5333333333333333, "support": 6}}, "loss": "0.9232736", "lang_embeds": [], "lang_embeds_length": 0, "lang_length": 6}, "test": {"report": {"0": {"precision": 0.0, "recall": 0.0, "f1-score": 0.0, "support": 2}, "1": {"precision": 0.0, "recall": 0.0, "f1-score": 0.0, "support": 2}, "2": {"precision": 0.42857142857142855, "recall": 1.0, "f1-score": 0.6, "support": 3}, "accuracy": 0.42857142857142855, "macro avg": {"precision": 0.14285714285714285, "recall": 0.3333333333333333, "f1-score": 0.19999999999999998, "support": 7}, "weighted avg": {"precision": 0.18367346938775508, "recall": 0.42857142857142855, "f1-score": 0.2571428571428571, "support": 7}}, "acc": 0.4285714328289032, "lang_embeds": [], "lang_embeds_length": 0, "lang_length": 7}, "test_zs": {"report": {"0": {"precision": 0.0, "recall": 0.0, "f1-score": 0.0, "support": 2}, "1": {"precision": 0.0, "recall": 0.0, "f1-score": 0.0, "support": 2}, "2": {"precision": 0.42857142857142855, "recall": 1.0, "f1-score": 0.6, "support": 3}, "accuracy": 0.42857142857142855, "macro avg": {"precision": 0.14285714285714285, "recall": 0.3333333333333333, "f1-score": 0.19999999999999998, "support": 7}, "weighted avg": {"precision": 0.18367346938775508, "recall": 0.42857142857142855, "f1-score": 0.2571428571428571, "support": 7}}, "acc": 0.4285714328289032, "lang_embeds": [], "lang_embeds_length": 0, "lang_length": 7}}