{"feature_name": "Number_of_Genders", "feature_id": "30A", "epoch": 0, "train": {"report": {"0": {"precision": 0.8432835820895522, "recall": 0.7533333333333333, "f1-score": 0.7957746478873239, "support": 150}, "1": {"precision": 0.5714285714285714, "recall": 0.717948717948718, "f1-score": 0.6363636363636365, "support": 39}, "2": {"precision": 0.6153846153846154, "recall": 0.64, "f1-score": 0.6274509803921569, "support": 25}, "3": {"precision": 0.4666666666666667, "recall": 0.45161290322580644, "f1-score": 0.45901639344262296, "support": 31}, "4": {"precision": 0.0, "recall": 0.0, "f1-score": 0.0, "support": 3}, "accuracy": 0.6895161290322581, "macro avg": {"precision": 0.4993526871138812, "recall": 0.5125789909015716, "f1-score": 0.503721131617148, "support": 248}, "weighted avg": {"precision": 0.7202803776226984, "recall": 0.6895161290322581, "f1-score": 0.7020167810798614, "support": 248}}, "loss": "1.0417975", "lang_embeds": ["fra", "hin", "vie", "mri", "mig", "tur", "wnu", "ote", "ind", "sag", "ell", "ibo", "sue", "shp", "srq", "nuy", "lbj", "lhu", "nhg", "kpw", "laj", "naq", "nya", "plt", "qvi", "eus", "aey", "amp", "dgz", "apu", "kjh", "ewe", "sna", "hun", "yle", "deu", "khk", "kwi", "hau", "hix", "amh", "cle", "fij", "sja", "djk", "tnc", "caq", "spp", "fin", "ses", "yor", "swh", "jic", "spa", "zul", "yaq", "bsn", "mbc", "esu", "khm", "car", "pes", "ape", "rus", "mph", "btx", "urb", "pad", "tgl"], "lang_embeds_length": 69, "lang_length": 69}, "dev": {"report": {"0": {"precision": 1.0, "recall": 1.0, "f1-score": 1.0, "support": 3}, "1": {"precision": 1.0, "recall": 1.0, "f1-score": 1.0, "support": 2}, "2": {"precision": 1.0, "recall": 1.0, "f1-score": 1.0, "support": 2}, "accuracy": 1.0, "macro avg": {"precision": 1.0, "recall": 1.0, "f1-score": 1.0, "support": 7}, "weighted avg": {"precision": 1.0, "recall": 1.0, "f1-score": 1.0, "support": 7}}, "loss": "0.53479046", "lang_embeds": ["mbc", "srq", "esu", "naq", "tnc", "dgz", "apu"], "lang_embeds_length": 7, "lang_length": 7}, "test": {"report": {"0": {"precision": 0.4, "recall": 0.5, "f1-score": 0.4444444444444445, "support": 4}, "1": {"precision": 0.0, "recall": 0.0, "f1-score": 0.0, "support": 2}, "2": {"precision": 0.0, "recall": 0.0, "f1-score": 0.0, "support": 2}, "3": {"precision": 0.0, "recall": 0.0, "f1-score": 0.0, "support": 0}, "accuracy": 0.25, "macro avg": {"precision": 0.1, "recall": 0.125, "f1-score": 0.11111111111111112, "support": 8}, "weighted avg": {"precision": 0.2, "recall": 0.25, "f1-score": 0.22222222222222224, "support": 8}}, "acc": 0.25, "lang_embeds": ["tha", "arn", "hye", "mya", "ukr", "gla", "lav", "tam"], "lang_embeds_length": 8, "lang_length": 8}, "test_zs": {"report": {"0": {"precision": 0.0, "recall": 0.0, "f1-score": 0.0, "support": 4}, "1": {"precision": 0.0, "recall": 0.0, "f1-score": 0.0, "support": 2}, "2": {"precision": 0.25, "recall": 1.0, "f1-score": 0.4, "support": 2}, "accuracy": 0.25, "macro avg": {"precision": 0.08333333333333333, "recall": 0.3333333333333333, "f1-score": 0.13333333333333333, "support": 8}, "weighted avg": {"precision": 0.0625, "recall": 0.25, "f1-score": 0.1, "support": 8}}, "acc": 0.25, "lang_embeds": [], "lang_embeds_length": 0, "lang_length": 8}}