{"feature_name": "Multiple_Negative_Constructions_in_SOV_Languages", "feature_id": "144M", "epoch": 0, "train": {"report": {"0": {"precision": 1.0, "recall": 0.3333333333333333, "f1-score": 0.5, "support": 3}, "1": {"precision": 0.0, "recall": 0.0, "f1-score": 0.0, "support": 2}, "3": {"precision": 1.0, "recall": 0.25, "f1-score": 0.4, "support": 4}, "4": {"precision": 0.6666666666666666, "recall": 0.5, "f1-score": 0.5714285714285715, "support": 4}, "8": {"precision": 0.0, "recall": 0.0, "f1-score": 0.0, "support": 2}, "9": {"precision": 1.0, "recall": 0.5, "f1-score": 0.6666666666666666, "support": 2}, "10": {"precision": 0.0, "recall": 0.0, "f1-score": 0.0, "support": 0}, "11": {"precision": 0.0, "recall": 0.0, "f1-score": 0.0, "support": 0}, "18": {"precision": 0.0, "recall": 0.0, "f1-score": 0.0, "support": 0}, "19": {"precision": 0.0, "recall": 0.0, "f1-score": 0.0, "support": 0}, "21": {"precision": 0.0, "recall": 0.0, "f1-score": 0.0, "support": 1}, "22": {"precision": 0.0, "recall": 0.0, "f1-score": 0.0, "support": 0}, "24": {"precision": 0.0, "recall": 0.0, "f1-score": 0.0, "support": 1}, "25": {"precision": 0.0, "recall": 0.0, "f1-score": 0.0, "support": 0}, "accuracy": 0.2631578947368421, "macro avg": {"precision": 0.2619047619047619, "recall": 0.1130952380952381, "f1-score": 0.15272108843537416, "support": 19}, "weighted avg": {"precision": 0.6140350877192983, "recall": 0.2631578947368421, "f1-score": 0.3536340852130326, "support": 19}}, "loss": "3.0519655", "lang_embeds": ["abt", "lbj", "nav", "niy", "mbc", "okv", "qvi", "apy", "yuj", "deu", "nas"], "lang_embeds_length": 11, "lang_length": 11}, "dev": {"report": {"21": {"precision": 1.0, "recall": 1.0, "f1-score": 1.0, "support": 1}, "accuracy": 1.0, "macro avg": {"precision": 1.0, "recall": 1.0, "f1-score": 1.0, "support": 1}, "weighted avg": {"precision": 1.0, "recall": 1.0, "f1-score": 1.0, "support": 1}}, "loss": "2.5932717", "lang_embeds": ["apy"], "lang_embeds_length": 1, "lang_length": 1}, "test": {"report": {"0": {"precision": 0.0, "recall": 0.0, "f1-score": 0.0, "support": 0.0}, "8": {"precision": 0.0, "recall": 0.0, "f1-score": 0.0, "support": 1.0}, "13": {"precision": 0.0, "recall": 0.0, "f1-score": 0.0, "support": 1.0}, "24": {"precision": 0.0, "recall": 0.0, "f1-score": 0.0, "support": 0.0}, "accuracy": 0.0, "macro avg": {"precision": 0.0, "recall": 0.0, "f1-score": 0.0, "support": 2.0}, "weighted avg": {"precision": 0.0, "recall": 0.0, "f1-score": 0.0, "support": 2.0}}, "acc": 0.0, "lang_embeds": ["nld", "hye"], "lang_embeds_length": 2, "lang_length": 2}, "test_zs": {"report": {"8": {"precision": 0.0, "recall": 0.0, "f1-score": 0.0, "support": 1.0}, "13": {"precision": 0.0, "recall": 0.0, "f1-score": 0.0, "support": 1.0}, "19": {"precision": 0.0, "recall": 0.0, "f1-score": 0.0, "support": 0.0}, "accuracy": 0.0, "macro avg": {"precision": 0.0, "recall": 0.0, "f1-score": 0.0, "support": 2.0}, "weighted avg": {"precision": 0.0, "recall": 0.0, "f1-score": 0.0, "support": 2.0}}, "acc": 0.0, "lang_embeds": [], "lang_embeds_length": 0, "lang_length": 2}}