{"feature_name": "Glottalized_Consonants", "feature_id": "7A", "epoch": 0, "train": {"report": {"0": {"precision": 0.8175182481751825, "recall": 0.9451476793248945, "f1-score": 0.8767123287671232, "support": 948}, "1": {"precision": 0.18604651162790697, "recall": 0.10526315789473684, "f1-score": 0.13445378151260504, "support": 76}, "2": {"precision": 0.0, "recall": 0.0, "f1-score": 0.0, "support": 78}, "3": {"precision": 0.0, "recall": 0.0, "f1-score": 0.0, "support": 7}, "4": {"precision": 0.0, "recall": 0.0, "f1-score": 0.0, "support": 29}, "5": {"precision": 0.0, "recall": 0.0, "f1-score": 0.0, "support": 14}, "7": {"precision": 0.0, "recall": 0.0, "f1-score": 0.0, "support": 7}, "accuracy": 0.7799827437446074, "macro avg": {"precision": 0.1433663942575842, "recall": 0.1500586910313759, "f1-score": 0.1444523014685326, "support": 1159}, "weighted avg": {"precision": 0.6808859656201846, "recall": 0.7799827437446074, "f1-score": 0.7259204271494312, "support": 1159}}, "loss": "1.0325805", "lang_embeds": [], "lang_embeds_length": 0, "lang_length": 161}, "dev": {"report": {"0": {"precision": 1.0, "recall": 1.0, "f1-score": 1.0, "support": 16}, "accuracy": 1.0, "macro avg": {"precision": 1.0, "recall": 1.0, "f1-score": 1.0, "support": 16}, "weighted avg": {"precision": 1.0, "recall": 1.0, "f1-score": 1.0, "support": 16}}, "loss": "0.38891256", "lang_embeds": [], "lang_embeds_length": 0, "lang_length": 16}, "test": {"report": {"0": {"precision": 0.9411764705882353, "recall": 1.0, "f1-score": 0.9696969696969697, "support": 16}, "2": {"precision": 0.0, "recall": 0.0, "f1-score": 0.0, "support": 1}, "accuracy": 0.9411764705882353, "macro avg": {"precision": 0.47058823529411764, "recall": 0.5, "f1-score": 0.48484848484848486, "support": 17}, "weighted avg": {"precision": 0.8858131487889274, "recall": 0.9411764705882353, "f1-score": 0.912655971479501, "support": 17}}, "acc": 0.9411764740943909, "lang_embeds": [], "lang_embeds_length": 0, "lang_length": 17}, "test_zs": {"report": {"0": {"precision": 0.9411764705882353, "recall": 1.0, "f1-score": 0.9696969696969697, "support": 16}, "2": {"precision": 0.0, "recall": 0.0, "f1-score": 0.0, "support": 1}, "accuracy": 0.9411764705882353, "macro avg": {"precision": 0.47058823529411764, "recall": 0.5, "f1-score": 0.48484848484848486, "support": 17}, "weighted avg": {"precision": 0.8858131487889274, "recall": 0.9411764705882353, "f1-score": 0.912655971479501, "support": 17}}, "acc": 0.9411764740943909, "lang_embeds": [], "lang_embeds_length": 0, "lang_length": 17}}