{"feature_name": "Coding_of_Evidentiality", "feature_id": "78A", "epoch": 0, "train": {"report": {"0": {"precision": 0.4178082191780822, "recall": 0.5495495495495496, "f1-score": 0.4747081712062257, "support": 444}, "1": {"precision": 0.23859649122807017, "recall": 0.27091633466135456, "f1-score": 0.2537313432835821, "support": 251}, "2": {"precision": 0.22839506172839505, "recall": 0.14682539682539683, "f1-score": 0.178743961352657, "support": 252}, "3": {"precision": 0.0, "recall": 0.0, "f1-score": 0.0, "support": 65}, "4": {"precision": 0.0, "recall": 0.0, "f1-score": 0.0, "support": 8}, "5": {"precision": 0.0, "recall": 0.0, "f1-score": 0.0, "support": 24}, "accuracy": 0.3342911877394636, "macro avg": {"precision": 0.14746662868909124, "recall": 0.16121521350605017, "f1-score": 0.15119724597374415, "support": 1044}, "weighted avg": {"precision": 0.29018211127286364, "recall": 0.3342911877394636, "f1-score": 0.3060349362457978, "support": 1044}}, "loss": "1.75711", "lang_embeds": [], "lang_embeds_length": 0, "lang_length": 129}, "dev": {"report": {"0": {"precision": 0.6153846153846154, "recall": 1.0, "f1-score": 0.761904761904762, "support": 8}, "1": {"precision": 0.0, "recall": 0.0, "f1-score": 0.0, "support": 2}, "2": {"precision": 0.0, "recall": 0.0, "f1-score": 0.0, "support": 2}, "3": {"precision": 0.0, "recall": 0.0, "f1-score": 0.0, "support": 1}, "accuracy": 0.6153846153846154, "macro avg": {"precision": 0.15384615384615385, "recall": 0.25, "f1-score": 0.1904761904761905, "support": 13}, "weighted avg": {"precision": 0.37869822485207105, "recall": 0.6153846153846154, "f1-score": 0.4688644688644689, "support": 13}}, "loss": "1.2905453", "lang_embeds": [], "lang_embeds_length": 0, "lang_length": 13}, "test": {"report": {"0": {"precision": 0.2857142857142857, "recall": 1.0, "f1-score": 0.4444444444444445, "support": 4}, "1": {"precision": 0.0, "recall": 0.0, "f1-score": 0.0, "support": 5}, "3": {"precision": 0.0, "recall": 0.0, "f1-score": 0.0, "support": 3}, "4": {"precision": 0.0, "recall": 0.0, "f1-score": 0.0, "support": 1}, "5": {"precision": 0.0, "recall": 0.0, "f1-score": 0.0, "support": 1}, "accuracy": 0.2857142857142857, "macro avg": {"precision": 0.05714285714285714, "recall": 0.2, "f1-score": 0.08888888888888889, "support": 14}, "weighted avg": {"precision": 0.08163265306122448, "recall": 0.2857142857142857, "f1-score": 0.126984126984127, "support": 14}}, "acc": 0.2857142984867096, "lang_embeds": [], "lang_embeds_length": 0, "lang_length": 14}, "test_zs": {"report": {"0": {"precision": 0.2857142857142857, "recall": 1.0, "f1-score": 0.4444444444444445, "support": 4}, "1": {"precision": 0.0, "recall": 0.0, "f1-score": 0.0, "support": 5}, "3": {"precision": 0.0, "recall": 0.0, "f1-score": 0.0, "support": 3}, "4": {"precision": 0.0, "recall": 0.0, "f1-score": 0.0, "support": 1}, "5": {"precision": 0.0, "recall": 0.0, "f1-score": 0.0, "support": 1}, "accuracy": 0.2857142857142857, "macro avg": {"precision": 0.05714285714285714, "recall": 0.2, "f1-score": 0.08888888888888889, "support": 14}, "weighted avg": {"precision": 0.08163265306122448, "recall": 0.2857142857142857, "f1-score": 0.126984126984127, "support": 14}}, "acc": 0.2857142984867096, "lang_embeds": [], "lang_embeds_length": 0, "lang_length": 14}}