{"feature_name": "M-T_Pronouns", "feature_id": "136A", "epoch": 0, "train": {"report": {"0": {"precision": 0.8846153846153846, "recall": 0.7022900763358778, "f1-score": 0.7829787234042553, "support": 131}, "1": {"precision": 0.5128205128205128, "recall": 0.5405405405405406, "f1-score": 0.5263157894736842, "support": 37}, "2": {"precision": 0.0, "recall": 0.0, "f1-score": 0.0, "support": 0}, "accuracy": 0.6666666666666666, "macro avg": {"precision": 0.46581196581196577, "recall": 0.4142768722921395, "f1-score": 0.43643150429264654, "support": 168}, "weighted avg": {"precision": 0.8027319902319903, "recall": 0.6666666666666666, "f1-score": 0.7264517677171652, "support": 168}}, "loss": "0.7784264", "lang_embeds": ["fra", "nab", "mig", "jiv", "tur", "ote", "chd", "ind", "sll", "wnu", "sag", "ell", "nuy", "tsz", "kpw", "laj", "naq", "qvi", "plt", "fub", "eus", "aey", "amp", "dgz", "apu", "hun", "auc", "mco", "mzh", "tzj", "deu", "khk", "amh", "kwi", "hau", "hix", "huv", "fin", "caq", "yad", "spp", "tlf", "yor", "swh", "spa", "zul", "jpn", "gym", "yaq", "bsn", "kor", "top", "pes", "miq", "ape", "cbs", "sua", "rus", "mph", "ses", "ood", "pad", "tgl"], "lang_embeds_length": 63, "lang_length": 63}, "dev": {"report": {"0": {"precision": 1.0, "recall": 1.0, "f1-score": 1.0, "support": 6}, "1": {"precision": 1.0, "recall": 1.0, "f1-score": 1.0, "support": 1}, "accuracy": 1.0, "macro avg": {"precision": 1.0, "recall": 1.0, "f1-score": 1.0, "support": 7}, "weighted avg": {"precision": 1.0, "recall": 1.0, "f1-score": 1.0, "support": 7}}, "loss": "0.3470459", "lang_embeds": ["mig", "ape", "sag", "auc", "mco", "ood", "khk"], "lang_embeds_length": 7, "lang_length": 7}, "test": {"report": {"0": {"precision": 0.6, "recall": 0.6, "f1-score": 0.6, "support": 5}, "1": {"precision": 0.0, "recall": 0.0, "f1-score": 0.0, "support": 2}, "accuracy": 0.42857142857142855, "macro avg": {"precision": 0.3, "recall": 0.3, "f1-score": 0.3, "support": 7}, "weighted avg": {"precision": 0.42857142857142855, "recall": 0.42857142857142855, "f1-score": 0.42857142857142855, "support": 7}}, "acc": 0.4285714328289032, "lang_embeds": ["arn", "hin", "fij", "vie", "mya", "lug", "tyv"], "lang_embeds_length": 7, "lang_length": 7}, "test_zs": {"report": {"0": {"precision": 0.0, "recall": 0.0, "f1-score": 0.0, "support": 5.0}, "1": {"precision": 0.0, "recall": 0.0, "f1-score": 0.0, "support": 2.0}, "2": {"precision": 0.0, "recall": 0.0, "f1-score": 0.0, "support": 0.0}, "accuracy": 0.0, "macro avg": {"precision": 0.0, "recall": 0.0, "f1-score": 0.0, "support": 7.0}, "weighted avg": {"precision": 0.0, "recall": 0.0, "f1-score": 0.0, "support": 7.0}}, "acc": 0.0, "lang_embeds": [], "lang_embeds_length": 0, "lang_length": 7}}