{"feature_name": "Situational_Possibility", "feature_id": "74A", "epoch": 0, "train": {"report": {"0": {"precision": 0.6753507014028056, "recall": 0.8467336683417085, "f1-score": 0.7513935340022296, "support": 398}, "1": {"precision": 0.19753086419753085, "recall": 0.10191082802547771, "f1-score": 0.13445378151260506, "support": 157}, "2": {"precision": 0.0, "recall": 0.0, "f1-score": 0.0, "support": 28}, "accuracy": 0.6054888507718696, "macro avg": {"precision": 0.29096052186677884, "recall": 0.3162148321223954, "f1-score": 0.2952824385049449, "support": 583}, "weighted avg": {"precision": 0.5142400082973053, "recall": 0.6054888507718696, "f1-score": 0.5491661581995992, "support": 583}}, "loss": "1.0789902", "lang_embeds": [], "lang_embeds_length": 0, "lang_length": 81}, "dev": {"report": {"0": {"precision": 0.875, "recall": 1.0, "f1-score": 0.9333333333333333, "support": 7}, "2": {"precision": 0.0, "recall": 0.0, "f1-score": 0.0, "support": 1}, "accuracy": 0.875, "macro avg": {"precision": 0.4375, "recall": 0.5, "f1-score": 0.4666666666666667, "support": 8}, "weighted avg": {"precision": 0.765625, "recall": 0.875, "f1-score": 0.8166666666666667, "support": 8}}, "loss": "0.5985817", "lang_embeds": [], "lang_embeds_length": 0, "lang_length": 8}, "test": {"report": {"0": {"precision": 1.0, "recall": 1.0, "f1-score": 1.0, "support": 9}, "accuracy": 1.0, "macro avg": {"precision": 1.0, "recall": 1.0, "f1-score": 1.0, "support": 9}, "weighted avg": {"precision": 1.0, "recall": 1.0, "f1-score": 1.0, "support": 9}}, "acc": 1.0, "lang_embeds": [], "lang_embeds_length": 0, "lang_length": 9}, "test_zs": {"report": {"0": {"precision": 1.0, "recall": 1.0, "f1-score": 1.0, "support": 9}, "accuracy": 1.0, "macro avg": {"precision": 1.0, "recall": 1.0, "f1-score": 1.0, "support": 9}, "weighted avg": {"precision": 1.0, "recall": 1.0, "f1-score": 1.0, "support": 9}}, "acc": 1.0, "lang_embeds": [], "lang_embeds_length": 0, "lang_length": 9}}