{"feature_name": "Position_of_Interrogative_Phrases_in_Content_Questions", "feature_id": "93A", "epoch": 0, "train": {"report": {"0": {"precision": 0.7961165048543689, "recall": 0.8169364881693649, "f1-score": 0.8063921327596805, "support": 803}, "1": {"precision": 0.7618110236220472, "recall": 0.6960431654676259, "f1-score": 0.7274436090225566, "support": 556}, "2": {"precision": 0.4090909090909091, "recall": 0.6923076923076923, "f1-score": 0.5142857142857142, "support": 39}, "accuracy": 0.765379113018598, "macro avg": {"precision": 0.6556728125224418, "recall": 0.735095781981561, "f1-score": 0.6827071520226505, "support": 1398}, "weighted avg": {"precision": 0.7716759856841645, "recall": 0.765379113018598, "f1-score": 0.7668445436907781, "support": 1398}}, "loss": "0.5480399", "lang_embeds": ["des", "nav", "xho", "var", "ntp", "trc", "cme", "pib", "ind", "mbb", "hto", "sll", "snf", "xsi", "sag", "urt", "ell", "ibo", "hop", "tbl", "bcl", "shp", "azb", "qvi", "taq", "iba", "fub", "plt", "aey", "kac", "nyn", "guh", "amn", "apu", "agt", "dow", "tee", "guc", "huv", "kwi", "ksf", "hix", "mam", "tha", "bom", "fij", "lif", "yad", "yor", "apw", "cnh", "yaq", "kor", "apr", "mio", "adj", "bmr", "niy", "nmf", "mcd", "moc", "zpq", "duo", "ghs", "xsr", "ape", "mya", "yuj", "rus", "pad", "plu", "tgl", "aia", "nko", "ssd", "ign", "mri", "vie", "wnu", "huu", "mjw", "ote", "kto", "lww", "cub", "kyz", "wrk", "abt", "mqy", "nuy", "emi", "lhu", "xbi", "kms", "tsz", "kmh", "adz", "kbc", "csy", "snp", "sna", "ong", "apt", "djr", "yrb", "deu", "khk", "cle", "urd", "nhu", "tnc", "spa", "nzm", "ctd", "bsp", "pam", "gym", "bsn", "mmn", "tso", "est", "mhx", "apy", "tob", "amk", "kpx", "mbj", "izz", "mph", "tna", "ood", "fra", "kin", "njb", "tac", "kvn", "mig", "mie", "mau", "hch", "qvh", "apn", "aom", "pag", "avt", "txu", "lbj", "hus", "cao", "srq", "naq", "acn", "sat", "dgz", "oym", "ach", "xed", "hun", "som", "ewe", "myu", "nbc", "mzh", "sba", "hau", "gbr", "sja", "mrg", "mpt", "plg", "okv", "pma", "fin", "caq", "ncl", "wim", "swh", "dis", "jpn", "kde", "ncj", "nas", "adi", "zai", "zav", "mpm", "cbi", "bci", "mva", "pes", "kmo", "ctp", "miq", "loz", "toi", "btx", "hin", "aoj", "mos", "pwg", "aca", "ptp", "njo", "mil", "ppo", "kue", "tur", "ndi", "wed", "chf", "cak", "gub", "sue", "kpj", "gso", "nhg", "laj", "chq", "kpw", "cco", "eus", "nya", "nob", "amp", "teo", "ese", "ura", "mcn", "lam", "too", "tzj", "njz", "amh", "wib", "djk", "spp", "ann", "pao", "tfr", "nsn", "cpa", "rwo", "zul", "nbl", "nst", "mbc", "esu", "xsm", "khm", "snc", "coe", "zaw", "sbe", "ndo", "sua", "myb", "bem", "ses", "urb"], "lang_embeds_length": 259, "lang_length": 259}, "dev": {"report": {"0": {"precision": 1.0, "recall": 1.0, "f1-score": 1.0, "support": 19}, "1": {"precision": 1.0, "recall": 1.0, "f1-score": 1.0, "support": 7}, "accuracy": 1.0, "macro avg": {"precision": 1.0, "recall": 1.0, "f1-score": 1.0, "support": 26}, "weighted avg": {"precision": 1.0, "recall": 1.0, "f1-score": 1.0, "support": 26}}, "loss": "0.16164964", "lang_embeds": ["njb", "pwg", "sll", "hus", "adz", "nyn", "kac", "amp", "ong", "myu", "ksf", "pma", "nzm", "cpa", "zul", "mmn", "bmr", "mpm", "snc", "ghs", "pes", "loz", "ndo", "tna", "bem", "toi"], "lang_embeds_length": 26, "lang_length": 26}, "test": {"report": {"0": {"precision": 0.5714285714285714, "recall": 0.5333333333333333, "f1-score": 0.5517241379310344, "support": 15}, "1": {"precision": 0.46153846153846156, "recall": 0.5, "f1-score": 0.48000000000000004, "support": 12}, "accuracy": 0.5185185185185185, "macro avg": {"precision": 0.5164835164835164, "recall": 0.5166666666666666, "f1-score": 0.5158620689655172, "support": 27}, "weighted avg": {"precision": 0.5225885225885226, "recall": 0.5185185185185185, "f1-score": 0.5198467432950191, "support": 27}}, "acc": 0.5185185074806213, "lang_embeds": ["arn", "ron", "gla", "lit", "tet", "kik", "cor", "smo", "ilo", "pol", "hye", "lus", "gle", "bre", "lug", "lav", "cym", "swe", "ckb", "dan", "nep", "ton", "che", "ces", "ium", "tam", "bul"], "lang_embeds_length": 27, "lang_length": 27}, "test_zs": {"report": {"0": {"precision": 0.5555555555555556, "recall": 1.0, "f1-score": 0.7142857142857143, "support": 15}, "1": {"precision": 0.0, "recall": 0.0, "f1-score": 0.0, "support": 12}, "accuracy": 0.5555555555555556, "macro avg": {"precision": 0.2777777777777778, "recall": 0.5, "f1-score": 0.35714285714285715, "support": 27}, "weighted avg": {"precision": 0.308641975308642, "recall": 0.5555555555555556, "f1-score": 0.39682539682539686, "support": 27}}, "acc": 0.5555555820465088, "lang_embeds": [], "lang_embeds_length": 0, "lang_length": 27}}