{"feature_name": "Utterance_Complement_Clauses", "feature_id": "128A", "epoch": 0, "train": {"report": {"0": {"precision": 0.95, "recall": 0.7307692307692307, "f1-score": 0.8260869565217392, "support": 104}, "1": {"precision": 0.36, "recall": 0.75, "f1-score": 0.48648648648648657, "support": 12}, "2": {"precision": 0.06666666666666667, "recall": 0.25, "f1-score": 0.10526315789473685, "support": 4}, "accuracy": 0.7166666666666667, "macro avg": {"precision": 0.4588888888888889, "recall": 0.576923076923077, "f1-score": 0.4726122003009876, "support": 120}, "weighted avg": {"precision": 0.8615555555555556, "recall": 0.7166666666666667, "f1-score": 0.7680994495639805, "support": 120}}, "loss": "0.74364394", "lang_embeds": ["fra", "hin", "mig", "ind", "tur", "ote", "qvh", "snf", "ell", "ibo", "nuy", "nhg", "laj", "naq", "eus", "aey", "oym", "apu", "hun", "tzj", "kwi", "hix", "sja", "djk", "pma", "tnc", "fin", "spp", "lif", "yad", "yor", "spa", "swh", "jpn", "emp", "yaq", "bsn", "kor", "nmf", "pes", "ape", "rus", "btx", "urb", "tgl"], "lang_embeds_length": 45, "lang_length": 45}, "dev": {"report": {"0": {"precision": 1.0, "recall": 1.0, "f1-score": 1.0, "support": 5}, "accuracy": 1.0, "macro avg": {"precision": 1.0, "recall": 1.0, "f1-score": 1.0, "support": 5}, "weighted avg": {"precision": 1.0, "recall": 1.0, "f1-score": 1.0, "support": 5}}, "loss": "0.36236992", "lang_embeds": ["hix", "pes", "tnc", "ape", "yaq"], "lang_embeds_length": 5, "lang_length": 5}, "test": {"report": {"0": {"precision": 0.6, "recall": 1.0, "f1-score": 0.7499999999999999, "support": 3}, "1": {"precision": 0.0, "recall": 0.0, "f1-score": 0.0, "support": 1}, "2": {"precision": 0.0, "recall": 0.0, "f1-score": 0.0, "support": 1}, "accuracy": 0.6, "macro avg": {"precision": 0.19999999999999998, "recall": 0.3333333333333333, "f1-score": 0.24999999999999997, "support": 5}, "weighted avg": {"precision": 0.36, "recall": 0.6, "f1-score": 0.4499999999999999, "support": 5}}, "acc": 0.6000000238418579, "lang_embeds": ["fij", "vie", "ita", "tam", "gle"], "lang_embeds_length": 5, "lang_length": 5}, "test_zs": {"report": {"0": {"precision": 0.6, "recall": 1.0, "f1-score": 0.7499999999999999, "support": 3}, "1": {"precision": 0.0, "recall": 0.0, "f1-score": 0.0, "support": 1}, "2": {"precision": 0.0, "recall": 0.0, "f1-score": 0.0, "support": 1}, "accuracy": 0.6, "macro avg": {"precision": 0.19999999999999998, "recall": 0.3333333333333333, "f1-score": 0.24999999999999997, "support": 5}, "weighted avg": {"precision": 0.36, "recall": 0.6, "f1-score": 0.4499999999999999, "support": 5}}, "acc": 0.6000000238418579, "lang_embeds": [], "lang_embeds_length": 0, "lang_length": 5}}