{"feature_name": "Preverbal_Negative_Morphemes", "feature_id": "143E", "epoch": 0, "train": {"report": {"0": {"precision": 0.5288932419196866, "recall": 0.7068062827225131, "f1-score": 0.6050420168067226, "support": 764}, "1": {"precision": 0.34540389972144847, "recall": 0.26956521739130435, "f1-score": 0.3028083028083028, "support": 460}, "2": {"precision": 0.2, "recall": 0.08097165991902834, "f1-score": 0.11527377521613832, "support": 247}, "3": {"precision": 0.0, "recall": 0.0, "f1-score": 0.0, "support": 14}, "accuracy": 0.46060606060606063, "macro avg": {"precision": 0.2685742854102838, "recall": 0.26433579000821145, "f1-score": 0.25578102370779093, "support": 1485}, "weighted avg": {"precision": 0.4123637917161662, "recall": 0.46060606060606063, "f1-score": 0.4242535640475027, "support": 1485}}, "loss": "1.3940682", "lang_embeds": [], "lang_embeds_length": 0, "lang_length": 330}, "dev": {"report": {"0": {"precision": 0.0, "recall": 0.0, "f1-score": 0.0, "support": 12}, "1": {"precision": 0.48484848484848486, "recall": 1.0, "f1-score": 0.653061224489796, "support": 16}, "2": {"precision": 0.0, "recall": 0.0, "f1-score": 0.0, "support": 5}, "accuracy": 0.48484848484848486, "macro avg": {"precision": 0.16161616161616163, "recall": 0.3333333333333333, "f1-score": 0.217687074829932, "support": 33}, "weighted avg": {"precision": 0.23507805325987144, "recall": 0.48484848484848486, "f1-score": 0.3166357452071738, "support": 33}}, "loss": "1.076247", "lang_embeds": [], "lang_embeds_length": 0, "lang_length": 33}, "test": {"report": {"0": {"precision": 0.0, "recall": 0.0, "f1-score": 0.0, "support": 21}, "1": {"precision": 0.18181818181818182, "recall": 1.0, "f1-score": 0.3076923076923077, "support": 6}, "2": {"precision": 0.0, "recall": 0.0, "f1-score": 0.0, "support": 6}, "accuracy": 0.18181818181818182, "macro avg": {"precision": 0.06060606060606061, "recall": 0.3333333333333333, "f1-score": 0.10256410256410257, "support": 33}, "weighted avg": {"precision": 0.03305785123966942, "recall": 0.18181818181818182, "f1-score": 0.055944055944055944, "support": 33}}, "acc": 0.1818181872367859, "lang_embeds": [], "lang_embeds_length": 0, "lang_length": 33}, "test_zs": {"report": {"0": {"precision": 0.0, "recall": 0.0, "f1-score": 0.0, "support": 21}, "1": {"precision": 0.18181818181818182, "recall": 1.0, "f1-score": 0.3076923076923077, "support": 6}, "2": {"precision": 0.0, "recall": 0.0, "f1-score": 0.0, "support": 6}, "accuracy": 0.18181818181818182, "macro avg": {"precision": 0.06060606060606061, "recall": 0.3333333333333333, "f1-score": 0.10256410256410257, "support": 33}, "weighted avg": {"precision": 0.03305785123966942, "recall": 0.18181818181818182, "f1-score": 0.055944055944055944, "support": 33}}, "acc": 0.1818181872367859, "lang_embeds": [], "lang_embeds_length": 0, "lang_length": 33}}