{"feature_name": "Definite_Articles", "feature_id": "37A", "epoch": 0, "train": {"report": {"0": {"precision": 0.7785467128027682, "recall": 0.7894736842105263, "f1-score": 0.7839721254355402, "support": 285}, "1": {"precision": 0.7123745819397993, "recall": 0.7421602787456446, "f1-score": 0.7269624573378839, "support": 287}, "2": {"precision": 0.6075949367088608, "recall": 0.5454545454545454, "f1-score": 0.5748502994011975, "support": 88}, "3": {"precision": 0.53125, "recall": 0.5151515151515151, "f1-score": 0.5230769230769231, "support": 66}, "4": {"precision": 0.6835443037974683, "recall": 0.6428571428571429, "f1-score": 0.6625766871165644, "support": 84}, "accuracy": 0.7086419753086419, "macro avg": {"precision": 0.6626621070497793, "recall": 0.6470194332838749, "f1-score": 0.6542876984736218, "support": 810}, "weighted avg": {"precision": 0.7065257952035537, "recall": 0.7086419753086419, "f1-score": 0.707205711102809, "support": 810}}, "loss": "0.9379678", "lang_embeds": ["ron", "arb", "xho", "ntp", "pib", "mbb", "ind", "hto", "snf", "xsi", "sag", "ell", "shp", "azb", "qvi", "mam", "fub", "amn", "iba", "aey", "kac", "plt", "apu", "agt", "dow", "tee", "guc", "huv", "kwi", "ksf", "tha", "nld", "hix", "bom", "fij", "tbc", "yad", "tlf", "yor", "apw", "cnh", "yaq", "kor", "adj", "bmr", "niy", "mya", "lcm", "rus", "pad", "plu", "arn", "aia", "nko", "gvf", "ssd", "mri", "vie", "wnu", "mjw", "lww", "emi", "abt", "nuy", "lhu", "xbi", "lit", "pbb", "snp", "deu", "khk", "cle", "urd", "cbr", "nhu", "tnc", "hye", "spa", "ctd", "lav", "alp", "gym", "mkd", "est", "mhx", "apy", "gmv", "amk", "tpt", "tbo", "izz", "tna", "ood", "crn", "gle", "fra", "tac", "ceb", "mig", "qvh", "avt", "kyq", "srq", "hus", "cao", "sat", "poi", "dgz", "ach", "ewe", "hun", "som", "nbc", "mzh", "sba", "hau", "gbr", "sja", "mrg", "mpt", "plg", "pma", "fin", "caq", "swh", "jpn", "nas", "zai", "gah", "nso", "zav", "mva", "miq", "kmo", "ctp", "pes", "tuo", "btx", "bul", "hin", "mos", "ppo", "nab", "njo", "mil", "tur", "chf", "nhg", "laj", "kpw", "cco", "eus", "nob", "amp", "teo", "ura", "too", "opm", "tzj", "agg", "amh", "bhg", "djk", "pol", "spp", "ann", "pao", "zul", "nbl", "swe", "mbc", "esu", "ary", "khm", "sbe", "sua", "ndo", "ita", "ses", "urb"], "lang_embeds_length": 180, "lang_length": 180}, "dev": {"report": {"0": {"precision": 1.0, "recall": 1.0, "f1-score": 1.0, "support": 4}, "1": {"precision": 1.0, "recall": 1.0, "f1-score": 1.0, "support": 5}, "2": {"precision": 1.0, "recall": 1.0, "f1-score": 1.0, "support": 4}, "3": {"precision": 1.0, "recall": 1.0, "f1-score": 1.0, "support": 4}, "4": {"precision": 1.0, "recall": 1.0, "f1-score": 1.0, "support": 1}, "accuracy": 1.0, "macro avg": {"precision": 1.0, "recall": 1.0, "f1-score": 1.0, "support": 18}, "weighted avg": {"precision": 1.0, "recall": 1.0, "f1-score": 1.0, "support": 18}}, "loss": "0.39467925", "lang_embeds": ["gah", "kpw", "ntp", "pib", "fub", "caq", "gmv", "tbc", "wnu", "mjw", "miq", "tuo", "spp", "ewe", "hto", "cnh", "alp", "guc"], "lang_embeds_length": 18, "lang_length": 18}, "test": {"report": {"0": {"precision": 0.42857142857142855, "recall": 0.3333333333333333, "f1-score": 0.375, "support": 9}, "1": {"precision": 0.5, "recall": 0.6666666666666666, "f1-score": 0.5714285714285715, "support": 6}, "2": {"precision": 0.0, "recall": 0.0, "f1-score": 0.0, "support": 2}, "3": {"precision": 0.0, "recall": 0.0, "f1-score": 0.0, "support": 0}, "4": {"precision": 0.0, "recall": 0.0, "f1-score": 0.0, "support": 1}, "accuracy": 0.3888888888888889, "macro avg": {"precision": 0.18571428571428572, "recall": 0.2, "f1-score": 0.1892857142857143, "support": 18}, "weighted avg": {"precision": 0.38095238095238093, "recall": 0.3888888888888889, "f1-score": 0.37797619047619047, "support": 18}}, "acc": 0.3888888955116272, "lang_embeds": ["dan", "smo", "tat", "tih", "tet", "ton", "ukr", "lus", "por", "gla", "che", "bre", "ces", "cor", "tgk", "cym", "ckb", "tyv"], "lang_embeds_length": 18, "lang_length": 18}, "test_zs": {"report": {"0": {"precision": 0.0, "recall": 0.0, "f1-score": 0.0, "support": 9}, "1": {"precision": 0.0, "recall": 0.0, "f1-score": 0.0, "support": 6}, "2": {"precision": 0.1111111111111111, "recall": 1.0, "f1-score": 0.19999999999999998, "support": 2}, "4": {"precision": 0.0, "recall": 0.0, "f1-score": 0.0, "support": 1}, "accuracy": 0.1111111111111111, "macro avg": {"precision": 0.027777777777777776, "recall": 0.25, "f1-score": 0.049999999999999996, "support": 18}, "weighted avg": {"precision": 0.012345679012345678, "recall": 0.1111111111111111, "f1-score": 0.02222222222222222, "support": 18}}, "acc": 0.1111111119389534, "lang_embeds": [], "lang_embeds_length": 0, "lang_length": 18}}