{"feature_name": "Order_of_Person_Markers_on_the_Verb", "feature_id": "104A", "epoch": 0, "train": {"report": {"0": {"precision": 0.5267175572519084, "recall": 0.6448598130841121, "f1-score": 0.5798319327731092, "support": 107}, "1": {"precision": 0.16666666666666666, "recall": 0.16666666666666666, "f1-score": 0.16666666666666666, "support": 48}, "2": {"precision": 0.0, "recall": 0.0, "f1-score": 0.0, "support": 36}, "3": {"precision": 0.0, "recall": 0.0, "f1-score": 0.0, "support": 8}, "4": {"precision": 0.0, "recall": 0.0, "f1-score": 0.0, "support": 3}, "accuracy": 0.3811881188118812, "macro avg": {"precision": 0.138676844783715, "recall": 0.16230529595015575, "f1-score": 0.14929971988795515, "support": 202}, "weighted avg": {"precision": 0.3186078149799712, "recall": 0.3811881188118812, "f1-score": 0.3467426574590232, "support": 202}}, "loss": "2.4403915", "lang_embeds": [], "lang_embeds_length": 0, "lang_length": 113}, "dev": {"report": {"0": {"precision": 0.6666666666666666, "recall": 1.0, "f1-score": 0.8, "support": 8}, "1": {"precision": 0.0, "recall": 0.0, "f1-score": 0.0, "support": 2}, "2": {"precision": 0.0, "recall": 0.0, "f1-score": 0.0, "support": 2}, "accuracy": 0.6666666666666666, "macro avg": {"precision": 0.2222222222222222, "recall": 0.3333333333333333, "f1-score": 0.26666666666666666, "support": 12}, "weighted avg": {"precision": 0.4444444444444444, "recall": 0.6666666666666666, "f1-score": 0.5333333333333333, "support": 12}}, "loss": "1.0237185", "lang_embeds": [], "lang_embeds_length": 0, "lang_length": 12}, "test": {"report": {"0": {"precision": 0.75, "recall": 1.0, "f1-score": 0.8571428571428571, "support": 9}, "1": {"precision": 0.0, "recall": 0.0, "f1-score": 0.0, "support": 3}, "accuracy": 0.75, "macro avg": {"precision": 0.375, "recall": 0.5, "f1-score": 0.42857142857142855, "support": 12}, "weighted avg": {"precision": 0.5625, "recall": 0.75, "f1-score": 0.6428571428571428, "support": 12}}, "acc": 0.75, "lang_embeds": [], "lang_embeds_length": 0, "lang_length": 12}, "test_zs": {"report": {"0": {"precision": 0.75, "recall": 1.0, "f1-score": 0.8571428571428571, "support": 9}, "1": {"precision": 0.0, "recall": 0.0, "f1-score": 0.0, "support": 3}, "accuracy": 0.75, "macro avg": {"precision": 0.375, "recall": 0.5, "f1-score": 0.42857142857142855, "support": 12}, "weighted avg": {"precision": 0.5625, "recall": 0.75, "f1-score": 0.6428571428571428, "support": 12}}, "acc": 0.75, "lang_embeds": [], "lang_embeds_length": 0, "lang_length": 12}}