{"feature_name": "Exponence_of_Selected_Inflectional_Formatives", "feature_id": "21A", "epoch": 0, "train": {"report": {"0": {"precision": 0.59375, "recall": 0.475, "f1-score": 0.5277777777777778, "support": 40}, "1": {"precision": 0.6153846153846154, "recall": 0.45714285714285713, "f1-score": 0.5245901639344263, "support": 35}, "2": {"precision": 0.4, "recall": 0.4444444444444444, "f1-score": 0.4210526315789474, "support": 9}, "3": {"precision": 0.0, "recall": 0.0, "f1-score": 0.0, "support": 2}, "4": {"precision": 0.0, "recall": 0.0, "f1-score": 0.0, "support": 0}, "accuracy": 0.45348837209302323, "macro avg": {"precision": 0.32182692307692307, "recall": 0.2753174603174603, "f1-score": 0.2946841146582303, "support": 86}, "weighted avg": {"precision": 0.5684704830053667, "recall": 0.45348837209302323, "f1-score": 0.5030376806165879, "support": 86}}, "loss": "1.4213054", "lang_embeds": ["fra", "hin", "mri", "nab", "mig", "tur", "ind", "ote", "chd", "sag", "ell", "lhu", "tsz", "laj", "naq", "qvi", "eus", "plt", "aey", "dgz", "amp", "apu", "hun", "mzh", "huv", "deu", "kwi", "hau", "hix", "khk", "sja", "fin", "yad", "spp", "yor", "swh", "spa", "cnh", "zul", "jpn", "yaq", "bsn", "kor", "pes", "ape", "rus", "mph", "tgl"], "lang_embeds_length": 48, "lang_length": 48}, "dev": {"report": {"0": {"precision": 1.0, "recall": 1.0, "f1-score": 1.0, "support": 2}, "1": {"precision": 1.0, "recall": 1.0, "f1-score": 1.0, "support": 3}, "accuracy": 1.0, "macro avg": {"precision": 1.0, "recall": 1.0, "f1-score": 1.0, "support": 5}, "weighted avg": {"precision": 1.0, "recall": 1.0, "f1-score": 1.0, "support": 5}}, "loss": "0.7108536", "lang_embeds": ["kwi", "hix", "naq", "ape", "yor"], "lang_embeds_length": 5, "lang_length": 5}, "test": {"report": {"0": {"precision": 0.0, "recall": 0.0, "f1-score": 0.0, "support": 4.0}, "1": {"precision": 0.0, "recall": 0.0, "f1-score": 0.0, "support": 1.0}, "2": {"precision": 0.0, "recall": 0.0, "f1-score": 0.0, "support": 0.0}, "3": {"precision": 0.0, "recall": 0.0, "f1-score": 0.0, "support": 0.0}, "accuracy": 0.0, "macro avg": {"precision": 0.0, "recall": 0.0, "f1-score": 0.0, "support": 5.0}, "weighted avg": {"precision": 0.0, "recall": 0.0, "f1-score": 0.0, "support": 5.0}}, "acc": 0.0, "lang_embeds": ["tha", "arn", "fij", "vie", "mya"], "lang_embeds_length": 5, "lang_length": 5}, "test_zs": {"report": {"0": {"precision": 0.0, "recall": 0.0, "f1-score": 0.0, "support": 4.0}, "1": {"precision": 0.0, "recall": 0.0, "f1-score": 0.0, "support": 1.0}, "3": {"precision": 0.0, "recall": 0.0, "f1-score": 0.0, "support": 0.0}, "accuracy": 0.0, "macro avg": {"precision": 0.0, "recall": 0.0, "f1-score": 0.0, "support": 5.0}, "weighted avg": {"precision": 0.0, "recall": 0.0, "f1-score": 0.0, "support": 5.0}}, "acc": 0.0, "lang_embeds": [], "lang_embeds_length": 0, "lang_length": 5}}