{"feature_name": "Position_of_negative_words_relative_to_beginning_and_end_of_clause_and_with_respect_to_adjacency_to_verb", "feature_id": "144B", "epoch": 0, "train": {"report": {"0": {"precision": 0.5955056179775281, "recall": 0.6022727272727273, "f1-score": 0.5988700564971752, "support": 88}, "1": {"precision": 0.2857142857142857, "recall": 0.3, "f1-score": 0.2926829268292683, "support": 20}, "2": {"precision": 0.18181818181818182, "recall": 0.09090909090909091, "f1-score": 0.12121212121212123, "support": 22}, "3": {"precision": 0.0, "recall": 0.0, "f1-score": 0.0, "support": 7}, "4": {"precision": 0.0, "recall": 0.0, "f1-score": 0.0, "support": 3}, "accuracy": 0.4357142857142857, "macro avg": {"precision": 0.21260761710199913, "recall": 0.19863636363636367, "f1-score": 0.20255302090771296, "support": 140}, "weighted avg": {"precision": 0.44370557211648703, "recall": 0.4357142857142857, "f1-score": 0.43729207267859604, "support": 140}}, "loss": "2.618112", "lang_embeds": [], "lang_embeds_length": 0, "lang_length": 140}, "dev": {"report": {"0": {"precision": 0.8125, "recall": 1.0, "f1-score": 0.896551724137931, "support": 13}, "2": {"precision": 0.0, "recall": 0.0, "f1-score": 0.0, "support": 2}, "3": {"precision": 0.0, "recall": 0.0, "f1-score": 0.0, "support": 1}, "accuracy": 0.8125, "macro avg": {"precision": 0.2708333333333333, "recall": 0.3333333333333333, "f1-score": 0.2988505747126437, "support": 16}, "weighted avg": {"precision": 0.66015625, "recall": 0.8125, "f1-score": 0.728448275862069, "support": 16}}, "loss": "0.71483374", "lang_embeds": [], "lang_embeds_length": 0, "lang_length": 16}, "test": {"report": {"0": {"precision": 0.8125, "recall": 1.0, "f1-score": 0.896551724137931, "support": 13}, "2": {"precision": 0.0, "recall": 0.0, "f1-score": 0.0, "support": 3}, "accuracy": 0.8125, "macro avg": {"precision": 0.40625, "recall": 0.5, "f1-score": 0.4482758620689655, "support": 16}, "weighted avg": {"precision": 0.66015625, "recall": 0.8125, "f1-score": 0.728448275862069, "support": 16}}, "acc": 0.8125, "lang_embeds": [], "lang_embeds_length": 0, "lang_length": 16}, "test_zs": {"report": {"0": {"precision": 0.8125, "recall": 1.0, "f1-score": 0.896551724137931, "support": 13}, "2": {"precision": 0.0, "recall": 0.0, "f1-score": 0.0, "support": 3}, "accuracy": 0.8125, "macro avg": {"precision": 0.40625, "recall": 0.5, "f1-score": 0.4482758620689655, "support": 16}, "weighted avg": {"precision": 0.66015625, "recall": 0.8125, "f1-score": 0.728448275862069, "support": 16}}, "acc": 0.8125, "lang_embeds": [], "lang_embeds_length": 0, "lang_length": 16}}