{"feature_name": "Voicing_in_Plosives_and_Fricatives", "feature_id": "4A", "epoch": 0, "train": {"report": {"0": {"precision": 0.29069767441860467, "recall": 0.2808988764044944, "f1-score": 0.2857142857142857, "support": 89}, "1": {"precision": 0.3247863247863248, "recall": 0.3877551020408163, "f1-score": 0.3534883720930233, "support": 98}, "2": {"precision": 0.1791044776119403, "recall": 0.1518987341772152, "f1-score": 0.1643835616438356, "support": 79}, "3": {"precision": 0.05263157894736842, "recall": 0.043478260869565216, "f1-score": 0.04761904761904762, "support": 23}, "accuracy": 0.2629757785467128, "macro avg": {"precision": 0.21180501394105955, "recall": 0.21600774337302278, "f1-score": 0.21280131676754807, "support": 289}, "weighted avg": {"precision": 0.252805996191863, "recall": 0.2629757785467128, "f1-score": 0.25658121577435583, "support": 289}}, "loss": "2.3284502", "lang_embeds": [], "lang_embeds_length": 0, "lang_length": 161}, "dev": {"report": {"0": {"precision": 0.4375, "recall": 1.0, "f1-score": 0.6086956521739131, "support": 7}, "1": {"precision": 0.0, "recall": 0.0, "f1-score": 0.0, "support": 4}, "2": {"precision": 0.0, "recall": 0.0, "f1-score": 0.0, "support": 4}, "3": {"precision": 0.0, "recall": 0.0, "f1-score": 0.0, "support": 1}, "accuracy": 0.4375, "macro avg": {"precision": 0.109375, "recall": 0.25, "f1-score": 0.15217391304347827, "support": 16}, "weighted avg": {"precision": 0.19140625, "recall": 0.4375, "f1-score": 0.266304347826087, "support": 16}}, "loss": "1.3056943", "lang_embeds": [], "lang_embeds_length": 0, "lang_length": 16}, "test": {"report": {"0": {"precision": 0.29411764705882354, "recall": 1.0, "f1-score": 0.45454545454545453, "support": 5}, "1": {"precision": 0.0, "recall": 0.0, "f1-score": 0.0, "support": 3}, "2": {"precision": 0.0, "recall": 0.0, "f1-score": 0.0, "support": 9}, "accuracy": 0.29411764705882354, "macro avg": {"precision": 0.09803921568627451, "recall": 0.3333333333333333, "f1-score": 0.15151515151515152, "support": 17}, "weighted avg": {"precision": 0.08650519031141869, "recall": 0.29411764705882354, "f1-score": 0.1336898395721925, "support": 17}}, "acc": 0.29411765933036804, "lang_embeds": [], "lang_embeds_length": 0, "lang_length": 17}, "test_zs": {"report": {"0": {"precision": 0.29411764705882354, "recall": 1.0, "f1-score": 0.45454545454545453, "support": 5}, "1": {"precision": 0.0, "recall": 0.0, "f1-score": 0.0, "support": 3}, "2": {"precision": 0.0, "recall": 0.0, "f1-score": 0.0, "support": 9}, "accuracy": 0.29411764705882354, "macro avg": {"precision": 0.09803921568627451, "recall": 0.3333333333333333, "f1-score": 0.15151515151515152, "support": 17}, "weighted avg": {"precision": 0.08650519031141869, "recall": 0.29411764705882354, "f1-score": 0.1336898395721925, "support": 17}}, "acc": 0.29411765933036804, "lang_embeds": [], "lang_embeds_length": 0, "lang_length": 17}}