{"feature_name": "SOVNeg_Order", "feature_id": "144S", "epoch": 0, "train": {"report": {"0": {"precision": 0.35294117647058826, "recall": 0.3779527559055118, "f1-score": 0.36501901140684406, "support": 127}, "1": {"precision": 0.36585365853658536, "recall": 0.4878048780487805, "f1-score": 0.41811846689895465, "support": 123}, "2": {"precision": 0.09090909090909091, "recall": 0.03225806451612903, "f1-score": 0.047619047619047616, "support": 31}, "3": {"precision": 0.0, "recall": 0.0, "f1-score": 0.0, "support": 17}, "4": {"precision": 0.0, "recall": 0.0, "f1-score": 0.0, "support": 6}, "5": {"precision": 0.0, "recall": 0.0, "f1-score": 0.0, "support": 10}, "6": {"precision": 0.3333333333333333, "recall": 0.16666666666666666, "f1-score": 0.2222222222222222, "support": 6}, "7": {"precision": 0.2, "recall": 0.2, "f1-score": 0.20000000000000004, "support": 5}, "8": {"precision": 0.0, "recall": 0.0, "f1-score": 0.0, "support": 3}, "9": {"precision": 0.0, "recall": 0.0, "f1-score": 0.0, "support": 0}, "accuracy": 0.3384146341463415, "macro avg": {"precision": 0.1343037259249598, "recall": 0.1264682365137088, "f1-score": 0.12529787481470686, "support": 328}, "weighted avg": {"precision": 0.2915905830181296, "recall": 0.3384146341463415, "f1-score": 0.3097424075815989, "support": 328}}, "loss": "2.3657935", "lang_embeds": [], "lang_embeds_length": 0, "lang_length": 122}, "dev": {"report": {"0": {"precision": 0.5833333333333334, "recall": 1.0, "f1-score": 0.7368421052631579, "support": 7}, "1": {"precision": 0.0, "recall": 0.0, "f1-score": 0.0, "support": 4}, "2": {"precision": 0.0, "recall": 0.0, "f1-score": 0.0, "support": 1}, "accuracy": 0.5833333333333334, "macro avg": {"precision": 0.19444444444444445, "recall": 0.3333333333333333, "f1-score": 0.24561403508771928, "support": 12}, "weighted avg": {"precision": 0.34027777777777785, "recall": 0.5833333333333334, "f1-score": 0.4298245614035088, "support": 12}}, "loss": "1.045499", "lang_embeds": [], "lang_embeds_length": 0, "lang_length": 12}, "test": {"report": {"0": {"precision": 0.46153846153846156, "recall": 1.0, "f1-score": 0.631578947368421, "support": 6}, "1": {"precision": 0.0, "recall": 0.0, "f1-score": 0.0, "support": 3}, "2": {"precision": 0.0, "recall": 0.0, "f1-score": 0.0, "support": 3}, "4": {"precision": 0.0, "recall": 0.0, "f1-score": 0.0, "support": 1}, "accuracy": 0.46153846153846156, "macro avg": {"precision": 0.11538461538461539, "recall": 0.25, "f1-score": 0.15789473684210525, "support": 13}, "weighted avg": {"precision": 0.21301775147928995, "recall": 0.46153846153846156, "f1-score": 0.291497975708502, "support": 13}}, "acc": 0.4615384638309479, "lang_embeds": [], "lang_embeds_length": 0, "lang_length": 13}, "test_zs": {"report": {"0": {"precision": 0.46153846153846156, "recall": 1.0, "f1-score": 0.631578947368421, "support": 6}, "1": {"precision": 0.0, "recall": 0.0, "f1-score": 0.0, "support": 3}, "2": {"precision": 0.0, "recall": 0.0, "f1-score": 0.0, "support": 3}, "4": {"precision": 0.0, "recall": 0.0, "f1-score": 0.0, "support": 1}, "accuracy": 0.46153846153846156, "macro avg": {"precision": 0.11538461538461539, "recall": 0.25, "f1-score": 0.15789473684210525, "support": 13}, "weighted avg": {"precision": 0.21301775147928995, "recall": 0.46153846153846156, "f1-score": 0.291497975708502, "support": 13}}, "acc": 0.4615384638309479, "lang_embeds": [], "lang_embeds_length": 0, "lang_length": 13}}