{"feature_name": "Order_of_Numeral_and_Noun", "feature_id": "89A", "epoch": 0, "train": {"report": {"0": {"precision": 0.788782816229117, "recall": 0.7528473804100227, "f1-score": 0.7703962703962705, "support": 878}, "1": {"precision": 0.7828947368421053, "recall": 0.7898230088495575, "f1-score": 0.7863436123348019, "support": 904}, "2": {"precision": 0.59375, "recall": 0.5507246376811594, "f1-score": 0.5714285714285714, "support": 69}, "3": {"precision": 0.0, "recall": 0.0, "f1-score": 0.0, "support": 0}, "accuracy": 0.7633711507293355, "macro avg": {"precision": 0.5413568882678056, "recall": 0.5233487567351849, "f1-score": 0.5320421135399109, "support": 1851}, "weighted avg": {"precision": 0.7786369015421005, "recall": 0.7633711507293355, "f1-score": 0.770767759258324, "support": 1851}}, "loss": "0.5780054", "lang_embeds": ["des", "arb", "xho", "mua", "cav", "var", "nav", "ntp", "pib", "cme", "trc", "ind", "hto", "xsi", "snf", "urt", "ell", "sag", "ibo", "spl", "hop", "tbl", "shp", "nak", "nnb", "mam", "qvi", "iba", "plt", "mvn", "kac", "taq", "agd", "nyn", "apu", "fon", "fub", "aey", "agt", "yon", "dow", "tee", "guc", "ksf", "bdh", "hix", "kwi", "tha", "fij", "bom", "lif", "yad", "tlf", "yor", "apw", "cnh", "yaq", "kor", "apr", "mio", "adj", "duo", "niy", "nmf", "moc", "zpq", "amr", "xsr", "ape", "mya", "lcm", "rus", "pad", "plu", "tgl", "arn", "aia", "nko", "gvf", "ssd", "mri", "vie", "bqc", "wnu", "ote", "mjw", "kto", "for", "ssw", "lww", "emi", "cub", "wrk", "mqy", "kyz", "abt", "hla", "lhu", "xbi", "kms", "tsz", "adz", "kmh", "pbb", "geb", "csy", "ong", "sna", "sey", "apt", "yle", "yrb", "khk", "byr", "deu", "cle", "urd", "cbr", "nhu", "tnc", "hye", "spa", "kki", "nzm", "faa", "ctd", "lav", "emp", "gym", "pam", "bsn", "alp", "mmn", "naf", "est", "mhx", "apy", "tob", "gmv", "amk", "tpt", "tbo", "kpx", "izz", "mph", "car", "ood", "crn", "gle", "fra", "kup", "kin", "njb", "bzd", "tac", "mig", "cap", "mie", "lol", "qvh", "tca", "cab", "aom", "pag", "avt", "kyq", "awb", "hus", "lbj", "ven", "naq", "acn", "sat", "dgz", "ach", "ewe", "xed", "som", "hun", "nbc", "mzh", "sba", "tui", "hau", "gbr", "sja", "mrg", "okv", "mpt", "pma", "fin", "caq", "ncl", "wim", "swh", "dis", "jpn", "kde", "ncj", "nas", "adi", "aau", "gah", "zai", "zav", "mpm", "cbi", "bci", "mva", "pes", "miq", "kmo", "ctp", "tuo", "cof", "kwd", "btx", "toi", "usa", "hin", "aoj", "pwg", "mos", "kue", "ptp", "njo", "mil", "tue", "tur", "ppo", "jiv", "kbh", "ndi", "cak", "chf", "gub", "sue", "tbg", "xpe", "cbc", "kpj", "gso", "nhg", "laj", "kpw", "etr", "nya", "trp", "viv", "chq", "nob", "amp", "eus", "cco", "ura", "mcn", "teo", "mxp", "mco", "opm", "tzj", "snn", "agg", "amh", "njz", "bhg", "pio", "wib", "djk", "pol", "spp", "ann", "pao", "tfr", "nsn", "cpa", "rwo", "mbc", "hil", "ary", "khm", "snc", "coe", "sps", "zaw", "lac", "ndo", "sua", "gvn", "sbe", "myb", "bem", "ses", "urb"], "lang_embeds_length": 294, "lang_length": 294}, "dev": {"report": {"0": {"precision": 1.0, "recall": 1.0, "f1-score": 1.0, "support": 9}, "1": {"precision": 1.0, "recall": 1.0, "f1-score": 1.0, "support": 17}, "2": {"precision": 1.0, "recall": 1.0, "f1-score": 1.0, "support": 3}, "accuracy": 1.0, "macro avg": {"precision": 1.0, "recall": 1.0, "f1-score": 1.0, "support": 29}, "weighted avg": {"precision": 1.0, "recall": 1.0, "f1-score": 1.0, "support": 29}}, "loss": "0.13684697", "lang_embeds": ["aia", "njb", "cav", "cap", "mjw", "kbh", "aom", "tbl", "awb", "nhg", "naq", "pbb", "trp", "xed", "mxp", "mco", "yrb", "njz", "okv", "tnc", "nzm", "rwo", "cbi", "bci", "amr", "apy", "tob", "lcm", "tuo"], "lang_embeds_length": 29, "lang_length": 29}, "test": {"report": {"0": {"precision": 0.07692307692307693, "recall": 0.25, "f1-score": 0.11764705882352941, "support": 4}, "1": {"precision": 0.8125, "recall": 0.5416666666666666, "f1-score": 0.65, "support": 24}, "2": {"precision": 0.0, "recall": 0.0, "f1-score": 0.0, "support": 1}, "accuracy": 0.4827586206896552, "macro avg": {"precision": 0.296474358974359, "recall": 0.2638888888888889, "f1-score": 0.2558823529411765, "support": 29}, "weighted avg": {"precision": 0.6830238726790451, "recall": 0.4827586206896552, "f1-score": 0.554158215010142, "support": 29}}, "acc": 0.48275861144065857, "lang_embeds": ["ron", "mai", "gla", "lit", "tet", "ukr", "slv", "cat", "cor", "nld", "smo", "lus", "bre", "lug", "cym", "swe", "ckb", "dan", "nep", "tat", "tih", "ton", "che", "ita", "ces", "tgk", "ium", "tam", "bul"], "lang_embeds_length": 29, "lang_length": 29}, "test_zs": {"report": {"0": {"precision": 0.0, "recall": 0.0, "f1-score": 0.0, "support": 4}, "1": {"precision": 0.0, "recall": 0.0, "f1-score": 0.0, "support": 24}, "2": {"precision": 0.034482758620689655, "recall": 1.0, "f1-score": 0.06666666666666667, "support": 1}, "accuracy": 0.034482758620689655, "macro avg": {"precision": 0.011494252873563218, "recall": 0.3333333333333333, "f1-score": 0.022222222222222223, "support": 29}, "weighted avg": {"precision": 0.0011890606420927466, "recall": 0.034482758620689655, "f1-score": 0.0022988505747126436, "support": 29}}, "acc": 0.03448275849223137, "lang_embeds": [], "lang_embeds_length": 0, "lang_length": 29}}