{"feature_name": "Possessive_Classification", "feature_id": "59A", "epoch": 0, "train": {"report": {"0": {"precision": 0.8771929824561403, "recall": 0.6172839506172839, "f1-score": 0.7246376811594202, "support": 81}, "1": {"precision": 0.42105263157894735, "recall": 0.3076923076923077, "f1-score": 0.35555555555555557, "support": 26}, "2": {"precision": 0.1724137931034483, "recall": 0.5555555555555556, "f1-score": 0.26315789473684215, "support": 9}, "3": {"precision": 0.07692307692307693, "recall": 0.5, "f1-score": 0.13333333333333336, "support": 2}, "accuracy": 0.5423728813559322, "macro avg": {"precision": 0.38689562101540326, "recall": 0.49513295346628683, "f1-score": 0.36917111619628784, "support": 118}, "weighted avg": {"precision": 0.7093692397608237, "recall": 0.5423728813559322, "f1-score": 0.598094782522506, "support": 118}}, "loss": "1.1296163", "lang_embeds": ["fra", "hin", "vie", "mri", "mig", "tur", "ind", "chd", "ote", "sll", "sag", "ell", "sue", "wrk", "nuy", "laj", "kpw", "naq", "qvi", "plt", "fub", "eus", "aey", "dgz", "cbt", "amp", "apu", "ewe", "hun", "mzh", "tzj", "huv", "khk", "kwi", "amh", "deu", "hau", "sja", "fij", "hix", "wrs", "pma", "lif", "fin", "yad", "spp", "caq", "tlf", "yor", "swh", "spa", "zul", "jpn", "yaq", "bsn", "kor", "pes", "ape", "mya", "tbo", "sua", "rus", "mph", "yss", "pad", "tgl"], "lang_embeds_length": 66, "lang_length": 66}, "dev": {"report": {"0": {"precision": 1.0, "recall": 1.0, "f1-score": 1.0, "support": 3}, "1": {"precision": 1.0, "recall": 1.0, "f1-score": 1.0, "support": 3}, "2": {"precision": 1.0, "recall": 1.0, "f1-score": 1.0, "support": 1}, "accuracy": 1.0, "macro avg": {"precision": 1.0, "recall": 1.0, "f1-score": 1.0, "support": 7}, "weighted avg": {"precision": 1.0, "recall": 1.0, "f1-score": 1.0, "support": 7}}, "loss": "0.78902227", "lang_embeds": ["laj", "plt", "yad", "ewe", "yss", "tzj", "huv"], "lang_embeds_length": 7, "lang_length": 7}, "test": {"report": {"0": {"precision": 0.75, "recall": 0.5, "f1-score": 0.6, "support": 6}, "1": {"precision": 0.0, "recall": 0.0, "f1-score": 0.0, "support": 1}, "3": {"precision": 0.0, "recall": 0.0, "f1-score": 0.0, "support": 0}, "accuracy": 0.42857142857142855, "macro avg": {"precision": 0.25, "recall": 0.16666666666666666, "f1-score": 0.19999999999999998, "support": 7}, "weighted avg": {"precision": 0.6428571428571429, "recall": 0.42857142857142855, "f1-score": 0.5142857142857142, "support": 7}}, "acc": 0.4285714328289032, "lang_embeds": ["tha", "arn", "smo", "hye", "lug", "wbp", "tyv"], "lang_embeds_length": 7, "lang_length": 7}, "test_zs": {"report": {"0": {"precision": 0.0, "recall": 0.0, "f1-score": 0.0, "support": 6.0}, "1": {"precision": 0.0, "recall": 0.0, "f1-score": 0.0, "support": 1.0}, "3": {"precision": 0.0, "recall": 0.0, "f1-score": 0.0, "support": 0.0}, "accuracy": 0.0, "macro avg": {"precision": 0.0, "recall": 0.0, "f1-score": 0.0, "support": 7.0}, "weighted avg": {"precision": 0.0, "recall": 0.0, "f1-score": 0.0, "support": 7.0}}, "acc": 0.0, "lang_embeds": [], "lang_embeds_length": 0, "lang_length": 7}}