{"feature_name": "Periphrastic_Causative_Constructions", "feature_id": "110A", "epoch": 0, "train": {"report": {"0": {"precision": 0.49185667752442996, "recall": 0.6926605504587156, "f1-score": 0.5752380952380952, "support": 218}, "1": {"precision": 0.16216216216216217, "recall": 0.09836065573770492, "f1-score": 0.12244897959183673, "support": 122}, "2": {"precision": 0.0, "recall": 0.0, "f1-score": 0.0, "support": 73}, "accuracy": 0.3946731234866828, "macro avg": {"precision": 0.2180062798955307, "recall": 0.26367373539880684, "f1-score": 0.23256235827664398, "support": 413}, "weighted avg": {"precision": 0.3075267299857373, "recall": 0.3946731234866828, "f1-score": 0.33980794254747904, "support": 413}}, "loss": "1.3692235", "lang_embeds": [], "lang_embeds_length": 0, "lang_length": 51}, "dev": {"report": {"0": {"precision": 0.8, "recall": 1.0, "f1-score": 0.888888888888889, "support": 4}, "2": {"precision": 0.0, "recall": 0.0, "f1-score": 0.0, "support": 1}, "accuracy": 0.8, "macro avg": {"precision": 0.4, "recall": 0.5, "f1-score": 0.4444444444444445, "support": 5}, "weighted avg": {"precision": 0.64, "recall": 0.8, "f1-score": 0.7111111111111111, "support": 5}}, "loss": "0.80988467", "lang_embeds": [], "lang_embeds_length": 0, "lang_length": 5}, "test": {"report": {"0": {"precision": 0.8333333333333334, "recall": 1.0, "f1-score": 0.9090909090909091, "support": 5}, "2": {"precision": 0.0, "recall": 0.0, "f1-score": 0.0, "support": 1}, "accuracy": 0.8333333333333334, "macro avg": {"precision": 0.4166666666666667, "recall": 0.5, "f1-score": 0.45454545454545453, "support": 6}, "weighted avg": {"precision": 0.6944444444444445, "recall": 0.8333333333333334, "f1-score": 0.7575757575757575, "support": 6}}, "acc": 0.8333333134651184, "lang_embeds": [], "lang_embeds_length": 0, "lang_length": 6}, "test_zs": {"report": {"0": {"precision": 0.8333333333333334, "recall": 1.0, "f1-score": 0.9090909090909091, "support": 5}, "2": {"precision": 0.0, "recall": 0.0, "f1-score": 0.0, "support": 1}, "accuracy": 0.8333333333333334, "macro avg": {"precision": 0.4166666666666667, "recall": 0.5, "f1-score": 0.45454545454545453, "support": 6}, "weighted avg": {"precision": 0.6944444444444445, "recall": 0.8333333333333334, "f1-score": 0.7575757575757575, "support": 6}}, "acc": 0.8333333134651184, "lang_embeds": [], "lang_embeds_length": 0, "lang_length": 6}}