{"feature_name": "Comitatives_and_Instrumentals", "feature_id": "52A", "epoch": 0, "train": {"report": {"0": {"precision": 0.6106870229007634, "recall": 0.6956521739130435, "f1-score": 0.6504065040650405, "support": 115}, "1": {"precision": 0.21428571428571427, "recall": 0.17647058823529413, "f1-score": 0.1935483870967742, "support": 51}, "2": {"precision": 0.18181818181818182, "recall": 0.1111111111111111, "f1-score": 0.13793103448275862, "support": 18}, "accuracy": 0.4945652173913043, "macro avg": {"precision": 0.33559697300155317, "recall": 0.3277446244198163, "f1-score": 0.3272953085481911, "support": 184}, "weighted avg": {"precision": 0.4588603605156874, "recall": 0.4945652173913043, "f1-score": 0.4736438822288304, "support": 184}}, "loss": "1.874755", "lang_embeds": [], "lang_embeds_length": 0, "lang_length": 103}, "dev": {"report": {"0": {"precision": 1.0, "recall": 1.0, "f1-score": 1.0, "support": 11}, "accuracy": 1.0, "macro avg": {"precision": 1.0, "recall": 1.0, "f1-score": 1.0, "support": 11}, "weighted avg": {"precision": 1.0, "recall": 1.0, "f1-score": 1.0, "support": 11}}, "loss": "0.28969723", "lang_embeds": [], "lang_embeds_length": 0, "lang_length": 11}, "test": {"report": {"0": {"precision": 0.2727272727272727, "recall": 1.0, "f1-score": 0.42857142857142855, "support": 3}, "1": {"precision": 0.0, "recall": 0.0, "f1-score": 0.0, "support": 6}, "2": {"precision": 0.0, "recall": 0.0, "f1-score": 0.0, "support": 2}, "accuracy": 0.2727272727272727, "macro avg": {"precision": 0.0909090909090909, "recall": 0.3333333333333333, "f1-score": 0.14285714285714285, "support": 11}, "weighted avg": {"precision": 0.07438016528925619, "recall": 0.2727272727272727, "f1-score": 0.11688311688311687, "support": 11}}, "acc": 0.27272728085517883, "lang_embeds": [], "lang_embeds_length": 0, "lang_length": 11}, "test_zs": {"report": {"0": {"precision": 0.2727272727272727, "recall": 1.0, "f1-score": 0.42857142857142855, "support": 3}, "1": {"precision": 0.0, "recall": 0.0, "f1-score": 0.0, "support": 6}, "2": {"precision": 0.0, "recall": 0.0, "f1-score": 0.0, "support": 2}, "accuracy": 0.2727272727272727, "macro avg": {"precision": 0.0909090909090909, "recall": 0.3333333333333333, "f1-score": 0.14285714285714285, "support": 11}, "weighted avg": {"precision": 0.07438016528925619, "recall": 0.2727272727272727, "f1-score": 0.11688311688311687, "support": 11}}, "acc": 0.27272728085517883, "lang_embeds": [], "lang_embeds_length": 0, "lang_length": 11}}