{"feature_name": "Indefinite_Pronouns", "feature_id": "46A", "epoch": 0, "train": {"report": {"0": {"precision": 0.7903225806451613, "recall": 0.7, "f1-score": 0.7424242424242423, "support": 140}, "1": {"precision": 0.7254901960784313, "recall": 0.6548672566371682, "f1-score": 0.6883720930232559, "support": 113}, "2": {"precision": 0.4, "recall": 0.5, "f1-score": 0.4444444444444445, "support": 24}, "3": {"precision": 0.4146341463414634, "recall": 0.6296296296296297, "f1-score": 0.5, "support": 27}, "4": {"precision": 0.26666666666666666, "recall": 0.5, "f1-score": 0.3478260869565218, "support": 8}, "accuracy": 0.657051282051282, "macro avg": {"precision": 0.5194227179463444, "recall": 0.5968993772533595, "f1-score": 0.544613373369693, "support": 312}, "weighted avg": {"precision": 0.6908782331145453, "recall": 0.657051282051282, "f1-score": 0.6688292173504509, "support": 312}}, "loss": "0.9970059", "lang_embeds": ["ron", "nav", "ntp", "ind", "nhr", "sag", "ell", "tyv", "shp", "stp", "qvi", "plt", "aey", "fon", "dow", "guc", "kwi", "tha", "nld", "smo", "yad", "yor", "yaq", "kor", "niy", "moc", "rus", "tgl", "tam", "vie", "mri", "wnu", "nuy", "tsz", "kmh", "lit", "pbb", "kjh", "deu", "ame", "spa", "crh", "lav", "est", "gmv", "ood", "gle", "fra", "qvh", "hus", "sat", "ewe", "hun", "som", "hau", "upv", "pma", "fin", "wim", "swh", "jpn", "miq", "pes", "tnk", "bul", "hin", "tur", "mic", "nhg", "kpw", "laj", "nya", "eus", "too", "pol", "pao", "nbl", "swe", "mbc", "esu", "khm", "gvn", "ita", "myb", "ses", "urb", "yan"], "lang_embeds_length": 87, "lang_length": 87}, "dev": {"report": {"0": {"precision": 1.0, "recall": 1.0, "f1-score": 1.0, "support": 5}, "1": {"precision": 1.0, "recall": 1.0, "f1-score": 1.0, "support": 2}, "2": {"precision": 1.0, "recall": 1.0, "f1-score": 1.0, "support": 1}, "3": {"precision": 1.0, "recall": 1.0, "f1-score": 1.0, "support": 1}, "accuracy": 1.0, "macro avg": {"precision": 1.0, "recall": 1.0, "f1-score": 1.0, "support": 9}, "weighted avg": {"precision": 1.0, "recall": 1.0, "f1-score": 1.0, "support": 9}}, "loss": "0.46266583", "lang_embeds": ["kwi", "nav", "ame", "tsz", "qvi", "miq", "yad", "swh", "crh"], "lang_embeds_length": 9, "lang_length": 9}, "test": {"report": {"0": {"precision": 0.75, "recall": 0.5, "f1-score": 0.6, "support": 6}, "1": {"precision": 0.2, "recall": 0.5, "f1-score": 0.28571428571428575, "support": 2}, "2": {"precision": 0.0, "recall": 0.0, "f1-score": 0.0, "support": 2}, "3": {"precision": 0.0, "recall": 0.0, "f1-score": 0.0, "support": 0}, "accuracy": 0.4, "macro avg": {"precision": 0.2375, "recall": 0.25, "f1-score": 0.22142857142857142, "support": 10}, "weighted avg": {"precision": 0.49000000000000005, "recall": 0.4, "f1-score": 0.4171428571428571, "support": 10}}, "acc": 0.4000000059604645, "lang_embeds": ["bel", "nog", "ilo", "kmr", "tat", "mai", "ukr", "kgp", "por", "tgk"], "lang_embeds_length": 10, "lang_length": 10}, "test_zs": {"report": {"0": {"precision": 0.0, "recall": 0.0, "f1-score": 0.0, "support": 6}, "1": {"precision": 0.0, "recall": 0.0, "f1-score": 0.0, "support": 2}, "2": {"precision": 0.2, "recall": 1.0, "f1-score": 0.33333333333333337, "support": 2}, "accuracy": 0.2, "macro avg": {"precision": 0.06666666666666667, "recall": 0.3333333333333333, "f1-score": 0.11111111111111112, "support": 10}, "weighted avg": {"precision": 0.04, "recall": 0.2, "f1-score": 0.06666666666666668, "support": 10}}, "acc": 0.20000000298023224, "lang_embeds": [], "lang_embeds_length": 0, "lang_length": 10}}