{"feature_name": "M_in_Second_Person_Singular", "feature_id": "137B", "epoch": 0, "train": {"report": {"0": {"precision": 0.6366366366366366, "recall": 0.7361111111111112, "f1-score": 0.6827697262479872, "support": 288}, "1": {"precision": 0.36666666666666664, "recall": 0.26666666666666666, "f1-score": 0.30877192982456136, "support": 165}, "accuracy": 0.565121412803532, "macro avg": {"precision": 0.5016516516516516, "recall": 0.5013888888888889, "f1-score": 0.49577082803627426, "support": 453}, "weighted avg": {"precision": 0.5383032038661177, "recall": 0.565121412803532, "f1-score": 0.5465453633123023, "support": 453}}, "loss": "0.95018333", "lang_embeds": [], "lang_embeds_length": 0, "lang_length": 63}, "dev": {"report": {"0": {"precision": 1.0, "recall": 1.0, "f1-score": 1.0, "support": 6}, "accuracy": 1.0, "macro avg": {"precision": 1.0, "recall": 1.0, "f1-score": 1.0, "support": 6}, "weighted avg": {"precision": 1.0, "recall": 1.0, "f1-score": 1.0, "support": 6}}, "loss": "0.23068623", "lang_embeds": [], "lang_embeds_length": 0, "lang_length": 6}, "test": {"report": {"0": {"precision": 0.5714285714285714, "recall": 1.0, "f1-score": 0.7272727272727273, "support": 4}, "1": {"precision": 0.0, "recall": 0.0, "f1-score": 0.0, "support": 3}, "accuracy": 0.5714285714285714, "macro avg": {"precision": 0.2857142857142857, "recall": 0.5, "f1-score": 0.36363636363636365, "support": 7}, "weighted avg": {"precision": 0.32653061224489793, "recall": 0.5714285714285714, "f1-score": 0.4155844155844156, "support": 7}}, "acc": 0.5714285969734192, "lang_embeds": [], "lang_embeds_length": 0, "lang_length": 7}, "test_zs": {"report": {"0": {"precision": 0.5714285714285714, "recall": 1.0, "f1-score": 0.7272727272727273, "support": 4}, "1": {"precision": 0.0, "recall": 0.0, "f1-score": 0.0, "support": 3}, "accuracy": 0.5714285714285714, "macro avg": {"precision": 0.2857142857142857, "recall": 0.5, "f1-score": 0.36363636363636365, "support": 7}, "weighted avg": {"precision": 0.32653061224489793, "recall": 0.5714285714285714, "f1-score": 0.4155844155844156, "support": 7}}, "acc": 0.5714285969734192, "lang_embeds": [], "lang_embeds_length": 0, "lang_length": 7}}