{"feature_name": "Order_of_Adverbial_Subordinator_and_Clause", "feature_id": "94A", "epoch": 0, "train": {"report": {"0": {"precision": 0.595945945945946, "recall": 0.901840490797546, "f1-score": 0.7176566314076485, "support": 978}, "1": {"precision": 0.12087912087912088, "recall": 0.03985507246376811, "f1-score": 0.05994550408719346, "support": 276}, "2": {"precision": 0.11538461538461539, "recall": 0.016666666666666666, "f1-score": 0.02912621359223301, "support": 180}, "3": {"precision": 0.043478260869565216, "recall": 0.0058823529411764705, "f1-score": 0.010362694300518133, "support": 170}, "4": {"precision": 0.0, "recall": 0.0, "f1-score": 0.0, "support": 16}, "accuracy": 0.5537037037037037, "macro avg": {"precision": 0.1751375886158495, "recall": 0.19284891657383146, "f1-score": 0.1634182086775186, "support": 1620}, "weighted avg": {"precision": 0.39775204173754897, "recall": 0.5537037037037037, "f1-score": 0.4477885932854542, "support": 1620}}, "loss": "1.4369912", "lang_embeds": [], "lang_embeds_length": 0, "lang_length": 200}, "dev": {"report": {"0": {"precision": 0.75, "recall": 1.0, "f1-score": 0.8571428571428571, "support": 15}, "1": {"precision": 0.0, "recall": 0.0, "f1-score": 0.0, "support": 3}, "2": {"precision": 0.0, "recall": 0.0, "f1-score": 0.0, "support": 1}, "3": {"precision": 0.0, "recall": 0.0, "f1-score": 0.0, "support": 1}, "accuracy": 0.75, "macro avg": {"precision": 0.1875, "recall": 0.25, "f1-score": 0.21428571428571427, "support": 20}, "weighted avg": {"precision": 0.5625, "recall": 0.75, "f1-score": 0.6428571428571428, "support": 20}}, "loss": "0.94831276", "lang_embeds": [], "lang_embeds_length": 0, "lang_length": 20}, "test": {"report": {"0": {"precision": 0.8571428571428571, "recall": 1.0, "f1-score": 0.923076923076923, "support": 18}, "1": {"precision": 0.0, "recall": 0.0, "f1-score": 0.0, "support": 3}, "accuracy": 0.8571428571428571, "macro avg": {"precision": 0.42857142857142855, "recall": 0.5, "f1-score": 0.4615384615384615, "support": 21}, "weighted avg": {"precision": 0.7346938775510203, "recall": 0.8571428571428571, "f1-score": 0.7912087912087911, "support": 21}}, "acc": 0.8571428656578064, "lang_embeds": [], "lang_embeds_length": 0, "lang_length": 21}, "test_zs": {"report": {"0": {"precision": 0.8571428571428571, "recall": 1.0, "f1-score": 0.923076923076923, "support": 18}, "1": {"precision": 0.0, "recall": 0.0, "f1-score": 0.0, "support": 3}, "accuracy": 0.8571428571428571, "macro avg": {"precision": 0.42857142857142855, "recall": 0.5, "f1-score": 0.4615384615384615, "support": 21}, "weighted avg": {"precision": 0.7346938775510203, "recall": 0.8571428571428571, "f1-score": 0.7912087912087911, "support": 21}}, "acc": 0.8571428656578064, "lang_embeds": [], "lang_embeds_length": 0, "lang_length": 21}}