{"feature_name": "Passive_Constructions", "feature_id": "107A", "epoch": 0, "train": {"report": {"0": {"precision": 0.5865921787709497, "recall": 0.6481481481481481, "f1-score": 0.6158357771260997, "support": 486}, "1": {"precision": 0.5169491525423728, "recall": 0.45185185185185184, "f1-score": 0.48221343873517786, "support": 405}, "accuracy": 0.5589225589225589, "macro avg": {"precision": 0.5517706656566612, "recall": 0.55, "f1-score": 0.5490246079306388, "support": 891}, "weighted avg": {"precision": 0.5549362577579602, "recall": 0.5589225589225589, "f1-score": 0.5550983505847716, "support": 891}}, "loss": "0.98987913", "lang_embeds": [], "lang_embeds_length": 0, "lang_length": 110}, "dev": {"report": {"0": {"precision": 0.0, "recall": 0.0, "f1-score": 0.0, "support": 1}, "1": {"precision": 0.9090909090909091, "recall": 1.0, "f1-score": 0.9523809523809523, "support": 10}, "accuracy": 0.9090909090909091, "macro avg": {"precision": 0.45454545454545453, "recall": 0.5, "f1-score": 0.47619047619047616, "support": 11}, "weighted avg": {"precision": 0.8264462809917354, "recall": 0.9090909090909091, "f1-score": 0.8658008658008658, "support": 11}}, "loss": "0.43946743", "lang_embeds": [], "lang_embeds_length": 0, "lang_length": 11}, "test": {"report": {"0": {"precision": 0.0, "recall": 0.0, "f1-score": 0.0, "support": 2}, "1": {"precision": 0.8333333333333334, "recall": 1.0, "f1-score": 0.9090909090909091, "support": 10}, "accuracy": 0.8333333333333334, "macro avg": {"precision": 0.4166666666666667, "recall": 0.5, "f1-score": 0.45454545454545453, "support": 12}, "weighted avg": {"precision": 0.6944444444444445, "recall": 0.8333333333333334, "f1-score": 0.7575757575757575, "support": 12}}, "acc": 0.8333333134651184, "lang_embeds": [], "lang_embeds_length": 0, "lang_length": 12}, "test_zs": {"report": {"0": {"precision": 0.0, "recall": 0.0, "f1-score": 0.0, "support": 2}, "1": {"precision": 0.8333333333333334, "recall": 1.0, "f1-score": 0.9090909090909091, "support": 10}, "accuracy": 0.8333333333333334, "macro avg": {"precision": 0.4166666666666667, "recall": 0.5, "f1-score": 0.45454545454545453, "support": 12}, "weighted avg": {"precision": 0.6944444444444445, "recall": 0.8333333333333334, "f1-score": 0.7575757575757575, "support": 12}}, "acc": 0.8333333134651184, "lang_embeds": [], "lang_embeds_length": 0, "lang_length": 12}}