{"feature_name": "Obligatory_Double_Negation_in_SOV_languages", "feature_id": "144N", "epoch": 0, "train": {"report": {"0": {"precision": 0.0, "recall": 0.0, "f1-score": 0.0, "support": 4}, "1": {"precision": 0.3333333333333333, "recall": 0.5, "f1-score": 0.4, "support": 2}, "2": {"precision": 0.0, "recall": 0.0, "f1-score": 0.0, "support": 2}, "3": {"precision": 0.0, "recall": 0.0, "f1-score": 0.0, "support": 1}, "5": {"precision": 0.5, "recall": 0.5, "f1-score": 0.5, "support": 2}, "6": {"precision": 0.0, "recall": 0.0, "f1-score": 0.0, "support": 2}, "10": {"precision": 0.0, "recall": 0.0, "f1-score": 0.0, "support": 2}, "11": {"precision": 0.0, "recall": 0.0, "f1-score": 0.0, "support": 1}, "accuracy": 0.125, "macro avg": {"precision": 0.10416666666666666, "recall": 0.125, "f1-score": 0.1125, "support": 16}, "weighted avg": {"precision": 0.10416666666666666, "recall": 0.125, "f1-score": 0.1125, "support": 16}}, "loss": "2.7980685", "lang_embeds": ["amh", "kwi", "gbr", "lif", "amn", "cui", "oym", "qvh", "apw"], "lang_embeds_length": 9, "lang_length": 9}, "dev": {"report": {"3": {"precision": 1.0, "recall": 1.0, "f1-score": 1.0, "support": 1}, "accuracy": 1.0, "macro avg": {"precision": 1.0, "recall": 1.0, "f1-score": 1.0, "support": 1}, "weighted avg": {"precision": 1.0, "recall": 1.0, "f1-score": 1.0, "support": 1}}, "loss": "1.6147109", "lang_embeds": ["qvh"], "lang_embeds_length": 1, "lang_length": 1}, "test": {"report": {"9": {"precision": 0.0, "recall": 0.0, "f1-score": 0.0, "support": 1.0}, "10": {"precision": 0.0, "recall": 0.0, "f1-score": 0.0, "support": 0.0}, "accuracy": 0.0, "macro avg": {"precision": 0.0, "recall": 0.0, "f1-score": 0.0, "support": 1.0}, "weighted avg": {"precision": 0.0, "recall": 0.0, "f1-score": 0.0, "support": 1.0}}, "acc": 0.0, "lang_embeds": ["mya"], "lang_embeds_length": 1, "lang_length": 1}, "test_zs": {"report": {"3": {"precision": 0.0, "recall": 0.0, "f1-score": 0.0, "support": 0.0}, "9": {"precision": 0.0, "recall": 0.0, "f1-score": 0.0, "support": 1.0}, "accuracy": 0.0, "macro avg": {"precision": 0.0, "recall": 0.0, "f1-score": 0.0, "support": 1.0}, "weighted avg": {"precision": 0.0, "recall": 0.0, "f1-score": 0.0, "support": 1.0}}, "acc": 0.0, "lang_embeds": [], "lang_embeds_length": 0, "lang_length": 1}}