{"feature_name": "Hand_and_Arm", "feature_id": "129A", "epoch": 0, "train": {"report": {"0": {"precision": 0.8434959349593496, "recall": 0.8718487394957983, "f1-score": 0.8574380165289256, "support": 476}, "1": {"precision": 0.7359307359307359, "recall": 0.6882591093117408, "f1-score": 0.7112970711297071, "support": 247}, "accuracy": 0.8091286307053942, "macro avg": {"precision": 0.7897133354450427, "recall": 0.7800539244037696, "f1-score": 0.7843675438293163, "support": 723}, "weighted avg": {"precision": 0.8067482113631289, "recall": 0.8091286307053942, "f1-score": 0.8075115801338951, "support": 723}}, "loss": "0.43399546", "lang_embeds": ["des", "boa", "nav", "dgc", "cav", "ron", "pib", "mbb", "ind", "hto", "nhr", "kaq", "ell", "ibo", "hop", "kpg", "mop", "bcl", "shp", "plt", "guh", "cbt", "crx", "ycn", "agr", "gvc", "cjo", "huv", "guc", "kwi", "tha", "nld", "gwi", "mto", "fij", "yua", "tlf", "apw", "jic", "afr", "kor", "cbv", "bmr", "mww", "moc", "zpq", "amr", "cag", "rus", "kog", "tam", "tgl", "arn", "aia", "mri", "ktu", "bqc", "huu", "for", "bkd", "hub", "poe", "cub", "nuy", "guo", "tsz", "lit", "pbb", "cui", "azz", "kjh", "sey", "sna", "yrb", "deu", "khk", "tos", "cle", "ame", "mfy", "toj", "cbr", "tnc", "spa", "tav", "tsg", "emp", "gym", "quc", "bsn", "qug", "mjc", "sus", "tob", "rad", "tzo", "tvk", "acu", "tna", "knj", "car", "ood", "crn", "ngu", "gle", "fra", "zaa", "con", "kvn", "bao", "ceb", "alq", "cuc", "pir", "hch", "chd", "mcf", "tca", "apn", "cta", "pag", "kck", "awb", "hus", "gui", "gum", "sat", "mca", "poi", "oym", "hun", "mih", "myu", "mzh", "hau", "fin", "wim", "swh", "maq", "jpn", "nas", "zai", "cbi", "miq", "cbs", "tuo", "qvc", "kjb", "cof", "kwd", "myw", "myy", "esi", "aca", "tue", "tur", "kne", "jiv", "kbh", "mic", "chf", "cak", "gub", "ixl", "zos", "csk", "cbc", "kpj", "not", "nhg", "ike", "eus", "ese", "nob", "cax", "too", "mco", "snn", "amh", "pio", "zpm", "pol", "sri", "pao", "otq", "tfr", "zul", "kek", "hil", "ary", "khm", "mcb", "esu", "coe", "top", "zaw", "ita", "myb", "bem", "urb", "yan"], "lang_embeds_length": 201, "lang_length": 201}, "dev": {"report": {"0": {"precision": 1.0, "recall": 1.0, "f1-score": 1.0, "support": 12}, "1": {"precision": 1.0, "recall": 1.0, "f1-score": 1.0, "support": 8}, "accuracy": 1.0, "macro avg": {"precision": 1.0, "recall": 1.0, "f1-score": 1.0, "support": 20}, "weighted avg": {"precision": 1.0, "recall": 1.0, "f1-score": 1.0, "support": 20}}, "loss": "0.2153584", "lang_embeds": ["dgc", "bao", "pib", "hub", "nuy", "guo", "nob", "crx", "agr", "yrb", "guc", "mto", "yua", "apw", "gym", "khm", "tzo", "tvk", "acu", "knj"], "lang_embeds_length": 20, "lang_length": 20}, "test": {"report": {"0": {"precision": 0.5625, "recall": 0.75, "f1-score": 0.6428571428571429, "support": 12}, "1": {"precision": 0.5, "recall": 0.3, "f1-score": 0.37499999999999994, "support": 10}, "accuracy": 0.5454545454545454, "macro avg": {"precision": 0.53125, "recall": 0.525, "f1-score": 0.5089285714285714, "support": 22}, "weighted avg": {"precision": 0.5340909090909091, "recall": 0.5454545454545454, "f1-score": 0.5211038961038962, "support": 22}}, "acc": 0.5454545617103577, "lang_embeds": ["bel", "mai", "kgp", "gla", "ukr", "por", "cat", "cor", "smo", "ilo", "tsn", "lus", "bre", "cym", "wbp", "kum", "dan", "nep", "nog", "tat", "ces", "slk"], "lang_embeds_length": 22, "lang_length": 22}, "test_zs": {"report": {"0": {"precision": 0.0, "recall": 0.0, "f1-score": 0.0, "support": 12}, "1": {"precision": 0.45454545454545453, "recall": 1.0, "f1-score": 0.625, "support": 10}, "accuracy": 0.45454545454545453, "macro avg": {"precision": 0.22727272727272727, "recall": 0.5, "f1-score": 0.3125, "support": 22}, "weighted avg": {"precision": 0.20661157024793386, "recall": 0.45454545454545453, "f1-score": 0.2840909090909091, "support": 22}}, "acc": 0.4545454680919647, "lang_embeds": [], "lang_embeds_length": 0, "lang_length": 22}}