{"feature_name": "Predicative_Adjectives", "feature_id": "118A", "epoch": 0, "train": {"report": {"0": {"precision": 0.7657142857142857, "recall": 0.7745664739884393, "f1-score": 0.7701149425287357, "support": 173}, "1": {"precision": 0.7723214285714286, "recall": 0.812206572769953, "f1-score": 0.7917620137299771, "support": 213}, "2": {"precision": 0.7633587786259542, "recall": 0.6944444444444444, "f1-score": 0.7272727272727272, "support": 144}, "accuracy": 0.7679245283018868, "macro avg": {"precision": 0.7671314976372229, "recall": 0.7604058304009454, "f1-score": 0.76304989451048, "support": 530}, "weighted avg": {"precision": 0.7677296223328739, "recall": 0.7679245283018868, "f1-score": 0.7671744654891116, "support": 530}}, "loss": "0.6543993", "lang_embeds": ["ron", "nav", "pib", "mbb", "ind", "ell", "ibo", "hop", "shp", "nak", "srn", "qvi", "mam", "plt", "aey", "guc", "kwi", "tha", "hix", "nld", "smo", "fij", "yad", "yor", "yaq", "kor", "ape", "mya", "crs", "rus", "pad", "tgl", "tam", "arn", "aia", "ssd", "mri", "vie", "wnu", "ote", "for", "mqy", "lhu", "lit", "fuv", "sna", "khk", "tnc", "hye", "spa", "bre", "lav", "pam", "bsn", "est", "apy", "tzo", "tpt", "mph", "car", "ood", "gur", "fra", "gle", "bzd", "ceb", "hch", "noa", "lbj", "cao", "naq", "dgz", "ach", "hun", "ewe", "som", "mzh", "hau", "sja", "pma", "fin", "caq", "swh", "gfk", "jpn", "nas", "zai", "mva", "miq", "pes", "ctp", "kwd", "bul", "hin", "mos", "mil", "tur", "gub", "xpe", "nhg", "kpw", "cco", "eus", "pap", "amp", "teo", "tzj", "amh", "pol", "spp", "zul", "swe", "mbc", "ary", "khm", "xsm", "snc", "urb"], "lang_embeds_length": 118, "lang_length": 118}, "dev": {"report": {"0": {"precision": 1.0, "recall": 1.0, "f1-score": 1.0, "support": 4}, "1": {"precision": 1.0, "recall": 1.0, "f1-score": 1.0, "support": 4}, "2": {"precision": 1.0, "recall": 1.0, "f1-score": 1.0, "support": 4}, "accuracy": 1.0, "macro avg": {"precision": 1.0, "recall": 1.0, "f1-score": 1.0, "support": 12}, "weighted avg": {"precision": 1.0, "recall": 1.0, "f1-score": 1.0, "support": 12}}, "loss": "0.2942794", "lang_embeds": ["ary", "pib", "pes", "mil", "nak", "yad", "amp", "teo", "swh", "crs", "mzh", "khk"], "lang_embeds_length": 12, "lang_length": 12}, "test": {"report": {"0": {"precision": 0.0, "recall": 0.0, "f1-score": 0.0, "support": 4}, "1": {"precision": 0.6, "recall": 0.375, "f1-score": 0.4615384615384615, "support": 8}, "2": {"precision": 0.0, "recall": 0.0, "f1-score": 0.0, "support": 1}, "accuracy": 0.23076923076923078, "macro avg": {"precision": 0.19999999999999998, "recall": 0.125, "f1-score": 0.15384615384615383, "support": 13}, "weighted avg": {"precision": 0.3692307692307692, "recall": 0.23076923076923078, "f1-score": 0.28402366863905326, "support": 13}}, "acc": 0.23076923191547394, "lang_embeds": ["nep", "ilo", "ben", "tat", "ton", "lus", "che", "gla", "ces", "lug", "rmy", "cym", "ium"], "lang_embeds_length": 13, "lang_length": 13}, "test_zs": {"report": {"0": {"precision": 0.0, "recall": 0.0, "f1-score": 0.0, "support": 4}, "1": {"precision": 0.0, "recall": 0.0, "f1-score": 0.0, "support": 8}, "2": {"precision": 0.07692307692307693, "recall": 1.0, "f1-score": 0.14285714285714288, "support": 1}, "accuracy": 0.07692307692307693, "macro avg": {"precision": 0.025641025641025644, "recall": 0.3333333333333333, "f1-score": 0.04761904761904762, "support": 13}, "weighted avg": {"precision": 0.00591715976331361, "recall": 0.07692307692307693, "f1-score": 0.01098901098901099, "support": 13}}, "acc": 0.07692307978868484, "lang_embeds": [], "lang_embeds_length": 0, "lang_length": 13}}