{"feature_name": "Distance_Contrasts_in_Demonstratives", "feature_id": "41A", "epoch": 0, "train": {"report": {"0": {"precision": 0.44751381215469616, "recall": 0.5472972972972973, "f1-score": 0.49240121580547114, "support": 148}, "1": {"precision": 0.37815126050420167, "recall": 0.3813559322033898, "f1-score": 0.37974683544303794, "support": 118}, "2": {"precision": 0.0, "recall": 0.0, "f1-score": 0.0, "support": 9}, "3": {"precision": 0.0, "recall": 0.0, "f1-score": 0.0, "support": 22}, "4": {"precision": 0.0, "recall": 0.0, "f1-score": 0.0, "support": 8}, "accuracy": 0.4131147540983607, "macro avg": {"precision": 0.1651330145317796, "recall": 0.1857306459001374, "f1-score": 0.17442961024970183, "support": 305}, "weighted avg": {"precision": 0.3634553866832486, "recall": 0.4131147540983607, "f1-score": 0.38585411974258427, "support": 305}}, "loss": "1.9484518", "lang_embeds": [], "lang_embeds_length": 0, "lang_length": 68}, "dev": {"report": {"0": {"precision": 0.0, "recall": 0.0, "f1-score": 0.0, "support": 2}, "1": {"precision": 0.5714285714285714, "recall": 1.0, "f1-score": 0.7272727272727273, "support": 4}, "3": {"precision": 0.0, "recall": 0.0, "f1-score": 0.0, "support": 1}, "accuracy": 0.5714285714285714, "macro avg": {"precision": 0.19047619047619047, "recall": 0.3333333333333333, "f1-score": 0.24242424242424243, "support": 7}, "weighted avg": {"precision": 0.32653061224489793, "recall": 0.5714285714285714, "f1-score": 0.4155844155844156, "support": 7}}, "loss": "1.1278944", "lang_embeds": [], "lang_embeds_length": 0, "lang_length": 7}, "test": {"report": {"0": {"precision": 0.0, "recall": 0.0, "f1-score": 0.0, "support": 7}, "1": {"precision": 0.125, "recall": 1.0, "f1-score": 0.2222222222222222, "support": 1}, "accuracy": 0.125, "macro avg": {"precision": 0.0625, "recall": 0.5, "f1-score": 0.1111111111111111, "support": 8}, "weighted avg": {"precision": 0.015625, "recall": 0.125, "f1-score": 0.027777777777777776, "support": 8}}, "acc": 0.125, "lang_embeds": [], "lang_embeds_length": 0, "lang_length": 8}, "test_zs": {"report": {"0": {"precision": 0.0, "recall": 0.0, "f1-score": 0.0, "support": 7}, "1": {"precision": 0.125, "recall": 1.0, "f1-score": 0.2222222222222222, "support": 1}, "accuracy": 0.125, "macro avg": {"precision": 0.0625, "recall": 0.5, "f1-score": 0.1111111111111111, "support": 8}, "weighted avg": {"precision": 0.015625, "recall": 0.125, "f1-score": 0.027777777777777776, "support": 8}}, "acc": 0.125, "lang_embeds": [], "lang_embeds_length": 0, "lang_length": 8}}