{"feature_name": "Relationship_between_the_Order_of_Object_and_Verb_and_the_Order_of_Relative_Clause_and_Noun", "feature_id": "96A", "epoch": 0, "train": {"report": {"0": {"precision": 0.5408234473133287, "recall": 0.826226012793177, "f1-score": 0.6537326022775201, "support": 938}, "1": {"precision": 0.1440677966101695, "recall": 0.05782312925170068, "f1-score": 0.0825242718446602, "support": 294}, "2": {"precision": 0.14814814814814814, "recall": 0.046153846153846156, "f1-score": 0.07038123167155426, "support": 260}, "3": {"precision": 0.0, "recall": 0.0, "f1-score": 0.0, "support": 185}, "4": {"precision": 0.0, "recall": 0.0, "f1-score": 0.0, "support": 0}, "accuracy": 0.47942754919499103, "macro avg": {"precision": 0.16660787841432928, "recall": 0.18604059763974473, "f1-score": 0.1613276211587469, "support": 1677}, "weighted avg": {"precision": 0.35072560781264794, "recall": 0.47942754919499103, "f1-score": 0.39103305730068455, "support": 1677}}, "loss": "1.4850435", "lang_embeds": [], "lang_embeds_length": 0, "lang_length": 233}, "dev": {"report": {"0": {"precision": 0.7391304347826086, "recall": 1.0, "f1-score": 0.85, "support": 17}, "1": {"precision": 0.0, "recall": 0.0, "f1-score": 0.0, "support": 1}, "2": {"precision": 0.0, "recall": 0.0, "f1-score": 0.0, "support": 3}, "3": {"precision": 0.0, "recall": 0.0, "f1-score": 0.0, "support": 2}, "accuracy": 0.7391304347826086, "macro avg": {"precision": 0.18478260869565216, "recall": 0.25, "f1-score": 0.2125, "support": 23}, "weighted avg": {"precision": 0.5463137996219282, "recall": 0.7391304347826086, "f1-score": 0.6282608695652173, "support": 23}}, "loss": "0.8986687", "lang_embeds": [], "lang_embeds_length": 0, "lang_length": 23}, "test": {"report": {"0": {"precision": 0.6666666666666666, "recall": 1.0, "f1-score": 0.8, "support": 16}, "1": {"precision": 0.0, "recall": 0.0, "f1-score": 0.0, "support": 4}, "2": {"precision": 0.0, "recall": 0.0, "f1-score": 0.0, "support": 2}, "3": {"precision": 0.0, "recall": 0.0, "f1-score": 0.0, "support": 2}, "accuracy": 0.6666666666666666, "macro avg": {"precision": 0.16666666666666666, "recall": 0.25, "f1-score": 0.2, "support": 24}, "weighted avg": {"precision": 0.4444444444444444, "recall": 0.6666666666666666, "f1-score": 0.5333333333333333, "support": 24}}, "acc": 0.6666666865348816, "lang_embeds": [], "lang_embeds_length": 0, "lang_length": 24}, "test_zs": {"report": {"0": {"precision": 0.6666666666666666, "recall": 1.0, "f1-score": 0.8, "support": 16}, "1": {"precision": 0.0, "recall": 0.0, "f1-score": 0.0, "support": 4}, "2": {"precision": 0.0, "recall": 0.0, "f1-score": 0.0, "support": 2}, "3": {"precision": 0.0, "recall": 0.0, "f1-score": 0.0, "support": 2}, "accuracy": 0.6666666666666666, "macro avg": {"precision": 0.16666666666666666, "recall": 0.25, "f1-score": 0.2, "support": 24}, "weighted avg": {"precision": 0.4444444444444444, "recall": 0.6666666666666666, "f1-score": 0.5333333333333333, "support": 24}}, "acc": 0.6666666865348816, "lang_embeds": [], "lang_embeds_length": 0, "lang_length": 24}}