{"feature_name": "Glottalized_Consonants", "feature_id": "7A", "epoch": 0, "train": {"report": {"0": {"precision": 0.8987783595113438, "recall": 0.8699324324324325, "f1-score": 0.8841201716738196, "support": 592}, "1": {"precision": 0.5833333333333334, "recall": 0.4375, "f1-score": 0.5, "support": 48}, "2": {"precision": 0.5555555555555556, "recall": 0.39215686274509803, "f1-score": 0.4597701149425288, "support": 51}, "3": {"precision": 0.125, "recall": 0.5, "f1-score": 0.2, "support": 4}, "4": {"precision": 0.2727272727272727, "recall": 0.35294117647058826, "f1-score": 0.30769230769230765, "support": 17}, "5": {"precision": 0.2222222222222222, "recall": 0.5, "f1-score": 0.30769230769230765, "support": 8}, "6": {"precision": 0.0, "recall": 0.0, "f1-score": 0.0, "support": 0}, "7": {"precision": 0.25, "recall": 1.0, "f1-score": 0.4, "support": 4}, "accuracy": 0.7900552486187845, "macro avg": {"precision": 0.36345209291871594, "recall": 0.5065663089560148, "f1-score": 0.3824093627501205, "support": 724}, "weighted avg": {"precision": 0.8236522977599313, "recall": 0.7900552486187845, "f1-score": 0.8024029353387816, "support": 724}}, "loss": "0.7478538", "lang_embeds": ["nav", "cjv", "ind", "sag", "ell", "ibo", "spl", "hop", "shp", "roo", "plt", "iba", "guh", "kac", "aey", "apu", "ycn", "auc", "dow", "huv", "guc", "kwi", "wap", "hix", "arl", "mto", "bom", "fij", "tha", "yua", "yad", "yor", "jic", "yaq", "kor", "bmr", "niy", "cbv", "mwp", "ape", "mya", "cag", "rus", "pad", "tgl", "arn", "ign", "mri", "vie", "wnu", "huu", "ote", "mbl", "cub", "wrk", "nuy", "lhu", "tsz", "adz", "pbb", "yle", "deu", "yrb", "khk", "ame", "cle", "tzh", "nhu", "hye", "ivv", "spa", "faa", "ctd", "tsg", "ald", "mph", "wrs", "tna", "yss", "car", "ood", "etu", "kup", "fra", "con", "bzd", "kvn", "bao", "mig", "tca", "apn", "daa", "lbj", "hus", "srq", "gum", "naq", "dgz", "amu", "hun", "ewe", "som", "mzh", "hau", "gbr", "quh", "beq", "sja", "pma", "fin", "bvr", "wim", "swh", "rro", "maq", "jpn", "kss", "nas", "ncj", "cbi", "pes", "mps", "ctp", "kmo", "kwd", "btx", "wnc", "hin", "nab", "njo", "tur", "jiv", "kbh", "tiy", "sue", "xpe", "agm", "nhg", "kpw", "chq", "laj", "eus", "nob", "amp", "ake", "yva", "njz", "snn", "amh", "djk", "bkq", "spp", "zul", "kek", "khm", "top", "gvn", "byx", "bba", "ses", "urb"], "lang_embeds_length": 161, "lang_length": 161}, "dev": {"report": {"0": {"precision": 1.0, "recall": 1.0, "f1-score": 1.0, "support": 13}, "1": {"precision": 1.0, "recall": 1.0, "f1-score": 1.0, "support": 1}, "3": {"precision": 1.0, "recall": 1.0, "f1-score": 1.0, "support": 1}, "5": {"precision": 1.0, "recall": 1.0, "f1-score": 1.0, "support": 1}, "accuracy": 1.0, "macro avg": {"precision": 1.0, "recall": 1.0, "f1-score": 1.0, "support": 16}, "weighted avg": {"precision": 1.0, "recall": 1.0, "f1-score": 1.0, "support": 16}}, "loss": "0.08458183", "lang_embeds": ["nav", "bmr", "lhu", "mto", "djk", "chq", "mig", "plt", "kac", "gvn", "byx", "ycn", "tna", "tiy", "mzh", "nas"], "lang_embeds_length": 16, "lang_length": 16}, "test": {"report": {"0": {"precision": 0.9333333333333333, "recall": 0.875, "f1-score": 0.9032258064516129, "support": 16}, "1": {"precision": 0.0, "recall": 0.0, "f1-score": 0.0, "support": 0}, "2": {"precision": 0.0, "recall": 0.0, "f1-score": 0.0, "support": 1}, "accuracy": 0.8235294117647058, "macro avg": {"precision": 0.3111111111111111, "recall": 0.2916666666666667, "f1-score": 0.3010752688172043, "support": 17}, "weighted avg": {"precision": 0.8784313725490196, "recall": 0.8235294117647058, "f1-score": 0.8500948766603416, "support": 17}}, "acc": 0.8235294222831726, "lang_embeds": ["ron", "nep", "ben", "lit", "pol", "ckb", "tet", "kgp", "snd", "bre", "lav", "jav", "shn", "ium", "cat", "tyv", "bul"], "lang_embeds_length": 17, "lang_length": 17}, "test_zs": {"report": {"0": {"precision": 0.0, "recall": 0.0, "f1-score": 0.0, "support": 16.0}, "2": {"precision": 0.0, "recall": 0.0, "f1-score": 0.0, "support": 1.0}, "5": {"precision": 0.0, "recall": 0.0, "f1-score": 0.0, "support": 0.0}, "accuracy": 0.0, "macro avg": {"precision": 0.0, "recall": 0.0, "f1-score": 0.0, "support": 17.0}, "weighted avg": {"precision": 0.0, "recall": 0.0, "f1-score": 0.0, "support": 17.0}}, "acc": 0.0, "lang_embeds": [], "lang_embeds_length": 0, "lang_length": 17}}