{"feature_name": "Cultural_Categories_of_Languages_with_Identity_of_'Finger'_and_'Hand'", "feature_id": "130B", "epoch": 0, "train": {"report": {"0": {"precision": 0.0, "recall": 0.0, "f1-score": 0.0, "support": 2}, "1": {"precision": 0.6666666666666666, "recall": 0.3333333333333333, "f1-score": 0.4444444444444444, "support": 6}, "2": {"precision": 0.0, "recall": 0.0, "f1-score": 0.0, "support": 0}, "accuracy": 0.25, "macro avg": {"precision": 0.2222222222222222, "recall": 0.1111111111111111, "f1-score": 0.14814814814814814, "support": 8}, "weighted avg": {"precision": 0.5, "recall": 0.25, "f1-score": 0.3333333333333333, "support": 8}}, "loss": "1.1516054", "lang_embeds": ["kpj", "nuy", "jiv", "cbt", "apw", "myu", "urb", "esi"], "lang_embeds_length": 8, "lang_length": 8}, "dev": {"report": {"2": {"precision": 1.0, "recall": 1.0, "f1-score": 1.0, "support": 1}, "accuracy": 1.0, "macro avg": {"precision": 1.0, "recall": 1.0, "f1-score": 1.0, "support": 1}, "weighted avg": {"precision": 1.0, "recall": 1.0, "f1-score": 1.0, "support": 1}}, "loss": "0.3485721", "lang_embeds": ["nav"], "lang_embeds_length": 1, "lang_length": 1}, "test": {"report": {"0": {"precision": 0.0, "recall": 0.0, "f1-score": 0.0, "support": 1.0}, "1": {"precision": 0.0, "recall": 0.0, "f1-score": 0.0, "support": 0.0}, "accuracy": 0.0, "macro avg": {"precision": 0.0, "recall": 0.0, "f1-score": 0.0, "support": 1.0}, "weighted avg": {"precision": 0.0, "recall": 0.0, "f1-score": 0.0, "support": 1.0}}, "acc": 0.0, "lang_embeds": ["wbp"], "lang_embeds_length": 1, "lang_length": 1}, "test_zs": {"report": {"0": {"precision": 0.0, "recall": 0.0, "f1-score": 0.0, "support": 1.0}, "1": {"precision": 0.0, "recall": 0.0, "f1-score": 0.0, "support": 0.0}, "accuracy": 0.0, "macro avg": {"precision": 0.0, "recall": 0.0, "f1-score": 0.0, "support": 1.0}, "weighted avg": {"precision": 0.0, "recall": 0.0, "f1-score": 0.0, "support": 1.0}}, "acc": 0.0, "lang_embeds": [], "lang_embeds_length": 0, "lang_length": 1}}