{"feature_name": "Systems_of_Gender_Assignment", "feature_id": "32A", "epoch": 0, "train": {"report": {"0": {"precision": 0.555045871559633, "recall": 0.654054054054054, "f1-score": 0.6004962779156326, "support": 185}, "1": {"precision": 0.1746031746031746, "recall": 0.14102564102564102, "f1-score": 0.15602836879432624, "support": 78}, "2": {"precision": 0.1724137931034483, "recall": 0.10638297872340426, "f1-score": 0.13157894736842105, "support": 47}, "accuracy": 0.44193548387096776, "macro avg": {"precision": 0.30068761308875197, "recall": 0.30048755793436643, "f1-score": 0.29603453135945995, "support": 310}, "weighted avg": {"precision": 0.4013096197852961, "recall": 0.44193548387096776, "f1-score": 0.417568499053759, "support": 310}}, "loss": "1.5316855", "lang_embeds": [], "lang_embeds_length": 0, "lang_length": 69}, "dev": {"report": {"0": {"precision": 0.8571428571428571, "recall": 1.0, "f1-score": 0.923076923076923, "support": 6}, "2": {"precision": 0.0, "recall": 0.0, "f1-score": 0.0, "support": 1}, "accuracy": 0.8571428571428571, "macro avg": {"precision": 0.42857142857142855, "recall": 0.5, "f1-score": 0.4615384615384615, "support": 7}, "weighted avg": {"precision": 0.7346938775510203, "recall": 0.8571428571428571, "f1-score": 0.7912087912087912, "support": 7}}, "loss": "0.7365384", "lang_embeds": [], "lang_embeds_length": 0, "lang_length": 7}, "test": {"report": {"0": {"precision": 0.5, "recall": 1.0, "f1-score": 0.6666666666666666, "support": 4}, "1": {"precision": 0.0, "recall": 0.0, "f1-score": 0.0, "support": 3}, "2": {"precision": 0.0, "recall": 0.0, "f1-score": 0.0, "support": 1}, "accuracy": 0.5, "macro avg": {"precision": 0.16666666666666666, "recall": 0.3333333333333333, "f1-score": 0.2222222222222222, "support": 8}, "weighted avg": {"precision": 0.25, "recall": 0.5, "f1-score": 0.3333333333333333, "support": 8}}, "acc": 0.5, "lang_embeds": [], "lang_embeds_length": 0, "lang_length": 8}, "test_zs": {"report": {"0": {"precision": 0.5, "recall": 1.0, "f1-score": 0.6666666666666666, "support": 4}, "1": {"precision": 0.0, "recall": 0.0, "f1-score": 0.0, "support": 3}, "2": {"precision": 0.0, "recall": 0.0, "f1-score": 0.0, "support": 1}, "accuracy": 0.5, "macro avg": {"precision": 0.16666666666666666, "recall": 0.3333333333333333, "f1-score": 0.2222222222222222, "support": 8}, "weighted avg": {"precision": 0.25, "recall": 0.5, "f1-score": 0.3333333333333333, "support": 8}}, "acc": 0.5, "lang_embeds": [], "lang_embeds_length": 0, "lang_length": 8}}