{"feature_name": "N-M_Pronouns", "feature_id": "137A", "epoch": 0, "train": {"report": {"0": {"precision": 0.8846153846153846, "recall": 0.696969696969697, "f1-score": 0.7796610169491526, "support": 99}, "1": {"precision": 0.13333333333333333, "recall": 0.15384615384615385, "f1-score": 0.14285714285714288, "support": 13}, "2": {"precision": 0.0, "recall": 0.0, "f1-score": 0.0, "support": 0}, "accuracy": 0.6339285714285714, "macro avg": {"precision": 0.3393162393162393, "recall": 0.28360528360528364, "f1-score": 0.3075060532687652, "support": 112}, "weighted avg": {"precision": 0.7974130036630037, "recall": 0.6339285714285714, "f1-score": 0.7057462815634729, "support": 112}}, "loss": "0.82531196", "lang_embeds": ["fra", "nab", "mig", "jiv", "tur", "ote", "chd", "ind", "sll", "wnu", "sag", "ell", "nuy", "tsz", "kpw", "laj", "naq", "qvi", "plt", "fub", "eus", "aey", "amp", "dgz", "apu", "hun", "auc", "mco", "mzh", "tzj", "deu", "khk", "amh", "kwi", "hau", "hix", "huv", "fin", "caq", "yad", "spp", "tlf", "yor", "swh", "spa", "zul", "jpn", "gym", "yaq", "bsn", "kor", "top", "pes", "miq", "ape", "cbs", "sua", "rus", "mph", "ses", "ood", "pad", "tgl"], "lang_embeds_length": 63, "lang_length": 63}, "dev": {"report": {"0": {"precision": 1.0, "recall": 1.0, "f1-score": 1.0, "support": 6}, "1": {"precision": 1.0, "recall": 1.0, "f1-score": 1.0, "support": 1}, "accuracy": 1.0, "macro avg": {"precision": 1.0, "recall": 1.0, "f1-score": 1.0, "support": 7}, "weighted avg": {"precision": 1.0, "recall": 1.0, "f1-score": 1.0, "support": 7}}, "loss": "0.32587725", "lang_embeds": ["amh", "naq", "plt", "aey", "ote", "gym", "mzh"], "lang_embeds_length": 7, "lang_length": 7}, "test": {"report": {"0": {"precision": 0.8333333333333334, "recall": 0.8333333333333334, "f1-score": 0.8333333333333334, "support": 6}, "1": {"precision": 0.0, "recall": 0.0, "f1-score": 0.0, "support": 1}, "accuracy": 0.7142857142857143, "macro avg": {"precision": 0.4166666666666667, "recall": 0.4166666666666667, "f1-score": 0.4166666666666667, "support": 7}, "weighted avg": {"precision": 0.7142857142857143, "recall": 0.7142857142857143, "f1-score": 0.7142857142857143, "support": 7}}, "acc": 0.7142857313156128, "lang_embeds": ["arn", "hin", "fij", "vie", "mya", "lug", "tyv"], "lang_embeds_length": 7, "lang_length": 7}, "test_zs": {"report": {"0": {"precision": 0.0, "recall": 0.0, "f1-score": 0.0, "support": 6}, "1": {"precision": 0.14285714285714285, "recall": 1.0, "f1-score": 0.25, "support": 1}, "accuracy": 0.14285714285714285, "macro avg": {"precision": 0.07142857142857142, "recall": 0.5, "f1-score": 0.125, "support": 7}, "weighted avg": {"precision": 0.02040816326530612, "recall": 0.14285714285714285, "f1-score": 0.03571428571428571, "support": 7}}, "acc": 0.1428571492433548, "lang_embeds": [], "lang_embeds_length": 0, "lang_length": 7}}