{"feature_name": "NegSVO_Order", "feature_id": "144H", "epoch": 0, "train": {"report": {"0": {"precision": 0.9381443298969072, "recall": 0.975, "f1-score": 0.9562171628721542, "support": 280}, "1": {"precision": 0.0, "recall": 0.0, "f1-score": 0.0, "support": 16}, "2": {"precision": 0.0, "recall": 0.0, "f1-score": 0.0, "support": 3}, "3": {"precision": 0.0, "recall": 0.0, "f1-score": 0.0, "support": 0}, "accuracy": 0.9130434782608695, "macro avg": {"precision": 0.2345360824742268, "recall": 0.24375, "f1-score": 0.23905429071803855, "support": 299}, "weighted avg": {"precision": 0.8785298072613178, "recall": 0.9130434782608695, "f1-score": 0.895454199345161, "support": 299}}, "loss": "0.59734446", "lang_embeds": [], "lang_embeds_length": 0, "lang_length": 111}, "dev": {"report": {"0": {"precision": 1.0, "recall": 1.0, "f1-score": 1.0, "support": 11}, "accuracy": 1.0, "macro avg": {"precision": 1.0, "recall": 1.0, "f1-score": 1.0, "support": 11}, "weighted avg": {"precision": 1.0, "recall": 1.0, "f1-score": 1.0, "support": 11}}, "loss": "0.016793663", "lang_embeds": [], "lang_embeds_length": 0, "lang_length": 11}, "test": {"report": {"0": {"precision": 1.0, "recall": 1.0, "f1-score": 1.0, "support": 12}, "accuracy": 1.0, "macro avg": {"precision": 1.0, "recall": 1.0, "f1-score": 1.0, "support": 12}, "weighted avg": {"precision": 1.0, "recall": 1.0, "f1-score": 1.0, "support": 12}}, "acc": 1.0, "lang_embeds": [], "lang_embeds_length": 0, "lang_length": 12}, "test_zs": {"report": {"0": {"precision": 1.0, "recall": 1.0, "f1-score": 1.0, "support": 12}, "accuracy": 1.0, "macro avg": {"precision": 1.0, "recall": 1.0, "f1-score": 1.0, "support": 12}, "weighted avg": {"precision": 1.0, "recall": 1.0, "f1-score": 1.0, "support": 12}}, "acc": 1.0, "lang_embeds": [], "lang_embeds_length": 0, "lang_length": 12}}