{"feature_name": "Order_of_Adposition_and_Noun_Phrase", "feature_id": "85A", "epoch": 0, "train": {"report": {"0": {"precision": 0.45822339489885666, "recall": 0.5371134020618556, "f1-score": 0.49454200284765065, "support": 970}, "1": {"precision": 0.39709443099273606, "recall": 0.3685393258426966, "f1-score": 0.3822843822843823, "support": 890}, "2": {"precision": 0.0, "recall": 0.0, "f1-score": 0.0, "support": 99}, "3": {"precision": 0.0, "recall": 0.0, "f1-score": 0.0, "support": 18}, "4": {"precision": 0.0, "recall": 0.0, "f1-score": 0.0, "support": 0}, "accuracy": 0.4294385432473445, "macro avg": {"precision": 0.17106356517831856, "recall": 0.18113054558091046, "f1-score": 0.17536527702640659, "support": 1977}, "weighted avg": {"precision": 0.4035866143831189, "recall": 0.4294385432473445, "f1-score": 0.4147389190669304, "support": 1977}}, "loss": "1.1675948", "lang_embeds": [], "lang_embeds_length": 0, "lang_length": 314}, "dev": {"report": {"0": {"precision": 0.0, "recall": 0.0, "f1-score": 0.0, "support": 14}, "1": {"precision": 0.5483870967741935, "recall": 1.0, "f1-score": 0.7083333333333333, "support": 17}, "accuracy": 0.5483870967741935, "macro avg": {"precision": 0.27419354838709675, "recall": 0.5, "f1-score": 0.35416666666666663, "support": 31}, "weighted avg": {"precision": 0.3007284079084287, "recall": 0.5483870967741935, "f1-score": 0.38844086021505375, "support": 31}}, "loss": "0.70982903", "lang_embeds": [], "lang_embeds_length": 0, "lang_length": 31}, "test": {"report": {"0": {"precision": 0.0, "recall": 0.0, "f1-score": 0.0, "support": 8}, "1": {"precision": 0.71875, "recall": 1.0, "f1-score": 0.8363636363636363, "support": 23}, "3": {"precision": 0.0, "recall": 0.0, "f1-score": 0.0, "support": 1}, "accuracy": 0.71875, "macro avg": {"precision": 0.23958333333333334, "recall": 0.3333333333333333, "f1-score": 0.27878787878787875, "support": 32}, "weighted avg": {"precision": 0.5166015625, "recall": 0.71875, "f1-score": 0.6011363636363636, "support": 32}}, "acc": 0.71875, "lang_embeds": [], "lang_embeds_length": 0, "lang_length": 32}, "test_zs": {"report": {"0": {"precision": 0.0, "recall": 0.0, "f1-score": 0.0, "support": 8}, "1": {"precision": 0.71875, "recall": 1.0, "f1-score": 0.8363636363636363, "support": 23}, "3": {"precision": 0.0, "recall": 0.0, "f1-score": 0.0, "support": 1}, "accuracy": 0.71875, "macro avg": {"precision": 0.23958333333333334, "recall": 0.3333333333333333, "f1-score": 0.27878787878787875, "support": 32}, "weighted avg": {"precision": 0.5166015625, "recall": 0.71875, "f1-score": 0.6011363636363636, "support": 32}}, "acc": 0.71875, "lang_embeds": [], "lang_embeds_length": 0, "lang_length": 32}}