{"feature_name": "Verb-Initial_with_Clause-Final_Negative", "feature_id": "144X", "epoch": 0, "train": {"report": {"0": {"precision": 0.9672131147540983, "recall": 0.6704545454545454, "f1-score": 0.7919463087248322, "support": 88}, "1": {"precision": 0.0, "recall": 0.0, "f1-score": 0.0, "support": 2}, "2": {"precision": 0.0, "recall": 0.0, "f1-score": 0.0, "support": 0}, "3": {"precision": 0.0, "recall": 0.0, "f1-score": 0.0, "support": 0}, "accuracy": 0.6555555555555556, "macro avg": {"precision": 0.24180327868852458, "recall": 0.16761363636363635, "f1-score": 0.19798657718120805, "support": 90}, "weighted avg": {"precision": 0.945719489981785, "recall": 0.6555555555555556, "f1-score": 0.7743475018642804, "support": 90}}, "loss": "1.067124", "lang_embeds": ["arb", "ign", "ntp", "mig", "trc", "mie", "mil", "mbb", "ote", "kto", "cab", "pag", "ell", "cak", "gub", "tbl", "chq", "mam", "taq", "plt", "cco", "xed", "agt", "tzj", "guc", "tee", "cle", "fij", "caq", "yad", "maq", "cpa", "tsg", "mmn", "mio", "zai", "hil", "duo", "ary", "mcb", "zpq", "tob", "ctp", "tzo", "zaw", "lac", "btx", "ood", "tgl", "gle"], "lang_embeds_length": 50, "lang_length": 50}, "dev": {"report": {"0": {"precision": 1.0, "recall": 1.0, "f1-score": 1.0, "support": 5}, "accuracy": 1.0, "macro avg": {"precision": 1.0, "recall": 1.0, "f1-score": 1.0, "support": 5}, "weighted avg": {"precision": 1.0, "recall": 1.0, "f1-score": 1.0, "support": 5}}, "loss": "0.30866128", "lang_embeds": ["hil", "taq", "plt", "ote", "maq"], "lang_embeds_length": 5, "lang_length": 5}, "test": {"report": {"0": {"precision": 1.0, "recall": 0.6666666666666666, "f1-score": 0.8, "support": 6}, "1": {"precision": 0.0, "recall": 0.0, "f1-score": 0.0, "support": 0}, "3": {"precision": 0.0, "recall": 0.0, "f1-score": 0.0, "support": 0}, "accuracy": 0.6666666666666666, "macro avg": {"precision": 0.3333333333333333, "recall": 0.2222222222222222, "f1-score": 0.26666666666666666, "support": 6}, "weighted avg": {"precision": 1.0, "recall": 0.6666666666666666, "f1-score": 0.8000000000000002, "support": 6}}, "acc": 0.6666666865348816, "lang_embeds": ["smo", "tih", "ton", "gla", "cym", "cor"], "lang_embeds_length": 6, "lang_length": 6}, "test_zs": {"report": {"0": {"precision": 1.0, "recall": 1.0, "f1-score": 1.0, "support": 6}, "accuracy": 1.0, "macro avg": {"precision": 1.0, "recall": 1.0, "f1-score": 1.0, "support": 6}, "weighted avg": {"precision": 1.0, "recall": 1.0, "f1-score": 1.0, "support": 6}}, "acc": 1.0, "lang_embeds": [], "lang_embeds_length": 0, "lang_length": 6}}