{"feature_name": "Reason_Clauses", "feature_id": "127A", "epoch": 0, "train": {"report": {"0": {"precision": 0.5423728813559322, "recall": 0.5423728813559322, "f1-score": 0.5423728813559322, "support": 59}, "1": {"precision": 0.25925925925925924, "recall": 0.3333333333333333, "f1-score": 0.2916666666666667, "support": 21}, "2": {"precision": 0.1875, "recall": 0.13636363636363635, "f1-score": 0.15789473684210525, "support": 22}, "accuracy": 0.4117647058823529, "macro avg": {"precision": 0.32971071353839715, "recall": 0.3373566170176339, "f1-score": 0.33064476162156803, "support": 102}, "weighted avg": {"precision": 0.4075435729847494, "recall": 0.4117647058823529, "f1-score": 0.40783023735810114, "support": 102}}, "loss": "2.2795043", "lang_embeds": [], "lang_embeds_length": 0, "lang_length": 57}, "dev": {"report": {"0": {"precision": 0.8333333333333334, "recall": 1.0, "f1-score": 0.9090909090909091, "support": 5}, "1": {"precision": 0.0, "recall": 0.0, "f1-score": 0.0, "support": 1}, "accuracy": 0.8333333333333334, "macro avg": {"precision": 0.4166666666666667, "recall": 0.5, "f1-score": 0.45454545454545453, "support": 6}, "weighted avg": {"precision": 0.6944444444444445, "recall": 0.8333333333333334, "f1-score": 0.7575757575757575, "support": 6}}, "loss": "1.213648", "lang_embeds": [], "lang_embeds_length": 0, "lang_length": 6}, "test": {"report": {"0": {"precision": 0.3333333333333333, "recall": 1.0, "f1-score": 0.5, "support": 2}, "1": {"precision": 0.0, "recall": 0.0, "f1-score": 0.0, "support": 1}, "2": {"precision": 0.0, "recall": 0.0, "f1-score": 0.0, "support": 3}, "accuracy": 0.3333333333333333, "macro avg": {"precision": 0.1111111111111111, "recall": 0.3333333333333333, "f1-score": 0.16666666666666666, "support": 6}, "weighted avg": {"precision": 0.1111111111111111, "recall": 0.3333333333333333, "f1-score": 0.16666666666666666, "support": 6}}, "acc": 0.3333333432674408, "lang_embeds": [], "lang_embeds_length": 0, "lang_length": 6}, "test_zs": {"report": {"0": {"precision": 0.3333333333333333, "recall": 1.0, "f1-score": 0.5, "support": 2}, "1": {"precision": 0.0, "recall": 0.0, "f1-score": 0.0, "support": 1}, "2": {"precision": 0.0, "recall": 0.0, "f1-score": 0.0, "support": 3}, "accuracy": 0.3333333333333333, "macro avg": {"precision": 0.1111111111111111, "recall": 0.3333333333333333, "f1-score": 0.16666666666666666, "support": 6}, "weighted avg": {"precision": 0.1111111111111111, "recall": 0.3333333333333333, "f1-score": 0.16666666666666666, "support": 6}}, "acc": 0.3333333432674408, "lang_embeds": [], "lang_embeds_length": 0, "lang_length": 6}}