{"feature_name": "Finger_and_Hand", "feature_id": "130A", "epoch": 0, "train": {"report": {"0": {"precision": 0.964968152866242, "recall": 0.8757225433526011, "f1-score": 0.9181818181818182, "support": 346}, "1": {"precision": 0.06521739130434782, "recall": 0.21428571428571427, "f1-score": 0.1, "support": 14}, "accuracy": 0.85, "macro avg": {"precision": 0.5150927720852949, "recall": 0.5450041288191577, "f1-score": 0.5090909090909091, "support": 360}, "weighted avg": {"precision": 0.9299778454721683, "recall": 0.85, "f1-score": 0.8863636363636362, "support": 360}}, "loss": "0.3532967", "lang_embeds": ["des", "ron", "nav", "dgc", "cav", "boa", "pib", "mbb", "ind", "hto", "nhr", "kaq", "ell", "ibo", "hop", "kpg", "mop", "bcl", "shp", "plt", "guh", "cbt", "crx", "ycn", "agr", "gvc", "cjo", "huv", "guc", "kwi", "tha", "nld", "gwi", "mto", "fij", "smo", "yua", "tlf", "jic", "apw", "afr", "kor", "bmr", "cbv", "mww", "moc", "zpq", "amr", "cag", "rus", "kog", "tam", "tgl", "arn", "aia", "mri", "bqc", "ktu", "huu", "for", "bkd", "hub", "poe", "cub", "nuy", "guo", "tsz", "lit", "pbb", "cui", "azz", "kjh", "sna", "sey", "yrb", "deu", "khk", "tos", "ame", "cle", "mfy", "toj", "cbr", "tnc", "spa", "tav", "tsg", "bre", "emp", "gym", "quc", "bsn", "qug", "mjc", "sus", "tob", "rad", "tzo", "tvk", "acu", "tna", "knj", "car", "ood", "crn", "ngu", "gle", "fra", "zaa", "con", "kvn", "ceb", "bao", "alq", "cuc", "pir", "hch", "chd", "mcf", "apn", "tca", "cta", "pag", "kck", "awb", "hus", "gui", "gum", "sat", "oym", "poi", "hun", "mih", "myu", "mzh", "hau", "fin", "wim", "swh", "maq", "jpn", "nas", "zai", "cbi", "miq", "cbs", "qvc", "tuo", "kjb", "cof", "kwd", "myy", "myw", "esi", "aca", "jiv", "tue", "tur", "kne", "kbh", "mic", "cak", "chf", "gub", "ixl", "zos", "csk", "cbc", "kpj", "nhg", "not", "ike", "eus", "ese", "nob", "too", "mco", "snn", "amh", "pio", "zpm", "pol", "sri", "pao", "otq", "tfr", "zul", "kek", "hil", "esu", "ary", "mcb", "coe", "top", "zaw", "ita", "myb", "bem", "urb", "yan"], "lang_embeds_length": 200, "lang_length": 200}, "dev": {"report": {"0": {"precision": 1.0, "recall": 1.0, "f1-score": 1.0, "support": 19}, "1": {"precision": 1.0, "recall": 1.0, "f1-score": 1.0, "support": 1}, "accuracy": 1.0, "macro avg": {"precision": 1.0, "recall": 1.0, "f1-score": 1.0, "support": 20}, "weighted avg": {"precision": 1.0, "recall": 1.0, "f1-score": 1.0, "support": 20}}, "loss": "0.06385163", "lang_embeds": ["zaa", "nav", "mbb", "kbh", "hop", "cub", "guh", "mzh", "khk", "kwi", "otq", "jic", "tfr", "afr", "nas", "esu", "ary", "qvc", "tuo", "myy"], "lang_embeds_length": 20, "lang_length": 20}, "test": {"report": {"0": {"precision": 0.9473684210526315, "recall": 0.9473684210526315, "f1-score": 0.9473684210526315, "support": 19}, "1": {"precision": 0.0, "recall": 0.0, "f1-score": 0.0, "support": 1}, "accuracy": 0.9, "macro avg": {"precision": 0.47368421052631576, "recall": 0.47368421052631576, "f1-score": 0.47368421052631576, "support": 20}, "weighted avg": {"precision": 0.9, "recall": 0.9, "f1-score": 0.9, "support": 20}}, "acc": 0.8999999761581421, "lang_embeds": ["bel", "mai", "kgp", "gla", "ukr", "por", "cat", "cor", "ilo", "tsn", "lus", "cym", "wbp", "kum", "dan", "nep", "nog", "tat", "ces", "slk"], "lang_embeds_length": 20, "lang_length": 20}, "test_zs": {"report": {"0": {"precision": 0.95, "recall": 1.0, "f1-score": 0.9743589743589743, "support": 19}, "1": {"precision": 0.0, "recall": 0.0, "f1-score": 0.0, "support": 1}, "accuracy": 0.95, "macro avg": {"precision": 0.475, "recall": 0.5, "f1-score": 0.48717948717948717, "support": 20}, "weighted avg": {"precision": 0.9025000000000001, "recall": 0.95, "f1-score": 0.9256410256410256, "support": 20}}, "acc": 0.949999988079071, "lang_embeds": [], "lang_embeds_length": 0, "lang_length": 20}}