{"feature_name": "Red_and_Yellow", "feature_id": "135A", "epoch": 0, "train": {"report": {"0": {"precision": 0.8545454545454545, "recall": 0.8952380952380953, "f1-score": 0.8744186046511628, "support": 105}, "1": {"precision": 0.0, "recall": 0.0, "f1-score": 0.0, "support": 10}, "2": {"precision": 0.0, "recall": 0.0, "f1-score": 0.0, "support": 3}, "3": {"precision": 0.0, "recall": 0.0, "f1-score": 0.0, "support": 4}, "accuracy": 0.7704918032786885, "macro avg": {"precision": 0.21363636363636362, "recall": 0.22380952380952382, "f1-score": 0.2186046511627907, "support": 122}, "weighted avg": {"precision": 0.7354694485842026, "recall": 0.7704918032786885, "f1-score": 0.7525733892489516, "support": 122}}, "loss": "1.6108562", "lang_embeds": [], "lang_embeds_length": 0, "lang_length": 68}, "dev": {"report": {"0": {"precision": 1.0, "recall": 1.0, "f1-score": 1.0, "support": 7}, "accuracy": 1.0, "macro avg": {"precision": 1.0, "recall": 1.0, "f1-score": 1.0, "support": 7}, "weighted avg": {"precision": 1.0, "recall": 1.0, "f1-score": 1.0, "support": 7}}, "loss": "0.20083189", "lang_embeds": [], "lang_embeds_length": 0, "lang_length": 7}, "test": {"report": {"0": {"precision": 1.0, "recall": 1.0, "f1-score": 1.0, "support": 7}, "accuracy": 1.0, "macro avg": {"precision": 1.0, "recall": 1.0, "f1-score": 1.0, "support": 7}, "weighted avg": {"precision": 1.0, "recall": 1.0, "f1-score": 1.0, "support": 7}}, "acc": 1.0, "lang_embeds": [], "lang_embeds_length": 0, "lang_length": 7}, "test_zs": {"report": {"0": {"precision": 1.0, "recall": 1.0, "f1-score": 1.0, "support": 7}, "accuracy": 1.0, "macro avg": {"precision": 1.0, "recall": 1.0, "f1-score": 1.0, "support": 7}, "weighted avg": {"precision": 1.0, "recall": 1.0, "f1-score": 1.0, "support": 7}}, "acc": 1.0, "lang_embeds": [], "lang_embeds_length": 0, "lang_length": 7}}