{"feature_name": "Verb-Initial_with_Clause-Final_Negative", "feature_id": "144X", "epoch": 0, "train": {"report": {"0": {"precision": 0.9743589743589743, "recall": 0.8636363636363636, "f1-score": 0.9156626506024097, "support": 44}, "1": {"precision": 0.0, "recall": 0.0, "f1-score": 0.0, "support": 1}, "2": {"precision": 0.0, "recall": 0.0, "f1-score": 0.0, "support": 0}, "accuracy": 0.8444444444444444, "macro avg": {"precision": 0.3247863247863248, "recall": 0.2878787878787879, "f1-score": 0.30522088353413657, "support": 45}, "weighted avg": {"precision": 0.9527065527065527, "recall": 0.8444444444444444, "f1-score": 0.8953145917001339, "support": 45}}, "loss": "0.8221115", "lang_embeds": [], "lang_embeds_length": 0, "lang_length": 45}, "dev": {"report": {"0": {"precision": 1.0, "recall": 1.0, "f1-score": 1.0, "support": 5}, "accuracy": 1.0, "macro avg": {"precision": 1.0, "recall": 1.0, "f1-score": 1.0, "support": 5}, "weighted avg": {"precision": 1.0, "recall": 1.0, "f1-score": 1.0, "support": 5}}, "loss": "0.0001462591", "lang_embeds": [], "lang_embeds_length": 0, "lang_length": 5}, "test": {"report": {"0": {"precision": 1.0, "recall": 1.0, "f1-score": 1.0, "support": 6}, "accuracy": 1.0, "macro avg": {"precision": 1.0, "recall": 1.0, "f1-score": 1.0, "support": 6}, "weighted avg": {"precision": 1.0, "recall": 1.0, "f1-score": 1.0, "support": 6}}, "acc": 1.0, "lang_embeds": [], "lang_embeds_length": 0, "lang_length": 6}, "test_zs": {"report": {"0": {"precision": 1.0, "recall": 1.0, "f1-score": 1.0, "support": 6}, "accuracy": 1.0, "macro avg": {"precision": 1.0, "recall": 1.0, "f1-score": 1.0, "support": 6}, "weighted avg": {"precision": 1.0, "recall": 1.0, "f1-score": 1.0, "support": 6}}, "acc": 1.0, "lang_embeds": [], "lang_embeds_length": 0, "lang_length": 6}}