{"feature_name": "Order_of_Object_and_Verb", "feature_id": "83A", "epoch": 0, "train": {"report": {"0": {"precision": 0.4520547945205479, "recall": 0.4489795918367347, "f1-score": 0.4505119453924915, "support": 147}, "1": {"precision": 0.5028901734104047, "recall": 0.5209580838323353, "f1-score": 0.5117647058823529, "support": 167}, "2": {"precision": 0.1, "recall": 0.06666666666666667, "f1-score": 0.08, "support": 15}, "accuracy": 0.46808510638297873, "macro avg": {"precision": 0.35164832264365087, "recall": 0.3455347807785789, "f1-score": 0.34742555042494816, "support": 329}, "weighted avg": {"precision": 0.4618076405898423, "recall": 0.46808510638297873, "f1-score": 0.4647111302585081, "support": 329}}, "loss": "1.9203494", "lang_embeds": [], "lang_embeds_length": 0, "lang_length": 329}, "dev": {"report": {"0": {"precision": 0.5945945945945946, "recall": 1.0, "f1-score": 0.7457627118644068, "support": 22}, "1": {"precision": 0.0, "recall": 0.0, "f1-score": 0.0, "support": 15}, "accuracy": 0.5945945945945946, "macro avg": {"precision": 0.2972972972972973, "recall": 0.5, "f1-score": 0.3728813559322034, "support": 37}, "weighted avg": {"precision": 0.35354273192111035, "recall": 0.5945945945945946, "f1-score": 0.44342647732478235, "support": 37}}, "loss": "0.69078225", "lang_embeds": [], "lang_embeds_length": 0, "lang_length": 37}, "test": {"report": {"0": {"precision": 0.3157894736842105, "recall": 1.0, "f1-score": 0.4799999999999999, "support": 12}, "1": {"precision": 0.0, "recall": 0.0, "f1-score": 0.0, "support": 23}, "2": {"precision": 0.0, "recall": 0.0, "f1-score": 0.0, "support": 3}, "accuracy": 0.3157894736842105, "macro avg": {"precision": 0.10526315789473684, "recall": 0.3333333333333333, "f1-score": 0.15999999999999998, "support": 38}, "weighted avg": {"precision": 0.09972299168975068, "recall": 0.3157894736842105, "f1-score": 0.15157894736842104, "support": 38}}, "acc": 0.31578946113586426, "lang_embeds": [], "lang_embeds_length": 0, "lang_length": 38}, "test_zs": {"report": {"0": {"precision": 0.3157894736842105, "recall": 1.0, "f1-score": 0.4799999999999999, "support": 12}, "1": {"precision": 0.0, "recall": 0.0, "f1-score": 0.0, "support": 23}, "2": {"precision": 0.0, "recall": 0.0, "f1-score": 0.0, "support": 3}, "accuracy": 0.3157894736842105, "macro avg": {"precision": 0.10526315789473684, "recall": 0.3333333333333333, "f1-score": 0.15999999999999998, "support": 38}, "weighted avg": {"precision": 0.09972299168975068, "recall": 0.3157894736842105, "f1-score": 0.15157894736842104, "support": 38}}, "acc": 0.31578946113586426, "lang_embeds": [], "lang_embeds_length": 0, "lang_length": 38}}