{"feature_name": "The_Associative_Plural", "feature_id": "36A", "epoch": 0, "train": {"report": {"0": {"precision": 0.711340206185567, "recall": 0.6699029126213593, "f1-score": 0.6900000000000001, "support": 103}, "1": {"precision": 0.6666666666666666, "recall": 0.6829268292682927, "f1-score": 0.674698795180723, "support": 41}, "2": {"precision": 0.6229508196721312, "recall": 0.6129032258064516, "f1-score": 0.6178861788617885, "support": 62}, "3": {"precision": 0.7125, "recall": 0.7702702702702703, "f1-score": 0.7402597402597403, "support": 74}, "accuracy": 0.6857142857142857, "macro avg": {"precision": 0.6783644231310911, "recall": 0.6840008094915935, "f1-score": 0.680711178575563, "support": 280}, "weighted avg": {"precision": 0.6855333049647102, "recall": 0.6857142857142857, "f1-score": 0.6850743373966477, "support": 280}}, "loss": "0.8907527", "lang_embeds": ["des", "bzj", "ind", "sag", "ell", "qvi", "plt", "mna", "fub", "aey", "apu", "tha", "hix", "nld", "lif", "yad", "tlf", "yor", "afr", "yaq", "kor", "ape", "mya", "sot", "rus", "pad", "plu", "tgl", "vie", "mri", "ote", "lom", "nuy", "lhu", "kjh", "deu", "khk", "hwc", "hye", "spa", "crh", "bsn", "est", "apy", "gle", "fra", "mig", "mfe", "naq", "ewe", "hun", "mzh", "hau", "fin", "swh", "jpn", "pes", "uig", "tuo", "bul", "hin", "tur", "xpe", "rop", "laj", "eus", "nob", "amp", "pap", "amh", "djk", "pol", "spp", "zul", "esu", "ita", "ses", "urb"], "lang_embeds_length": 78, "lang_length": 78}, "dev": {"report": {"0": {"precision": 1.0, "recall": 1.0, "f1-score": 1.0, "support": 2}, "1": {"precision": 1.0, "recall": 1.0, "f1-score": 1.0, "support": 3}, "2": {"precision": 1.0, "recall": 1.0, "f1-score": 1.0, "support": 2}, "3": {"precision": 1.0, "recall": 1.0, "f1-score": 1.0, "support": 1}, "accuracy": 1.0, "macro avg": {"precision": 1.0, "recall": 1.0, "f1-score": 1.0, "support": 8}, "weighted avg": {"precision": 1.0, "recall": 1.0, "f1-score": 1.0, "support": 8}}, "loss": "0.40368986", "lang_embeds": ["esu", "rop", "qvi", "hwc", "amp", "sot", "pad", "xpe"], "lang_embeds_length": 8, "lang_length": 8}, "test": {"report": {"0": {"precision": 0.5, "recall": 0.5, "f1-score": 0.5, "support": 4}, "1": {"precision": 0.0, "recall": 0.0, "f1-score": 0.0, "support": 3}, "2": {"precision": 0.0, "recall": 0.0, "f1-score": 0.0, "support": 0}, "3": {"precision": 0.5, "recall": 1.0, "f1-score": 0.6666666666666666, "support": 1}, "accuracy": 0.375, "macro avg": {"precision": 0.25, "recall": 0.375, "f1-score": 0.29166666666666663, "support": 8}, "weighted avg": {"precision": 0.3125, "recall": 0.375, "f1-score": 0.3333333333333333, "support": 8}}, "acc": 0.375, "lang_embeds": ["nep", "ben", "tat", "por", "che", "lug", "jam", "kum"], "lang_embeds_length": 8, "lang_length": 8}, "test_zs": {"report": {"0": {"precision": 0.0, "recall": 0.0, "f1-score": 0.0, "support": 4}, "1": {"precision": 0.0, "recall": 0.0, "f1-score": 0.0, "support": 3}, "3": {"precision": 0.125, "recall": 1.0, "f1-score": 0.2222222222222222, "support": 1}, "accuracy": 0.125, "macro avg": {"precision": 0.041666666666666664, "recall": 0.3333333333333333, "f1-score": 0.07407407407407407, "support": 8}, "weighted avg": {"precision": 0.015625, "recall": 0.125, "f1-score": 0.027777777777777776, "support": 8}}, "acc": 0.125, "lang_embeds": [], "lang_embeds_length": 0, "lang_length": 8}}