{"feature_name": "Relationship_between_the_Order_of_Object_and_Verb_and_the_Order_of_Adposition_and_Noun_Phrase", "feature_id": "95A", "epoch": 0, "train": {"report": {"0": {"precision": 0.7567237163814181, "recall": 0.7756892230576441, "f1-score": 0.7660891089108911, "support": 798}, "1": {"precision": 0.7842669845053635, "recall": 0.802439024390244, "f1-score": 0.7932489451476793, "support": 820}, "2": {"precision": 0.7162162162162162, "recall": 0.5492227979274611, "f1-score": 0.6217008797653959, "support": 193}, "3": {"precision": 0.62, "recall": 0.5344827586206896, "f1-score": 0.574074074074074, "support": 116}, "4": {"precision": 0.14705882352941177, "recall": 0.4166666666666667, "f1-score": 0.2173913043478261, "support": 12}, "accuracy": 0.7478081485301702, "macro avg": {"precision": 0.6048531481264819, "recall": 0.615700094132541, "f1-score": 0.5945008624491732, "support": 1939}, "weighted avg": {"precision": 0.7523872555847615, "recall": 0.7478081485301702, "f1-score": 0.7483201660502714, "support": 1939}}, "loss": "0.6822475", "lang_embeds": ["arb", "ind", "nse", "sag", "hop", "guh", "aey", "kac", "apu", "fon", "tbc", "yor", "apr", "lcm", "rus", "pad", "plu", "ign", "wnu", "lww", "cub", "kyz", "abt", "mqy", "hla", "xbi", "kms", "tsz", "ong", "fuv", "apt", "djr", "yle", "khk", "faa", "pam", "bsn", "amk", "mbj", "izz", "mph", "car", "ood", "crn", "tac", "mau", "qvh", "nbc", "tui", "gbr", "sja", "mrg", "okv", "pma", "fin", "caq", "dis", "jpn", "mpm", "zav", "mva", "kmo", "kwd", "njo", "ndi", "sue", "ixl", "laj", "ilb", "viv", "ura", "agg", "njz", "amh", "spp", "ann", "snc", "cav", "mua", "ntp", "cme", "trc", "mbb", "snf", "xsi", "ibo", "nak", "shp", "stp", "taq", "iba", "nyn", "mvn", "yon", "auc", "dow", "tee", "tha", "fij", "cnh", "mcd", "niy", "xsr", "ape", "mya", "tam", "nko", "bqc", "mbl", "wrk", "nuy", "lhu", "kmh", "pbb", "csy", "yrb", "cle", "nhu", "hye", "nzm", "tsg", "lav", "emp", "alp", "apy", "tna", "gle", "kin", "ceb", "mig", "cab", "mcf", "apn", "tca", "aom", "pag", "lbj", "naq", "acn", "dgz", "oym", "ach", "hun", "som", "myu", "mpt", "ncl", "swh", "zai", "miq", "pes", "btx", "bul", "ppo", "kue", "kbh", "cco", "trp", "mcn", "cax", "too", "djk", "pao", "ary", "khm", "gvn", "xho", "sll", "ell", "tbl", "bcl", "qvi", "mna", "ycn", "agt", "guc", "bdh", "yad", "tlf", "kor", "mio", "adj", "sot", "arn", "ssd", "vie", "mri", "ote", "huu", "for", "adz", "geb", "sna", "kki", "gym", "mmn", "tpt", "tbo", "kpx", "poy", "kyq", "ngc", "sat", "ewe", "mzh", "sba", "hau", "nas", "aau", "tuo", "hin", "aca", "ptp", "cak", "chf", "gub", "wed", "kpj", "nhg", "chq", "nob", "ese", "teo", "amp", "mxp", "opm", "bhg", "pol", "tfr", "cpa", "zul", "esu", "coe", "zaw", "lac", "sua", "myb", "ses", "des", "nav", "var", "mam", "fub", "plt", "huv", "kwi", "hix", "nld", "bom", "yaq", "yuj", "aia", "gvf", "kto", "mjw", "emi", "deu", "byr", "cbr", "urd", "tnc", "spa", "ctd", "bsp", "naf", "mkd", "est", "sus", "mhx", "gmv", "tzo", "fra", "njb", "bzd", "kvn", "mie", "lol", "avt", "hus", "srq", "cao", "poi", "xed", "bvr", "bci", "ctp", "kbp", "cof", "pwg", "mek", "mos", "mil", "tur", "tue", "kpw", "etr", "nya", "eus", "tzj", "wib", "rkb", "nsn", "nst", "mbc", "hil", "sbe", "ndo", "urb"], "lang_embeds_length": 308, "lang_length": 308}, "dev": {"report": {"0": {"precision": 1.0, "recall": 1.0, "f1-score": 1.0, "support": 17}, "1": {"precision": 1.0, "recall": 1.0, "f1-score": 1.0, "support": 12}, "2": {"precision": 1.0, "recall": 1.0, "f1-score": 1.0, "support": 1}, "3": {"precision": 1.0, "recall": 1.0, "f1-score": 1.0, "support": 1}, "accuracy": 1.0, "macro avg": {"precision": 1.0, "recall": 1.0, "f1-score": 1.0, "support": 31}, "weighted avg": {"precision": 1.0, "recall": 1.0, "f1-score": 1.0, "support": 31}}, "loss": "0.13647522", "lang_embeds": ["nav", "var", "bzd", "mek", "trc", "ote", "nse", "apn", "mqy", "lbj", "kpj", "stp", "kpw", "kmh", "naq", "cco", "ilb", "mna", "amp", "njz", "mrg", "ctd", "emp", "nas", "zai", "mpm", "amk", "zaw", "tuo", "car", "poy"], "lang_embeds_length": 31, "lang_length": 31}, "test": {"report": {"0": {"precision": 0.4117647058823529, "recall": 1.0, "f1-score": 0.5833333333333334, "support": 7}, "1": {"precision": 1.0, "recall": 0.6, "f1-score": 0.7499999999999999, "support": 20}, "2": {"precision": 0.0, "recall": 0.0, "f1-score": 0.0, "support": 2}, "3": {"precision": 0.0, "recall": 0.0, "f1-score": 0.0, "support": 0}, "4": {"precision": 0.0, "recall": 0.0, "f1-score": 0.0, "support": 2}, "accuracy": 0.6129032258064516, "macro avg": {"precision": 0.2823529411764706, "recall": 0.32, "f1-score": 0.26666666666666666, "support": 31}, "weighted avg": {"precision": 0.7381404174573055, "recall": 0.6129032258064516, "f1-score": 0.6155913978494624, "support": 31}}, "acc": 0.6129032373428345, "lang_embeds": ["ron", "bel", "mai", "kgp", "gla", "tyv", "lit", "tet", "ukr", "por", "kik", "slv", "cat", "cor", "smo", "ilo", "lus", "bre", "cym", "swe", "wbp", "ckb", "dan", "nep", "tat", "tih", "ton", "che", "ita", "ces", "tgk"], "lang_embeds_length": 31, "lang_length": 31}, "test_zs": {"report": {"0": {"precision": 0.0, "recall": 0.0, "f1-score": 0.0, "support": 7.0}, "1": {"precision": 0.0, "recall": 0.0, "f1-score": 0.0, "support": 20.0}, "2": {"precision": 0.0, "recall": 0.0, "f1-score": 0.0, "support": 2.0}, "3": {"precision": 0.0, "recall": 0.0, "f1-score": 0.0, "support": 0.0}, "4": {"precision": 0.0, "recall": 0.0, "f1-score": 0.0, "support": 2.0}, "accuracy": 0.0, "macro avg": {"precision": 0.0, "recall": 0.0, "f1-score": 0.0, "support": 31.0}, "weighted avg": {"precision": 0.0, "recall": 0.0, "f1-score": 0.0, "support": 31.0}}, "acc": 0.0, "lang_embeds": [], "lang_embeds_length": 0, "lang_length": 31}}