{"feature_name": "Pronominal_and_Adnominal_Demonstratives", "feature_id": "42A", "epoch": 0, "train": {"report": {"0": {"precision": 0.6779661016949152, "recall": 0.5333333333333333, "f1-score": 0.5970149253731344, "support": 75}, "1": {"precision": 0.12903225806451613, "recall": 0.23529411764705882, "f1-score": 0.16666666666666666, "support": 17}, "2": {"precision": 0.2222222222222222, "recall": 0.25, "f1-score": 0.23529411764705882, "support": 16}, "accuracy": 0.4444444444444444, "macro avg": {"precision": 0.34307352732721785, "recall": 0.3395424836601307, "f1-score": 0.3329919032289533, "support": 108}, "weighted avg": {"precision": 0.5240422367571387, "recall": 0.4444444444444444, "f1-score": 0.47568665387658665, "support": 108}}, "loss": "1.0883731", "lang_embeds": ["fra", "arn", "nav", "mri", "njo", "tur", "ind", "qvh", "pag", "ell", "tgl", "cub", "abt", "nuy", "kpw", "laj", "mam", "trp", "eus", "plt", "aey", "amp", "apu", "hun", "som", "tzj", "deu", "khk", "hau", "hix", "cle", "fij", "sja", "djk", "urd", "lif", "tnc", "spp", "fin", "yad", "yor", "swh", "spa", "lav", "jpn", "afr", "bsn", "kor", "mbc", "niy", "apy", "pes", "ape", "rus", "mph", "ses", "urb", "pad", "tam", "gle"], "lang_embeds_length": 60, "lang_length": 60}, "dev": {"report": {"0": {"precision": 1.0, "recall": 1.0, "f1-score": 1.0, "support": 4}, "1": {"precision": 1.0, "recall": 1.0, "f1-score": 1.0, "support": 1}, "2": {"precision": 1.0, "recall": 1.0, "f1-score": 1.0, "support": 1}, "accuracy": 1.0, "macro avg": {"precision": 1.0, "recall": 1.0, "f1-score": 1.0, "support": 6}, "weighted avg": {"precision": 1.0, "recall": 1.0, "f1-score": 1.0, "support": 6}}, "loss": "0.5638574", "lang_embeds": ["abt", "nuy", "niy", "ses", "tzj", "khk"], "lang_embeds_length": 6, "lang_length": 6}, "test": {"report": {"0": {"precision": 0.6666666666666666, "recall": 0.8, "f1-score": 0.7272727272727272, "support": 5}, "1": {"precision": 0.0, "recall": 0.0, "f1-score": 0.0, "support": 2}, "accuracy": 0.5714285714285714, "macro avg": {"precision": 0.3333333333333333, "recall": 0.4, "f1-score": 0.3636363636363636, "support": 7}, "weighted avg": {"precision": 0.47619047619047616, "recall": 0.5714285714285714, "f1-score": 0.5194805194805194, "support": 7}}, "acc": 0.5714285969734192, "lang_embeds": ["smo", "lit", "ton", "ita", "ces", "cym", "swe"], "lang_embeds_length": 7, "lang_length": 7}, "test_zs": {"report": {"0": {"precision": 0.0, "recall": 0.0, "f1-score": 0.0, "support": 5.0}, "1": {"precision": 0.0, "recall": 0.0, "f1-score": 0.0, "support": 2.0}, "2": {"precision": 0.0, "recall": 0.0, "f1-score": 0.0, "support": 0.0}, "accuracy": 0.0, "macro avg": {"precision": 0.0, "recall": 0.0, "f1-score": 0.0, "support": 7.0}, "weighted avg": {"precision": 0.0, "recall": 0.0, "f1-score": 0.0, "support": 7.0}}, "acc": 0.0, "lang_embeds": [], "lang_embeds_length": 0, "lang_length": 7}}