{"feature_name": "Preverbal_Negative_Morphemes", "feature_id": "143E", "epoch": 0, "train": {"report": {"0": {"precision": 0.8245299910474485, "recall": 0.8591417910447762, "f1-score": 0.8414801279122887, "support": 1072}, "1": {"precision": 0.7939778129952456, "recall": 0.7731481481481481, "f1-score": 0.7834245504300235, "support": 648}, "2": {"precision": 0.8166089965397924, "recall": 0.696165191740413, "f1-score": 0.7515923566878981, "support": 339}, "3": {"precision": 0.2619047619047619, "recall": 0.55, "f1-score": 0.3548387096774194, "support": 20}, "accuracy": 0.8027898027898028, "macro avg": {"precision": 0.6742553906218121, "recall": 0.7196137827333344, "f1-score": 0.6828339361769075, "support": 2079}, "weighted avg": {"precision": 0.8083031834001293, "recall": 0.8027898027898028, "f1-score": 0.8040463631127343, "support": 2079}}, "loss": "0.55559146", "lang_embeds": ["arb", "ind", "nse", "sag", "hop", "azb", "amn", "aey", "tmd", "kac", "apu", "fon", "lif", "tbc", "yor", "apr", "moc", "rus", "pad", "ign", "wnu", "cbu", "lww", "cub", "kyz", "abt", "hla", "xbi", "kms", "tsz", "ong", "apt", "djr", "khk", "enx", "bsn", "tso", "amk", "mbj", "izz", "mph", "car", "ood", "tac", "qvh", "awb", "nbc", "tui", "gbr", "sja", "mrg", "okv", "pma", "fin", "caq", "dis", "wim", "maq", "jpn", "mva", "kmo", "kwd", "usa", "aoj", "nab", "njo", "xav", "sue", "laj", "ilb", "viv", "ura", "snn", "agg", "njz", "amh", "spp", "ann", "nbl", "snc", "mua", "ntp", "cme", "trc", "mbb", "xsi", "snf", "shp", "nak", "taq", "iba", "nyn", "yon", "auc", "dow", "tee", "tha", "fij", "cnh", "mcd", "duo", "niy", "nmf", "bmr", "xsr", "ape", "mya", "nko", "bqc", "ssw", "wrk", "nuy", "lhu", "rim", "pbb", "csy", "yrb", "cle", "nhu", "hye", "nzm", "tsg", "lav", "emp", "alp", "apy", "tna", "gle", "kin", "mig", "hch", "cab", "aom", "pag", "txu", "lbj", "naq", "dgz", "oym", "ach", "hun", "som", "mpt", "ncl", "swh", "kde", "zai", "gah", "nso", "cbi", "miq", "pes", "btx", "bul", "kue", "kbh", "cco", "trp", "mcn", "cax", "djk", "pao", "rwo", "ary", "mcb", "khm", "gvn", "xho", "hto", "sll", "ell", "tbl", "yao", "qvi", "mna", "agt", "guc", "bdh", "yad", "jic", "kor", "mio", "adj", "zpq", "ghs", "sot", "tgl", "arn", "ssd", "mri", "vie", "ote", "huu", "adz", "geb", "sna", "kki", "gym", "mmn", "tpt", "tbo", "kpx", "acu", "mlp", "poy", "cap", "kyq", "sat", "ewe", "mzh", "sba", "hau", "nas", "adi", "aau", "tuo", "toi", "hin", "aca", "ptp", "jiv", "chf", "wed", "gub", "cak", "nhg", "chq", "nob", "amp", "teo", "ese", "mxp", "opm", "ons", "pol", "tfr", "cpa", "zul", "esu", "sps", "zaw", "lac", "yaa", "sua", "myb", "ses", "des", "nav", "var", "urt", "nnb", "mam", "plt", "fub", "huv", "kwi", "hix", "nld", "bom", "apw", "yaq", "yuj", "aia", "gvf", "bum", "kto", "mjw", "poe", "emi", "kbc", "cui", "snp", "deu", "mcp", "urd", "cbr", "tnc", "spa", "ctd", "naf", "mkd", "est", "mhx", "tob", "tzo", "fra", "kup", "njb", "bzd", "kvn", "mie", "noa", "avt", "hus", "wmt", "cao", "ven", "poi", "xed", "suk", "plg", "bvr", "bci", "uig", "ctp", "kbp", "cof", "pwg", "mos", "mek", "mil", "tue", "tur", "tbg", "cbc", "gso", "kpw", "nya", "eus", "mco", "tzj", "wib", "rkb", "nsn", "mbc", "hil", "top", "sbe", "ndo", "urb"], "lang_embeds_length": 330, "lang_length": 330}, "dev": {"report": {"0": {"precision": 1.0, "recall": 1.0, "f1-score": 1.0, "support": 17}, "1": {"precision": 1.0, "recall": 1.0, "f1-score": 1.0, "support": 7}, "2": {"precision": 1.0, "recall": 1.0, "f1-score": 1.0, "support": 9}, "accuracy": 1.0, "macro avg": {"precision": 1.0, "recall": 1.0, "f1-score": 1.0, "support": 33}, "weighted avg": {"precision": 1.0, "recall": 1.0, "f1-score": 1.0, "support": 33}}, "loss": "0.1034346", "lang_embeds": ["tac", "njb", "aoj", "mig", "mjw", "aom", "chf", "ssw", "sue", "tbg", "nnb", "hla", "xbi", "ven", "qvi", "amn", "cax", "mco", "dow", "tee", "kwi", "mcp", "bdh", "plg", "pao", "nzm", "zul", "pes", "uig", "gvn", "sua", "kbp", "yuj"], "lang_embeds_length": 33, "lang_length": 33}, "test": {"report": {"0": {"precision": 0.6190476190476191, "recall": 0.6190476190476191, "f1-score": 0.6190476190476191, "support": 21}, "1": {"precision": 0.125, "recall": 0.16666666666666666, "f1-score": 0.14285714285714288, "support": 6}, "2": {"precision": 0.25, "recall": 0.16666666666666666, "f1-score": 0.2, "support": 6}, "accuracy": 0.45454545454545453, "macro avg": {"precision": 0.33134920634920634, "recall": 0.31746031746031744, "f1-score": 0.32063492063492066, "support": 33}, "weighted avg": {"precision": 0.4621212121212121, "recall": 0.45454545454545453, "f1-score": 0.4562770562770563, "support": 33}}, "acc": 0.4545454680919647, "lang_embeds": ["ron", "bel", "mai", "kgp", "gla", "tyv", "lit", "tet", "ukr", "por", "kik", "slv", "cat", "cor", "smo", "lus", "bre", "lug", "cym", "swe", "wbp", "ckb", "dan", "nep", "ben", "tih", "ton", "che", "ita", "ces", "tgk", "ium", "tam"], "lang_embeds_length": 33, "lang_length": 33}, "test_zs": {"report": {"0": {"precision": 0.0, "recall": 0.0, "f1-score": 0.0, "support": 21.0}, "1": {"precision": 0.0, "recall": 0.0, "f1-score": 0.0, "support": 6.0}, "2": {"precision": 0.0, "recall": 0.0, "f1-score": 0.0, "support": 6.0}, "3": {"precision": 0.0, "recall": 0.0, "f1-score": 0.0, "support": 0.0}, "accuracy": 0.0, "macro avg": {"precision": 0.0, "recall": 0.0, "f1-score": 0.0, "support": 33.0}, "weighted avg": {"precision": 0.0, "recall": 0.0, "f1-score": 0.0, "support": 33.0}}, "acc": 0.0, "lang_embeds": [], "lang_embeds_length": 0, "lang_length": 33}}