{"feature_name": "Plurality_in_Independent_Personal_Pronouns", "feature_id": "35A", "epoch": 0, "train": {"report": {"0": {"precision": 0.7191011235955056, "recall": 0.6274509803921569, "f1-score": 0.6701570680628272, "support": 102}, "1": {"precision": 0.6060606060606061, "recall": 0.5714285714285714, "f1-score": 0.588235294117647, "support": 35}, "2": {"precision": 0.2857142857142857, "recall": 0.36363636363636365, "f1-score": 0.32, "support": 11}, "3": {"precision": 0.35294117647058826, "recall": 0.35294117647058826, "f1-score": 0.35294117647058826, "support": 17}, "4": {"precision": 0.3333333333333333, "recall": 0.3157894736842105, "f1-score": 0.3243243243243243, "support": 19}, "5": {"precision": 0.4, "recall": 0.38461538461538464, "f1-score": 0.39215686274509803, "support": 26}, "6": {"precision": 0.2, "recall": 0.6666666666666666, "f1-score": 0.30769230769230765, "support": 3}, "7": {"precision": 0.0, "recall": 0.0, "f1-score": 0.0, "support": 0}, "accuracy": 0.5258215962441315, "macro avg": {"precision": 0.3621438156467899, "recall": 0.4103160771117427, "f1-score": 0.36943837917659905, "support": 213}, "weighted avg": {"precision": 0.5682470718077618, "recall": 0.5258215962441315, "f1-score": 0.5434064495452471, "support": 213}}, "loss": "1.5372274", "lang_embeds": ["nav", "ind", "hto", "sag", "ell", "ibo", "shp", "stp", "qvi", "plt", "iba", "aey", "apu", "kwi", "hix", "fij", "lif", "yad", "yor", "jic", "yaq", "kor", "niy", "ape", "mya", "rus", "pad", "tgl", "vie", "mri", "wnu", "ote", "nuy", "lhu", "yle", "deu", "khk", "cle", "tnc", "spa", "gym", "bsn", "mph", "car", "fra", "bzd", "mig", "qvh", "lbj", "naq", "dgz", "hun", "ewe", "mzh", "hau", "sja", "pma", "fin", "swh", "jpn", "pes", "kwd", "btx", "hin", "tur", "sue", "nhg", "laj", "kpw", "eus", "amp", "amh", "djk", "spp", "zul", "mbc", "khm", "ses", "urb"], "lang_embeds_length": 79, "lang_length": 79}, "dev": {"report": {"0": {"precision": 1.0, "recall": 1.0, "f1-score": 1.0, "support": 2}, "1": {"precision": 1.0, "recall": 1.0, "f1-score": 1.0, "support": 3}, "2": {"precision": 1.0, "recall": 1.0, "f1-score": 1.0, "support": 1}, "3": {"precision": 1.0, "recall": 1.0, "f1-score": 1.0, "support": 1}, "5": {"precision": 1.0, "recall": 1.0, "f1-score": 1.0, "support": 1}, "accuracy": 1.0, "macro avg": {"precision": 1.0, "recall": 1.0, "f1-score": 1.0, "support": 8}, "weighted avg": {"precision": 1.0, "recall": 1.0, "f1-score": 1.0, "support": 8}}, "loss": "0.66370666", "lang_embeds": ["nuy", "niy", "khm", "stp", "aey", "yor", "gym", "khk"], "lang_embeds_length": 8, "lang_length": 8}, "test": {"report": {"0": {"precision": 0.5, "recall": 0.4, "f1-score": 0.4444444444444445, "support": 5}, "1": {"precision": 0.0, "recall": 0.0, "f1-score": 0.0, "support": 2}, "3": {"precision": 0.0, "recall": 0.0, "f1-score": 0.0, "support": 0}, "4": {"precision": 0.0, "recall": 0.0, "f1-score": 0.0, "support": 1}, "5": {"precision": 0.0, "recall": 0.0, "f1-score": 0.0, "support": 0}, "7": {"precision": 0.0, "recall": 0.0, "f1-score": 0.0, "support": 0}, "accuracy": 0.25, "macro avg": {"precision": 0.08333333333333333, "recall": 0.06666666666666667, "f1-score": 0.07407407407407408, "support": 8}, "weighted avg": {"precision": 0.3125, "recall": 0.25, "f1-score": 0.2777777777777778, "support": 8}}, "acc": 0.25, "lang_embeds": ["tha", "arn", "smo", "hye", "lav", "ckb", "tam", "gle"], "lang_embeds_length": 8, "lang_length": 8}, "test_zs": {"report": {"0": {"precision": 0.0, "recall": 0.0, "f1-score": 0.0, "support": 5}, "1": {"precision": 0.0, "recall": 0.0, "f1-score": 0.0, "support": 2}, "4": {"precision": 0.125, "recall": 1.0, "f1-score": 0.2222222222222222, "support": 1}, "accuracy": 0.125, "macro avg": {"precision": 0.041666666666666664, "recall": 0.3333333333333333, "f1-score": 0.07407407407407407, "support": 8}, "weighted avg": {"precision": 0.015625, "recall": 0.125, "f1-score": 0.027777777777777776, "support": 8}}, "acc": 0.125, "lang_embeds": [], "lang_embeds_length": 0, "lang_length": 8}}