{"feature_name": "Genitives,_Adjectives_and_Relative_Clauses", "feature_id": "60A", "epoch": 0, "train": {"report": {"0": {"precision": 0.5714285714285714, "recall": 0.3333333333333333, "f1-score": 0.4210526315789474, "support": 36}, "1": {"precision": 0.35714285714285715, "recall": 0.2631578947368421, "f1-score": 0.30303030303030304, "support": 19}, "2": {"precision": 0.1, "recall": 0.2, "f1-score": 0.13333333333333333, "support": 5}, "3": {"precision": 0.125, "recall": 0.3333333333333333, "f1-score": 0.18181818181818182, "support": 6}, "4": {"precision": 0.0, "recall": 0.0, "f1-score": 0.0, "support": 2}, "5": {"precision": 0.0, "recall": 0.0, "f1-score": 0.0, "support": 2}, "accuracy": 0.2857142857142857, "macro avg": {"precision": 0.19226190476190477, "recall": 0.18830409356725145, "f1-score": 0.17320574162679425, "support": 70}, "weighted avg": {"precision": 0.40867346938775506, "recall": 0.2857142857142857, "f1-score": 0.323900660742766, "support": 70}}, "loss": "1.7314593", "lang_embeds": ["fra", "hin", "vie", "mri", "bqc", "tur", "ind", "shp", "nhg", "laj", "naq", "qvi", "eus", "plt", "aey", "hun", "khk", "sja", "fij", "djk", "fin", "yad", "spp", "tfr", "cnh", "zul", "jpn", "kor", "khm", "mww", "tcc", "pes", "mya", "tbo", "sot", "rus", "mph", "btx", "tgl"], "lang_embeds_length": 39, "lang_length": 39}, "dev": {"report": {"0": {"precision": 1.0, "recall": 1.0, "f1-score": 1.0, "support": 2}, "2": {"precision": 1.0, "recall": 1.0, "f1-score": 1.0, "support": 1}, "3": {"precision": 1.0, "recall": 1.0, "f1-score": 1.0, "support": 1}, "accuracy": 1.0, "macro avg": {"precision": 1.0, "recall": 1.0, "f1-score": 1.0, "support": 4}, "weighted avg": {"precision": 1.0, "recall": 1.0, "f1-score": 1.0, "support": 4}}, "loss": "1.0796428", "lang_embeds": ["khm", "mph", "yad", "khk"], "lang_embeds_length": 4, "lang_length": 4}, "test": {"report": {"0": {"precision": 0.0, "recall": 0.0, "f1-score": 0.0, "support": 0.0}, "1": {"precision": 0.0, "recall": 0.0, "f1-score": 0.0, "support": 3.0}, "3": {"precision": 0.0, "recall": 0.0, "f1-score": 0.0, "support": 0.0}, "4": {"precision": 0.0, "recall": 0.0, "f1-score": 0.0, "support": 1.0}, "accuracy": 0.0, "macro avg": {"precision": 0.0, "recall": 0.0, "f1-score": 0.0, "support": 4.0}, "weighted avg": {"precision": 0.0, "recall": 0.0, "f1-score": 0.0, "support": 4.0}}, "acc": 0.0, "lang_embeds": ["tha", "tat", "ban", "jav"], "lang_embeds_length": 4, "lang_length": 4}, "test_zs": {"report": {"1": {"precision": 0.0, "recall": 0.0, "f1-score": 0.0, "support": 3.0}, "2": {"precision": 0.0, "recall": 0.0, "f1-score": 0.0, "support": 0.0}, "4": {"precision": 0.0, "recall": 0.0, "f1-score": 0.0, "support": 1.0}, "accuracy": 0.0, "macro avg": {"precision": 0.0, "recall": 0.0, "f1-score": 0.0, "support": 4.0}, "weighted avg": {"precision": 0.0, "recall": 0.0, "f1-score": 0.0, "support": 4.0}}, "acc": 0.0, "lang_embeds": [], "lang_embeds_length": 0, "lang_length": 4}}