{"feature_name": "Internally-headed_relative_clauses", "feature_id": "90D", "epoch": 0, "train": {"report": {"0": {"precision": 0.5714285714285714, "recall": 0.4, "f1-score": 0.47058823529411764, "support": 10}, "1": {"precision": 0.6666666666666666, "recall": 0.3333333333333333, "f1-score": 0.4444444444444444, "support": 6}, "2": {"precision": 0.5, "recall": 0.3333333333333333, "f1-score": 0.4, "support": 3}, "3": {"precision": 0.0, "recall": 0.0, "f1-score": 0.0, "support": 0}, "4": {"precision": 0.4, "recall": 0.4, "f1-score": 0.4000000000000001, "support": 5}, "5": {"precision": 0.0, "recall": 0.0, "f1-score": 0.0, "support": 0}, "6": {"precision": 0.0, "recall": 0.0, "f1-score": 0.0, "support": 0}, "accuracy": 0.375, "macro avg": {"precision": 0.3054421768707483, "recall": 0.20952380952380953, "f1-score": 0.24500466853408032, "support": 24}, "weighted avg": {"precision": 0.550595238095238, "recall": 0.375, "f1-score": 0.4405228758169935, "support": 24}}, "loss": "1.8068515", "lang_embeds": ["nav", "sja", "wib", "mpt", "ctd", "tnc", "njo", "spp", "oym", "tmd", "nzm", "cnh", "jpn", "nbc"], "lang_embeds_length": 14, "lang_length": 14}, "dev": {"report": {"1": {"precision": 1.0, "recall": 1.0, "f1-score": 1.0, "support": 1}, "2": {"precision": 1.0, "recall": 1.0, "f1-score": 1.0, "support": 1}, "accuracy": 1.0, "macro avg": {"precision": 1.0, "recall": 1.0, "f1-score": 1.0, "support": 2}, "weighted avg": {"precision": 1.0, "recall": 1.0, "f1-score": 1.0, "support": 2}}, "loss": "1.1869664", "lang_embeds": ["spp", "tmd"], "lang_embeds_length": 2, "lang_length": 2}, "test": {"report": {"1": {"precision": 0.0, "recall": 0.0, "f1-score": 0.0, "support": 0.0}, "2": {"precision": 0.0, "recall": 0.0, "f1-score": 0.0, "support": 2.0}, "5": {"precision": 0.0, "recall": 0.0, "f1-score": 0.0, "support": 0.0}, "accuracy": 0.0, "macro avg": {"precision": 0.0, "recall": 0.0, "f1-score": 0.0, "support": 2.0}, "weighted avg": {"precision": 0.0, "recall": 0.0, "f1-score": 0.0, "support": 2.0}}, "acc": 0.0, "lang_embeds": ["kor", "tgl"], "lang_embeds_length": 2, "lang_length": 2}, "test_zs": {"report": {"2": {"precision": 0.0, "recall": 0.0, "f1-score": 0.0, "support": 2.0}, "4": {"precision": 0.0, "recall": 0.0, "f1-score": 0.0, "support": 0.0}, "accuracy": 0.0, "macro avg": {"precision": 0.0, "recall": 0.0, "f1-score": 0.0, "support": 2.0}, "weighted avg": {"precision": 0.0, "recall": 0.0, "f1-score": 0.0, "support": 2.0}}, "acc": 0.0, "lang_embeds": [], "lang_embeds_length": 0, "lang_length": 2}}