{"feature_name": "Front_Rounded_Vowels", "feature_id": "11A", "epoch": 0, "train": {"report": {"0": {"precision": 0.9398907103825137, "recall": 0.9502762430939227, "f1-score": 0.9450549450549451, "support": 543}, "1": {"precision": 0.0, "recall": 0.0, "f1-score": 0.0, "support": 26}, "2": {"precision": 0.0, "recall": 0.0, "f1-score": 0.0, "support": 4}, "3": {"precision": 0.0, "recall": 0.0, "f1-score": 0.0, "support": 3}, "accuracy": 0.8958333333333334, "macro avg": {"precision": 0.23497267759562843, "recall": 0.23756906077348067, "f1-score": 0.23626373626373628, "support": 576}, "weighted avg": {"precision": 0.8860428051001822, "recall": 0.8958333333333334, "f1-score": 0.8909111721611723, "support": 576}}, "loss": "0.53704196", "lang_embeds": [], "lang_embeds_length": 0, "lang_length": 160}, "dev": {"report": {"0": {"precision": 1.0, "recall": 1.0, "f1-score": 1.0, "support": 16}, "accuracy": 1.0, "macro avg": {"precision": 1.0, "recall": 1.0, "f1-score": 1.0, "support": 16}, "weighted avg": {"precision": 1.0, "recall": 1.0, "f1-score": 1.0, "support": 16}}, "loss": "0.001753342", "lang_embeds": [], "lang_embeds_length": 0, "lang_length": 16}, "test": {"report": {"0": {"precision": 0.8823529411764706, "recall": 1.0, "f1-score": 0.9375, "support": 15}, "1": {"precision": 0.0, "recall": 0.0, "f1-score": 0.0, "support": 2}, "accuracy": 0.8823529411764706, "macro avg": {"precision": 0.4411764705882353, "recall": 0.5, "f1-score": 0.46875, "support": 17}, "weighted avg": {"precision": 0.7785467128027681, "recall": 0.8823529411764706, "f1-score": 0.8272058823529411, "support": 17}}, "acc": 0.8823529481887817, "lang_embeds": [], "lang_embeds_length": 0, "lang_length": 17}, "test_zs": {"report": {"0": {"precision": 0.8823529411764706, "recall": 1.0, "f1-score": 0.9375, "support": 15}, "1": {"precision": 0.0, "recall": 0.0, "f1-score": 0.0, "support": 2}, "accuracy": 0.8823529411764706, "macro avg": {"precision": 0.4411764705882353, "recall": 0.5, "f1-score": 0.46875, "support": 17}, "weighted avg": {"precision": 0.7785467128027681, "recall": 0.8823529411764706, "f1-score": 0.8272058823529411, "support": 17}}, "acc": 0.8823529481887817, "lang_embeds": [], "lang_embeds_length": 0, "lang_length": 17}}