{"feature_name": "Weight_Factors_in_Weight-Sensitive_Stress_Systems", "feature_id": "16A", "epoch": 0, "train": {"report": {"0": {"precision": 0.5463659147869674, "recall": 0.7813620071684588, "f1-score": 0.6430678466076696, "support": 279}, "1": {"precision": 0.07142857142857142, "recall": 0.015625, "f1-score": 0.02564102564102564, "support": 64}, "2": {"precision": 0.09090909090909091, "recall": 0.025, "f1-score": 0.03921568627450981, "support": 40}, "3": {"precision": 0.0, "recall": 0.0, "f1-score": 0.0, "support": 36}, "4": {"precision": 0.0, "recall": 0.0, "f1-score": 0.0, "support": 49}, "5": {"precision": 0.18947368421052632, "recall": 0.2903225806451613, "f1-score": 0.22929936305732487, "support": 62}, "6": {"precision": 0.14285714285714285, "recall": 0.038461538461538464, "f1-score": 0.060606060606060615, "support": 26}, "accuracy": 0.42985611510791366, "macro avg": {"precision": 0.14871920059889984, "recall": 0.16439587518216553, "f1-score": 0.1425471403123701, "support": 556}, "weighted avg": {"precision": 0.3167365765624001, "recall": 0.42985611510791366, "f1-score": 0.3568667273037006, "support": 556}}, "loss": "2.1583326", "lang_embeds": [], "lang_embeds_length": 0, "lang_length": 124}, "dev": {"report": {"0": {"precision": 0.75, "recall": 1.0, "f1-score": 0.8571428571428571, "support": 9}, "2": {"precision": 0.0, "recall": 0.0, "f1-score": 0.0, "support": 2}, "4": {"precision": 0.0, "recall": 0.0, "f1-score": 0.0, "support": 1}, "accuracy": 0.75, "macro avg": {"precision": 0.25, "recall": 0.3333333333333333, "f1-score": 0.2857142857142857, "support": 12}, "weighted avg": {"precision": 0.5625, "recall": 0.75, "f1-score": 0.6428571428571428, "support": 12}}, "loss": "1.4389187", "lang_embeds": [], "lang_embeds_length": 0, "lang_length": 12}, "test": {"report": {"0": {"precision": 0.6428571428571429, "recall": 1.0, "f1-score": 0.782608695652174, "support": 9}, "1": {"precision": 0.0, "recall": 0.0, "f1-score": 0.0, "support": 2}, "2": {"precision": 0.0, "recall": 0.0, "f1-score": 0.0, "support": 2}, "4": {"precision": 0.0, "recall": 0.0, "f1-score": 0.0, "support": 1}, "accuracy": 0.6428571428571429, "macro avg": {"precision": 0.16071428571428573, "recall": 0.25, "f1-score": 0.1956521739130435, "support": 14}, "weighted avg": {"precision": 0.41326530612244905, "recall": 0.6428571428571429, "f1-score": 0.5031055900621119, "support": 14}}, "acc": 0.6428571343421936, "lang_embeds": [], "lang_embeds_length": 0, "lang_length": 14}, "test_zs": {"report": {"0": {"precision": 0.6428571428571429, "recall": 1.0, "f1-score": 0.782608695652174, "support": 9}, "1": {"precision": 0.0, "recall": 0.0, "f1-score": 0.0, "support": 2}, "2": {"precision": 0.0, "recall": 0.0, "f1-score": 0.0, "support": 2}, "4": {"precision": 0.0, "recall": 0.0, "f1-score": 0.0, "support": 1}, "accuracy": 0.6428571428571429, "macro avg": {"precision": 0.16071428571428573, "recall": 0.25, "f1-score": 0.1956521739130435, "support": 14}, "weighted avg": {"precision": 0.41326530612244905, "recall": 0.6428571428571429, "f1-score": 0.5031055900621119, "support": 14}}, "acc": 0.6428571343421936, "lang_embeds": [], "lang_embeds_length": 0, "lang_length": 14}}