{"feature_name": "Order_of_Object_and_Verb", "feature_id": "83A", "epoch": 0, "train": {"report": {"0": {"precision": 0.7956043956043956, "recall": 0.8017718715393134, "f1-score": 0.7986762272476559, "support": 903}, "1": {"precision": 0.8125643666323378, "recall": 0.7993920972644377, "f1-score": 0.8059244126659858, "support": 987}, "2": {"precision": 0.5161290322580645, "recall": 0.5714285714285714, "f1-score": 0.5423728813559322, "support": 84}, "accuracy": 0.7907801418439716, "macro avg": {"precision": 0.7080992648315992, "recall": 0.7241975134107742, "f1-score": 0.7156578404231912, "support": 1974}, "weighted avg": {"precision": 0.7921918124653313, "recall": 0.7907801418439716, "f1-score": 0.7913937945997261, "support": 1974}}, "loss": "0.50098765", "lang_embeds": ["arb", "ind", "nse", "sag", "hop", "azb", "amn", "guh", "aey", "kac", "tmd", "apu", "fon", "lif", "tbc", "yor", "apr", "moc", "lcm", "rus", "pad", "plu", "ign", "wnu", "cbu", "lww", "cub", "kyz", "abt", "mqy", "hla", "xbi", "kms", "tsz", "ong", "apt", "djr", "yle", "khk", "faa", "pam", "bsn", "amk", "tvk", "izz", "mbj", "mph", "car", "ood", "crn", "tac", "mau", "qvh", "awb", "nbc", "tui", "gbr", "sja", "mrg", "okv", "pma", "fin", "caq", "dis", "wim", "maq", "jpn", "ncj", "zav", "mpm", "mva", "kmo", "kwd", "usa", "aoj", "nab", "njo", "ndi", "sue", "ixl", "laj", "ilb", "viv", "ura", "snn", "njz", "agg", "amh", "spp", "ann", "nbl", "snc", "cav", "mua", "ntp", "cme", "trc", "mbb", "xsi", "snf", "ibo", "nak", "shp", "stp", "taq", "iba", "mvn", "nyn", "yon", "auc", "dow", "tee", "tha", "fij", "cnh", "mcd", "bmr", "duo", "niy", "nmf", "xsr", "ape", "mya", "nko", "bqc", "ssw", "mbl", "wrk", "nuy", "lhu", "kmh", "rim", "pbb", "csy", "yrb", "cle", "nhu", "hye", "nzm", "tsg", "lav", "emp", "alp", "apy", "tna", "gle", "kin", "ceb", "mig", "hch", "cab", "mcf", "apn", "tca", "aom", "pag", "txu", "lbj", "naq", "acn", "dgz", "oym", "ach", "hun", "som", "myu", "mpt", "blw", "ncl", "swh", "kde", "zai", "nso", "gah", "cbi", "pes", "miq", "btx", "ppo", "kue", "kbh", "cco", "trp", "mcn", "cax", "too", "djk", "pao", "rwo", "ary", "mcb", "khm", "gvn", "xho", "hto", "sll", "ell", "tbl", "yao", "bcl", "qvi", "mna", "agd", "ycn", "agt", "guc", "bdh", "yad", "tlf", "kor", "mio", "adj", "zpq", "ghs", "sot", "tgl", "arn", "ssd", "mri", "vie", "ote", "huu", "for", "adz", "geb", "sna", "kki", "gym", "mmn", "tpt", "tbo", "kpx", "acu", "poy", "cap", "kyq", "ngc", "sat", "ewe", "mzh", "sba", "hau", "nas", "adi", "aau", "tuo", "toi", "hin", "aca", "ptp", "jiv", "wed", "chf", "cak", "gub", "kpj", "nhg", "chq", "nob", "amp", "teo", "ese", "mxp", "opm", "bhg", "pol", "tfr", "cpa", "zul", "ian", "esu", "xsm", "coe", "sps", "zaw", "lac", "yaa", "sua", "myb", "ses", "des", "nav", "var", "pib", "urt", "mam", "fub", "plt", "huv", "kwi", "hix", "bom", "apw", "yaq", "yuj", "aia", "gvf", "kto", "mjw", "emi", "kbc", "cui", "snp", "deu", "byr", "mcp", "urd", "cbr", "tnc", "spa", "ctd", "bsp", "naf", "mkd", "est", "sus", "mhx", "tob", "gmv", "tzo", "fra", "kup", "njb", "bzd", "kvn", "mie", "lol", "noa", "avt", "hus", "srq", "cao", "ven", "poi", "xed", "suk", "plg", "bvr", "bci", "bsc", "uig", "ctp", "kbp", "cof", "pwg", "mek", "mos", "mil", "tue", "tur", "tbg", "gso", "kpw", "etr", "nya", "eus", "tzj", "wib", "rkb", "nsn", "nst", "mbc", "hil", "ndo", "sbe", "urb"], "lang_embeds_length": 366, "lang_length": 366}, "dev": {"report": {"0": {"precision": 1.0, "recall": 1.0, "f1-score": 1.0, "support": 21}, "1": {"precision": 1.0, "recall": 1.0, "f1-score": 1.0, "support": 15}, "2": {"precision": 1.0, "recall": 1.0, "f1-score": 1.0, "support": 1}, "accuracy": 1.0, "macro avg": {"precision": 1.0, "recall": 1.0, "f1-score": 1.0, "support": 37}, "weighted avg": {"precision": 1.0, "recall": 1.0, "f1-score": 1.0, "support": 37}}, "loss": "0.14517868", "lang_embeds": ["tac", "kvn", "ssd", "njo", "wnu", "lol", "cab", "kyq", "bcl", "srq", "nuy", "taq", "tmd", "snp", "som", "agt", "mzh", "snn", "agg", "khk", "byr", "amh", "bhg", "pma", "yad", "yor", "maq", "cnh", "ian", "nst", "adi", "aau", "moc", "zpq", "tzo", "sps", "yuj"], "lang_embeds_length": 37, "lang_length": 37}, "test": {"report": {"0": {"precision": 0.4666666666666667, "recall": 0.5833333333333334, "f1-score": 0.5185185185185186, "support": 12}, "1": {"precision": 0.7391304347826086, "recall": 0.7391304347826086, "f1-score": 0.7391304347826085, "support": 23}, "2": {"precision": 0.0, "recall": 0.0, "f1-score": 0.0, "support": 3}, "accuracy": 0.631578947368421, "macro avg": {"precision": 0.4019323671497584, "recall": 0.4408212560386473, "f1-score": 0.4192163177670423, "support": 38}, "weighted avg": {"precision": 0.5947368421052632, "recall": 0.631578947368421, "f1-score": 0.611111111111111, "support": 38}}, "acc": 0.6315789222717285, "lang_embeds": ["ron", "bel", "mai", "kgp", "gla", "tyv", "lit", "tet", "ukr", "por", "kik", "slv", "cat", "cor", "nld", "smo", "ilo", "lus", "bre", "cym", "swe", "wbp", "ckb", "shn", "dan", "nep", "nog", "ben", "tat", "tih", "ton", "che", "ita", "ces", "tgk", "ium", "tam", "bul"], "lang_embeds_length": 38, "lang_length": 38}, "test_zs": {"report": {"0": {"precision": 0.0, "recall": 0.0, "f1-score": 0.0, "support": 12}, "1": {"precision": 0.0, "recall": 0.0, "f1-score": 0.0, "support": 23}, "2": {"precision": 0.07894736842105263, "recall": 1.0, "f1-score": 0.14634146341463414, "support": 3}, "accuracy": 0.07894736842105263, "macro avg": {"precision": 0.02631578947368421, "recall": 0.3333333333333333, "f1-score": 0.048780487804878044, "support": 38}, "weighted avg": {"precision": 0.006232686980609418, "recall": 0.07894736842105263, "f1-score": 0.011553273427471115, "support": 38}}, "acc": 0.07894736528396606, "lang_embeds": [], "lang_embeds_length": 0, "lang_length": 38}}