{"feature_name": "Tea", "feature_id": "138A", "epoch": 0, "train": {"report": {"0": {"precision": 0.7368421052631579, "recall": 0.7636363636363637, "f1-score": 0.7499999999999999, "support": 110}, "1": {"precision": 0.7142857142857143, "recall": 0.6707317073170732, "f1-score": 0.6918238993710693, "support": 82}, "2": {"precision": 0.47368421052631576, "recall": 0.5, "f1-score": 0.4864864864864865, "support": 18}, "accuracy": 0.7047619047619048, "macro avg": {"precision": 0.6416040100250626, "recall": 0.644789356984479, "f1-score": 0.6427701286191851, "support": 210}, "weighted avg": {"precision": 0.7054779806659506, "recall": 0.7047619047619048, "f1-score": 0.704696745262783, "support": 210}}, "loss": "0.7831322", "lang_embeds": ["xho", "rmo", "ind", "sag", "ell", "tyv", "srn", "plt", "fub", "ukr", "kik", "cat", "tha", "nld", "yor", "lug", "afr", "kor", "mya", "sot", "rus", "tgl", "bel", "vie", "mri", "lit", "kjh", "slv", "deu", "khk", "hye", "spa", "bre", "lav", "cym", "est", "ben", "tgk", "gle", "fra", "kin", "ceb", "lbj", "por", "hun", "ewe", "som", "hau", "bru", "fin", "swh", "jpn", "tat", "pes", "uig", "quy", "che", "esi", "bul", "hin", "tur", "nya", "eus", "nob", "amh", "pol", "fuh", "zul", "swe", "dan", "hil", "esu", "khm", "nep", "ita", "myb", "ces", "ses"], "lang_embeds_length": 78, "lang_length": 78}, "dev": {"report": {"0": {"precision": 1.0, "recall": 1.0, "f1-score": 1.0, "support": 3}, "1": {"precision": 1.0, "recall": 1.0, "f1-score": 1.0, "support": 5}, "accuracy": 1.0, "macro avg": {"precision": 1.0, "recall": 1.0, "f1-score": 1.0, "support": 8}, "weighted avg": {"precision": 1.0, "recall": 1.0, "f1-score": 1.0, "support": 8}}, "loss": "0.475596", "lang_embeds": ["amh", "srn", "est", "esu", "bru", "plt", "kjh", "afr"], "lang_embeds_length": 8, "lang_length": 8}, "test": {"report": {"0": {"precision": 0.5, "recall": 0.4, "f1-score": 0.4444444444444445, "support": 5}, "1": {"precision": 0.5, "recall": 0.3333333333333333, "f1-score": 0.4, "support": 3}, "2": {"precision": 0.0, "recall": 0.0, "f1-score": 0.0, "support": 1}, "accuracy": 0.3333333333333333, "macro avg": {"precision": 0.3333333333333333, "recall": 0.24444444444444446, "f1-score": 0.2814814814814815, "support": 9}, "weighted avg": {"precision": 0.4444444444444444, "recall": 0.3333333333333333, "f1-score": 0.3802469135802469, "support": 9}}, "acc": 0.3333333432674408, "lang_embeds": ["nog", "ban", "kmr", "kum", "tsn", "snd", "rmy", "jav", "slk"], "lang_embeds_length": 9, "lang_length": 9}, "test_zs": {"report": {"0": {"precision": 0.0, "recall": 0.0, "f1-score": 0.0, "support": 5}, "1": {"precision": 0.0, "recall": 0.0, "f1-score": 0.0, "support": 3}, "2": {"precision": 0.1111111111111111, "recall": 1.0, "f1-score": 0.19999999999999998, "support": 1}, "accuracy": 0.1111111111111111, "macro avg": {"precision": 0.037037037037037035, "recall": 0.3333333333333333, "f1-score": 0.06666666666666667, "support": 9}, "weighted avg": {"precision": 0.012345679012345678, "recall": 0.1111111111111111, "f1-score": 0.02222222222222222, "support": 9}}, "acc": 0.1111111119389534, "lang_embeds": [], "lang_embeds_length": 0, "lang_length": 9}}