{"feature_name": "Para-Linguistic_Usages_of_Clicks", "feature_id": "142A", "epoch": 0, "train": {"report": {"0": {"precision": 0.6559139784946236, "recall": 0.8026315789473685, "f1-score": 0.7218934911242604, "support": 76}, "1": {"precision": 0.26666666666666666, "recall": 0.13333333333333333, "f1-score": 0.17777777777777776, "support": 30}, "2": {"precision": 0.16666666666666666, "recall": 0.125, "f1-score": 0.14285714285714288, "support": 8}, "accuracy": 0.5789473684210527, "macro avg": {"precision": 0.3630824372759857, "recall": 0.35365497076023394, "f1-score": 0.34750947058639364, "support": 114}, "weighted avg": {"precision": 0.5191473306923222, "recall": 0.5789473684210527, "f1-score": 0.5380710158038093, "support": 114}}, "loss": "1.7827679", "lang_embeds": [], "lang_embeds_length": 0, "lang_length": 43}, "dev": {"report": {"0": {"precision": 1.0, "recall": 1.0, "f1-score": 1.0, "support": 5}, "accuracy": 1.0, "macro avg": {"precision": 1.0, "recall": 1.0, "f1-score": 1.0, "support": 5}, "weighted avg": {"precision": 1.0, "recall": 1.0, "f1-score": 1.0, "support": 5}}, "loss": "0.45305163", "lang_embeds": [], "lang_embeds_length": 0, "lang_length": 5}, "test": {"report": {"0": {"precision": 0.6, "recall": 1.0, "f1-score": 0.7499999999999999, "support": 3}, "1": {"precision": 0.0, "recall": 0.0, "f1-score": 0.0, "support": 2}, "accuracy": 0.6, "macro avg": {"precision": 0.3, "recall": 0.5, "f1-score": 0.37499999999999994, "support": 5}, "weighted avg": {"precision": 0.36, "recall": 0.6, "f1-score": 0.4499999999999999, "support": 5}}, "acc": 0.6000000238418579, "lang_embeds": [], "lang_embeds_length": 0, "lang_length": 5}, "test_zs": {"report": {"0": {"precision": 0.6, "recall": 1.0, "f1-score": 0.7499999999999999, "support": 3}, "1": {"precision": 0.0, "recall": 0.0, "f1-score": 0.0, "support": 2}, "accuracy": 0.6, "macro avg": {"precision": 0.3, "recall": 0.5, "f1-score": 0.37499999999999994, "support": 5}, "weighted avg": {"precision": 0.36, "recall": 0.6, "f1-score": 0.4499999999999999, "support": 5}}, "acc": 0.6000000238418579, "lang_embeds": [], "lang_embeds_length": 0, "lang_length": 5}}