{"feature_name": "Exponence_of_Tense-Aspect-Mood_Inflection", "feature_id": "21B", "epoch": 0, "train": {"report": {"0": {"precision": 0.8, "recall": 0.5882352941176471, "f1-score": 0.6779661016949153, "support": 102}, "1": {"precision": 0.38461538461538464, "recall": 0.2777777777777778, "f1-score": 0.3225806451612903, "support": 18}, "2": {"precision": 0.0, "recall": 0.0, "f1-score": 0.0, "support": 0}, "3": {"precision": 0.0, "recall": 0.0, "f1-score": 0.0, "support": 3}, "4": {"precision": 0.16666666666666666, "recall": 0.6666666666666666, "f1-score": 0.26666666666666666, "support": 3}, "5": {"precision": 0.25, "recall": 0.3333333333333333, "f1-score": 0.28571428571428575, "support": 3}, "accuracy": 0.5271317829457365, "macro avg": {"precision": 0.2668803418803419, "recall": 0.31100217864923746, "f1-score": 0.258821283206193, "support": 129}, "weighted avg": {"precision": 0.6959153249850925, "recall": 0.5271317829457365, "f1-score": 0.5939235414180424, "support": 129}}, "loss": "1.3217089", "lang_embeds": ["fra", "hin", "mri", "mig", "nab", "tur", "ind", "ote", "chd", "sag", "ell", "lhu", "tsz", "laj", "naq", "qvi", "eus", "plt", "dgz", "aey", "amp", "apu", "hun", "mzh", "huv", "deu", "hau", "khk", "hix", "kwi", "sja", "fin", "yad", "spp", "yor", "swh", "spa", "cnh", "zul", "jpn", "yaq", "bsn", "kor", "pes", "ape", "rus", "mph", "tgl"], "lang_embeds_length": 48, "lang_length": 48}, "dev": {"report": {"0": {"precision": 1.0, "recall": 1.0, "f1-score": 1.0, "support": 5}, "accuracy": 1.0, "macro avg": {"precision": 1.0, "recall": 1.0, "f1-score": 1.0, "support": 5}, "weighted avg": {"precision": 1.0, "recall": 1.0, "f1-score": 1.0, "support": 5}}, "loss": "0.5453351", "lang_embeds": ["lhu", "qvi", "pes", "yad", "zul"], "lang_embeds_length": 5, "lang_length": 5}, "test": {"report": {"0": {"precision": 0.6666666666666666, "recall": 0.5, "f1-score": 0.5714285714285715, "support": 4}, "1": {"precision": 0.0, "recall": 0.0, "f1-score": 0.0, "support": 1}, "3": {"precision": 0.0, "recall": 0.0, "f1-score": 0.0, "support": 0}, "accuracy": 0.4, "macro avg": {"precision": 0.2222222222222222, "recall": 0.16666666666666666, "f1-score": 0.1904761904761905, "support": 5}, "weighted avg": {"precision": 0.5333333333333333, "recall": 0.4, "f1-score": 0.4571428571428572, "support": 5}}, "acc": 0.4000000059604645, "lang_embeds": ["tha", "arn", "fij", "vie", "mya"], "lang_embeds_length": 5, "lang_length": 5}, "test_zs": {"report": {"0": {"precision": 0.0, "recall": 0.0, "f1-score": 0.0, "support": 4.0}, "1": {"precision": 0.0, "recall": 0.0, "f1-score": 0.0, "support": 1.0}, "5": {"precision": 0.0, "recall": 0.0, "f1-score": 0.0, "support": 0.0}, "accuracy": 0.0, "macro avg": {"precision": 0.0, "recall": 0.0, "f1-score": 0.0, "support": 5.0}, "weighted avg": {"precision": 0.0, "recall": 0.0, "f1-score": 0.0, "support": 5.0}}, "acc": 0.0, "lang_embeds": [], "lang_embeds_length": 0, "lang_length": 5}}