{"feature_name": "Optional_Double_Negation_in_SVO_languages", "feature_id": "144G", "epoch": 0, "train": {"report": {"0": {"precision": 0.0, "recall": 0.0, "f1-score": 0.0, "support": 0}, "1": {"precision": 0.3333333333333333, "recall": 0.25, "f1-score": 0.28571428571428575, "support": 8}, "2": {"precision": 0.14285714285714285, "recall": 0.3333333333333333, "f1-score": 0.2, "support": 3}, "4": {"precision": 0.0, "recall": 0.0, "f1-score": 0.0, "support": 2}, "5": {"precision": 0.0, "recall": 0.0, "f1-score": 0.0, "support": 2}, "10": {"precision": 0.0, "recall": 0.0, "f1-score": 0.0, "support": 3}, "13": {"precision": 0.0, "recall": 0.0, "f1-score": 0.0, "support": 0}, "accuracy": 0.16666666666666666, "macro avg": {"precision": 0.06802721088435373, "recall": 0.08333333333333333, "f1-score": 0.06938775510204083, "support": 18}, "weighted avg": {"precision": 0.17195767195767195, "recall": 0.16666666666666666, "f1-score": 0.16031746031746033, "support": 18}}, "loss": "4.159932", "lang_embeds": [], "lang_embeds_length": 0, "lang_length": 7}, "dev": {"report": {"1": {"precision": 1.0, "recall": 1.0, "f1-score": 1.0, "support": 1}, "accuracy": 1.0, "macro avg": {"precision": 1.0, "recall": 1.0, "f1-score": 1.0, "support": 1}, "weighted avg": {"precision": 1.0, "recall": 1.0, "f1-score": 1.0, "support": 1}}, "loss": "0.24019898", "lang_embeds": [], "lang_embeds_length": 0, "lang_length": 1}, "test": {"report": {"1": {"precision": 0.0, "recall": 0.0, "f1-score": 0.0, "support": 0.0}, "6": {"precision": 0.0, "recall": 0.0, "f1-score": 0.0, "support": 1.0}, "accuracy": 0.0, "macro avg": {"precision": 0.0, "recall": 0.0, "f1-score": 0.0, "support": 1.0}, "weighted avg": {"precision": 0.0, "recall": 0.0, "f1-score": 0.0, "support": 1.0}}, "acc": 0.0, "lang_embeds": [], "lang_embeds_length": 0, "lang_length": 1}, "test_zs": {"report": {"1": {"precision": 0.0, "recall": 0.0, "f1-score": 0.0, "support": 0.0}, "6": {"precision": 0.0, "recall": 0.0, "f1-score": 0.0, "support": 1.0}, "accuracy": 0.0, "macro avg": {"precision": 0.0, "recall": 0.0, "f1-score": 0.0, "support": 1.0}, "weighted avg": {"precision": 0.0, "recall": 0.0, "f1-score": 0.0, "support": 1.0}}, "acc": 0.0, "lang_embeds": [], "lang_embeds_length": 0, "lang_length": 1}}