{"feature_name": "SVNegO_Order", "feature_id": "144J", "epoch": 0, "train": {"report": {"0": {"precision": 0.8336594911937377, "recall": 0.9638009049773756, "f1-score": 0.89401888772298, "support": 442}, "1": {"precision": 0.0, "recall": 0.0, "f1-score": 0.0, "support": 28}, "2": {"precision": 0.0, "recall": 0.0, "f1-score": 0.0, "support": 29}, "3": {"precision": 0.0, "recall": 0.0, "f1-score": 0.0, "support": 9}, "4": {"precision": 0.1, "recall": 0.07692307692307693, "f1-score": 0.08695652173913043, "support": 13}, "5": {"precision": 0.0, "recall": 0.0, "f1-score": 0.0, "support": 9}, "6": {"precision": 0.0, "recall": 0.0, "f1-score": 0.0, "support": 0}, "accuracy": 0.8056603773584906, "macro avg": {"precision": 0.1333799273133911, "recall": 0.1486748545572075, "f1-score": 0.14013934420887292, "support": 530}, "weighted avg": {"precision": 0.6976933869955323, "recall": 0.8056603773584906, "f1-score": 0.7477109116154073, "support": 530}}, "loss": "1.1667324", "lang_embeds": [], "lang_embeds_length": 0, "lang_length": 118}, "dev": {"report": {"0": {"precision": 1.0, "recall": 1.0, "f1-score": 1.0, "support": 12}, "accuracy": 1.0, "macro avg": {"precision": 1.0, "recall": 1.0, "f1-score": 1.0, "support": 12}, "weighted avg": {"precision": 1.0, "recall": 1.0, "f1-score": 1.0, "support": 12}}, "loss": "0.04480548", "lang_embeds": [], "lang_embeds_length": 0, "lang_length": 12}, "test": {"report": {"0": {"precision": 0.6923076923076923, "recall": 1.0, "f1-score": 0.8181818181818181, "support": 9}, "3": {"precision": 0.0, "recall": 0.0, "f1-score": 0.0, "support": 2}, "4": {"precision": 0.0, "recall": 0.0, "f1-score": 0.0, "support": 2}, "accuracy": 0.6923076923076923, "macro avg": {"precision": 0.23076923076923075, "recall": 0.3333333333333333, "f1-score": 0.2727272727272727, "support": 13}, "weighted avg": {"precision": 0.47928994082840237, "recall": 0.6923076923076923, "f1-score": 0.5664335664335665, "support": 13}}, "acc": 0.692307710647583, "lang_embeds": [], "lang_embeds_length": 0, "lang_length": 13}, "test_zs": {"report": {"0": {"precision": 0.6923076923076923, "recall": 1.0, "f1-score": 0.8181818181818181, "support": 9}, "3": {"precision": 0.0, "recall": 0.0, "f1-score": 0.0, "support": 2}, "4": {"precision": 0.0, "recall": 0.0, "f1-score": 0.0, "support": 2}, "accuracy": 0.6923076923076923, "macro avg": {"precision": 0.23076923076923075, "recall": 0.3333333333333333, "f1-score": 0.2727272727272727, "support": 13}, "weighted avg": {"precision": 0.47928994082840237, "recall": 0.6923076923076923, "f1-score": 0.5664335664335665, "support": 13}}, "acc": 0.692307710647583, "lang_embeds": [], "lang_embeds_length": 0, "lang_length": 13}}