{"feature_name": "Prenominal_relative_clauses", "feature_id": "90B", "epoch": 0, "train": {"report": {"0": {"precision": 0.7044198895027625, "recall": 0.9272727272727272, "f1-score": 0.8006279434850863, "support": 275}, "1": {"precision": 0.25, "recall": 0.046153846153846156, "f1-score": 0.07792207792207792, "support": 65}, "2": {"precision": 0.5, "recall": 0.03125, "f1-score": 0.058823529411764705, "support": 32}, "3": {"precision": 0.0, "recall": 0.0, "f1-score": 0.0, "support": 8}, "4": {"precision": 0.0, "recall": 0.0, "f1-score": 0.0, "support": 8}, "accuracy": 0.6675257731958762, "macro avg": {"precision": 0.2908839779005525, "recall": 0.2009353146853147, "f1-score": 0.18747471016378578, "support": 388}, "weighted avg": {"precision": 0.5823852309620094, "recall": 0.6675257731958762, "f1-score": 0.5853607537745109, "support": 388}}, "loss": "1.5445893", "lang_embeds": [], "lang_embeds_length": 0, "lang_length": 48}, "dev": {"report": {"0": {"precision": 1.0, "recall": 1.0, "f1-score": 1.0, "support": 4}, "accuracy": 1.0, "macro avg": {"precision": 1.0, "recall": 1.0, "f1-score": 1.0, "support": 4}, "weighted avg": {"precision": 1.0, "recall": 1.0, "f1-score": 1.0, "support": 4}}, "loss": "0.58434325", "lang_embeds": [], "lang_embeds_length": 0, "lang_length": 4}, "test": {"report": {"0": {"precision": 0.8, "recall": 1.0, "f1-score": 0.888888888888889, "support": 4}, "1": {"precision": 0.0, "recall": 0.0, "f1-score": 0.0, "support": 1}, "accuracy": 0.8, "macro avg": {"precision": 0.4, "recall": 0.5, "f1-score": 0.4444444444444445, "support": 5}, "weighted avg": {"precision": 0.64, "recall": 0.8, "f1-score": 0.7111111111111111, "support": 5}}, "acc": 0.800000011920929, "lang_embeds": [], "lang_embeds_length": 0, "lang_length": 5}, "test_zs": {"report": {"0": {"precision": 0.8, "recall": 1.0, "f1-score": 0.888888888888889, "support": 4}, "1": {"precision": 0.0, "recall": 0.0, "f1-score": 0.0, "support": 1}, "accuracy": 0.8, "macro avg": {"precision": 0.4, "recall": 0.5, "f1-score": 0.4444444444444445, "support": 5}, "weighted avg": {"precision": 0.64, "recall": 0.8, "f1-score": 0.7111111111111111, "support": 5}}, "acc": 0.800000011920929, "lang_embeds": [], "lang_embeds_length": 0, "lang_length": 5}}