{"feature_name": "Polar_Questions", "feature_id": "116A", "epoch": 0, "train": {"report": {"0": {"precision": 0.8203834510595358, "recall": 0.8817787418655098, "f1-score": 0.8499738630423418, "support": 922}, "1": {"precision": 0.7861635220125787, "recall": 0.5656108597285068, "f1-score": 0.6578947368421052, "support": 221}, "2": {"precision": 0.7386363636363636, "recall": 0.5627705627705628, "f1-score": 0.6388206388206389, "support": 231}, "3": {"precision": 0.46153846153846156, "recall": 0.5714285714285714, "f1-score": 0.5106382978723405, "support": 21}, "4": {"precision": 0.38461538461538464, "recall": 0.5172413793103449, "f1-score": 0.4411764705882353, "support": 29}, "5": {"precision": 0.0, "recall": 0.0, "f1-score": 0.0, "support": 0}, "6": {"precision": 0.043478260869565216, "recall": 0.2, "f1-score": 0.07142857142857142, "support": 5}, "accuracy": 0.7669699090272918, "macro avg": {"precision": 0.4621164919616985, "recall": 0.4712614450147851, "f1-score": 0.45284751122774763, "support": 1429}, "weighted avg": {"precision": 0.785041445340919, "recall": 0.7669699090272918, "f1-score": 0.7701279712345925, "support": 1429}}, "loss": "0.7222577", "lang_embeds": ["des", "arb", "xho", "nav", "var", "ntp", "pib", "trc", "mbb", "ind", "hto", "sll", "xsi", "snf", "sag", "urt", "ell", "ibo", "hop", "tbl", "shp", "azb", "stp", "mam", "qvi", "plt", "amn", "nyn", "agd", "iba", "mna", "kac", "guh", "apu", "fub", "aey", "agt", "auc", "dow", "tee", "huv", "guc", "kwi", "tha", "hix", "nld", "fij", "bom", "yad", "tbc", "yor", "apw", "cnh", "yaq", "kor", "apr", "mcd", "adj", "duo", "mio", "nmf", "niy", "zpq", "ghs", "xsr", "ape", "mya", "sot", "rus", "pad", "plu", "tam", "tgl", "arn", "aia", "nko", "gvf", "mri", "vie", "ssd", "wnu", "kto", "mjw", "ote", "cbu", "ssw", "lww", "mbl", "emi", "kyz", "wrk", "mqy", "abt", "nuy", "cub", "lhu", "xbi", "kms", "taq", "adz", "pbb", "csy", "snp", "ong", "apt", "djr", "yrb", "deu", "khk", "cle", "urd", "nhu", "tnc", "hye", "spa", "nzm", "faa", "ctd", "lav", "emp", "alp", "naf", "bsn", "mmn", "mkd", "tso", "est", "mhx", "apy", "tob", "amk", "tzo", "kpx", "tvk", "izz", "mbj", "tna", "mph", "car", "acu", "ood", "gle", "fra", "tac", "njb", "kvn", "mig", "cap", "mie", "mau", "qvh", "apn", "aom", "txu", "kyq", "lbj", "srq", "cao", "hus", "naq", "acn", "sat", "oym", "ewe", "xed", "som", "hun", "nbc", "mzh", "sba", "hau", "gbr", "sja", "mrg", "okv", "plg", "mpt", "pma", "fin", "swh", "jpn", "nas", "adi", "zai", "gah", "zav", "mpm", "bci", "mva", "pes", "miq", "ctp", "kmo", "loz", "tuo", "kbp", "cof", "btx", "toi", "bul", "usa", "hin", "aoj", "mos", "mek", "pwg", "ppo", "kue", "njo", "tue", "nab", "tur", "mil", "ndi", "chf", "xav", "sue", "cbc", "nhg", "kpw", "laj", "chq", "nya", "cco", "eus", "trp", "ese", "nob", "amp", "lam", "mcn", "mxp", "too", "mco", "tzj", "agg", "amh", "djk", "pol", "spp", "ann", "pao", "tfr", "cpa", "zul", "nbl", "nst", "mbc", "hil", "ary", "xsm", "esu", "khm", "snc", "coe", "sps", "gvn", "lac", "sbe", "sua", "zaw", "myb", "bem", "ses", "urb"], "lang_embeds_length": 265, "lang_length": 265}, "dev": {"report": {"0": {"precision": 1.0, "recall": 1.0, "f1-score": 1.0, "support": 17}, "1": {"precision": 1.0, "recall": 1.0, "f1-score": 1.0, "support": 6}, "2": {"precision": 1.0, "recall": 1.0, "f1-score": 1.0, "support": 3}, "accuracy": 1.0, "macro avg": {"precision": 1.0, "recall": 1.0, "f1-score": 1.0, "support": 26}, "weighted avg": {"precision": 1.0, "recall": 1.0, "f1-score": 1.0, "support": 26}}, "loss": "0.1436371", "lang_embeds": ["gvf", "cap", "aom", "chf", "ibo", "kyz", "wrk", "qvi", "sat", "mna", "ong", "agt", "sba", "kwi", "nhu", "pma", "mkd", "nas", "mbc", "pes", "sps", "gvn", "loz", "mbj", "bem", "plu"], "lang_embeds_length": 26, "lang_length": 26}, "test": {"report": {"0": {"precision": 0.6818181818181818, "recall": 0.8333333333333334, "f1-score": 0.7499999999999999, "support": 18}, "1": {"precision": 0.0, "recall": 0.0, "f1-score": 0.0, "support": 4}, "2": {"precision": 0.0, "recall": 0.0, "f1-score": 0.0, "support": 2}, "4": {"precision": 0.0, "recall": 0.0, "f1-score": 0.0, "support": 3}, "accuracy": 0.5555555555555556, "macro avg": {"precision": 0.17045454545454544, "recall": 0.20833333333333334, "f1-score": 0.18749999999999997, "support": 27}, "weighted avg": {"precision": 0.45454545454545453, "recall": 0.5555555555555556, "f1-score": 0.49999999999999994, "support": 27}}, "acc": 0.5555555820465088, "lang_embeds": ["ron", "bel", "gla", "tyv", "lit", "tet", "ukr", "por", "kik", "slv", "cat", "cor", "smo", "lus", "bre", "cym", "swe", "wbp", "dan", "nep", "tat", "tih", "che", "ita", "ces", "tgk", "ium"], "lang_embeds_length": 27, "lang_length": 27}, "test_zs": {"report": {"0": {"precision": 0.0, "recall": 0.0, "f1-score": 0.0, "support": 18.0}, "1": {"precision": 0.0, "recall": 0.0, "f1-score": 0.0, "support": 4.0}, "2": {"precision": 0.0, "recall": 0.0, "f1-score": 0.0, "support": 2.0}, "3": {"precision": 0.0, "recall": 0.0, "f1-score": 0.0, "support": 0.0}, "4": {"precision": 0.0, "recall": 0.0, "f1-score": 0.0, "support": 3.0}, "accuracy": 0.0, "macro avg": {"precision": 0.0, "recall": 0.0, "f1-score": 0.0, "support": 27.0}, "weighted avg": {"precision": 0.0, "recall": 0.0, "f1-score": 0.0, "support": 27.0}}, "acc": 0.0, "lang_embeds": [], "lang_embeds_length": 0, "lang_length": 27}}