{"feature_name": "Alignment_of_Case_Marking_of_Full_Noun_Phrases", "feature_id": "98A", "epoch": 0, "train": {"report": {"0": {"precision": 0.7868852459016393, "recall": 0.5106382978723404, "f1-score": 0.6193548387096774, "support": 94}, "1": {"precision": 0.58, "recall": 0.5576923076923077, "f1-score": 0.5686274509803922, "support": 52}, "2": {"precision": 0.25, "recall": 0.3684210526315789, "f1-score": 0.2978723404255319, "support": 19}, "3": {"precision": 0.0, "recall": 0.0, "f1-score": 0.0, "support": 3}, "4": {"precision": 0.0625, "recall": 0.3333333333333333, "f1-score": 0.10526315789473684, "support": 3}, "5": {"precision": 0.2222222222222222, "recall": 0.6666666666666666, "f1-score": 0.3333333333333333, "support": 3}, "accuracy": 0.5, "macro avg": {"precision": 0.3169345780206436, "recall": 0.40612527636603785, "f1-score": 0.32074185355727863, "support": 174}, "weighted avg": {"precision": 0.6306401136863262, "recall": 0.5, "f1-score": 0.5446169323647092, "support": 174}}, "loss": "1.396756", "lang_embeds": ["fra", "nav", "hin", "bzd", "vie", "mri", "mig", "tur", "wnu", "ind", "ote", "sag", "ell", "ibo", "sue", "shp", "lbj", "nuy", "nhg", "kpw", "laj", "naq", "qvi", "eus", "plt", "dgz", "amp", "aey", "apu", "ewe", "hun", "mzh", "deu", "khk", "kwi", "hau", "hix", "cle", "sja", "djk", "pma", "fin", "spp", "yad", "ses", "yor", "swh", "spa", "zul", "jpn", "yaq", "bsn", "kor", "niy", "esu", "car", "khm", "pes", "ape", "rus", "mph", "btx", "urb", "pad", "tgl"], "lang_embeds_length": 65, "lang_length": 65}, "dev": {"report": {"0": {"precision": 1.0, "recall": 1.0, "f1-score": 1.0, "support": 5}, "1": {"precision": 1.0, "recall": 1.0, "f1-score": 1.0, "support": 2}, "accuracy": 1.0, "macro avg": {"precision": 1.0, "recall": 1.0, "f1-score": 1.0, "support": 7}, "weighted avg": {"precision": 1.0, "recall": 1.0, "f1-score": 1.0, "support": 7}}, "loss": "0.6554922", "lang_embeds": ["hix", "niy", "cle", "naq", "pma", "car", "bsn"], "lang_embeds_length": 7, "lang_length": 7}, "test": {"report": {"0": {"precision": 0.75, "recall": 0.75, "f1-score": 0.75, "support": 4}, "1": {"precision": 0.5, "recall": 0.3333333333333333, "f1-score": 0.4, "support": 3}, "3": {"precision": 0.0, "recall": 0.0, "f1-score": 0.0, "support": 0}, "accuracy": 0.5714285714285714, "macro avg": {"precision": 0.4166666666666667, "recall": 0.3611111111111111, "f1-score": 0.3833333333333333, "support": 7}, "weighted avg": {"precision": 0.6428571428571429, "recall": 0.5714285714285714, "f1-score": 0.6, "support": 7}}, "acc": 0.5714285969734192, "lang_embeds": ["tha", "arn", "fij", "hye", "mya", "lav", "gle"], "lang_embeds_length": 7, "lang_length": 7}, "test_zs": {"report": {"0": {"precision": 0.0, "recall": 0.0, "f1-score": 0.0, "support": 4.0}, "1": {"precision": 0.0, "recall": 0.0, "f1-score": 0.0, "support": 3.0}, "5": {"precision": 0.0, "recall": 0.0, "f1-score": 0.0, "support": 0.0}, "accuracy": 0.0, "macro avg": {"precision": 0.0, "recall": 0.0, "f1-score": 0.0, "support": 7.0}, "weighted avg": {"precision": 0.0, "recall": 0.0, "f1-score": 0.0, "support": 7.0}}, "acc": 0.0, "lang_embeds": [], "lang_embeds_length": 0, "lang_length": 7}}