{"feature_name": "Indefinite_Pronouns", "feature_id": "46A", "epoch": 0, "train": {"report": {"0": {"precision": 0.44861660079051385, "recall": 0.7229299363057324, "f1-score": 0.5536585365853658, "support": 314}, "1": {"precision": 0.44751381215469616, "recall": 0.3103448275862069, "f1-score": 0.36651583710407243, "support": 261}, "2": {"precision": 0.1, "recall": 0.017857142857142856, "f1-score": 0.030303030303030304, "support": 56}, "3": {"precision": 0.0, "recall": 0.0, "f1-score": 0.0, "support": 57}, "4": {"precision": 0.0, "recall": 0.0, "f1-score": 0.0, "support": 16}, "accuracy": 0.43892045454545453, "macro avg": {"precision": 0.199226082589042, "recall": 0.21022638134981642, "f1-score": 0.1900954807984937, "support": 704}, "weighted avg": {"precision": 0.3739584057110754, "recall": 0.43892045454545453, "f1-score": 0.38523634043883165, "support": 704}}, "loss": "1.6062024", "lang_embeds": [], "lang_embeds_length": 0, "lang_length": 87}, "dev": {"report": {"0": {"precision": 0.625, "recall": 1.0, "f1-score": 0.7692307692307693, "support": 5}, "1": {"precision": 0.0, "recall": 0.0, "f1-score": 0.0, "support": 2}, "3": {"precision": 0.0, "recall": 0.0, "f1-score": 0.0, "support": 1}, "accuracy": 0.625, "macro avg": {"precision": 0.20833333333333334, "recall": 0.3333333333333333, "f1-score": 0.25641025641025644, "support": 8}, "weighted avg": {"precision": 0.390625, "recall": 0.625, "f1-score": 0.4807692307692308, "support": 8}}, "loss": "1.1051321", "lang_embeds": [], "lang_embeds_length": 0, "lang_length": 8}, "test": {"report": {"0": {"precision": 0.6, "recall": 1.0, "f1-score": 0.7499999999999999, "support": 6}, "1": {"precision": 0.0, "recall": 0.0, "f1-score": 0.0, "support": 2}, "2": {"precision": 0.0, "recall": 0.0, "f1-score": 0.0, "support": 2}, "accuracy": 0.6, "macro avg": {"precision": 0.19999999999999998, "recall": 0.3333333333333333, "f1-score": 0.24999999999999997, "support": 10}, "weighted avg": {"precision": 0.36, "recall": 0.6, "f1-score": 0.4499999999999999, "support": 10}}, "acc": 0.6000000238418579, "lang_embeds": [], "lang_embeds_length": 0, "lang_length": 10}, "test_zs": {"report": {"0": {"precision": 0.6, "recall": 1.0, "f1-score": 0.7499999999999999, "support": 6}, "1": {"precision": 0.0, "recall": 0.0, "f1-score": 0.0, "support": 2}, "2": {"precision": 0.0, "recall": 0.0, "f1-score": 0.0, "support": 2}, "accuracy": 0.6, "macro avg": {"precision": 0.19999999999999998, "recall": 0.3333333333333333, "f1-score": 0.24999999999999997, "support": 10}, "weighted avg": {"precision": 0.36, "recall": 0.6, "f1-score": 0.4499999999999999, "support": 10}}, "acc": 0.6000000238418579, "lang_embeds": [], "lang_embeds_length": 0, "lang_length": 10}}