{"feature_name": "Syllable_Structure", "feature_id": "12A", "epoch": 0, "train": {"report": {"0": {"precision": 0.7988505747126436, "recall": 0.7988505747126436, "f1-score": 0.7988505747126436, "support": 348}, "1": {"precision": 0.6796875, "recall": 0.635036496350365, "f1-score": 0.6566037735849056, "support": 137}, "2": {"precision": 0.656, "recall": 0.7068965517241379, "f1-score": 0.6804979253112033, "support": 116}, "accuracy": 0.7437603993344426, "macro avg": {"precision": 0.7115126915708813, "recall": 0.7135945409290488, "f1-score": 0.7119840912029175, "support": 601}, "weighted avg": {"precision": 0.7441151206322796, "recall": 0.7437603993344426, "f1-score": 0.7435814913764254, "support": 601}}, "loss": "0.6657555", "lang_embeds": ["nav", "ind", "sag", "ell", "ibo", "hop", "shp", "roo", "iba", "plt", "kac", "aey", "apu", "ycn", "auc", "dow", "wap", "huv", "kwi", "arl", "hix", "mto", "bom", "fij", "yad", "yor", "jic", "yaq", "kor", "cbv", "niy", "bmr", "mwp", "ape", "rus", "pad", "tgl", "vie", "mri", "wnu", "huu", "ote", "mbl", "cub", "wrk", "nuy", "lhu", "tsz", "pbb", "yle", "yrb", "deu", "cle", "ame", "tzh", "nhu", "ivv", "spa", "faa", "tsg", "ctd", "ald", "tna", "wrs", "mph", "yss", "car", "ood", "fra", "kup", "etu", "kvn", "bao", "mig", "daa", "srq", "hus", "lbj", "gum", "naq", "dgz", "amu", "hun", "ewe", "som", "mzh", "hau", "gbr", "beq", "sja", "pma", "fin", "bvr", "wim", "rro", "swh", "maq", "jpn", "kss", "ncj", "pes", "mps", "kmo", "kwd", "btx", "wnc", "hin", "nab", "njo", "tur", "kbh", "tiy", "sue", "agm", "xpe", "nhg", "laj", "chq", "kpw", "eus", "nob", "amp", "ake", "yva", "njz", "amh", "djk", "bkq", "spp", "zul", "khm", "gvn", "byx", "urb"], "lang_embeds_length": 134, "lang_length": 134}, "dev": {"report": {"0": {"precision": 1.0, "recall": 1.0, "f1-score": 1.0, "support": 8}, "1": {"precision": 1.0, "recall": 1.0, "f1-score": 1.0, "support": 2}, "2": {"precision": 1.0, "recall": 1.0, "f1-score": 1.0, "support": 3}, "accuracy": 1.0, "macro avg": {"precision": 1.0, "recall": 1.0, "f1-score": 1.0, "support": 13}, "weighted avg": {"precision": 1.0, "recall": 1.0, "f1-score": 1.0, "support": 13}}, "loss": "0.25753477", "lang_embeds": ["amh", "mto", "bom", "cle", "gum", "plt", "bvr", "ycn", "tna", "ibo", "sue", "yva", "huv"], "lang_embeds_length": 13, "lang_length": 13}, "test": {"report": {"0": {"precision": 0.375, "recall": 0.5, "f1-score": 0.42857142857142855, "support": 6}, "1": {"precision": 0.6666666666666666, "recall": 0.4444444444444444, "f1-score": 0.5333333333333333, "support": 9}, "2": {"precision": 0.0, "recall": 0.0, "f1-score": 0.0, "support": 0}, "accuracy": 0.4666666666666667, "macro avg": {"precision": 0.34722222222222215, "recall": 0.3148148148148148, "f1-score": 0.3206349206349206, "support": 15}, "weighted avg": {"precision": 0.55, "recall": 0.4666666666666667, "f1-score": 0.4914285714285714, "support": 15}}, "acc": 0.46666666865348816, "lang_embeds": ["tha", "arn", "ben", "lit", "pol", "ckb", "tet", "mya", "kgp", "bre", "lav", "shn", "cat", "tyv", "bul"], "lang_embeds_length": 15, "lang_length": 15}, "test_zs": {"report": {"0": {"precision": 0.0, "recall": 0.0, "f1-score": 0.0, "support": 6.0}, "1": {"precision": 0.0, "recall": 0.0, "f1-score": 0.0, "support": 9.0}, "2": {"precision": 0.0, "recall": 0.0, "f1-score": 0.0, "support": 0.0}, "accuracy": 0.0, "macro avg": {"precision": 0.0, "recall": 0.0, "f1-score": 0.0, "support": 15.0}, "weighted avg": {"precision": 0.0, "recall": 0.0, "f1-score": 0.0, "support": 15.0}}, "acc": 0.0, "lang_embeds": [], "lang_embeds_length": 0, "lang_length": 15}}