{"feature_name": "Weight-Sensitive_Stress", "feature_id": "15A", "epoch": 0, "train": {"report": {"0": {"precision": 0.5502008032128514, "recall": 0.8810289389067524, "f1-score": 0.6773794808405439, "support": 311}, "1": {"precision": 0.09523809523809523, "recall": 0.022727272727272728, "f1-score": 0.03669724770642202, "support": 88}, "2": {"precision": 0.0, "recall": 0.0, "f1-score": 0.0, "support": 65}, "3": {"precision": 0.0, "recall": 0.0, "f1-score": 0.0, "support": 31}, "4": {"precision": 0.0, "recall": 0.0, "f1-score": 0.0, "support": 28}, "5": {"precision": 0.0, "recall": 0.0, "f1-score": 0.0, "support": 20}, "6": {"precision": 0.0, "recall": 0.0, "f1-score": 0.0, "support": 13}, "7": {"precision": 0.0, "recall": 0.0, "f1-score": 0.0, "support": 0}, "accuracy": 0.49640287769784175, "macro avg": {"precision": 0.08067986230636832, "recall": 0.11296952645425314, "f1-score": 0.08925959106837074, "support": 556}, "weighted avg": {"precision": 0.3228298600362395, "recall": 0.49640287769784175, "f1-score": 0.38470211571865875, "support": 556}}, "loss": "2.0359013", "lang_embeds": [], "lang_embeds_length": 0, "lang_length": 124}, "dev": {"report": {"0": {"precision": 0.75, "recall": 1.0, "f1-score": 0.8571428571428571, "support": 9}, "1": {"precision": 0.0, "recall": 0.0, "f1-score": 0.0, "support": 1}, "3": {"precision": 0.0, "recall": 0.0, "f1-score": 0.0, "support": 1}, "6": {"precision": 0.0, "recall": 0.0, "f1-score": 0.0, "support": 1}, "accuracy": 0.75, "macro avg": {"precision": 0.1875, "recall": 0.25, "f1-score": 0.21428571428571427, "support": 12}, "weighted avg": {"precision": 0.5625, "recall": 0.75, "f1-score": 0.6428571428571428, "support": 12}}, "loss": "1.4391047", "lang_embeds": [], "lang_embeds_length": 0, "lang_length": 12}, "test": {"report": {"0": {"precision": 0.5714285714285714, "recall": 1.0, "f1-score": 0.7272727272727273, "support": 8}, "1": {"precision": 0.0, "recall": 0.0, "f1-score": 0.0, "support": 2}, "2": {"precision": 0.0, "recall": 0.0, "f1-score": 0.0, "support": 1}, "4": {"precision": 0.0, "recall": 0.0, "f1-score": 0.0, "support": 1}, "6": {"precision": 0.0, "recall": 0.0, "f1-score": 0.0, "support": 2}, "accuracy": 0.5714285714285714, "macro avg": {"precision": 0.11428571428571428, "recall": 0.2, "f1-score": 0.14545454545454545, "support": 14}, "weighted avg": {"precision": 0.32653061224489793, "recall": 0.5714285714285714, "f1-score": 0.4155844155844156, "support": 14}}, "acc": 0.5714285969734192, "lang_embeds": [], "lang_embeds_length": 0, "lang_length": 14}, "test_zs": {"report": {"0": {"precision": 0.5714285714285714, "recall": 1.0, "f1-score": 0.7272727272727273, "support": 8}, "1": {"precision": 0.0, "recall": 0.0, "f1-score": 0.0, "support": 2}, "2": {"precision": 0.0, "recall": 0.0, "f1-score": 0.0, "support": 1}, "4": {"precision": 0.0, "recall": 0.0, "f1-score": 0.0, "support": 1}, "6": {"precision": 0.0, "recall": 0.0, "f1-score": 0.0, "support": 2}, "accuracy": 0.5714285714285714, "macro avg": {"precision": 0.11428571428571428, "recall": 0.2, "f1-score": 0.14545454545454545, "support": 14}, "weighted avg": {"precision": 0.32653061224489793, "recall": 0.5714285714285714, "f1-score": 0.4155844155844156, "support": 14}}, "acc": 0.5714285969734192, "lang_embeds": [], "lang_embeds_length": 0, "lang_length": 14}}