{"feature_name": "Lateral_Consonants", "feature_id": "8A", "epoch": 0, "train": {"report": {"0": {"precision": 0.6301369863013698, "recall": 0.7703349282296651, "f1-score": 0.6932185145317545, "support": 836}, "1": {"precision": 0.24015748031496062, "recall": 0.1639784946236559, "f1-score": 0.19488817891373802, "support": 372}, "2": {"precision": 0.0, "recall": 0.0, "f1-score": 0.0, "support": 32}, "3": {"precision": 0.1111111111111111, "recall": 0.03125, "f1-score": 0.04878048780487805, "support": 64}, "4": {"precision": 0.0, "recall": 0.0, "f1-score": 0.0, "support": 0}, "accuracy": 0.5421779141104295, "macro avg": {"precision": 0.1962811155454883, "recall": 0.1931126845706642, "f1-score": 0.18737743625007414, "support": 1304}, "weighted avg": {"precision": 0.4779480171290043, "recall": 0.5421779141104295, "f1-score": 0.5024164355245165, "support": 1304}}, "loss": "1.230906", "lang_embeds": [], "lang_embeds_length": 0, "lang_length": 161}, "dev": {"report": {"0": {"precision": 0.875, "recall": 1.0, "f1-score": 0.9333333333333333, "support": 14}, "1": {"precision": 0.0, "recall": 0.0, "f1-score": 0.0, "support": 2}, "accuracy": 0.875, "macro avg": {"precision": 0.4375, "recall": 0.5, "f1-score": 0.4666666666666667, "support": 16}, "weighted avg": {"precision": 0.765625, "recall": 0.875, "f1-score": 0.8166666666666667, "support": 16}}, "loss": "0.3868184", "lang_embeds": [], "lang_embeds_length": 0, "lang_length": 16}, "test": {"report": {"0": {"precision": 0.8823529411764706, "recall": 1.0, "f1-score": 0.9375, "support": 15}, "1": {"precision": 0.0, "recall": 0.0, "f1-score": 0.0, "support": 1}, "3": {"precision": 0.0, "recall": 0.0, "f1-score": 0.0, "support": 1}, "accuracy": 0.8823529411764706, "macro avg": {"precision": 0.29411764705882354, "recall": 0.3333333333333333, "f1-score": 0.3125, "support": 17}, "weighted avg": {"precision": 0.7785467128027681, "recall": 0.8823529411764706, "f1-score": 0.8272058823529411, "support": 17}}, "acc": 0.8823529481887817, "lang_embeds": [], "lang_embeds_length": 0, "lang_length": 17}, "test_zs": {"report": {"0": {"precision": 0.8823529411764706, "recall": 1.0, "f1-score": 0.9375, "support": 15}, "1": {"precision": 0.0, "recall": 0.0, "f1-score": 0.0, "support": 1}, "3": {"precision": 0.0, "recall": 0.0, "f1-score": 0.0, "support": 1}, "accuracy": 0.8823529411764706, "macro avg": {"precision": 0.29411764705882354, "recall": 0.3333333333333333, "f1-score": 0.3125, "support": 17}, "weighted avg": {"precision": 0.7785467128027681, "recall": 0.8823529411764706, "f1-score": 0.8272058823529411, "support": 17}}, "acc": 0.8823529481887817, "lang_embeds": [], "lang_embeds_length": 0, "lang_length": 17}}