{"feature_name": "Order_of_Genitive_and_Noun", "feature_id": "86A", "epoch": 0, "train": {"report": {"0": {"precision": 0.53125, "recall": 0.5448717948717948, "f1-score": 0.5379746835443039, "support": 156}, "1": {"precision": 0.3644067796610169, "recall": 0.3805309734513274, "f1-score": 0.37229437229437223, "support": 113}, "2": {"precision": 0.08333333333333333, "recall": 0.047619047619047616, "f1-score": 0.060606060606060615, "support": 21}, "accuracy": 0.44482758620689655, "macro avg": {"precision": 0.3263300376647834, "recall": 0.3243406053140567, "f1-score": 0.3236250388149123, "support": 290}, "weighted avg": {"precision": 0.4338033313851549, "recall": 0.44482758620689655, "f1-score": 0.43884842060311285, "support": 290}}, "loss": "2.2231078", "lang_embeds": [], "lang_embeds_length": 0, "lang_length": 290}, "dev": {"report": {"0": {"precision": 0.6666666666666666, "recall": 1.0, "f1-score": 0.8, "support": 22}, "1": {"precision": 0.0, "recall": 0.0, "f1-score": 0.0, "support": 9}, "2": {"precision": 0.0, "recall": 0.0, "f1-score": 0.0, "support": 2}, "accuracy": 0.6666666666666666, "macro avg": {"precision": 0.2222222222222222, "recall": 0.3333333333333333, "f1-score": 0.26666666666666666, "support": 33}, "weighted avg": {"precision": 0.4444444444444444, "recall": 0.6666666666666666, "f1-score": 0.5333333333333333, "support": 33}}, "loss": "1.213513", "lang_embeds": [], "lang_embeds_length": 0, "lang_length": 33}, "test": {"report": {"0": {"precision": 0.36363636363636365, "recall": 1.0, "f1-score": 0.5333333333333333, "support": 12}, "1": {"precision": 0.0, "recall": 0.0, "f1-score": 0.0, "support": 18}, "2": {"precision": 0.0, "recall": 0.0, "f1-score": 0.0, "support": 3}, "accuracy": 0.36363636363636365, "macro avg": {"precision": 0.12121212121212122, "recall": 0.3333333333333333, "f1-score": 0.17777777777777778, "support": 33}, "weighted avg": {"precision": 0.1322314049586777, "recall": 0.36363636363636365, "f1-score": 0.19393939393939394, "support": 33}}, "acc": 0.3636363744735718, "lang_embeds": [], "lang_embeds_length": 0, "lang_length": 33}, "test_zs": {"report": {"0": {"precision": 0.36363636363636365, "recall": 1.0, "f1-score": 0.5333333333333333, "support": 12}, "1": {"precision": 0.0, "recall": 0.0, "f1-score": 0.0, "support": 18}, "2": {"precision": 0.0, "recall": 0.0, "f1-score": 0.0, "support": 3}, "accuracy": 0.36363636363636365, "macro avg": {"precision": 0.12121212121212122, "recall": 0.3333333333333333, "f1-score": 0.17777777777777778, "support": 33}, "weighted avg": {"precision": 0.1322314049586777, "recall": 0.36363636363636365, "f1-score": 0.19393939393939394, "support": 33}}, "acc": 0.3636363744735718, "lang_embeds": [], "lang_embeds_length": 0, "lang_length": 33}}