{"feature_name": "Nominal_and_Verbal_Conjunction", "feature_id": "64A", "epoch": 0, "train": {"report": {"0": {"precision": 0.8730964467005076, "recall": 0.8431372549019608, "f1-score": 0.8578553615960098, "support": 204}, "1": {"precision": 0.788135593220339, "recall": 0.7209302325581395, "f1-score": 0.7530364372469636, "support": 129}, "2": {"precision": 0.45, "recall": 0.8181818181818182, "f1-score": 0.5806451612903226, "support": 22}, "accuracy": 0.7971830985915493, "macro avg": {"precision": 0.7037440133069489, "recall": 0.7940831018806396, "f1-score": 0.730512320044432, "support": 355}, "weighted avg": {"precision": 0.8160032863445839, "recall": 0.7971830985915493, "f1-score": 0.8025870076586799, "support": 355}}, "loss": "0.5804011", "lang_embeds": ["nav", "ind", "nse", "sll", "sag", "ell", "stp", "mam", "qvi", "agd", "aey", "apu", "fon", "dow", "hix", "fij", "yad", "zpi", "yor", "cnh", "yaq", "kor", "apr", "moc", "rus", "tgl", "vie", "mri", "wnu", "kto", "ote", "emi", "tsz", "pbb", "deu", "tnc", "spa", "naf", "tvk", "ood", "fra", "mig", "qvh", "mcf", "naq", "hun", "som", "mzh", "hau", "nhx", "pma", "fin", "jpn", "pes", "kwd", "btx", "hin", "pwg", "nab", "tur", "sue", "nhg", "kpw", "laj", "nya", "eus", "amp", "too", "tzj", "spp", "ann", "pao", "tfr", "zul", "nbl", "sps", "myb", "ses", "urb"], "lang_embeds_length": 79, "lang_length": 79}, "dev": {"report": {"0": {"precision": 1.0, "recall": 1.0, "f1-score": 1.0, "support": 5}, "1": {"precision": 1.0, "recall": 1.0, "f1-score": 1.0, "support": 3}, "accuracy": 1.0, "macro avg": {"precision": 1.0, "recall": 1.0, "f1-score": 1.0, "support": 8}, "weighted avg": {"precision": 1.0, "recall": 1.0, "f1-score": 1.0, "support": 8}}, "loss": "0.10024012", "lang_embeds": ["kpw", "mig", "wnu", "ann", "too", "myb", "kwd", "mzh"], "lang_embeds_length": 8, "lang_length": 8}, "test": {"report": {"0": {"precision": 0.75, "recall": 0.375, "f1-score": 0.5, "support": 8}, "1": {"precision": 0.0, "recall": 0.0, "f1-score": 0.0, "support": 1}, "2": {"precision": 0.0, "recall": 0.0, "f1-score": 0.0, "support": 0}, "accuracy": 0.3333333333333333, "macro avg": {"precision": 0.25, "recall": 0.125, "f1-score": 0.16666666666666666, "support": 9}, "weighted avg": {"precision": 0.6666666666666666, "recall": 0.3333333333333333, "f1-score": 0.4444444444444444, "support": 9}}, "acc": 0.3333333432674408, "lang_embeds": ["tha", "arn", "nep", "mai", "tet", "che", "ita", "lav", "tam"], "lang_embeds_length": 9, "lang_length": 9}, "test_zs": {"report": {"0": {"precision": 0.0, "recall": 0.0, "f1-score": 0.0, "support": 8}, "1": {"precision": 0.1111111111111111, "recall": 1.0, "f1-score": 0.19999999999999998, "support": 1}, "accuracy": 0.1111111111111111, "macro avg": {"precision": 0.05555555555555555, "recall": 0.5, "f1-score": 0.09999999999999999, "support": 9}, "weighted avg": {"precision": 0.012345679012345678, "recall": 0.1111111111111111, "f1-score": 0.02222222222222222, "support": 9}}, "acc": 0.1111111119389534, "lang_embeds": [], "lang_embeds_length": 0, "lang_length": 9}}