{"feature_name": "Fixed_Stress_Locations", "feature_id": "14A", "epoch": 0, "train": {"report": {"0": {"precision": 0.4895397489539749, "recall": 0.7714285714285715, "f1-score": 0.5989761092150171, "support": 455}, "1": {"precision": 0.17708333333333334, "recall": 0.1452991452991453, "f1-score": 0.15962441314553993, "support": 234}, "2": {"precision": 0.16470588235294117, "recall": 0.07216494845360824, "f1-score": 0.1003584229390681, "support": 194}, "3": {"precision": 0.07142857142857142, "recall": 0.012345679012345678, "f1-score": 0.021052631578947368, "support": 81}, "4": {"precision": 0.0, "recall": 0.0, "f1-score": 0.0, "support": 40}, "5": {"precision": 0.16666666666666666, "recall": 0.0625, "f1-score": 0.09090909090909091, "support": 16}, "6": {"precision": 0.0, "recall": 0.0, "f1-score": 0.0, "support": 0}, "accuracy": 0.3931372549019608, "macro avg": {"precision": 0.15277488610506965, "recall": 0.15196262059909582, "f1-score": 0.13870295254109477, "support": 1020}, "weighted avg": {"precision": 0.2986111842185393, "recall": 0.3931372549019608, "f1-score": 0.32599567159951814, "support": 1020}}, "loss": "1.8175997", "lang_embeds": [], "lang_embeds_length": 0, "lang_length": 126}, "dev": {"report": {"0": {"precision": 0.75, "recall": 1.0, "f1-score": 0.8571428571428571, "support": 9}, "1": {"precision": 0.0, "recall": 0.0, "f1-score": 0.0, "support": 2}, "2": {"precision": 0.0, "recall": 0.0, "f1-score": 0.0, "support": 1}, "accuracy": 0.75, "macro avg": {"precision": 0.25, "recall": 0.3333333333333333, "f1-score": 0.2857142857142857, "support": 12}, "weighted avg": {"precision": 0.5625, "recall": 0.75, "f1-score": 0.6428571428571428, "support": 12}}, "loss": "0.961906", "lang_embeds": [], "lang_embeds_length": 0, "lang_length": 12}, "test": {"report": {"0": {"precision": 0.38461538461538464, "recall": 1.0, "f1-score": 0.5555555555555556, "support": 5}, "1": {"precision": 0.0, "recall": 0.0, "f1-score": 0.0, "support": 1}, "2": {"precision": 0.0, "recall": 0.0, "f1-score": 0.0, "support": 5}, "3": {"precision": 0.0, "recall": 0.0, "f1-score": 0.0, "support": 2}, "accuracy": 0.38461538461538464, "macro avg": {"precision": 0.09615384615384616, "recall": 0.25, "f1-score": 0.1388888888888889, "support": 13}, "weighted avg": {"precision": 0.14792899408284024, "recall": 0.38461538461538464, "f1-score": 0.21367521367521367, "support": 13}}, "acc": 0.38461539149284363, "lang_embeds": [], "lang_embeds_length": 0, "lang_length": 13}, "test_zs": {"report": {"0": {"precision": 0.38461538461538464, "recall": 1.0, "f1-score": 0.5555555555555556, "support": 5}, "1": {"precision": 0.0, "recall": 0.0, "f1-score": 0.0, "support": 1}, "2": {"precision": 0.0, "recall": 0.0, "f1-score": 0.0, "support": 5}, "3": {"precision": 0.0, "recall": 0.0, "f1-score": 0.0, "support": 2}, "accuracy": 0.38461538461538464, "macro avg": {"precision": 0.09615384615384616, "recall": 0.25, "f1-score": 0.1388888888888889, "support": 13}, "weighted avg": {"precision": 0.14792899408284024, "recall": 0.38461538461538464, "f1-score": 0.21367521367521367, "support": 13}}, "acc": 0.38461539149284363, "lang_embeds": [], "lang_embeds_length": 0, "lang_length": 13}}