{"feature_name": "Numeral_Bases", "feature_id": "131A", "epoch": 0, "train": {"report": {"0": {"precision": 0.8072289156626506, "recall": 0.6203703703703703, "f1-score": 0.7015706806282721, "support": 108}, "1": {"precision": 0.4583333333333333, "recall": 0.4230769230769231, "f1-score": 0.43999999999999995, "support": 26}, "2": {"precision": 0.4, "recall": 0.5, "f1-score": 0.4444444444444445, "support": 12}, "3": {"precision": 0.5714285714285714, "recall": 0.36363636363636365, "f1-score": 0.4444444444444444, "support": 22}, "4": {"precision": 0.12, "recall": 0.6, "f1-score": 0.19999999999999998, "support": 5}, "5": {"precision": 0.0625, "recall": 0.25, "f1-score": 0.1, "support": 4}, "accuracy": 0.5423728813559322, "macro avg": {"precision": 0.40324847007075926, "recall": 0.45951394284727615, "f1-score": 0.3884099282528602, "support": 177}, "weighted avg": {"precision": 0.6628181815235114, "recall": 0.5423728813559322, "f1-score": 0.5859929074517768, "support": 177}}, "loss": "1.3384472", "lang_embeds": ["fra", "nav", "tac", "hin", "bzd", "vie", "mri", "mig", "aca", "tur", "ind", "ote", "snf", "sag", "ell", "ibo", "nhg", "ffm", "kpw", "laj", "naq", "qvi", "plt", "mna", "eus", "dgz", "azz", "amp", "tmd", "ewe", "hun", "btx", "mzh", "huv", "khk", "kwi", "amh", "hix", "guc", "cle", "deu", "hau", "fij", "mib", "djk", "yua", "fin", "spp", "yad", "yor", "swh", "spa", "zul", "jpn", "yaq", "bsn", "kor", "niy", "esu", "khm", "car", "pes", "tbo", "rus", "ses", "tgl"], "lang_embeds_length": 66, "lang_length": 66}, "dev": {"report": {"0": {"precision": 1.0, "recall": 1.0, "f1-score": 1.0, "support": 3}, "1": {"precision": 1.0, "recall": 1.0, "f1-score": 1.0, "support": 1}, "2": {"precision": 1.0, "recall": 1.0, "f1-score": 1.0, "support": 1}, "3": {"precision": 1.0, "recall": 1.0, "f1-score": 1.0, "support": 1}, "5": {"precision": 1.0, "recall": 1.0, "f1-score": 1.0, "support": 1}, "accuracy": 1.0, "macro avg": {"precision": 1.0, "recall": 1.0, "f1-score": 1.0, "support": 7}, "weighted avg": {"precision": 1.0, "recall": 1.0, "f1-score": 1.0, "support": 7}}, "loss": "0.682149", "lang_embeds": ["amh", "hix", "kpw", "naq", "mig", "tbo", "khk"], "lang_embeds_length": 7, "lang_length": 7}, "test": {"report": {"0": {"precision": 0.6666666666666666, "recall": 0.4, "f1-score": 0.5, "support": 5}, "1": {"precision": 0.0, "recall": 0.0, "f1-score": 0.0, "support": 2}, "2": {"precision": 0.0, "recall": 0.0, "f1-score": 0.0, "support": 0}, "3": {"precision": 0.0, "recall": 0.0, "f1-score": 0.0, "support": 0}, "4": {"precision": 0.0, "recall": 0.0, "f1-score": 0.0, "support": 0}, "accuracy": 0.2857142857142857, "macro avg": {"precision": 0.13333333333333333, "recall": 0.08, "f1-score": 0.1, "support": 7}, "weighted avg": {"precision": 0.47619047619047616, "recall": 0.2857142857142857, "f1-score": 0.35714285714285715, "support": 7}}, "acc": 0.2857142984867096, "lang_embeds": ["tha", "arn", "dan", "hye", "mya", "lav", "gle"], "lang_embeds_length": 7, "lang_length": 7}, "test_zs": {"report": {"0": {"precision": 0.0, "recall": 0.0, "f1-score": 0.0, "support": 5.0}, "1": {"precision": 0.0, "recall": 0.0, "f1-score": 0.0, "support": 2.0}, "3": {"precision": 0.0, "recall": 0.0, "f1-score": 0.0, "support": 0.0}, "accuracy": 0.0, "macro avg": {"precision": 0.0, "recall": 0.0, "f1-score": 0.0, "support": 7.0}, "weighted avg": {"precision": 0.0, "recall": 0.0, "f1-score": 0.0, "support": 7.0}}, "acc": 0.0, "lang_embeds": [], "lang_embeds_length": 0, "lang_length": 7}}