{"feature_name": "Nominal_and_Locational_Predication", "feature_id": "119A", "epoch": 0, "train": {"report": {"0": {"precision": 0.8430232558139535, "recall": 0.8682634730538922, "f1-score": 0.8554572271386431, "support": 334}, "1": {"precision": 0.7634408602150538, "recall": 0.7244897959183674, "f1-score": 0.7434554973821991, "support": 196}, "accuracy": 0.8150943396226416, "macro avg": {"precision": 0.8032320580145036, "recall": 0.7963766344861298, "f1-score": 0.7994563622604212, "support": 530}, "weighted avg": {"precision": 0.8135927849887, "recall": 0.8150943396226416, "f1-score": 0.8140377195305997, "support": 530}}, "loss": "0.42978916", "lang_embeds": ["ron", "nav", "pib", "mbb", "ind", "ell", "ibo", "hop", "shp", "nak", "srn", "qvi", "mam", "plt", "aey", "guc", "kwi", "tha", "hix", "nld", "smo", "fij", "yad", "yor", "yaq", "kor", "ape", "mya", "crs", "rus", "pad", "tgl", "tam", "arn", "aia", "ssd", "mri", "vie", "wnu", "ote", "for", "mqy", "lhu", "lit", "fuv", "sna", "khk", "tnc", "hye", "spa", "bre", "lav", "pam", "bsn", "est", "apy", "tzo", "tpt", "mph", "car", "ood", "gur", "fra", "gle", "bzd", "ceb", "hch", "noa", "lbj", "cao", "naq", "dgz", "ach", "hun", "ewe", "som", "mzh", "hau", "sja", "pma", "fin", "caq", "swh", "gfk", "jpn", "nas", "zai", "mva", "miq", "pes", "ctp", "kwd", "bul", "hin", "mos", "mil", "tur", "gub", "xpe", "nhg", "kpw", "cco", "eus", "pap", "amp", "teo", "tzj", "amh", "pol", "spp", "zul", "swe", "mbc", "ary", "khm", "xsm", "snc", "urb"], "lang_embeds_length": 118, "lang_length": 118}, "dev": {"report": {"0": {"precision": 1.0, "recall": 1.0, "f1-score": 1.0, "support": 7}, "1": {"precision": 1.0, "recall": 1.0, "f1-score": 1.0, "support": 5}, "accuracy": 1.0, "macro avg": {"precision": 1.0, "recall": 1.0, "f1-score": 1.0, "support": 12}, "weighted avg": {"precision": 1.0, "recall": 1.0, "f1-score": 1.0, "support": 12}}, "loss": "0.17951162", "lang_embeds": ["ary", "pib", "pes", "mil", "nak", "yad", "amp", "teo", "swh", "crs", "mzh", "khk"], "lang_embeds_length": 12, "lang_length": 12}, "test": {"report": {"0": {"precision": 0.5454545454545454, "recall": 0.8571428571428571, "f1-score": 0.6666666666666665, "support": 7}, "1": {"precision": 0.5, "recall": 0.16666666666666666, "f1-score": 0.25, "support": 6}, "accuracy": 0.5384615384615384, "macro avg": {"precision": 0.5227272727272727, "recall": 0.5119047619047619, "f1-score": 0.45833333333333326, "support": 13}, "weighted avg": {"precision": 0.5244755244755245, "recall": 0.5384615384615384, "f1-score": 0.47435897435897434, "support": 13}}, "acc": 0.5384615659713745, "lang_embeds": ["nep", "ilo", "ben", "tat", "ton", "lus", "che", "gla", "ces", "lug", "rmy", "cym", "ium"], "lang_embeds_length": 13, "lang_length": 13}, "test_zs": {"report": {"0": {"precision": 0.0, "recall": 0.0, "f1-score": 0.0, "support": 7}, "1": {"precision": 0.46153846153846156, "recall": 1.0, "f1-score": 0.631578947368421, "support": 6}, "accuracy": 0.46153846153846156, "macro avg": {"precision": 0.23076923076923078, "recall": 0.5, "f1-score": 0.3157894736842105, "support": 13}, "weighted avg": {"precision": 0.21301775147928995, "recall": 0.46153846153846156, "f1-score": 0.291497975708502, "support": 13}}, "acc": 0.4615384638309479, "lang_embeds": [], "lang_embeds_length": 0, "lang_length": 13}}