{"feature_name": "Order_of_Subject,_Object_and_Verb", "feature_id": "81A", "epoch": 0, "train": {"report": {"0": {"precision": 0.41284403669724773, "recall": 0.47493403693931396, "f1-score": 0.44171779141104295, "support": 379}, "1": {"precision": 0.328804347826087, "recall": 0.3805031446540881, "f1-score": 0.3527696793002916, "support": 318}, "2": {"precision": 0.05128205128205128, "recall": 0.024096385542168676, "f1-score": 0.032786885245901634, "support": 83}, "3": {"precision": 0.11363636363636363, "recall": 0.050505050505050504, "f1-score": 0.06993006993006992, "support": 99}, "4": {"precision": 0.0, "recall": 0.0, "f1-score": 0.0, "support": 17}, "5": {"precision": 0.0, "recall": 0.0, "f1-score": 0.0, "support": 7}, "6": {"precision": 0.0, "recall": 0.0, "f1-score": 0.0, "support": 3}, "accuracy": 0.33995584988962474, "macro avg": {"precision": 0.12950954277739282, "recall": 0.1328626596629459, "f1-score": 0.12817206084104374, "support": 906}, "weighted avg": {"precision": 0.3052252569242415, "recall": 0.33995584988962474, "f1-score": 0.3192452421200494, "support": 906}}, "loss": "2.0117888", "lang_embeds": [], "lang_embeds_length": 0, "lang_length": 336}, "dev": {"report": {"0": {"precision": 0.5294117647058824, "recall": 1.0, "f1-score": 0.6923076923076924, "support": 18}, "1": {"precision": 0.0, "recall": 0.0, "f1-score": 0.0, "support": 12}, "2": {"precision": 0.0, "recall": 0.0, "f1-score": 0.0, "support": 3}, "3": {"precision": 0.0, "recall": 0.0, "f1-score": 0.0, "support": 1}, "accuracy": 0.5294117647058824, "macro avg": {"precision": 0.1323529411764706, "recall": 0.25, "f1-score": 0.1730769230769231, "support": 34}, "weighted avg": {"precision": 0.28027681660899656, "recall": 0.5294117647058824, "f1-score": 0.36651583710407243, "support": 34}}, "loss": "1.2501915", "lang_embeds": [], "lang_embeds_length": 0, "lang_length": 34}, "test": {"report": {"0": {"precision": 0.29411764705882354, "recall": 1.0, "f1-score": 0.45454545454545453, "support": 10}, "1": {"precision": 0.0, "recall": 0.0, "f1-score": 0.0, "support": 16}, "2": {"precision": 0.0, "recall": 0.0, "f1-score": 0.0, "support": 4}, "3": {"precision": 0.0, "recall": 0.0, "f1-score": 0.0, "support": 4}, "accuracy": 0.29411764705882354, "macro avg": {"precision": 0.07352941176470588, "recall": 0.25, "f1-score": 0.11363636363636363, "support": 34}, "weighted avg": {"precision": 0.08650519031141869, "recall": 0.29411764705882354, "f1-score": 0.1336898395721925, "support": 34}}, "acc": 0.29411765933036804, "lang_embeds": [], "lang_embeds_length": 0, "lang_length": 34}, "test_zs": {"report": {"0": {"precision": 0.29411764705882354, "recall": 1.0, "f1-score": 0.45454545454545453, "support": 10}, "1": {"precision": 0.0, "recall": 0.0, "f1-score": 0.0, "support": 16}, "2": {"precision": 0.0, "recall": 0.0, "f1-score": 0.0, "support": 4}, "3": {"precision": 0.0, "recall": 0.0, "f1-score": 0.0, "support": 4}, "accuracy": 0.29411764705882354, "macro avg": {"precision": 0.07352941176470588, "recall": 0.25, "f1-score": 0.11363636363636363, "support": 34}, "weighted avg": {"precision": 0.08650519031141869, "recall": 0.29411764705882354, "f1-score": 0.1336898395721925, "support": 34}}, "acc": 0.29411765933036804, "lang_embeds": [], "lang_embeds_length": 0, "lang_length": 34}}