{"feature_name": "Overlap_between_Situational_and_Epistemic_Modal_Marking", "feature_id": "76A", "epoch": 0, "train": {"report": {"0": {"precision": 0.44047619047619047, "recall": 0.4966442953020134, "f1-score": 0.46687697160883285, "support": 149}, "1": {"precision": 0.3543307086614173, "recall": 0.32608695652173914, "f1-score": 0.339622641509434, "support": 138}, "2": {"precision": 0.26851851851851855, "recall": 0.25, "f1-score": 0.2589285714285714, "support": 116}, "accuracy": 0.36724565756823824, "macro avg": {"precision": 0.3544418058853755, "recall": 0.3575770839412509, "f1-score": 0.35514272818227943, "support": 403}, "weighted avg": {"precision": 0.3614807402589978, "recall": 0.36724565756823824, "f1-score": 0.36344493196955896, "support": 403}}, "loss": "1.805724", "lang_embeds": [], "lang_embeds_length": 0, "lang_length": 75}, "dev": {"report": {"0": {"precision": 0.0, "recall": 0.0, "f1-score": 0.0, "support": 1}, "1": {"precision": 0.0, "recall": 0.0, "f1-score": 0.0, "support": 2}, "2": {"precision": 0.5714285714285714, "recall": 1.0, "f1-score": 0.7272727272727273, "support": 4}, "accuracy": 0.5714285714285714, "macro avg": {"precision": 0.19047619047619047, "recall": 0.3333333333333333, "f1-score": 0.24242424242424243, "support": 7}, "weighted avg": {"precision": 0.32653061224489793, "recall": 0.5714285714285714, "f1-score": 0.4155844155844156, "support": 7}}, "loss": "1.0337739", "lang_embeds": [], "lang_embeds_length": 0, "lang_length": 7}, "test": {"report": {"0": {"precision": 0.0, "recall": 0.0, "f1-score": 0.0, "support": 2}, "1": {"precision": 0.0, "recall": 0.0, "f1-score": 0.0, "support": 2}, "2": {"precision": 0.5, "recall": 1.0, "f1-score": 0.6666666666666666, "support": 4}, "accuracy": 0.5, "macro avg": {"precision": 0.16666666666666666, "recall": 0.3333333333333333, "f1-score": 0.2222222222222222, "support": 8}, "weighted avg": {"precision": 0.25, "recall": 0.5, "f1-score": 0.3333333333333333, "support": 8}}, "acc": 0.5, "lang_embeds": [], "lang_embeds_length": 0, "lang_length": 8}, "test_zs": {"report": {"0": {"precision": 0.0, "recall": 0.0, "f1-score": 0.0, "support": 2}, "1": {"precision": 0.0, "recall": 0.0, "f1-score": 0.0, "support": 2}, "2": {"precision": 0.5, "recall": 1.0, "f1-score": 0.6666666666666666, "support": 4}, "accuracy": 0.5, "macro avg": {"precision": 0.16666666666666666, "recall": 0.3333333333333333, "f1-score": 0.2222222222222222, "support": 8}, "weighted avg": {"precision": 0.25, "recall": 0.5, "f1-score": 0.3333333333333333, "support": 8}}, "acc": 0.5, "lang_embeds": [], "lang_embeds_length": 0, "lang_length": 8}}