{"feature_name": "Prefixing_vs._Suffixing_in_Inflectional_Morphology", "feature_id": "26A", "epoch": 0, "train": {"report": {"0": {"precision": 0.46443514644351463, "recall": 0.8844621513944223, "f1-score": 0.6090534979423868, "support": 1004}, "1": {"precision": 0.09929078014184398, "recall": 0.038356164383561646, "f1-score": 0.05533596837944664, "support": 365}, "2": {"precision": 0.04878048780487805, "recall": 0.00796812749003984, "f1-score": 0.013698630136986302, "support": 251}, "3": {"precision": 0.10526315789473684, "recall": 0.011695906432748537, "f1-score": 0.021052631578947368, "support": 171}, "4": {"precision": 0.09523809523809523, "recall": 0.009569377990430622, "f1-score": 0.017391304347826087, "support": 209}, "5": {"precision": 0.0, "recall": 0.0, "f1-score": 0.0, "support": 146}, "accuracy": 0.42311276794035413, "macro avg": {"precision": 0.13550127792051145, "recall": 0.15867528794853383, "f1-score": 0.11942200539759888, "support": 2146}, "weighted avg": {"precision": 0.2575408602632097, "recall": 0.42311276794035413, "f1-score": 0.29932920743976404, "support": 2146}}, "loss": "1.8503073", "lang_embeds": [], "lang_embeds_length": 0, "lang_length": 265}, "dev": {"report": {"0": {"precision": 0.6538461538461539, "recall": 1.0, "f1-score": 0.7906976744186047, "support": 17}, "1": {"precision": 0.0, "recall": 0.0, "f1-score": 0.0, "support": 2}, "2": {"precision": 0.0, "recall": 0.0, "f1-score": 0.0, "support": 6}, "3": {"precision": 0.0, "recall": 0.0, "f1-score": 0.0, "support": 1}, "accuracy": 0.6538461538461539, "macro avg": {"precision": 0.16346153846153846, "recall": 0.25, "f1-score": 0.19767441860465118, "support": 26}, "weighted avg": {"precision": 0.42751479289940825, "recall": 0.6538461538461539, "f1-score": 0.5169946332737031, "support": 26}}, "loss": "1.2134141", "lang_embeds": [], "lang_embeds_length": 0, "lang_length": 26}, "test": {"report": {"0": {"precision": 0.5185185185185185, "recall": 1.0, "f1-score": 0.6829268292682926, "support": 14}, "2": {"precision": 0.0, "recall": 0.0, "f1-score": 0.0, "support": 6}, "3": {"precision": 0.0, "recall": 0.0, "f1-score": 0.0, "support": 5}, "5": {"precision": 0.0, "recall": 0.0, "f1-score": 0.0, "support": 2}, "accuracy": 0.5185185185185185, "macro avg": {"precision": 0.12962962962962962, "recall": 0.25, "f1-score": 0.17073170731707316, "support": 27}, "weighted avg": {"precision": 0.2688614540466392, "recall": 0.5185185185185185, "f1-score": 0.35411020776874436, "support": 27}}, "acc": 0.5185185074806213, "lang_embeds": [], "lang_embeds_length": 0, "lang_length": 27}, "test_zs": {"report": {"0": {"precision": 0.5185185185185185, "recall": 1.0, "f1-score": 0.6829268292682926, "support": 14}, "2": {"precision": 0.0, "recall": 0.0, "f1-score": 0.0, "support": 6}, "3": {"precision": 0.0, "recall": 0.0, "f1-score": 0.0, "support": 5}, "5": {"precision": 0.0, "recall": 0.0, "f1-score": 0.0, "support": 2}, "accuracy": 0.5185185185185185, "macro avg": {"precision": 0.12962962962962962, "recall": 0.25, "f1-score": 0.17073170731707316, "support": 27}, "weighted avg": {"precision": 0.2688614540466392, "recall": 0.5185185185185185, "f1-score": 0.35411020776874436, "support": 27}}, "acc": 0.5185185074806213, "lang_embeds": [], "lang_embeds_length": 0, "lang_length": 27}}