{"feature_name": "Position_of_Tense-Aspect_Affixes", "feature_id": "69A", "epoch": 0, "train": {"report": {"0": {"precision": 0.7837078651685393, "recall": 0.8691588785046729, "f1-score": 0.8242245199409157, "support": 963}, "1": {"precision": 0.6904761904761905, "recall": 0.5058139534883721, "f1-score": 0.5838926174496645, "support": 172}, "2": {"precision": 0.6651376146788991, "recall": 0.5555555555555556, "f1-score": 0.6054279749478079, "support": 261}, "3": {"precision": 0.6554054054054054, "recall": 0.521505376344086, "f1-score": 0.5808383233532934, "support": 186}, "4": {"precision": 0.21428571428571427, "recall": 0.45, "f1-score": 0.29032258064516125, "support": 20}, "accuracy": 0.733458177278402, "macro avg": {"precision": 0.6018025580029497, "recall": 0.5804067527785374, "f1-score": 0.5769412032673685, "support": 1602}, "weighted avg": {"precision": 0.7323749163804745, "recall": 0.733458177278402, "f1-score": 0.7278507016993994, "support": 1602}}, "loss": "0.7531722", "lang_embeds": ["des", "nav", "xho", "var", "ntp", "trc", "pib", "mbb", "ind", "cme", "hto", "sll", "xsi", "urt", "sag", "ell", "ibo", "spl", "hop", "tbl", "yao", "bcl", "shp", "nak", "azb", "stp", "mam", "qvi", "iba", "plt", "agd", "nyn", "kac", "tmd", "fub", "amn", "apu", "fon", "ycn", "aey", "agt", "auc", "yon", "dow", "tee", "guc", "huv", "kwi", "tha", "hix", "nld", "bom", "fij", "lif", "yad", "yor", "apw", "cnh", "yaq", "kor", "mcd", "adj", "mio", "bmr", "niy", "nmf", "moc", "zpq", "ghs", "xsr", "ape", "mya", "rus", "pad", "plu", "tgl", "arn", "aia", "nko", "gvf", "ssd", "mri", "vie", "ign", "wnu", "huu", "mjw", "ote", "kto", "for", "lww", "cub", "kyz", "wrk", "abt", "mqy", "nuy", "hla", "xbi", "kms", "tsz", "kmh", "pbb", "cui", "csy", "snp", "ong", "sna", "apt", "djr", "yrb", "yle", "khk", "byr", "deu", "cle", "urd", "cbr", "nhu", "tnc", "hye", "enx", "spa", "nzm", "faa", "kki", "ctd", "lav", "emp", "alp", "pam", "bsn", "gym", "mmn", "mkd", "naf", "est", "sus", "apy", "tob", "tzo", "amk", "tbo", "tpt", "kpx", "izz", "acu", "tna", "mlp", "car", "mph", "ood", "gle", "fra", "kup", "tac", "kin", "bzd", "njb", "ceb", "cap", "mig", "mie", "mau", "hch", "qvh", "tca", "noa", "cab", "aom", "avt", "awb", "hus", "lbj", "cao", "srq", "ven", "naq", "sat", "oym", "poi", "dgz", "ach", "hun", "som", "bmu", "nbc", "mzh", "sba", "hau", "sja", "mrg", "okv", "plg", "mpt", "pma", "fin", "caq", "bvr", "ncl", "wim", "swh", "dis", "jpn", "ncj", "nas", "adi", "nso", "gah", "zai", "zav", "cbi", "bci", "mva", "miq", "pes", "uig", "ctp", "kmo", "tuo", "cof", "btx", "toi", "usa", "hin", "aoj", "mos", "nab", "aca", "njo", "ppo", "mil", "tur", "kue", "jiv", "kbh", "chf", "xav", "ixl", "sue", "tbg", "cbc", "kpj", "gso", "nhg", "kpw", "chq", "laj", "cco", "nya", "ilb", "viv", "eus", "nob", "amp", "teo", "ese", "mcn", "cax", "too", "mco", "opm", "tzj", "njz", "agg", "amh", "snn", "bhg", "wib", "djk", "rkb", "pol", "spp", "ann", "pao", "tfr", "cpa", "zul", "rwo", "nbl", "ian", "nst", "mbc", "esu", "ary", "khm", "snc", "zaw", "lac", "sbe", "gvn", "sua", "ndo", "trp", "bem", "ses", "urb"], "lang_embeds_length": 297, "lang_length": 297}, "dev": {"report": {"0": {"precision": 1.0, "recall": 1.0, "f1-score": 1.0, "support": 18}, "1": {"precision": 1.0, "recall": 1.0, "f1-score": 1.0, "support": 1}, "2": {"precision": 1.0, "recall": 1.0, "f1-score": 1.0, "support": 8}, "3": {"precision": 1.0, "recall": 1.0, "f1-score": 1.0, "support": 3}, "accuracy": 1.0, "macro avg": {"precision": 1.0, "recall": 1.0, "f1-score": 1.0, "support": 30}, "weighted avg": {"precision": 1.0, "recall": 1.0, "f1-score": 1.0, "support": 30}}, "loss": "0.21367857", "lang_embeds": ["nko", "ntp", "ceb", "njo", "cap", "mau", "xav", "chf", "tbg", "lbj", "srq", "sat", "oym", "poi", "cax", "apt", "som", "yle", "amh", "okv", "ncl", "apw", "gym", "ary", "mva", "pes", "uig", "ghs", "ctp", "sua"], "lang_embeds_length": 30, "lang_length": 30}, "test": {"report": {"0": {"precision": 0.55, "recall": 0.6470588235294118, "f1-score": 0.5945945945945946, "support": 17}, "1": {"precision": 0.0, "recall": 0.0, "f1-score": 0.0, "support": 5}, "2": {"precision": 0.1, "recall": 0.5, "f1-score": 0.16666666666666669, "support": 2}, "3": {"precision": 0.0, "recall": 0.0, "f1-score": 0.0, "support": 7}, "accuracy": 0.3870967741935484, "macro avg": {"precision": 0.1625, "recall": 0.2867647058823529, "f1-score": 0.19031531531531531, "support": 31}, "weighted avg": {"precision": 0.3080645161290323, "recall": 0.3870967741935484, "f1-score": 0.33682069165940137, "support": 31}}, "acc": 0.3870967626571655, "lang_embeds": ["ron", "bel", "gla", "tyv", "lit", "tet", "ukr", "por", "kik", "cor", "smo", "lus", "bre", "lug", "cym", "swe", "wbp", "ckb", "dan", "nep", "nog", "tat", "tih", "ton", "che", "ita", "ces", "tgk", "ium", "tam", "bul"], "lang_embeds_length": 31, "lang_length": 31}, "test_zs": {"report": {"0": {"precision": 0.0, "recall": 0.0, "f1-score": 0.0, "support": 17}, "1": {"precision": 0.0, "recall": 0.0, "f1-score": 0.0, "support": 5}, "2": {"precision": 0.0, "recall": 0.0, "f1-score": 0.0, "support": 2}, "3": {"precision": 0.22580645161290322, "recall": 1.0, "f1-score": 0.3684210526315789, "support": 7}, "accuracy": 0.22580645161290322, "macro avg": {"precision": 0.056451612903225805, "recall": 0.25, "f1-score": 0.09210526315789473, "support": 31}, "weighted avg": {"precision": 0.0509885535900104, "recall": 0.22580645161290322, "f1-score": 0.0831918505942275, "support": 31}}, "acc": 0.22580644488334656, "lang_embeds": [], "lang_embeds_length": 0, "lang_length": 31}}