{"feature_name": "Negative_Indefinite_Pronouns_and_Predicate_Negation", "feature_id": "115A", "epoch": 0, "train": {"report": {"0": {"precision": 0.8428571428571429, "recall": 0.6276595744680851, "f1-score": 0.7195121951219512, "support": 94}, "1": {"precision": 0.0625, "recall": 0.125, "f1-score": 0.08333333333333333, "support": 8}, "2": {"precision": 0.058823529411764705, "recall": 0.25, "f1-score": 0.09523809523809523, "support": 4}, "3": {"precision": 0.3333333333333333, "recall": 0.4166666666666667, "f1-score": 0.3703703703703704, "support": 12}, "accuracy": 0.559322033898305, "macro avg": {"precision": 0.32437850140056024, "recall": 0.35483156028368795, "f1-score": 0.31711349851593756, "support": 118}, "weighted avg": {"precision": 0.7115581825950719, "recall": 0.559322033898305, "f1-score": 0.6197136426570077, "support": 118}}, "loss": "1.1008444", "lang_embeds": ["fra", "ron", "nav", "arn", "mua", "hin", "vie", "ntp", "mri", "mig", "tur", "ind", "qvh", "ell", "tgl", "shp", "nhg", "tsz", "laj", "kpw", "qvi", "pbb", "eus", "fon", "hun", "som", "btx", "mzh", "tzj", "deu", "hau", "tha", "kwi", "nld", "sja", "pma", "tnc", "fin", "spp", "pol", "zpi", "pao", "swh", "spa", "gle", "tfr", "zul", "jpn", "lav", "yaq", "bsn", "kor", "mbc", "niy", "khm", "moc", "pes", "mya", "ood", "ita", "myb", "rus", "ses", "urb", "tam", "bul"], "lang_embeds_length": 66, "lang_length": 66}, "dev": {"report": {"0": {"precision": 1.0, "recall": 1.0, "f1-score": 1.0, "support": 6}, "2": {"precision": 1.0, "recall": 1.0, "f1-score": 1.0, "support": 1}, "accuracy": 1.0, "macro avg": {"precision": 1.0, "recall": 1.0, "f1-score": 1.0, "support": 7}, "weighted avg": {"precision": 1.0, "recall": 1.0, "f1-score": 1.0, "support": 7}}, "loss": "0.38467404", "lang_embeds": ["nav", "niy", "sja", "laj", "tnc", "swh", "myb"], "lang_embeds_length": 7, "lang_length": 7}, "test": {"report": {"0": {"precision": 0.6666666666666666, "recall": 0.8, "f1-score": 0.7272727272727272, "support": 5}, "1": {"precision": 0.0, "recall": 0.0, "f1-score": 0.0, "support": 2}, "3": {"precision": 0.0, "recall": 0.0, "f1-score": 0.0, "support": 0}, "accuracy": 0.5714285714285714, "macro avg": {"precision": 0.2222222222222222, "recall": 0.26666666666666666, "f1-score": 0.2424242424242424, "support": 7}, "weighted avg": {"precision": 0.47619047619047616, "recall": 0.5714285714285714, "f1-score": 0.5194805194805194, "support": 7}}, "acc": 0.5714285969734192, "lang_embeds": ["nep", "lit", "tet", "por", "swe", "cat", "tyv"], "lang_embeds_length": 7, "lang_length": 7}, "test_zs": {"report": {"0": {"precision": 0.0, "recall": 0.0, "f1-score": 0.0, "support": 5}, "1": {"precision": 0.2857142857142857, "recall": 1.0, "f1-score": 0.4444444444444445, "support": 2}, "accuracy": 0.2857142857142857, "macro avg": {"precision": 0.14285714285714285, "recall": 0.5, "f1-score": 0.22222222222222224, "support": 7}, "weighted avg": {"precision": 0.08163265306122448, "recall": 0.2857142857142857, "f1-score": 0.126984126984127, "support": 7}}, "acc": 0.2857142984867096, "lang_embeds": [], "lang_embeds_length": 0, "lang_length": 7}}