{"feature_name": "Zero_Marking_of_A_and_P_Arguments", "feature_id": "25B", "epoch": 0, "train": {"report": {"0": {"precision": 0.9777777777777777, "recall": 0.7787610619469026, "f1-score": 0.8669950738916256, "support": 113}, "1": {"precision": 0.10714285714285714, "recall": 0.6, "f1-score": 0.18181818181818182, "support": 5}, "accuracy": 0.7711864406779662, "macro avg": {"precision": 0.5424603174603174, "recall": 0.6893805309734513, "f1-score": 0.5244066278549037, "support": 118}, "weighted avg": {"precision": 0.9408864675813828, "recall": 0.7711864406779662, "f1-score": 0.8379621547359712, "support": 118}}, "loss": "0.4947879", "lang_embeds": ["fra", "hin", "bzd", "mri", "mig", "nab", "jiv", "wnu", "chd", "ote", "tur", "sll", "ind", "sag", "ell", "sue", "shp", "abt", "wrk", "nuy", "tsz", "laj", "kpw", "naq", "qvi", "plt", "eus", "aey", "dgz", "cbt", "amp", "apu", "hun", "ewe", "auc", "mzh", "huv", "khk", "kwi", "deu", "hix", "hau", "sja", "fin", "caq", "spp", "yad", "tlf", "yor", "swh", "spa", "cnh", "zul", "jpn", "yaq", "bsn", "kor", "esu", "miq", "pes", "ape", "rus", "mph", "yss", "pad", "tgl"], "lang_embeds_length": 66, "lang_length": 66}, "dev": {"report": {"0": {"precision": 1.0, "recall": 1.0, "f1-score": 1.0, "support": 7}, "accuracy": 1.0, "macro avg": {"precision": 1.0, "recall": 1.0, "f1-score": 1.0, "support": 7}, "weighted avg": {"precision": 1.0, "recall": 1.0, "f1-score": 1.0, "support": 7}}, "loss": "0.16917416", "lang_embeds": ["tsz", "laj", "nab", "plt", "chd", "yss", "bsn"], "lang_embeds_length": 7, "lang_length": 7}, "test": {"report": {"0": {"precision": 0.7142857142857143, "recall": 0.8333333333333334, "f1-score": 0.7692307692307692, "support": 6}, "1": {"precision": 0.0, "recall": 0.0, "f1-score": 0.0, "support": 2}, "accuracy": 0.625, "macro avg": {"precision": 0.35714285714285715, "recall": 0.4166666666666667, "f1-score": 0.3846153846153846, "support": 8}, "weighted avg": {"precision": 0.5357142857142857, "recall": 0.625, "f1-score": 0.5769230769230769, "support": 8}}, "acc": 0.625, "lang_embeds": ["tha", "arn", "nep", "fij", "vie", "mai", "mya", "wbp"], "lang_embeds_length": 8, "lang_length": 8}, "test_zs": {"report": {"0": {"precision": 0.75, "recall": 1.0, "f1-score": 0.8571428571428571, "support": 6}, "1": {"precision": 0.0, "recall": 0.0, "f1-score": 0.0, "support": 2}, "accuracy": 0.75, "macro avg": {"precision": 0.375, "recall": 0.5, "f1-score": 0.42857142857142855, "support": 8}, "weighted avg": {"precision": 0.5625, "recall": 0.75, "f1-score": 0.6428571428571428, "support": 8}}, "acc": 0.75, "lang_embeds": [], "lang_embeds_length": 0, "lang_length": 8}}