{"feature_name": "Semantic_Distinctions_of_Evidentiality", "feature_id": "77A", "epoch": 0, "train": {"report": {"0": {"precision": 0.42401960784313725, "recall": 0.49712643678160917, "f1-score": 0.4576719576719577, "support": 348}, "1": {"precision": 0.4584527220630373, "recall": 0.4610951008645533, "f1-score": 0.45977011494252873, "support": 347}, "2": {"precision": 0.2545454545454545, "recall": 0.11965811965811966, "f1-score": 0.1627906976744186, "support": 117}, "accuracy": 0.4273399014778325, "macro avg": {"precision": 0.37900592815054307, "recall": 0.35929321910142736, "f1-score": 0.36007759009630164, "support": 812}, "weighted avg": {"precision": 0.41431494614175357, "recall": 0.4273399014778325, "f1-score": 0.4160795354468051, "support": 812}}, "loss": "1.4357964", "lang_embeds": [], "lang_embeds_length": 0, "lang_length": 129}, "dev": {"report": {"0": {"precision": 0.0, "recall": 0.0, "f1-score": 0.0, "support": 4}, "1": {"precision": 0.6153846153846154, "recall": 1.0, "f1-score": 0.761904761904762, "support": 8}, "2": {"precision": 0.0, "recall": 0.0, "f1-score": 0.0, "support": 1}, "accuracy": 0.6153846153846154, "macro avg": {"precision": 0.20512820512820515, "recall": 0.3333333333333333, "f1-score": 0.253968253968254, "support": 13}, "weighted avg": {"precision": 0.37869822485207105, "recall": 0.6153846153846154, "f1-score": 0.4688644688644689, "support": 13}}, "loss": "0.869483", "lang_embeds": [], "lang_embeds_length": 0, "lang_length": 13}, "test": {"report": {"0": {"precision": 0.0, "recall": 0.0, "f1-score": 0.0, "support": 4}, "1": {"precision": 0.5, "recall": 1.0, "f1-score": 0.6666666666666666, "support": 7}, "2": {"precision": 0.0, "recall": 0.0, "f1-score": 0.0, "support": 3}, "accuracy": 0.5, "macro avg": {"precision": 0.16666666666666666, "recall": 0.3333333333333333, "f1-score": 0.2222222222222222, "support": 14}, "weighted avg": {"precision": 0.25, "recall": 0.5, "f1-score": 0.3333333333333333, "support": 14}}, "acc": 0.5, "lang_embeds": [], "lang_embeds_length": 0, "lang_length": 14}, "test_zs": {"report": {"0": {"precision": 0.0, "recall": 0.0, "f1-score": 0.0, "support": 4}, "1": {"precision": 0.5, "recall": 1.0, "f1-score": 0.6666666666666666, "support": 7}, "2": {"precision": 0.0, "recall": 0.0, "f1-score": 0.0, "support": 3}, "accuracy": 0.5, "macro avg": {"precision": 0.16666666666666666, "recall": 0.3333333333333333, "f1-score": 0.2222222222222222, "support": 14}, "weighted avg": {"precision": 0.25, "recall": 0.5, "f1-score": 0.3333333333333333, "support": 14}}, "acc": 0.5, "lang_embeds": [], "lang_embeds_length": 0, "lang_length": 14}}