{"feature_name": "Conjunctions_and_Universal_Quantifiers", "feature_id": "56A", "epoch": 0, "train": {"report": {"0": {"precision": 0.52, "recall": 0.52, "f1-score": 0.52, "support": 25}, "1": {"precision": 0.5454545454545454, "recall": 0.4, "f1-score": 0.4615384615384615, "support": 30}, "2": {"precision": 0.3333333333333333, "recall": 0.5384615384615384, "f1-score": 0.41176470588235287, "support": 13}, "accuracy": 0.47058823529411764, "macro avg": {"precision": 0.4662626262626262, "recall": 0.48615384615384616, "f1-score": 0.4644343891402714, "support": 68}, "weighted avg": {"precision": 0.49554367201426025, "recall": 0.47058823529411764, "f1-score": 0.4735161032738887, "support": 68}}, "loss": "1.0488448", "lang_embeds": ["fra", "hin", "vie", "mri", "tur", "ind", "qvh", "shp", "nhg", "stp", "laj", "qvi", "naq", "eus", "plt", "aey", "hun", "khk", "tha", "hix", "sja", "djk", "fin", "hye", "spp", "tfr", "zul", "jpn", "lav", "ary", "khm", "pes", "mya", "tbo", "sot", "mph", "btx", "tgl"], "lang_embeds_length": 38, "lang_length": 38}, "dev": {"report": {"0": {"precision": 1.0, "recall": 1.0, "f1-score": 1.0, "support": 2}, "1": {"precision": 1.0, "recall": 1.0, "f1-score": 1.0, "support": 1}, "2": {"precision": 1.0, "recall": 1.0, "f1-score": 1.0, "support": 1}, "accuracy": 1.0, "macro avg": {"precision": 1.0, "recall": 1.0, "f1-score": 1.0, "support": 4}, "weighted avg": {"precision": 1.0, "recall": 1.0, "f1-score": 1.0, "support": 4}}, "loss": "0.5676706", "lang_embeds": ["zul", "tbo", "sja", "khk"], "lang_embeds_length": 4, "lang_length": 4}, "test": {"report": {"0": {"precision": 0.3333333333333333, "recall": 0.5, "f1-score": 0.4, "support": 2}, "2": {"precision": 0.0, "recall": 0.0, "f1-score": 0.0, "support": 2}, "accuracy": 0.25, "macro avg": {"precision": 0.16666666666666666, "recall": 0.25, "f1-score": 0.2, "support": 4}, "weighted avg": {"precision": 0.16666666666666666, "recall": 0.25, "f1-score": 0.2, "support": 4}}, "acc": 0.25, "lang_embeds": ["tat", "nld", "jav", "tam"], "lang_embeds_length": 4, "lang_length": 4}, "test_zs": {"report": {"0": {"precision": 0.0, "recall": 0.0, "f1-score": 0.0, "support": 2.0}, "1": {"precision": 0.0, "recall": 0.0, "f1-score": 0.0, "support": 0.0}, "2": {"precision": 0.0, "recall": 0.0, "f1-score": 0.0, "support": 2.0}, "accuracy": 0.0, "macro avg": {"precision": 0.0, "recall": 0.0, "f1-score": 0.0, "support": 4.0}, "weighted avg": {"precision": 0.0, "recall": 0.0, "f1-score": 0.0, "support": 4.0}}, "acc": 0.0, "lang_embeds": [], "lang_embeds_length": 0, "lang_length": 4}}