{"feature_name": "Locus_of_Marking_in_the_Clause", "feature_id": "23A", "epoch": 0, "train": {"report": {"0": {"precision": 0.3023255813953488, "recall": 0.4482758620689655, "f1-score": 0.36111111111111105, "support": 29}, "1": {"precision": 0.14285714285714285, "recall": 0.06451612903225806, "f1-score": 0.08888888888888889, "support": 31}, "2": {"precision": 0.2571428571428571, "recall": 0.2727272727272727, "f1-score": 0.2647058823529411, "support": 33}, "3": {"precision": 0.1, "recall": 0.08695652173913043, "f1-score": 0.09302325581395349, "support": 23}, "4": {"precision": 0.0, "recall": 0.0, "f1-score": 0.0, "support": 2}, "accuracy": 0.22033898305084745, "macro avg": {"precision": 0.16046511627906976, "recall": 0.1744951571135253, "f1-score": 0.1615458276333789, "support": 118}, "weighted avg": {"precision": 0.20323497944704091, "recall": 0.22033898305084745, "f1-score": 0.20425937948428613, "support": 118}}, "loss": "3.063294", "lang_embeds": [], "lang_embeds_length": 0, "lang_length": 66}, "dev": {"report": {"0": {"precision": 0.0, "recall": 0.0, "f1-score": 0.0, "support": 2}, "1": {"precision": 0.42857142857142855, "recall": 1.0, "f1-score": 0.6, "support": 3}, "2": {"precision": 0.0, "recall": 0.0, "f1-score": 0.0, "support": 1}, "3": {"precision": 0.0, "recall": 0.0, "f1-score": 0.0, "support": 1}, "accuracy": 0.42857142857142855, "macro avg": {"precision": 0.10714285714285714, "recall": 0.25, "f1-score": 0.15, "support": 7}, "weighted avg": {"precision": 0.18367346938775508, "recall": 0.42857142857142855, "f1-score": 0.2571428571428571, "support": 7}}, "loss": "1.5989825", "lang_embeds": [], "lang_embeds_length": 0, "lang_length": 7}, "test": {"report": {"0": {"precision": 0.0, "recall": 0.0, "f1-score": 0.0, "support": 1}, "1": {"precision": 0.375, "recall": 1.0, "f1-score": 0.5454545454545454, "support": 3}, "2": {"precision": 0.0, "recall": 0.0, "f1-score": 0.0, "support": 2}, "3": {"precision": 0.0, "recall": 0.0, "f1-score": 0.0, "support": 2}, "accuracy": 0.375, "macro avg": {"precision": 0.09375, "recall": 0.25, "f1-score": 0.13636363636363635, "support": 8}, "weighted avg": {"precision": 0.140625, "recall": 0.375, "f1-score": 0.20454545454545453, "support": 8}}, "acc": 0.375, "lang_embeds": [], "lang_embeds_length": 0, "lang_length": 8}, "test_zs": {"report": {"0": {"precision": 0.0, "recall": 0.0, "f1-score": 0.0, "support": 1}, "1": {"precision": 0.375, "recall": 1.0, "f1-score": 0.5454545454545454, "support": 3}, "2": {"precision": 0.0, "recall": 0.0, "f1-score": 0.0, "support": 2}, "3": {"precision": 0.0, "recall": 0.0, "f1-score": 0.0, "support": 2}, "accuracy": 0.375, "macro avg": {"precision": 0.09375, "recall": 0.25, "f1-score": 0.13636363636363635, "support": 8}, "weighted avg": {"precision": 0.140625, "recall": 0.375, "f1-score": 0.20454545454545453, "support": 8}}, "acc": 0.375, "lang_embeds": [], "lang_embeds_length": 0, "lang_length": 8}}