{"feature_name": "Conjunctions_and_Universal_Quantifiers", "feature_id": "56A", "epoch": 0, "train": {"report": {"0": {"precision": 0.3, "recall": 0.23076923076923078, "f1-score": 0.2608695652173913, "support": 13}, "1": {"precision": 0.3333333333333333, "recall": 0.2857142857142857, "f1-score": 0.30769230769230765, "support": 14}, "2": {"precision": 0.08333333333333333, "recall": 0.14285714285714285, "f1-score": 0.10526315789473685, "support": 7}, "accuracy": 0.23529411764705882, "macro avg": {"precision": 0.2388888888888889, "recall": 0.21978021978021975, "f1-score": 0.2246083436014786, "support": 34}, "weighted avg": {"precision": 0.2691176470588235, "recall": 0.23529411764705882, "f1-score": 0.24811290472886918, "support": 34}}, "loss": "4.094986", "lang_embeds": [], "lang_embeds_length": 0, "lang_length": 34}, "dev": {"report": {"0": {"precision": 0.0, "recall": 0.0, "f1-score": 0.0, "support": 1}, "1": {"precision": 0.75, "recall": 1.0, "f1-score": 0.8571428571428571, "support": 3}, "accuracy": 0.75, "macro avg": {"precision": 0.375, "recall": 0.5, "f1-score": 0.42857142857142855, "support": 4}, "weighted avg": {"precision": 0.5625, "recall": 0.75, "f1-score": 0.6428571428571428, "support": 4}}, "loss": "0.6348634", "lang_embeds": [], "lang_embeds_length": 0, "lang_length": 4}, "test": {"report": {"0": {"precision": 0.0, "recall": 0.0, "f1-score": 0.0, "support": 2.0}, "1": {"precision": 0.0, "recall": 0.0, "f1-score": 0.0, "support": 0.0}, "2": {"precision": 0.0, "recall": 0.0, "f1-score": 0.0, "support": 2.0}, "accuracy": 0.0, "macro avg": {"precision": 0.0, "recall": 0.0, "f1-score": 0.0, "support": 4.0}, "weighted avg": {"precision": 0.0, "recall": 0.0, "f1-score": 0.0, "support": 4.0}}, "acc": 0.0, "lang_embeds": [], "lang_embeds_length": 0, "lang_length": 4}, "test_zs": {"report": {"0": {"precision": 0.0, "recall": 0.0, "f1-score": 0.0, "support": 2.0}, "1": {"precision": 0.0, "recall": 0.0, "f1-score": 0.0, "support": 0.0}, "2": {"precision": 0.0, "recall": 0.0, "f1-score": 0.0, "support": 2.0}, "accuracy": 0.0, "macro avg": {"precision": 0.0, "recall": 0.0, "f1-score": 0.0, "support": 4.0}, "weighted avg": {"precision": 0.0, "recall": 0.0, "f1-score": 0.0, "support": 4.0}}, "acc": 0.0, "lang_embeds": [], "lang_embeds_length": 0, "lang_length": 4}}