{"feature_name": "Minor_morphological_means_of_signaling_negation", "feature_id": "143G", "epoch": 0, "train": {"report": {"0": {"precision": 0.9904761904761905, "recall": 0.7074829931972789, "f1-score": 0.8253968253968256, "support": 294}, "1": {"precision": 0.0, "recall": 0.0, "f1-score": 0.0, "support": 2}, "2": {"precision": 0.0, "recall": 0.0, "f1-score": 0.0, "support": 1}, "3": {"precision": 0.0, "recall": 0.0, "f1-score": 0.0, "support": 0}, "accuracy": 0.7003367003367004, "macro avg": {"precision": 0.24761904761904763, "recall": 0.17687074829931973, "f1-score": 0.2063492063492064, "support": 297}, "weighted avg": {"precision": 0.9804713804713804, "recall": 0.7003367003367004, "f1-score": 0.8170594837261506, "support": 297}}, "loss": "0.8044854", "lang_embeds": ["des", "arb", "xho", "mua", "var", "nav", "ntp", "cme", "mbb", "ind", "nse", "hto", "sll", "xsi", "snf", "urt", "ell", "hop", "tbl", "yao", "shp", "nnb", "azb", "qvi", "taq", "iba", "plt", "nyn", "aey", "tmd", "mna", "amn", "fub", "fon", "apu", "yon", "auc", "agt", "dow", "tee", "guc", "mam", "kwi", "bdh", "hix", "tha", "nld", "bom", "fij", "huv", "lif", "tbc", "yad", "yor", "apw", "jic", "cnh", "yaq", "kor", "mio", "adj", "duo", "niy", "nmf", "bmr", "zpq", "moc", "ghs", "xsr", "ape", "mya", "sot", "yuj", "rus", "tgl", "arn", "aia", "ssd", "gvf", "ign", "mri", "bum", "vie", "wnu", "ote", "mjw", "huu", "ssw", "lww", "poe", "cub", "emi", "wrk", "abt", "kyz", "nuy", "hla", "lhu", "xbi", "kms", "tsz", "adz", "rim", "pbb", "kbc", "cui", "csy", "snp", "sna", "ong", "djr", "yrb", "deu", "khk", "mcp", "cle", "urd", "cbr", "nhu", "tnc", "hye", "enx", "kki", "nzm", "spa", "tsg", "ctd", "emp", "alp", "naf", "gym", "lav", "mmn", "mkd", "tso", "mhx", "tob", "apy", "amk", "tpt", "tzo", "kpx", "mbj", "acu", "mph", "mlp", "car", "ood", "gle", "fra", "kup", "kin", "tac", "bzd", "kvn", "njb", "cap", "mig", "mie", "hch", "qvh", "cab", "aom", "pag", "txu", "kyq", "awb", "hus", "lbj", "wmt", "cao", "ven", "naq", "sat", "dgz", "oym", "ach", "xed", "ewe", "som", "hun", "mzh", "tui", "sba", "suk", "hau", "gbr", "sja", "mrg", "kue", "mpt", "plg", "okv", "pma", "fin", "caq", "bvr", "ncl", "dis", "swh", "wim", "maq", "jpn", "kde", "nas", "zai", "aau", "gah", "nso", "bci", "mva", "miq", "kmo", "uig", "pes", "ctp", "tuo", "kbp", "cof", "kwd", "btx", "toi", "bul", "usa", "hin", "aoj", "pwg", "mos", "aca", "ptp", "njo", "mil", "jiv", "tue", "mek", "nab", "tur", "kbh", "xav", "chf", "gub", "sue", "wed", "tbg", "cbc", "nhg", "laj", "kpw", "nya", "cco", "trp", "eus", "nob", "amp", "teo", "ese", "ura", "mcn", "cax", "mxp", "mco", "opm", "snn", "agg", "njz", "amh", "tzj", "ons", "wib", "djk", "rkb", "pol", "spp", "ann", "pao", "tfr", "rwo", "zul", "nbl", "hil", "esu", "mcb", "khm", "ary", "snc", "top", "sps", "zaw", "lac", "sbe", "yaa", "gvn", "sua", "ndo", "myb", "ses", "urb"], "lang_embeds_length": 297, "lang_length": 297}, "dev": {"report": {"0": {"precision": 1.0, "recall": 1.0, "f1-score": 1.0, "support": 33}, "accuracy": 1.0, "macro avg": {"precision": 1.0, "recall": 1.0, "f1-score": 1.0, "support": 33}, "weighted avg": {"precision": 1.0, "recall": 1.0, "f1-score": 1.0, "support": 33}}, "loss": "0.23380233", "lang_embeds": ["nko", "trc", "bqc", "kto", "noa", "sag", "cak", "avt", "cbu", "nak", "gso", "chq", "ilb", "geb", "viv", "kac", "poi", "apt", "nbc", "cpa", "nsn", "bsn", "mcd", "adi", "mbc", "apr", "est", "cbi", "tbo", "izz", "tna", "poy", "pad"], "lang_embeds_length": 33, "lang_length": 33}, "test": {"report": {"0": {"precision": 1.0, "recall": 1.0, "f1-score": 1.0, "support": 33}, "accuracy": 1.0, "macro avg": {"precision": 1.0, "recall": 1.0, "f1-score": 1.0, "support": 33}, "weighted avg": {"precision": 1.0, "recall": 1.0, "f1-score": 1.0, "support": 33}}, "acc": 1.0, "lang_embeds": ["ron", "bel", "mai", "kgp", "gla", "tyv", "lit", "tet", "ukr", "por", "kik", "slv", "cat", "cor", "smo", "lus", "bre", "lug", "cym", "swe", "wbp", "ckb", "dan", "nep", "ben", "tih", "ton", "che", "ita", "ces", "tgk", "ium", "tam"], "lang_embeds_length": 33, "lang_length": 33}, "test_zs": {"report": {"0": {"precision": 0.0, "recall": 0.0, "f1-score": 0.0, "support": 33.0}, "1": {"precision": 0.0, "recall": 0.0, "f1-score": 0.0, "support": 0.0}, "accuracy": 0.0, "macro avg": {"precision": 0.0, "recall": 0.0, "f1-score": 0.0, "support": 33.0}, "weighted avg": {"precision": 0.0, "recall": 0.0, "f1-score": 0.0, "support": 33.0}}, "acc": 0.0, "lang_embeds": [], "lang_embeds_length": 0, "lang_length": 33}}