{"feature_name": "Inclusive/Exclusive_Distinction_in_Independent_Pronouns", "feature_id": "39A", "epoch": 0, "train": {"report": {"0": {"precision": 0.8051948051948052, "recall": 0.779874213836478, "f1-score": 0.7923322683706071, "support": 159}, "1": {"precision": 0.7333333333333333, "recall": 0.5076923076923077, "f1-score": 0.6, "support": 65}, "2": {"precision": 0.2, "recall": 0.5, "f1-score": 0.28571428571428575, "support": 4}, "3": {"precision": 0.08333333333333333, "recall": 0.25, "f1-score": 0.125, "support": 4}, "4": {"precision": 0.0, "recall": 0.0, "f1-score": 0.0, "support": 0}, "accuracy": 0.6896551724137931, "macro avg": {"precision": 0.36437229437229435, "recall": 0.4075133043057571, "f1-score": 0.3606093108169786, "support": 232}, "weighted avg": {"precision": 0.7621809225257501, "recall": 0.6896551724137931, "f1-score": 0.7182055509214813, "support": 232}}, "loss": "0.9377452", "lang_embeds": ["fra", "nav", "hin", "bzd", "vie", "mri", "mig", "tur", "wnu", "huu", "ind", "sag", "ell", "ibo", "sue", "shp", "lbj", "nhg", "nuy", "kpw", "laj", "naq", "qvi", "eus", "plt", "dgz", "amp", "aey", "apu", "ewe", "hun", "btx", "mzh", "deu", "khk", "kwi", "hau", "hix", "cle", "sja", "djk", "pma", "fin", "spp", "yad", "yor", "swh", "spa", "zul", "jpn", "yaq", "bsn", "kor", "niy", "esu", "khm", "car", "pes", "ape", "rus", "mph", "ses", "urb", "pad", "tgl"], "lang_embeds_length": 65, "lang_length": 65}, "dev": {"report": {"0": {"precision": 1.0, "recall": 1.0, "f1-score": 1.0, "support": 6}, "1": {"precision": 1.0, "recall": 1.0, "f1-score": 1.0, "support": 1}, "accuracy": 1.0, "macro avg": {"precision": 1.0, "recall": 1.0, "f1-score": 1.0, "support": 7}, "weighted avg": {"precision": 1.0, "recall": 1.0, "f1-score": 1.0, "support": 7}}, "loss": "0.3502548", "lang_embeds": ["esu", "qvi", "huu", "apu", "ses", "sue", "shp"], "lang_embeds_length": 7, "lang_length": 7}, "test": {"report": {"0": {"precision": 0.2, "recall": 0.3333333333333333, "f1-score": 0.25, "support": 3}, "1": {"precision": 0.0, "recall": 0.0, "f1-score": 0.0, "support": 1}, "2": {"precision": 0.0, "recall": 0.0, "f1-score": 0.0, "support": 3}, "accuracy": 0.14285714285714285, "macro avg": {"precision": 0.06666666666666667, "recall": 0.1111111111111111, "f1-score": 0.08333333333333333, "support": 7}, "weighted avg": {"precision": 0.08571428571428573, "recall": 0.14285714285714285, "f1-score": 0.10714285714285714, "support": 7}}, "acc": 0.1428571492433548, "lang_embeds": ["tha", "arn", "fij", "hye", "mya", "lav", "gle"], "lang_embeds_length": 7, "lang_length": 7}, "test_zs": {"report": {"0": {"precision": 0.0, "recall": 0.0, "f1-score": 0.0, "support": 3.0}, "1": {"precision": 0.0, "recall": 0.0, "f1-score": 0.0, "support": 1.0}, "2": {"precision": 0.0, "recall": 0.0, "f1-score": 0.0, "support": 3.0}, "3": {"precision": 0.0, "recall": 0.0, "f1-score": 0.0, "support": 0.0}, "accuracy": 0.0, "macro avg": {"precision": 0.0, "recall": 0.0, "f1-score": 0.0, "support": 7.0}, "weighted avg": {"precision": 0.0, "recall": 0.0, "f1-score": 0.0, "support": 7.0}}, "acc": 0.0, "lang_embeds": [], "lang_embeds_length": 0, "lang_length": 7}}