{"feature_name": "Number_of_Possessive_Nouns", "feature_id": "58B", "epoch": 0, "train": {"report": {"0": {"precision": 0.9852941176470589, "recall": 0.5982142857142857, "f1-score": 0.7444444444444446, "support": 112}, "1": {"precision": 0.09090909090909091, "recall": 0.5, "f1-score": 0.15384615384615385, "support": 4}, "2": {"precision": 0.0, "recall": 0.0, "f1-score": 0.0, "support": 0}, "3": {"precision": 0.0, "recall": 0.0, "f1-score": 0.0, "support": 0}, "accuracy": 0.5948275862068966, "macro avg": {"precision": 0.2690508021390374, "recall": 0.2745535714285714, "f1-score": 0.2245726495726496, "support": 116}, "weighted avg": {"precision": 0.9544532546560944, "recall": 0.5948275862068966, "f1-score": 0.7240789861479517, "support": 116}}, "loss": "1.0310259", "lang_embeds": ["fra", "hin", "vie", "mri", "mig", "tur", "ind", "chd", "ote", "sll", "sag", "ell", "sue", "wrk", "nuy", "laj", "kpw", "naq", "qvi", "plt", "fub", "eus", "aey", "amp", "dgz", "cbt", "apu", "ewe", "hun", "mzh", "huv", "khk", "kwi", "amh", "deu", "hau", "sja", "fij", "hix", "wrs", "pma", "lif", "caq", "yad", "spp", "fin", "tlf", "yor", "swh", "spa", "zul", "jpn", "yaq", "bsn", "kor", "pes", "ape", "mya", "tbo", "sua", "rus", "mph", "yss", "pad", "tgl"], "lang_embeds_length": 65, "lang_length": 65}, "dev": {"report": {"0": {"precision": 1.0, "recall": 1.0, "f1-score": 1.0, "support": 7}, "accuracy": 1.0, "macro avg": {"precision": 1.0, "recall": 1.0, "f1-score": 1.0, "support": 7}, "weighted avg": {"precision": 1.0, "recall": 1.0, "f1-score": 1.0, "support": 7}}, "loss": "0.62068796", "lang_embeds": ["laj", "lif", "plt", "yad", "amp", "ewe", "pad"], "lang_embeds_length": 7, "lang_length": 7}, "test": {"report": {"0": {"precision": 1.0, "recall": 0.7142857142857143, "f1-score": 0.8333333333333333, "support": 7}, "1": {"precision": 0.0, "recall": 0.0, "f1-score": 0.0, "support": 0}, "3": {"precision": 0.0, "recall": 0.0, "f1-score": 0.0, "support": 0}, "accuracy": 0.7142857142857143, "macro avg": {"precision": 0.3333333333333333, "recall": 0.2380952380952381, "f1-score": 0.27777777777777773, "support": 7}, "weighted avg": {"precision": 1.0, "recall": 0.7142857142857143, "f1-score": 0.8333333333333333, "support": 7}}, "acc": 0.7142857313156128, "lang_embeds": ["tha", "arn", "smo", "hye", "lug", "wbp", "tyv"], "lang_embeds_length": 7, "lang_length": 7}, "test_zs": {"report": {"0": {"precision": 0.0, "recall": 0.0, "f1-score": 0.0, "support": 7.0}, "3": {"precision": 0.0, "recall": 0.0, "f1-score": 0.0, "support": 0.0}, "accuracy": 0.0, "macro avg": {"precision": 0.0, "recall": 0.0, "f1-score": 0.0, "support": 7.0}, "weighted avg": {"precision": 0.0, "recall": 0.0, "f1-score": 0.0, "support": 7.0}}, "acc": 0.0, "lang_embeds": [], "lang_embeds_length": 0, "lang_length": 7}}