{"feature_name": "Distributive_Numerals", "feature_id": "54A", "epoch": 0, "train": {"report": {"0": {"precision": 0.6666666666666666, "recall": 0.5384615384615384, "f1-score": 0.5957446808510638, "support": 52}, "1": {"precision": 0.5789473684210527, "recall": 0.66, "f1-score": 0.616822429906542, "support": 50}, "2": {"precision": 0.6153846153846154, "recall": 0.5333333333333333, "f1-score": 0.5714285714285715, "support": 30}, "3": {"precision": 0.6, "recall": 0.5806451612903226, "f1-score": 0.5901639344262295, "support": 31}, "4": {"precision": 0.6190476190476191, "recall": 0.65, "f1-score": 0.6341463414634146, "support": 20}, "5": {"precision": 0.6578947368421053, "recall": 0.6944444444444444, "f1-score": 0.6756756756756757, "support": 36}, "6": {"precision": 0.36363636363636365, "recall": 0.6666666666666666, "f1-score": 0.4705882352941177, "support": 6}, "accuracy": 0.6088888888888889, "macro avg": {"precision": 0.585939624285489, "recall": 0.617650163456615, "f1-score": 0.5935099812922308, "support": 225}, "weighted avg": {"precision": 0.6174335761704183, "recall": 0.6088888888888889, "f1-score": 0.6092825092222667, "support": 225}}, "loss": "1.3686354", "lang_embeds": ["fra", "ron", "hin", "vie", "ntp", "mri", "bqc", "tur", "ind", "qvh", "ell", "pag", "bkd", "tgl", "tyv", "shp", "kmh", "lit", "sat", "eus", "plt", "tet", "aey", "kjh", "bpr", "hun", "deu", "khk", "amh", "hau", "tha", "nld", "smo", "fij", "hix", "fin", "caq", "spp", "hye", "ivv", "pol", "yor", "swh", "spa", "tsg", "lav", "afr", "jpn", "kor", "ncj", "ckb", "hil", "pes", "uig", "mya", "tbo", "rus", "ces", "yss", "btx", "isd", "tam", "bul"], "lang_embeds_length": 63, "lang_length": 63}, "dev": {"report": {"0": {"precision": 1.0, "recall": 1.0, "f1-score": 1.0, "support": 3}, "3": {"precision": 1.0, "recall": 1.0, "f1-score": 1.0, "support": 2}, "4": {"precision": 1.0, "recall": 1.0, "f1-score": 1.0, "support": 1}, "accuracy": 1.0, "macro avg": {"precision": 1.0, "recall": 1.0, "f1-score": 1.0, "support": 6}, "weighted avg": {"precision": 1.0, "recall": 1.0, "f1-score": 1.0, "support": 6}}, "loss": "0.6323759", "lang_embeds": ["amh", "tbo", "bpr", "tsg", "bkd", "ncj"], "lang_embeds_length": 6, "lang_length": 6}, "test": {"report": {"0": {"precision": 0.0, "recall": 0.0, "f1-score": 0.0, "support": 3.0}, "1": {"precision": 0.0, "recall": 0.0, "f1-score": 0.0, "support": 0.0}, "2": {"precision": 0.0, "recall": 0.0, "f1-score": 0.0, "support": 1.0}, "3": {"precision": 0.0, "recall": 0.0, "f1-score": 0.0, "support": 1.0}, "4": {"precision": 0.0, "recall": 0.0, "f1-score": 0.0, "support": 1.0}, "5": {"precision": 0.0, "recall": 0.0, "f1-score": 0.0, "support": 1.0}, "accuracy": 0.0, "macro avg": {"precision": 0.0, "recall": 0.0, "f1-score": 0.0, "support": 7.0}, "weighted avg": {"precision": 0.0, "recall": 0.0, "f1-score": 0.0, "support": 7.0}}, "acc": 0.0, "lang_embeds": ["ban", "tat", "ben", "ton", "ukr", "snd", "jav"], "lang_embeds_length": 7, "lang_length": 7}, "test_zs": {"report": {"0": {"precision": 0.0, "recall": 0.0, "f1-score": 0.0, "support": 3}, "2": {"precision": 0.0, "recall": 0.0, "f1-score": 0.0, "support": 1}, "3": {"precision": 0.0, "recall": 0.0, "f1-score": 0.0, "support": 1}, "4": {"precision": 0.14285714285714285, "recall": 1.0, "f1-score": 0.25, "support": 1}, "5": {"precision": 0.0, "recall": 0.0, "f1-score": 0.0, "support": 1}, "accuracy": 0.14285714285714285, "macro avg": {"precision": 0.02857142857142857, "recall": 0.2, "f1-score": 0.05, "support": 7}, "weighted avg": {"precision": 0.02040816326530612, "recall": 0.14285714285714285, "f1-score": 0.03571428571428571, "support": 7}}, "acc": 0.1428571492433548, "lang_embeds": [], "lang_embeds_length": 0, "lang_length": 7}}