{"feature_name": "N-M_Pronouns", "feature_id": "137A", "epoch": 0, "train": {"report": {"0": {"precision": 0.8818181818181818, "recall": 0.9797979797979798, "f1-score": 0.9282296650717704, "support": 198}, "1": {"precision": 0.25, "recall": 0.037037037037037035, "f1-score": 0.06451612903225806, "support": 27}, "2": {"precision": 0.0, "recall": 0.0, "f1-score": 0.0, "support": 0}, "accuracy": 0.8666666666666667, "macro avg": {"precision": 0.37727272727272726, "recall": 0.3389450056116723, "f1-score": 0.33091526470134286, "support": 225}, "weighted avg": {"precision": 0.8059999999999999, "recall": 0.8666666666666667, "f1-score": 0.824584040747029, "support": 225}}, "loss": "0.6242643", "lang_embeds": [], "lang_embeds_length": 0, "lang_length": 63}, "dev": {"report": {"0": {"precision": 1.0, "recall": 1.0, "f1-score": 1.0, "support": 6}, "accuracy": 1.0, "macro avg": {"precision": 1.0, "recall": 1.0, "f1-score": 1.0, "support": 6}, "weighted avg": {"precision": 1.0, "recall": 1.0, "f1-score": 1.0, "support": 6}}, "loss": "0.017100038", "lang_embeds": [], "lang_embeds_length": 0, "lang_length": 6}, "test": {"report": {"0": {"precision": 0.8571428571428571, "recall": 1.0, "f1-score": 0.923076923076923, "support": 6}, "1": {"precision": 0.0, "recall": 0.0, "f1-score": 0.0, "support": 1}, "accuracy": 0.8571428571428571, "macro avg": {"precision": 0.42857142857142855, "recall": 0.5, "f1-score": 0.4615384615384615, "support": 7}, "weighted avg": {"precision": 0.7346938775510203, "recall": 0.8571428571428571, "f1-score": 0.7912087912087912, "support": 7}}, "acc": 0.8571428656578064, "lang_embeds": [], "lang_embeds_length": 0, "lang_length": 7}, "test_zs": {"report": {"0": {"precision": 0.8571428571428571, "recall": 1.0, "f1-score": 0.923076923076923, "support": 6}, "1": {"precision": 0.0, "recall": 0.0, "f1-score": 0.0, "support": 1}, "accuracy": 0.8571428571428571, "macro avg": {"precision": 0.42857142857142855, "recall": 0.5, "f1-score": 0.4615384615384615, "support": 7}, "weighted avg": {"precision": 0.7346938775510203, "recall": 0.8571428571428571, "f1-score": 0.7912087912087912, "support": 7}}, "acc": 0.8571428656578064, "lang_embeds": [], "lang_embeds_length": 0, "lang_length": 7}}