{"feature_name": "Third_Person_Zero_of_Verbal_Person_Marking", "feature_id": "103A", "epoch": 0, "train": {"report": {"0": {"precision": 0.7278481012658228, "recall": 0.6460674157303371, "f1-score": 0.6845238095238095, "support": 178}, "1": {"precision": 0.6442307692307693, "recall": 0.5982142857142857, "f1-score": 0.6203703703703703, "support": 112}, "2": {"precision": 0.46551724137931033, "recall": 0.574468085106383, "f1-score": 0.5142857142857143, "support": 47}, "3": {"precision": 0.6206896551724138, "recall": 0.5294117647058824, "f1-score": 0.5714285714285715, "support": 34}, "4": {"precision": 0.5128205128205128, "recall": 0.5882352941176471, "f1-score": 0.547945205479452, "support": 34}, "5": {"precision": 0.05, "recall": 0.3333333333333333, "f1-score": 0.08695652173913045, "support": 3}, "accuracy": 0.6078431372549019, "macro avg": {"precision": 0.5035177133114714, "recall": 0.5449550297846448, "f1-score": 0.504251698804508, "support": 408}, "weighted avg": {"precision": 0.6428418241072297, "recall": 0.6078431372549019, "f1-score": 0.622102269922153, "support": 408}}, "loss": "1.1973473", "lang_embeds": ["nav", "cav", "ntp", "trc", "ind", "sll", "snf", "kaq", "sag", "ell", "ibo", "spl", "nak", "shp", "tcs", "qvi", "plt", "fub", "aey", "apu", "auc", "dow", "kwi", "hix", "fij", "lif", "yad", "yor", "jic", "yaq", "kor", "niy", "ape", "mya", "rus", "pad", "plu", "tgl", "vie", "mri", "wnu", "ote", "cbu", "poe", "cub", "nuy", "lhu", "tsz", "adz", "yle", "deu", "zab", "khk", "ame", "cle", "tnc", "spa", "crh", "pam", "gym", "bsn", "tbo", "mbj", "mph", "yss", "car", "crn", "fra", "bzd", "mig", "avt", "mfe", "lbj", "cao", "naq", "dgz", "ewe", "hun", "mzh", "hau", "sja", "pma", "fin", "swh", "jpn", "nas", "miq", "pes", "btx", "hin", "nab", "tur", "sue", "nhg", "laj", "kpw", "eus", "amp", "tzj", "yva", "amh", "xuo", "djk", "spp", "srm", "tfr", "zul", "mbc", "esu", "khm", "ndo", "myb", "ses", "urb"], "lang_embeds_length": 114, "lang_length": 114}, "dev": {"report": {"0": {"precision": 1.0, "recall": 1.0, "f1-score": 1.0, "support": 3}, "1": {"precision": 1.0, "recall": 1.0, "f1-score": 1.0, "support": 3}, "2": {"precision": 1.0, "recall": 1.0, "f1-score": 1.0, "support": 3}, "3": {"precision": 1.0, "recall": 1.0, "f1-score": 1.0, "support": 2}, "4": {"precision": 1.0, "recall": 1.0, "f1-score": 1.0, "support": 1}, "accuracy": 1.0, "macro avg": {"precision": 1.0, "recall": 1.0, "f1-score": 1.0, "support": 12}, "weighted avg": {"precision": 1.0, "recall": 1.0, "f1-score": 1.0, "support": 12}}, "loss": "0.6270512", "lang_embeds": ["nuy", "ame", "sja", "kpw", "nab", "naq", "plt", "ote", "ndo", "sll", "auc", "btx"], "lang_embeds_length": 12, "lang_length": 12}, "test": {"report": {"0": {"precision": 0.6, "recall": 0.8571428571428571, "f1-score": 0.7058823529411764, "support": 7}, "1": {"precision": 0.5, "recall": 0.5, "f1-score": 0.5, "support": 2}, "2": {"precision": 0.0, "recall": 0.0, "f1-score": 0.0, "support": 2}, "4": {"precision": 0.0, "recall": 0.0, "f1-score": 0.0, "support": 1}, "accuracy": 0.5833333333333334, "macro avg": {"precision": 0.275, "recall": 0.3392857142857143, "f1-score": 0.3014705882352941, "support": 12}, "weighted avg": {"precision": 0.43333333333333335, "recall": 0.5833333333333334, "f1-score": 0.49509803921568624, "support": 12}}, "acc": 0.5833333134651184, "lang_embeds": ["tha", "arn", "nld", "smo", "hye", "pol", "lus", "ita", "lav", "cym", "ckb", "gle"], "lang_embeds_length": 12, "lang_length": 12}, "test_zs": {"report": {"0": {"precision": 0.0, "recall": 0.0, "f1-score": 0.0, "support": 7.0}, "1": {"precision": 0.0, "recall": 0.0, "f1-score": 0.0, "support": 2.0}, "2": {"precision": 0.0, "recall": 0.0, "f1-score": 0.0, "support": 2.0}, "4": {"precision": 0.0, "recall": 0.0, "f1-score": 0.0, "support": 1.0}, "5": {"precision": 0.0, "recall": 0.0, "f1-score": 0.0, "support": 0.0}, "accuracy": 0.0, "macro avg": {"precision": 0.0, "recall": 0.0, "f1-score": 0.0, "support": 12.0}, "weighted avg": {"precision": 0.0, "recall": 0.0, "f1-score": 0.0, "support": 12.0}}, "acc": 0.0, "lang_embeds": [], "lang_embeds_length": 0, "lang_length": 12}}