{"feature_name": "Systems_of_Gender_Assignment", "feature_id": "32A", "epoch": 0, "train": {"report": {"0": {"precision": 0.8794326241134752, "recall": 0.8266666666666667, "f1-score": 0.8522336769759451, "support": 150}, "1": {"precision": 0.6470588235294118, "recall": 0.7213114754098361, "f1-score": 0.682170542635659, "support": 61}, "2": {"precision": 0.5384615384615384, "recall": 0.5675675675675675, "f1-score": 0.5526315789473685, "support": 37}, "accuracy": 0.7620967741935484, "macro avg": {"precision": 0.6883176620348085, "recall": 0.7051819032146901, "f1-score": 0.6956785995196575, "support": 248}, "weighted avg": {"precision": 0.7714054789330336, "recall": 0.7620967741935484, "f1-score": 0.765704931726692, "support": 248}}, "loss": "0.6900975", "lang_embeds": ["fra", "hin", "vie", "mri", "mig", "tur", "wnu", "ote", "ind", "sag", "ell", "ibo", "sue", "shp", "srq", "nuy", "lbj", "lhu", "nhg", "kpw", "laj", "naq", "nya", "plt", "qvi", "eus", "aey", "amp", "dgz", "apu", "kjh", "ewe", "sna", "hun", "yle", "deu", "khk", "kwi", "hau", "hix", "amh", "cle", "fij", "sja", "djk", "tnc", "caq", "spp", "fin", "ses", "yor", "swh", "jic", "spa", "zul", "yaq", "bsn", "mbc", "esu", "khm", "car", "pes", "ape", "rus", "mph", "btx", "urb", "pad", "tgl"], "lang_embeds_length": 69, "lang_length": 69}, "dev": {"report": {"0": {"precision": 1.0, "recall": 1.0, "f1-score": 1.0, "support": 3}, "1": {"precision": 1.0, "recall": 1.0, "f1-score": 1.0, "support": 2}, "2": {"precision": 1.0, "recall": 1.0, "f1-score": 1.0, "support": 2}, "accuracy": 1.0, "macro avg": {"precision": 1.0, "recall": 1.0, "f1-score": 1.0, "support": 7}, "weighted avg": {"precision": 1.0, "recall": 1.0, "f1-score": 1.0, "support": 7}}, "loss": "0.39224067", "lang_embeds": ["mbc", "srq", "esu", "naq", "tnc", "dgz", "apu"], "lang_embeds_length": 7, "lang_length": 7}, "test": {"report": {"0": {"precision": 0.75, "recall": 0.75, "f1-score": 0.75, "support": 4}, "1": {"precision": 0.3333333333333333, "recall": 0.3333333333333333, "f1-score": 0.3333333333333333, "support": 3}, "2": {"precision": 0.0, "recall": 0.0, "f1-score": 0.0, "support": 1}, "accuracy": 0.5, "macro avg": {"precision": 0.3611111111111111, "recall": 0.3611111111111111, "f1-score": 0.3611111111111111, "support": 8}, "weighted avg": {"precision": 0.5, "recall": 0.5, "f1-score": 0.5, "support": 8}}, "acc": 0.5, "lang_embeds": ["tha", "arn", "hye", "mya", "ukr", "gla", "lav", "tam"], "lang_embeds_length": 8, "lang_length": 8}, "test_zs": {"report": {"0": {"precision": 0.5, "recall": 1.0, "f1-score": 0.6666666666666666, "support": 4}, "1": {"precision": 0.0, "recall": 0.0, "f1-score": 0.0, "support": 3}, "2": {"precision": 0.0, "recall": 0.0, "f1-score": 0.0, "support": 1}, "accuracy": 0.5, "macro avg": {"precision": 0.16666666666666666, "recall": 0.3333333333333333, "f1-score": 0.2222222222222222, "support": 8}, "weighted avg": {"precision": 0.25, "recall": 0.5, "f1-score": 0.3333333333333333, "support": 8}}, "acc": 0.5, "lang_embeds": [], "lang_embeds_length": 0, "lang_length": 8}}