{"feature_name": "Uvular_Consonants", "feature_id": "6A", "epoch": 0, "train": {"report": {"0": {"precision": 0.9037037037037037, "recall": 0.9312977099236641, "f1-score": 0.9172932330827067, "support": 131}, "2": {"precision": 0.0, "recall": 0.0, "f1-score": 0.0, "support": 9}, "3": {"precision": 0.0, "recall": 0.0, "f1-score": 0.0, "support": 4}, "accuracy": 0.8472222222222222, "macro avg": {"precision": 0.30123456790123454, "recall": 0.3104325699745547, "f1-score": 0.3057644110275689, "support": 144}, "weighted avg": {"precision": 0.822119341563786, "recall": 0.8472222222222222, "f1-score": 0.8344820384294068, "support": 144}}, "loss": "0.9479106", "lang_embeds": [], "lang_embeds_length": 0, "lang_length": 144}, "dev": {"report": {"0": {"precision": 1.0, "recall": 1.0, "f1-score": 1.0, "support": 17}, "accuracy": 1.0, "macro avg": {"precision": 1.0, "recall": 1.0, "f1-score": 1.0, "support": 17}, "weighted avg": {"precision": 1.0, "recall": 1.0, "f1-score": 1.0, "support": 17}}, "loss": "0.014401895", "lang_embeds": [], "lang_embeds_length": 0, "lang_length": 17}, "test": {"report": {"0": {"precision": 0.9411764705882353, "recall": 1.0, "f1-score": 0.9696969696969697, "support": 16}, "2": {"precision": 0.0, "recall": 0.0, "f1-score": 0.0, "support": 1}, "accuracy": 0.9411764705882353, "macro avg": {"precision": 0.47058823529411764, "recall": 0.5, "f1-score": 0.48484848484848486, "support": 17}, "weighted avg": {"precision": 0.8858131487889274, "recall": 0.9411764705882353, "f1-score": 0.912655971479501, "support": 17}}, "acc": 0.9411764740943909, "lang_embeds": [], "lang_embeds_length": 0, "lang_length": 17}, "test_zs": {"report": {"0": {"precision": 0.9411764705882353, "recall": 1.0, "f1-score": 0.9696969696969697, "support": 16}, "2": {"precision": 0.0, "recall": 0.0, "f1-score": 0.0, "support": 1}, "accuracy": 0.9411764705882353, "macro avg": {"precision": 0.47058823529411764, "recall": 0.5, "f1-score": 0.48484848484848486, "support": 17}, "weighted avg": {"precision": 0.8858131487889274, "recall": 0.9411764705882353, "f1-score": 0.912655971479501, "support": 17}}, "acc": 0.9411764740943909, "lang_embeds": [], "lang_embeds_length": 0, "lang_length": 17}}