{"feature_name": "Occurrence_of_Nominal_Plurality", "feature_id": "34A", "epoch": 0, "train": {"report": {"0": {"precision": 0.50997150997151, "recall": 0.7427385892116183, "f1-score": 0.6047297297297297, "support": 241}, "1": {"precision": 0.16923076923076924, "recall": 0.11702127659574468, "f1-score": 0.13836477987421386, "support": 94}, "2": {"precision": 0.08571428571428572, "recall": 0.0625, "f1-score": 0.07228915662650602, "support": 48}, "3": {"precision": 0.0, "recall": 0.0, "f1-score": 0.0, "support": 31}, "4": {"precision": 0.0, "recall": 0.0, "f1-score": 0.0, "support": 26}, "5": {"precision": 0.0, "recall": 0.0, "f1-score": 0.0, "support": 25}, "accuracy": 0.4150537634408602, "macro avg": {"precision": 0.12748609415276083, "recall": 0.15370997763456049, "f1-score": 0.13589727770507495, "support": 465}, "weighted avg": {"precision": 0.3073658320970149, "recall": 0.4150537634408602, "f1-score": 0.34885168535723277, "support": 465}}, "loss": "1.863544", "lang_embeds": [], "lang_embeds_length": 0, "lang_length": 74}, "dev": {"report": {"0": {"precision": 0.8571428571428571, "recall": 1.0, "f1-score": 0.923076923076923, "support": 6}, "2": {"precision": 0.0, "recall": 0.0, "f1-score": 0.0, "support": 1}, "accuracy": 0.8571428571428571, "macro avg": {"precision": 0.42857142857142855, "recall": 0.5, "f1-score": 0.4615384615384615, "support": 7}, "weighted avg": {"precision": 0.7346938775510203, "recall": 0.8571428571428571, "f1-score": 0.7912087912087912, "support": 7}}, "loss": "0.86136055", "lang_embeds": [], "lang_embeds_length": 0, "lang_length": 7}, "test": {"report": {"0": {"precision": 0.75, "recall": 1.0, "f1-score": 0.8571428571428571, "support": 6}, "1": {"precision": 0.0, "recall": 0.0, "f1-score": 0.0, "support": 2}, "accuracy": 0.75, "macro avg": {"precision": 0.375, "recall": 0.5, "f1-score": 0.42857142857142855, "support": 8}, "weighted avg": {"precision": 0.5625, "recall": 0.75, "f1-score": 0.6428571428571428, "support": 8}}, "acc": 0.75, "lang_embeds": [], "lang_embeds_length": 0, "lang_length": 8}, "test_zs": {"report": {"0": {"precision": 0.75, "recall": 1.0, "f1-score": 0.8571428571428571, "support": 6}, "1": {"precision": 0.0, "recall": 0.0, "f1-score": 0.0, "support": 2}, "accuracy": 0.75, "macro avg": {"precision": 0.375, "recall": 0.5, "f1-score": 0.42857142857142855, "support": 8}, "weighted avg": {"precision": 0.5625, "recall": 0.75, "f1-score": 0.6428571428571428, "support": 8}}, "acc": 0.75, "lang_embeds": [], "lang_embeds_length": 0, "lang_length": 8}}