{"feature_name": "Obligatory_Possessive_Inflection", "feature_id": "58A", "epoch": 0, "train": {"report": {"0": {"precision": 0.9583333333333334, "recall": 0.8888888888888888, "f1-score": 0.9223057644110275, "support": 207}, "1": {"precision": 0.4772727272727273, "recall": 0.7241379310344828, "f1-score": 0.5753424657534246, "support": 29}, "accuracy": 0.8686440677966102, "macro avg": {"precision": 0.7178030303030303, "recall": 0.8065134099616857, "f1-score": 0.7488241150822261, "support": 236}, "weighted avg": {"precision": 0.8992199537750385, "recall": 0.8686440677966102, "f1-score": 0.8796704438132712, "support": 236}}, "loss": "0.3350228", "lang_embeds": ["fra", "hin", "vie", "mri", "mig", "tur", "ind", "chd", "ote", "sll", "sag", "ell", "sue", "wrk", "nuy", "kpw", "laj", "naq", "qvi", "plt", "fub", "eus", "aey", "dgz", "cbt", "amp", "apu", "hun", "ewe", "mzh", "tzj", "huv", "khk", "kwi", "amh", "deu", "hau", "sja", "fij", "hix", "wrs", "pma", "fin", "caq", "yad", "spp", "lif", "tlf", "yor", "swh", "spa", "zul", "jpn", "yaq", "bsn", "kor", "pes", "ape", "mya", "tbo", "sua", "rus", "mph", "yss", "pad", "tgl"], "lang_embeds_length": 66, "lang_length": 66}, "dev": {"report": {"0": {"precision": 1.0, "recall": 1.0, "f1-score": 1.0, "support": 5}, "1": {"precision": 1.0, "recall": 1.0, "f1-score": 1.0, "support": 2}, "accuracy": 1.0, "macro avg": {"precision": 1.0, "recall": 1.0, "f1-score": 1.0, "support": 7}, "weighted avg": {"precision": 1.0, "recall": 1.0, "f1-score": 1.0, "support": 7}}, "loss": "0.13914461", "lang_embeds": ["spp", "ape", "chd", "tbo", "sag", "tzj", "wrk"], "lang_embeds_length": 7, "lang_length": 7}, "test": {"report": {"0": {"precision": 1.0, "recall": 0.8571428571428571, "f1-score": 0.923076923076923, "support": 7}, "1": {"precision": 0.0, "recall": 0.0, "f1-score": 0.0, "support": 0}, "accuracy": 0.8571428571428571, "macro avg": {"precision": 0.5, "recall": 0.42857142857142855, "f1-score": 0.4615384615384615, "support": 7}, "weighted avg": {"precision": 1.0, "recall": 0.8571428571428571, "f1-score": 0.923076923076923, "support": 7}}, "acc": 0.8571428656578064, "lang_embeds": ["tha", "arn", "smo", "hye", "lug", "wbp", "tyv"], "lang_embeds_length": 7, "lang_length": 7}, "test_zs": {"report": {"0": {"precision": 0.0, "recall": 0.0, "f1-score": 0.0, "support": 7.0}, "1": {"precision": 0.0, "recall": 0.0, "f1-score": 0.0, "support": 0.0}, "accuracy": 0.0, "macro avg": {"precision": 0.0, "recall": 0.0, "f1-score": 0.0, "support": 7.0}, "weighted avg": {"precision": 0.0, "recall": 0.0, "f1-score": 0.0, "support": 7.0}}, "acc": 0.0, "lang_embeds": [], "lang_embeds_length": 0, "lang_length": 7}}