{"feature_name": "Semantic_Distinctions_of_Evidentiality", "feature_id": "77A", "epoch": 0, "train": {"report": {"0": {"precision": 0.7595419847328244, "recall": 0.805668016194332, "f1-score": 0.7819253438113949, "support": 247}, "1": {"precision": 0.8185654008438819, "recall": 0.7729083665338645, "f1-score": 0.7950819672131147, "support": 251}, "2": {"precision": 0.6049382716049383, "recall": 0.5975609756097561, "f1-score": 0.6012269938650306, "support": 82}, "accuracy": 0.7620689655172413, "macro avg": {"precision": 0.7276818857272148, "recall": 0.7253791194459843, "f1-score": 0.7260781016298469, "support": 580}, "weighted avg": {"precision": 0.7632271105386671, "recall": 0.7620689655172413, "f1-score": 0.762071977911791, "support": 580}}, "loss": "0.6758153", "lang_embeds": ["boa", "nav", "ntp", "pib", "ind", "hto", "sag", "ell", "ibo", "spl", "hop", "shp", "pot", "mam", "qvi", "plt", "aey", "apu", "auc", "agr", "kwi", "tha", "hix", "fij", "lif", "yad", "yor", "afr", "yaq", "kor", "niy", "xsr", "ape", "mya", "tew", "rus", "pad", "plu", "tgl", "ign", "mri", "vie", "wnu", "ote", "pab", "for", "cbu", "nuy", "lhu", "tsz", "pbb", "deu", "khk", "cle", "ame", "tnc", "spa", "faa", "pam", "bef", "bsn", "est", "apy", "tzo", "tna", "mph", "car", "ood", "crn", "fra", "tac", "mig", "mie", "qvh", "cab", "srq", "lbj", "cao", "naq", "mxt", "oym", "dgz", "hun", "ewe", "mzh", "hau", "nhx", "mks", "sja", "pma", "fin", "ncl", "swh", "jpn", "ncj", "pes", "ctp", "ter", "tuo", "btx", "hin", "tue", "tur", "gub", "sue", "cbc", "nhg", "laj", "kpw", "cco", "eus", "ese", "amp", "too", "snn", "tzj", "djk", "spp", "pao", "zul", "mbc", "esu", "mcb", "khm", "miz", "coe", "yaa", "ses", "urb"], "lang_embeds_length": 129, "lang_length": 129}, "dev": {"report": {"0": {"precision": 1.0, "recall": 1.0, "f1-score": 1.0, "support": 4}, "1": {"precision": 1.0, "recall": 1.0, "f1-score": 1.0, "support": 4}, "2": {"precision": 1.0, "recall": 1.0, "f1-score": 1.0, "support": 5}, "accuracy": 1.0, "macro avg": {"precision": 1.0, "recall": 1.0, "f1-score": 1.0, "support": 13}, "weighted avg": {"precision": 1.0, "recall": 1.0, "f1-score": 1.0, "support": 13}}, "loss": "0.28986236", "lang_embeds": ["est", "mcb", "kpw", "cco", "tnc", "hto", "pao", "faa", "tna", "ses", "bsn", "snn", "cbc"], "lang_embeds_length": 13, "lang_length": 13}, "test": {"report": {"0": {"precision": 0.25, "recall": 0.5, "f1-score": 0.3333333333333333, "support": 4}, "1": {"precision": 0.4, "recall": 0.2857142857142857, "f1-score": 0.3333333333333333, "support": 7}, "2": {"precision": 1.0, "recall": 0.3333333333333333, "f1-score": 0.5, "support": 3}, "accuracy": 0.35714285714285715, "macro avg": {"precision": 0.5499999999999999, "recall": 0.373015873015873, "f1-score": 0.38888888888888884, "support": 14}, "weighted avg": {"precision": 0.48571428571428577, "recall": 0.35714285714285715, "f1-score": 0.369047619047619, "support": 14}}, "acc": 0.3571428656578064, "lang_embeds": ["arn", "ron", "nld", "nep", "kmr", "lit", "kgp", "che", "bre", "bul", "lav", "swe", "tam", "gle"], "lang_embeds_length": 14, "lang_length": 14}, "test_zs": {"report": {"0": {"precision": 0.2857142857142857, "recall": 1.0, "f1-score": 0.4444444444444445, "support": 4}, "1": {"precision": 0.0, "recall": 0.0, "f1-score": 0.0, "support": 7}, "2": {"precision": 0.0, "recall": 0.0, "f1-score": 0.0, "support": 3}, "accuracy": 0.2857142857142857, "macro avg": {"precision": 0.09523809523809523, "recall": 0.3333333333333333, "f1-score": 0.14814814814814817, "support": 14}, "weighted avg": {"precision": 0.08163265306122448, "recall": 0.2857142857142857, "f1-score": 0.126984126984127, "support": 14}}, "acc": 0.2857142984867096, "lang_embeds": [], "lang_embeds_length": 0, "lang_length": 14}}