{"feature_name": "Position_of_Polar_Question_Particles", "feature_id": "92A", "epoch": 0, "train": {"report": {"0": {"precision": 0.7547974413646056, "recall": 0.7547974413646056, "f1-score": 0.7547974413646056, "support": 469}, "1": {"precision": 0.7006802721088435, "recall": 0.7236533957845434, "f1-score": 0.7119815668202766, "support": 427}, "2": {"precision": 0.6923076923076923, "recall": 0.6244897959183674, "f1-score": 0.6566523605150214, "support": 245}, "3": {"precision": 0.625, "recall": 0.6043956043956044, "f1-score": 0.6145251396648044, "support": 91}, "4": {"precision": 0.6857142857142857, "recall": 0.676056338028169, "f1-score": 0.6808510638297872, "support": 71}, "5": {"precision": 0.3125, "recall": 0.5555555555555556, "f1-score": 0.39999999999999997, "support": 18}, "accuracy": 0.7032551097653293, "macro avg": {"precision": 0.6284999485825712, "recall": 0.6564913551744742, "f1-score": 0.6364679286990825, "support": 1321}, "weighted avg": {"precision": 0.7070337434455527, "recall": 0.7032551097653293, "f1-score": 0.7042832479938307, "support": 1321}}, "loss": "0.89294314", "lang_embeds": ["des", "arb", "nav", "var", "ntp", "trc", "ind", "hto", "sll", "xsi", "urt", "sag", "ell", "snf", "ibo", "hop", "tbl", "shp", "azb", "stp", "qvi", "taq", "plt", "mna", "nyn", "kac", "guh", "amn", "fub", "apu", "agd", "iba", "aey", "agt", "auc", "dow", "tee", "huv", "guc", "kwi", "mam", "hix", "tha", "bom", "fij", "yad", "tbc", "yor", "apw", "cnh", "yaq", "kor", "apr", "mio", "adj", "duo", "niy", "mcd", "nmf", "zpq", "ghs", "xsr", "ape", "mya", "sot", "rus", "pad", "plu", "tgl", "aia", "nko", "gvf", "ssd", "mri", "vie", "wnu", "ote", "kto", "mjw", "cbu", "ssw", "lww", "mbl", "emi", "cub", "wrk", "mqy", "kyz", "nuy", "lhu", "xbi", "kms", "adz", "pbb", "csy", "snp", "ong", "apt", "djr", "yrb", "deu", "khk", "cle", "urd", "nhu", "tnc", "hye", "spa", "nzm", "faa", "lav", "emp", "naf", "bsn", "tso", "est", "mhx", "tob", "apy", "amk", "tzo", "kpx", "tvk", "mbj", "izz", "mph", "tna", "car", "acu", "ood", "gle", "fra", "njb", "kvn", "mig", "cap", "mie", "mau", "qvh", "apn", "txu", "kyq", "srq", "lbj", "hus", "naq", "acn", "sat", "oym", "ewe", "xed", "som", "nbc", "mzh", "sba", "hau", "gbr", "sja", "mrg", "mpt", "plg", "okv", "pma", "fin", "swh", "jpn", "nas", "adi", "zai", "gah", "mpm", "zav", "bci", "mva", "pes", "ctp", "kmo", "miq", "loz", "tuo", "kbp", "cof", "btx", "usa", "hin", "aoj", "mos", "nab", "mek", "njo", "ppo", "mil", "tue", "pwg", "kue", "tur", "ndi", "xav", "chf", "sue", "cbc", "nhg", "laj", "kpw", "chq", "cco", "trp", "eus", "nya", "ese", "nob", "amp", "mcn", "mxp", "too", "mco", "tzj", "agg", "djk", "pol", "spp", "ann", "pao", "tfr", "cpa", "zul", "nbl", "nst", "mbc", "esu", "khm", "ary", "xsm", "snc", "coe", "sps", "gvn", "lac", "sbe", "sua", "zaw", "myb", "bem", "ses", "urb"], "lang_embeds_length": 245, "lang_length": 245}, "dev": {"report": {"0": {"precision": 1.0, "recall": 1.0, "f1-score": 1.0, "support": 6}, "1": {"precision": 1.0, "recall": 1.0, "f1-score": 1.0, "support": 8}, "2": {"precision": 1.0, "recall": 1.0, "f1-score": 1.0, "support": 4}, "3": {"precision": 1.0, "recall": 1.0, "f1-score": 1.0, "support": 3}, "4": {"precision": 1.0, "recall": 1.0, "f1-score": 1.0, "support": 3}, "accuracy": 1.0, "macro avg": {"precision": 1.0, "recall": 1.0, "f1-score": 1.0, "support": 24}, "weighted avg": {"precision": 1.0, "recall": 1.0, "f1-score": 1.0, "support": 24}}, "loss": "0.24495967", "lang_embeds": ["ppo", "gvf", "wnu", "apn", "sll", "lww", "acn", "fub", "mna", "guh", "amn", "xed", "mxp", "mco", "yad", "pao", "tfr", "niy", "zav", "pes", "tzo", "kpx", "izz", "car"], "lang_embeds_length": 24, "lang_length": 24}, "test": {"report": {"0": {"precision": 0.4, "recall": 0.36363636363636365, "f1-score": 0.380952380952381, "support": 11}, "1": {"precision": 0.3, "recall": 0.6, "f1-score": 0.4, "support": 5}, "2": {"precision": 0.25, "recall": 0.125, "f1-score": 0.16666666666666666, "support": 8}, "3": {"precision": 0.5, "recall": 0.5, "f1-score": 0.5, "support": 2}, "accuracy": 0.34615384615384615, "macro avg": {"precision": 0.3625, "recall": 0.3971590909090909, "f1-score": 0.36190476190476195, "support": 26}, "weighted avg": {"precision": 0.3423076923076923, "recall": 0.34615384615384615, "f1-score": 0.32783882783882784, "support": 26}}, "acc": 0.3461538553237915, "lang_embeds": ["ron", "bel", "gla", "tyv", "lit", "tet", "ukr", "por", "kik", "cat", "cor", "nld", "smo", "lus", "bre", "cym", "swe", "wbp", "dan", "che", "ita", "ces", "tgk", "ium", "tam", "bul"], "lang_embeds_length": 26, "lang_length": 26}, "test_zs": {"report": {"0": {"precision": 0.4230769230769231, "recall": 1.0, "f1-score": 0.5945945945945945, "support": 11}, "1": {"precision": 0.0, "recall": 0.0, "f1-score": 0.0, "support": 5}, "2": {"precision": 0.0, "recall": 0.0, "f1-score": 0.0, "support": 8}, "3": {"precision": 0.0, "recall": 0.0, "f1-score": 0.0, "support": 2}, "accuracy": 0.4230769230769231, "macro avg": {"precision": 0.10576923076923077, "recall": 0.25, "f1-score": 0.14864864864864863, "support": 26}, "weighted avg": {"precision": 0.1789940828402367, "recall": 0.4230769230769231, "f1-score": 0.2515592515592515, "support": 26}}, "acc": 0.42307692766189575, "lang_embeds": [], "lang_embeds_length": 0, "lang_length": 26}}