{"feature_name": "Red_and_Yellow", "feature_id": "135A", "epoch": 0, "train": {"report": {"0": {"precision": 0.8571428571428571, "recall": 0.5714285714285714, "f1-score": 0.6857142857142857, "support": 105}, "1": {"precision": 0.07142857142857142, "recall": 0.1, "f1-score": 0.08333333333333333, "support": 10}, "2": {"precision": 0.0, "recall": 0.0, "f1-score": 0.0, "support": 3}, "3": {"precision": 0.0, "recall": 0.0, "f1-score": 0.0, "support": 4}, "4": {"precision": 0.0, "recall": 0.0, "f1-score": 0.0, "support": 0}, "accuracy": 0.5, "macro avg": {"precision": 0.1857142857142857, "recall": 0.13428571428571429, "f1-score": 0.1538095238095238, "support": 122}, "weighted avg": {"precision": 0.743559718969555, "recall": 0.5, "f1-score": 0.5969945355191256, "support": 122}}, "loss": "1.3153813", "lang_embeds": ["etu", "tac", "cav", "var", "kvn", "con", "ppo", "kbq", "ptp", "agu", "mil", "cof", "cab", "tca", "apn", "kbh", "mcf", "mic", "ese", "zpz", "cak", "cbu", "tbl", "agm", "shp", "kpj", "srq", "hus", "cao", "rop", "gum", "kmh", "sgz", "guh", "viv", "amu", "agd", "cbt", "ncu", "cul", "ycn", "yka", "cax", "agt", "auc", "tif", "huv", "xon", "arl", "cle", "djk", "dyi", "apz", "srm", "cbk", "jic", "tfr", "maq", "gym", "ncj", "cbi", "amr", "yaa", "gvn", "tuo", "sab", "tna", "ood"], "lang_embeds_length": 68, "lang_length": 68}, "dev": {"report": {"0": {"precision": 1.0, "recall": 1.0, "f1-score": 1.0, "support": 7}, "accuracy": 1.0, "macro avg": {"precision": 1.0, "recall": 1.0, "f1-score": 1.0, "support": 7}, "weighted avg": {"precision": 1.0, "recall": 1.0, "f1-score": 1.0, "support": 7}}, "loss": "0.5391575", "lang_embeds": ["ncj", "tif", "cav", "yka", "tfr", "cak", "huv"], "lang_embeds_length": 7, "lang_length": 7}, "test": {"report": {"0": {"precision": 1.0, "recall": 0.2857142857142857, "f1-score": 0.4444444444444445, "support": 7}, "2": {"precision": 0.0, "recall": 0.0, "f1-score": 0.0, "support": 0}, "3": {"precision": 0.0, "recall": 0.0, "f1-score": 0.0, "support": 0}, "accuracy": 0.2857142857142857, "macro avg": {"precision": 0.3333333333333333, "recall": 0.09523809523809523, "f1-score": 0.14814814814814817, "support": 7}, "weighted avg": {"precision": 1.0, "recall": 0.2857142857142857, "f1-score": 0.4444444444444445, "support": 7}}, "acc": 0.2857142984867096, "lang_embeds": ["fra", "spa", "rus", "jpn", "wbp", "kor", "deu"], "lang_embeds_length": 7, "lang_length": 7}, "test_zs": {"report": {"0": {"precision": 0.0, "recall": 0.0, "f1-score": 0.0, "support": 7.0}, "2": {"precision": 0.0, "recall": 0.0, "f1-score": 0.0, "support": 0.0}, "accuracy": 0.0, "macro avg": {"precision": 0.0, "recall": 0.0, "f1-score": 0.0, "support": 7.0}, "weighted avg": {"precision": 0.0, "recall": 0.0, "f1-score": 0.0, "support": 7.0}}, "acc": 0.0, "lang_embeds": [], "lang_embeds_length": 0, "lang_length": 7}}