{"feature_name": "The_Prohibitive", "feature_id": "71A", "epoch": 0, "train": {"report": {"0": {"precision": 0.3155737704918033, "recall": 0.389873417721519, "f1-score": 0.3488108720271801, "support": 395}, "1": {"precision": 0.2967741935483871, "recall": 0.32280701754385965, "f1-score": 0.3092436974789916, "support": 285}, "2": {"precision": 0.2102803738317757, "recall": 0.1595744680851064, "f1-score": 0.18145161290322578, "support": 282}, "3": {"precision": 0.02631578947368421, "recall": 0.011363636363636364, "f1-score": 0.015873015873015872, "support": 88}, "accuracy": 0.2780952380952381, "macro avg": {"precision": 0.21223603183641254, "recall": 0.22090463492853032, "f1-score": 0.21384479957060332, "support": 1050}, "weighted avg": {"precision": 0.2579496565712358, "recall": 0.2780952380952381, "f1-score": 0.26521993187407983, "support": 1050}}, "loss": "1.7165053", "lang_embeds": [], "lang_embeds_length": 0, "lang_length": 146}, "dev": {"report": {"0": {"precision": 0.6428571428571429, "recall": 1.0, "f1-score": 0.782608695652174, "support": 9}, "1": {"precision": 0.0, "recall": 0.0, "f1-score": 0.0, "support": 3}, "2": {"precision": 0.0, "recall": 0.0, "f1-score": 0.0, "support": 2}, "accuracy": 0.6428571428571429, "macro avg": {"precision": 0.2142857142857143, "recall": 0.3333333333333333, "f1-score": 0.2608695652173913, "support": 14}, "weighted avg": {"precision": 0.41326530612244905, "recall": 0.6428571428571429, "f1-score": 0.5031055900621119, "support": 14}}, "loss": "1.0576222", "lang_embeds": [], "lang_embeds_length": 0, "lang_length": 14}, "test": {"report": {"0": {"precision": 0.3333333333333333, "recall": 1.0, "f1-score": 0.5, "support": 5}, "2": {"precision": 0.0, "recall": 0.0, "f1-score": 0.0, "support": 8}, "3": {"precision": 0.0, "recall": 0.0, "f1-score": 0.0, "support": 2}, "accuracy": 0.3333333333333333, "macro avg": {"precision": 0.1111111111111111, "recall": 0.3333333333333333, "f1-score": 0.16666666666666666, "support": 15}, "weighted avg": {"precision": 0.1111111111111111, "recall": 0.3333333333333333, "f1-score": 0.16666666666666666, "support": 15}}, "acc": 0.3333333432674408, "lang_embeds": [], "lang_embeds_length": 0, "lang_length": 15}, "test_zs": {"report": {"0": {"precision": 0.3333333333333333, "recall": 1.0, "f1-score": 0.5, "support": 5}, "2": {"precision": 0.0, "recall": 0.0, "f1-score": 0.0, "support": 8}, "3": {"precision": 0.0, "recall": 0.0, "f1-score": 0.0, "support": 2}, "accuracy": 0.3333333333333333, "macro avg": {"precision": 0.1111111111111111, "recall": 0.3333333333333333, "f1-score": 0.16666666666666666, "support": 15}, "weighted avg": {"precision": 0.1111111111111111, "recall": 0.3333333333333333, "f1-score": 0.16666666666666666, "support": 15}}, "acc": 0.3333333432674408, "lang_embeds": [], "lang_embeds_length": 0, "lang_length": 15}}