{"feature_name": "Obligatory_Double_Negation", "feature_id": "143B", "epoch": 0, "train": {"report": {"0": {"precision": 0.0, "recall": 0.0, "f1-score": 0.0, "support": 12}, "1": {"precision": 0.125, "recall": 0.14285714285714285, "f1-score": 0.13333333333333333, "support": 7}, "2": {"precision": 0.6666666666666666, "recall": 0.125, "f1-score": 0.21052631578947367, "support": 16}, "3": {"precision": 0.0, "recall": 0.0, "f1-score": 0.0, "support": 0}, "4": {"precision": 0.5, "recall": 0.3333333333333333, "f1-score": 0.4, "support": 3}, "5": {"precision": 0.0, "recall": 0.0, "f1-score": 0.0, "support": 0}, "6": {"precision": 0.0, "recall": 0.0, "f1-score": 0.0, "support": 0}, "7": {"precision": 0.0, "recall": 0.0, "f1-score": 0.0, "support": 2}, "8": {"precision": 0.0, "recall": 0.0, "f1-score": 0.0, "support": 0}, "9": {"precision": 0.2, "recall": 0.5, "f1-score": 0.28571428571428575, "support": 2}, "10": {"precision": 0.0, "recall": 0.0, "f1-score": 0.0, "support": 0}, "11": {"precision": 0.0, "recall": 0.0, "f1-score": 0.0, "support": 0}, "12": {"precision": 0.0, "recall": 0.0, "f1-score": 0.0, "support": 0}, "13": {"precision": 0.0, "recall": 0.0, "f1-score": 0.0, "support": 2}, "accuracy": 0.11363636363636363, "macro avg": {"precision": 0.10654761904761903, "recall": 0.07865646258503402, "f1-score": 0.07354099534550662, "support": 44}, "weighted avg": {"precision": 0.30549242424242423, "recall": 0.11363636363636363, "f1-score": 0.13802688539530644, "support": 44}}, "loss": "2.5532067", "lang_embeds": ["aoj", "mos", "qvh", "ssw", "cak", "hla", "amn", "oym", "xed", "ewe", "dow", "suk", "kwi", "mcp", "gbr", "amh", "nhu", "lif", "enx", "apw", "nbl", "nso", "ary", "bci", "izz"], "lang_embeds_length": 25, "lang_length": 25}, "dev": {"report": {"0": {"precision": 1.0, "recall": 1.0, "f1-score": 1.0, "support": 1}, "1": {"precision": 1.0, "recall": 1.0, "f1-score": 1.0, "support": 1}, "4": {"precision": 1.0, "recall": 1.0, "f1-score": 1.0, "support": 1}, "accuracy": 1.0, "macro avg": {"precision": 1.0, "recall": 1.0, "f1-score": 1.0, "support": 3}, "weighted avg": {"precision": 1.0, "recall": 1.0, "f1-score": 1.0, "support": 3}}, "loss": "1.5256275", "lang_embeds": ["nso", "dow", "mos"], "lang_embeds_length": 3, "lang_length": 3}, "test": {"report": {"1": {"precision": 0.0, "recall": 0.0, "f1-score": 0.0, "support": 1.0}, "3": {"precision": 0.0, "recall": 0.0, "f1-score": 0.0, "support": 1.0}, "8": {"precision": 0.0, "recall": 0.0, "f1-score": 0.0, "support": 0.0}, "11": {"precision": 0.0, "recall": 0.0, "f1-score": 0.0, "support": 0.0}, "12": {"precision": 0.0, "recall": 0.0, "f1-score": 0.0, "support": 1.0}, "13": {"precision": 0.0, "recall": 0.0, "f1-score": 0.0, "support": 0.0}, "accuracy": 0.0, "macro avg": {"precision": 0.0, "recall": 0.0, "f1-score": 0.0, "support": 3.0}, "weighted avg": {"precision": 0.0, "recall": 0.0, "f1-score": 0.0, "support": 3.0}}, "acc": 0.0, "lang_embeds": ["cui", "bre", "mya"], "lang_embeds_length": 3, "lang_length": 3}, "test_zs": {"report": {"0": {"precision": 0.0, "recall": 0.0, "f1-score": 0.0, "support": 0.0}, "1": {"precision": 0.0, "recall": 0.0, "f1-score": 0.0, "support": 1.0}, "3": {"precision": 0.0, "recall": 0.0, "f1-score": 0.0, "support": 1.0}, "12": {"precision": 0.0, "recall": 0.0, "f1-score": 0.0, "support": 1.0}, "accuracy": 0.0, "macro avg": {"precision": 0.0, "recall": 0.0, "f1-score": 0.0, "support": 3.0}, "weighted avg": {"precision": 0.0, "recall": 0.0, "f1-score": 0.0, "support": 3.0}}, "acc": 0.0, "lang_embeds": [], "lang_embeds_length": 0, "lang_length": 3}}