{"feature_name": "The_Past_Tense", "feature_id": "66A", "epoch": 0, "train": {"report": {"0": {"precision": 0.5454545454545454, "recall": 0.5373134328358209, "f1-score": 0.5413533834586466, "support": 67}, "1": {"precision": 0.39622641509433965, "recall": 0.40384615384615385, "f1-score": 0.39999999999999997, "support": 52}, "2": {"precision": 0.14814814814814814, "recall": 0.13793103448275862, "f1-score": 0.14285714285714285, "support": 29}, "3": {"precision": 0.0, "recall": 0.0, "f1-score": 0.0, "support": 2}, "accuracy": 0.4066666666666667, "macro avg": {"precision": 0.27245727717425827, "recall": 0.2697726552911833, "f1-score": 0.2710526315789473, "support": 150}, "weighted avg": {"precision": 0.4096368295110433, "recall": 0.4066666666666667, "f1-score": 0.4080902255639097, "support": 150}}, "loss": "2.7868974", "lang_embeds": [], "lang_embeds_length": 0, "lang_length": 84}, "dev": {"report": {"0": {"precision": 0.0, "recall": 0.0, "f1-score": 0.0, "support": 2}, "1": {"precision": 0.5555555555555556, "recall": 1.0, "f1-score": 0.7142857142857143, "support": 5}, "2": {"precision": 0.0, "recall": 0.0, "f1-score": 0.0, "support": 2}, "accuracy": 0.5555555555555556, "macro avg": {"precision": 0.1851851851851852, "recall": 0.3333333333333333, "f1-score": 0.2380952380952381, "support": 9}, "weighted avg": {"precision": 0.30864197530864196, "recall": 0.5555555555555556, "f1-score": 0.39682539682539686, "support": 9}}, "loss": "1.3691169", "lang_embeds": [], "lang_embeds_length": 0, "lang_length": 9}, "test": {"report": {"0": {"precision": 0.0, "recall": 0.0, "f1-score": 0.0, "support": 6}, "1": {"precision": 0.1111111111111111, "recall": 1.0, "f1-score": 0.19999999999999998, "support": 1}, "2": {"precision": 0.0, "recall": 0.0, "f1-score": 0.0, "support": 2}, "accuracy": 0.1111111111111111, "macro avg": {"precision": 0.037037037037037035, "recall": 0.3333333333333333, "f1-score": 0.06666666666666667, "support": 9}, "weighted avg": {"precision": 0.012345679012345678, "recall": 0.1111111111111111, "f1-score": 0.02222222222222222, "support": 9}}, "acc": 0.1111111119389534, "lang_embeds": [], "lang_embeds_length": 0, "lang_length": 9}, "test_zs": {"report": {"0": {"precision": 0.0, "recall": 0.0, "f1-score": 0.0, "support": 6}, "1": {"precision": 0.1111111111111111, "recall": 1.0, "f1-score": 0.19999999999999998, "support": 1}, "2": {"precision": 0.0, "recall": 0.0, "f1-score": 0.0, "support": 2}, "accuracy": 0.1111111111111111, "macro avg": {"precision": 0.037037037037037035, "recall": 0.3333333333333333, "f1-score": 0.06666666666666667, "support": 9}, "weighted avg": {"precision": 0.012345679012345678, "recall": 0.1111111111111111, "f1-score": 0.02222222222222222, "support": 9}}, "acc": 0.1111111119389534, "lang_embeds": [], "lang_embeds_length": 0, "lang_length": 9}}