{"feature_name": "The_Velar_Nasal", "feature_id": "9A", "epoch": 0, "train": {"report": {"0": {"precision": 0.5483870967741935, "recall": 0.5483870967741935, "f1-score": 0.5483870967741935, "support": 62}, "1": {"precision": 0.25925925925925924, "recall": 0.25925925925925924, "f1-score": 0.25925925925925924, "support": 27}, "2": {"precision": 0.1111111111111111, "recall": 0.1111111111111111, "f1-score": 0.1111111111111111, "support": 18}, "accuracy": 0.40186915887850466, "macro avg": {"precision": 0.30625248904818797, "recall": 0.30625248904818797, "f1-score": 0.30625248904818797, "support": 107}, "weighted avg": {"precision": 0.40186915887850466, "recall": 0.40186915887850466, "f1-score": 0.40186915887850466, "support": 107}}, "loss": "3.0626202", "lang_embeds": [], "lang_embeds_length": 0, "lang_length": 107}, "dev": {"report": {"0": {"precision": 0.6666666666666666, "recall": 1.0, "f1-score": 0.8, "support": 8}, "1": {"precision": 0.0, "recall": 0.0, "f1-score": 0.0, "support": 3}, "2": {"precision": 0.0, "recall": 0.0, "f1-score": 0.0, "support": 1}, "accuracy": 0.6666666666666666, "macro avg": {"precision": 0.2222222222222222, "recall": 0.3333333333333333, "f1-score": 0.26666666666666666, "support": 12}, "weighted avg": {"precision": 0.4444444444444444, "recall": 0.6666666666666666, "f1-score": 0.5333333333333333, "support": 12}}, "loss": "0.87591785", "lang_embeds": [], "lang_embeds_length": 0, "lang_length": 12}, "test": {"report": {"0": {"precision": 0.3076923076923077, "recall": 1.0, "f1-score": 0.47058823529411764, "support": 4}, "1": {"precision": 0.0, "recall": 0.0, "f1-score": 0.0, "support": 4}, "2": {"precision": 0.0, "recall": 0.0, "f1-score": 0.0, "support": 5}, "accuracy": 0.3076923076923077, "macro avg": {"precision": 0.10256410256410257, "recall": 0.3333333333333333, "f1-score": 0.1568627450980392, "support": 13}, "weighted avg": {"precision": 0.09467455621301776, "recall": 0.3076923076923077, "f1-score": 0.14479638009049772, "support": 13}}, "acc": 0.3076923191547394, "lang_embeds": [], "lang_embeds_length": 0, "lang_length": 13}, "test_zs": {"report": {"0": {"precision": 0.3076923076923077, "recall": 1.0, "f1-score": 0.47058823529411764, "support": 4}, "1": {"precision": 0.0, "recall": 0.0, "f1-score": 0.0, "support": 4}, "2": {"precision": 0.0, "recall": 0.0, "f1-score": 0.0, "support": 5}, "accuracy": 0.3076923076923077, "macro avg": {"precision": 0.10256410256410257, "recall": 0.3333333333333333, "f1-score": 0.1568627450980392, "support": 13}, "weighted avg": {"precision": 0.09467455621301776, "recall": 0.3076923076923077, "f1-score": 0.14479638009049772, "support": 13}}, "acc": 0.3076923191547394, "lang_embeds": [], "lang_embeds_length": 0, "lang_length": 13}}