{"feature_name": "Syncretism_in_Verbal_Person/Number_Marking", "feature_id": "29A", "epoch": 0, "train": {"report": {"0": {"precision": 0.3, "recall": 0.3333333333333333, "f1-score": 0.3157894736842105, "support": 45}, "1": {"precision": 0.15151515151515152, "recall": 0.13513513513513514, "f1-score": 0.14285714285714285, "support": 37}, "2": {"precision": 0.24242424242424243, "recall": 0.23529411764705882, "f1-score": 0.23880597014925375, "support": 34}, "accuracy": 0.2413793103448276, "macro avg": {"precision": 0.23131313131313133, "recall": 0.23458752870517574, "f1-score": 0.23248419556353572, "support": 116}, "weighted avg": {"precision": 0.23576280041797282, "recall": 0.2413793103448276, "f1-score": 0.23806589298774472, "support": 116}}, "loss": "2.1736417", "lang_embeds": [], "lang_embeds_length": 0, "lang_length": 65}, "dev": {"report": {"0": {"precision": 0.0, "recall": 0.0, "f1-score": 0.0, "support": 2}, "2": {"precision": 0.7142857142857143, "recall": 1.0, "f1-score": 0.8333333333333333, "support": 5}, "accuracy": 0.7142857142857143, "macro avg": {"precision": 0.35714285714285715, "recall": 0.5, "f1-score": 0.41666666666666663, "support": 7}, "weighted avg": {"precision": 0.5102040816326531, "recall": 0.7142857142857143, "f1-score": 0.5952380952380951, "support": 7}}, "loss": "0.8468737", "lang_embeds": [], "lang_embeds_length": 0, "lang_length": 7}, "test": {"report": {"0": {"precision": 0.0, "recall": 0.0, "f1-score": 0.0, "support": 2}, "1": {"precision": 0.0, "recall": 0.0, "f1-score": 0.0, "support": 2}, "2": {"precision": 0.42857142857142855, "recall": 1.0, "f1-score": 0.6, "support": 3}, "accuracy": 0.42857142857142855, "macro avg": {"precision": 0.14285714285714285, "recall": 0.3333333333333333, "f1-score": 0.19999999999999998, "support": 7}, "weighted avg": {"precision": 0.18367346938775508, "recall": 0.42857142857142855, "f1-score": 0.2571428571428571, "support": 7}}, "acc": 0.4285714328289032, "lang_embeds": [], "lang_embeds_length": 0, "lang_length": 7}, "test_zs": {"report": {"0": {"precision": 0.0, "recall": 0.0, "f1-score": 0.0, "support": 2}, "1": {"precision": 0.0, "recall": 0.0, "f1-score": 0.0, "support": 2}, "2": {"precision": 0.42857142857142855, "recall": 1.0, "f1-score": 0.6, "support": 3}, "accuracy": 0.42857142857142855, "macro avg": {"precision": 0.14285714285714285, "recall": 0.3333333333333333, "f1-score": 0.19999999999999998, "support": 7}, "weighted avg": {"precision": 0.18367346938775508, "recall": 0.42857142857142855, "f1-score": 0.2571428571428571, "support": 7}}, "acc": 0.4285714328289032, "lang_embeds": [], "lang_embeds_length": 0, "lang_length": 7}}