{"feature_name": "Obligatory_Double_Negation_in_SOV_languages", "feature_id": "144N", "epoch": 0, "train": {"report": {"0": {"precision": 0.22857142857142856, "recall": 0.5714285714285714, "f1-score": 0.32653061224489793, "support": 14}, "1": {"precision": 0.0, "recall": 0.0, "f1-score": 0.0, "support": 7}, "2": {"precision": 0.0, "recall": 0.0, "f1-score": 0.0, "support": 7}, "3": {"precision": 0.0, "recall": 0.0, "f1-score": 0.0, "support": 7}, "5": {"precision": 0.09090909090909091, "recall": 0.14285714285714285, "f1-score": 0.1111111111111111, "support": 7}, "6": {"precision": 0.0, "recall": 0.0, "f1-score": 0.0, "support": 8}, "7": {"precision": 0.0, "recall": 0.0, "f1-score": 0.0, "support": 0}, "8": {"precision": 0.0, "recall": 0.0, "f1-score": 0.0, "support": 0}, "10": {"precision": 0.0, "recall": 0.0, "f1-score": 0.0, "support": 7}, "11": {"precision": 0.1, "recall": 0.14285714285714285, "f1-score": 0.11764705882352941, "support": 7}, "13": {"precision": 0.0, "recall": 0.0, "f1-score": 0.0, "support": 0}, "14": {"precision": 0.0, "recall": 0.0, "f1-score": 0.0, "support": 0}, "accuracy": 0.15625, "macro avg": {"precision": 0.03495670995670996, "recall": 0.07142857142857141, "f1-score": 0.04627406518162821, "support": 64}, "weighted avg": {"precision": 0.07088068181818181, "recall": 0.15625, "f1-score": 0.09644899626517273, "support": 64}}, "loss": "3.2840962", "lang_embeds": [], "lang_embeds_length": 0, "lang_length": 9}, "dev": {"report": {"0": {"precision": 1.0, "recall": 1.0, "f1-score": 1.0, "support": 1}, "accuracy": 1.0, "macro avg": {"precision": 1.0, "recall": 1.0, "f1-score": 1.0, "support": 1}, "weighted avg": {"precision": 1.0, "recall": 1.0, "f1-score": 1.0, "support": 1}}, "loss": "1.3541077", "lang_embeds": [], "lang_embeds_length": 0, "lang_length": 1}, "test": {"report": {"0": {"precision": 0.0, "recall": 0.0, "f1-score": 0.0, "support": 0.0}, "9": {"precision": 0.0, "recall": 0.0, "f1-score": 0.0, "support": 1.0}, "accuracy": 0.0, "macro avg": {"precision": 0.0, "recall": 0.0, "f1-score": 0.0, "support": 1.0}, "weighted avg": {"precision": 0.0, "recall": 0.0, "f1-score": 0.0, "support": 1.0}}, "acc": 0.0, "lang_embeds": [], "lang_embeds_length": 0, "lang_length": 1}, "test_zs": {"report": {"0": {"precision": 0.0, "recall": 0.0, "f1-score": 0.0, "support": 0.0}, "9": {"precision": 0.0, "recall": 0.0, "f1-score": 0.0, "support": 1.0}, "accuracy": 0.0, "macro avg": {"precision": 0.0, "recall": 0.0, "f1-score": 0.0, "support": 1.0}, "weighted avg": {"precision": 0.0, "recall": 0.0, "f1-score": 0.0, "support": 1.0}}, "acc": 0.0, "lang_embeds": [], "lang_embeds_length": 0, "lang_length": 1}}