{"feature_name": "The_Optative", "feature_id": "73A", "epoch": 0, "train": {"report": {"0": {"precision": 0.9302325581395349, "recall": 0.9195402298850575, "f1-score": 0.9248554913294798, "support": 87}, "1": {"precision": 0.0, "recall": 0.0, "f1-score": 0.0, "support": 6}, "accuracy": 0.8602150537634409, "macro avg": {"precision": 0.46511627906976744, "recall": 0.45977011494252873, "f1-score": 0.4624277456647399, "support": 93}, "weighted avg": {"precision": 0.8702175543885972, "recall": 0.8602150537634409, "f1-score": 0.8651873951146747, "support": 93}}, "loss": "0.8079231", "lang_embeds": [], "lang_embeds_length": 0, "lang_length": 93}, "dev": {"report": {"0": {"precision": 1.0, "recall": 1.0, "f1-score": 1.0, "support": 11}, "accuracy": 1.0, "macro avg": {"precision": 1.0, "recall": 1.0, "f1-score": 1.0, "support": 11}, "weighted avg": {"precision": 1.0, "recall": 1.0, "f1-score": 1.0, "support": 11}}, "loss": "0.0012730599", "lang_embeds": [], "lang_embeds_length": 0, "lang_length": 11}, "test": {"report": {"0": {"precision": 0.6363636363636364, "recall": 1.0, "f1-score": 0.7777777777777778, "support": 7}, "1": {"precision": 0.0, "recall": 0.0, "f1-score": 0.0, "support": 4}, "accuracy": 0.6363636363636364, "macro avg": {"precision": 0.3181818181818182, "recall": 0.5, "f1-score": 0.3888888888888889, "support": 11}, "weighted avg": {"precision": 0.4049586776859504, "recall": 0.6363636363636364, "f1-score": 0.494949494949495, "support": 11}}, "acc": 0.6363636255264282, "lang_embeds": [], "lang_embeds_length": 0, "lang_length": 11}, "test_zs": {"report": {"0": {"precision": 0.6363636363636364, "recall": 1.0, "f1-score": 0.7777777777777778, "support": 7}, "1": {"precision": 0.0, "recall": 0.0, "f1-score": 0.0, "support": 4}, "accuracy": 0.6363636363636364, "macro avg": {"precision": 0.3181818181818182, "recall": 0.5, "f1-score": 0.3888888888888889, "support": 11}, "weighted avg": {"precision": 0.4049586776859504, "recall": 0.6363636363636364, "f1-score": 0.494949494949495, "support": 11}}, "acc": 0.6363636255264282, "lang_embeds": [], "lang_embeds_length": 0, "lang_length": 11}}