{"feature_name": "Reduplication", "feature_id": "27A", "epoch": 0, "train": {"report": {"0": {"precision": 0.8313725490196079, "recall": 0.8217054263565892, "f1-score": 0.8265107212475634, "support": 258}, "1": {"precision": 0.6708860759493671, "recall": 0.6463414634146342, "f1-score": 0.6583850931677018, "support": 82}, "2": {"precision": 0.46, "recall": 0.5227272727272727, "f1-score": 0.4893617021276596, "support": 44}, "accuracy": 0.75, "macro avg": {"precision": 0.6540862083229917, "recall": 0.6635913874994986, "f1-score": 0.6580858388476417, "support": 384}, "weighted avg": {"precision": 0.7545488955075701, "recall": 0.75, "f1-score": 0.7519772359771872, "support": 384}}, "loss": "0.6586992", "lang_embeds": ["nav", "xho", "ind", "ell", "ibo", "hop", "bcl", "nak", "nnb", "stp", "mam", "qvi", "plt", "mna", "fub", "aey", "nyn", "apu", "agt", "huv", "kwi", "tha", "hix", "smo", "fij", "yua", "yad", "yor", "yaq", "kor", "ape", "mya", "sot", "rus", "pad", "tam", "tgl", "ssd", "mri", "vie", "bum", "kto", "ssw", "nuy", "ong", "deu", "khk", "cle", "toj", "hye", "spa", "cbk", "tsg", "pam", "cym", "bsn", "apy", "tzo", "mph", "car", "ood", "gle", "fra", "hch", "apn", "pag", "srq", "hus", "naq", "sat", "mxt", "dgz", "ewe", "hun", "som", "mzh", "hau", "sja", "okv", "pma", "fin", "bvr", "wim", "swh", "jpn", "mva", "pes", "uig", "quy", "hin", "mos", "tur", "xav", "laj", "eus", "amp", "amh", "djk", "zul", "nbl", "hil", "esu", "khm", "prs", "gvn", "lac", "ita"], "lang_embeds_length": 107, "lang_length": 107}, "dev": {"report": {"0": {"precision": 1.0, "recall": 1.0, "f1-score": 1.0, "support": 9}, "1": {"precision": 1.0, "recall": 1.0, "f1-score": 1.0, "support": 2}, "accuracy": 1.0, "macro avg": {"precision": 1.0, "recall": 1.0, "f1-score": 1.0, "support": 11}, "weighted avg": {"precision": 1.0, "recall": 1.0, "f1-score": 1.0, "support": 11}}, "loss": "0.25319025", "lang_embeds": ["srq", "khm", "mam", "yad", "aey", "amp", "lac", "agt", "pag", "pam", "hop"], "lang_embeds_length": 11, "lang_length": 11}, "test": {"report": {"0": {"precision": 0.7142857142857143, "recall": 0.7142857142857143, "f1-score": 0.7142857142857143, "support": 7}, "1": {"precision": 0.3333333333333333, "recall": 0.3333333333333333, "f1-score": 0.3333333333333333, "support": 3}, "2": {"precision": 1.0, "recall": 1.0, "f1-score": 1.0, "support": 1}, "accuracy": 0.6363636363636364, "macro avg": {"precision": 0.6825396825396824, "recall": 0.6825396825396824, "f1-score": 0.6825396825396824, "support": 11}, "weighted avg": {"precision": 0.6363636363636364, "recall": 0.6363636363636364, "f1-score": 0.6363636363636364, "support": 11}}, "acc": 0.6363636255264282, "lang_embeds": ["ilo", "ban", "tsn", "tih", "ton", "por", "gla", "kik", "wbp", "cat", "tyv"], "lang_embeds_length": 11, "lang_length": 11}, "test_zs": {"report": {"0": {"precision": 0.0, "recall": 0.0, "f1-score": 0.0, "support": 7}, "1": {"precision": 0.0, "recall": 0.0, "f1-score": 0.0, "support": 3}, "2": {"precision": 0.09090909090909091, "recall": 1.0, "f1-score": 0.16666666666666669, "support": 1}, "accuracy": 0.09090909090909091, "macro avg": {"precision": 0.030303030303030304, "recall": 0.3333333333333333, "f1-score": 0.05555555555555556, "support": 11}, "weighted avg": {"precision": 0.008264462809917356, "recall": 0.09090909090909091, "f1-score": 0.015151515151515154, "support": 11}}, "acc": 0.09090909361839294, "lang_embeds": [], "lang_embeds_length": 0, "lang_length": 11}}