{"feature_name": "Symmetric_and_Asymmetric_Standard_Negation", "feature_id": "113A", "epoch": 0, "train": {"report": {"0": {"precision": 0.47368421052631576, "recall": 0.5294117647058824, "f1-score": 0.5, "support": 34}, "1": {"precision": 0.4358974358974359, "recall": 0.4857142857142857, "f1-score": 0.45945945945945943, "support": 35}, "2": {"precision": 0.0, "recall": 0.0, "f1-score": 0.0, "support": 13}, "accuracy": 0.4268292682926829, "macro avg": {"precision": 0.30319388214125054, "recall": 0.338375350140056, "f1-score": 0.31981981981981983, "support": 82}, "weighted avg": {"precision": 0.38245943188176823, "recall": 0.4268292682926829, "f1-score": 0.40342781806196437, "support": 82}}, "loss": "2.7500873", "lang_embeds": [], "lang_embeds_length": 0, "lang_length": 82}, "dev": {"report": {"0": {"precision": 0.0, "recall": 0.0, "f1-score": 0.0, "support": 4}, "1": {"precision": 0.5, "recall": 1.0, "f1-score": 0.6666666666666666, "support": 5}, "2": {"precision": 0.0, "recall": 0.0, "f1-score": 0.0, "support": 1}, "accuracy": 0.5, "macro avg": {"precision": 0.16666666666666666, "recall": 0.3333333333333333, "f1-score": 0.2222222222222222, "support": 10}, "weighted avg": {"precision": 0.25, "recall": 0.5, "f1-score": 0.3333333333333333, "support": 10}}, "loss": "1.2067089", "lang_embeds": [], "lang_embeds_length": 0, "lang_length": 10}, "test": {"report": {"0": {"precision": 0.0, "recall": 0.0, "f1-score": 0.0, "support": 3}, "1": {"precision": 0.5, "recall": 1.0, "f1-score": 0.6666666666666666, "support": 5}, "2": {"precision": 0.0, "recall": 0.0, "f1-score": 0.0, "support": 2}, "accuracy": 0.5, "macro avg": {"precision": 0.16666666666666666, "recall": 0.3333333333333333, "f1-score": 0.2222222222222222, "support": 10}, "weighted avg": {"precision": 0.25, "recall": 0.5, "f1-score": 0.3333333333333333, "support": 10}}, "acc": 0.5, "lang_embeds": [], "lang_embeds_length": 0, "lang_length": 10}, "test_zs": {"report": {"0": {"precision": 0.0, "recall": 0.0, "f1-score": 0.0, "support": 3}, "1": {"precision": 0.5, "recall": 1.0, "f1-score": 0.6666666666666666, "support": 5}, "2": {"precision": 0.0, "recall": 0.0, "f1-score": 0.0, "support": 2}, "accuracy": 0.5, "macro avg": {"precision": 0.16666666666666666, "recall": 0.3333333333333333, "f1-score": 0.2222222222222222, "support": 10}, "weighted avg": {"precision": 0.25, "recall": 0.5, "f1-score": 0.3333333333333333, "support": 10}}, "acc": 0.5, "lang_embeds": [], "lang_embeds_length": 0, "lang_length": 10}}