{"feature_name": "M_in_First_Person_Singular", "feature_id": "136B", "epoch": 0, "train": {"report": {"0": {"precision": 0.6877470355731226, "recall": 0.7665198237885462, "f1-score": 0.725, "support": 227}, "1": {"precision": 0.38372093023255816, "recall": 0.29464285714285715, "f1-score": 0.3333333333333333, "support": 112}, "accuracy": 0.6106194690265486, "macro avg": {"precision": 0.5357339829028404, "recall": 0.5305813404657017, "f1-score": 0.5291666666666667, "support": 339}, "weighted avg": {"precision": 0.5873018326287472, "recall": 0.6106194690265486, "f1-score": 0.5955998033431661, "support": 339}}, "loss": "1.0706772", "lang_embeds": [], "lang_embeds_length": 0, "lang_length": 63}, "dev": {"report": {"0": {"precision": 1.0, "recall": 1.0, "f1-score": 1.0, "support": 6}, "accuracy": 1.0, "macro avg": {"precision": 1.0, "recall": 1.0, "f1-score": 1.0, "support": 6}, "weighted avg": {"precision": 1.0, "recall": 1.0, "f1-score": 1.0, "support": 6}}, "loss": "0.4382325", "lang_embeds": [], "lang_embeds_length": 0, "lang_length": 6}, "test": {"report": {"0": {"precision": 0.7142857142857143, "recall": 1.0, "f1-score": 0.8333333333333333, "support": 5}, "1": {"precision": 0.0, "recall": 0.0, "f1-score": 0.0, "support": 2}, "accuracy": 0.7142857142857143, "macro avg": {"precision": 0.35714285714285715, "recall": 0.5, "f1-score": 0.41666666666666663, "support": 7}, "weighted avg": {"precision": 0.5102040816326531, "recall": 0.7142857142857143, "f1-score": 0.5952380952380951, "support": 7}}, "acc": 0.7142857313156128, "lang_embeds": [], "lang_embeds_length": 0, "lang_length": 7}, "test_zs": {"report": {"0": {"precision": 0.7142857142857143, "recall": 1.0, "f1-score": 0.8333333333333333, "support": 5}, "1": {"precision": 0.0, "recall": 0.0, "f1-score": 0.0, "support": 2}, "accuracy": 0.7142857142857143, "macro avg": {"precision": 0.35714285714285715, "recall": 0.5, "f1-score": 0.41666666666666663, "support": 7}, "weighted avg": {"precision": 0.5102040816326531, "recall": 0.7142857142857143, "f1-score": 0.5952380952380951, "support": 7}}, "acc": 0.7142857313156128, "lang_embeds": [], "lang_embeds_length": 0, "lang_length": 7}}