{"feature_name": "Syllable_Structure", "feature_id": "12A", "epoch": 0, "train": {"report": {"0": {"precision": 0.5436308926780341, "recall": 0.7720797720797721, "f1-score": 0.6380223660977045, "support": 702}, "1": {"precision": 0.04895104895104895, "recall": 0.025925925925925925, "f1-score": 0.03389830508474576, "support": 270}, "2": {"precision": 0.13636363636363635, "recall": 0.038461538461538464, "f1-score": 0.060000000000000005, "support": 234}, "accuracy": 0.4626865671641791, "macro avg": {"precision": 0.24298185933090646, "recall": 0.2788224121557455, "f1-score": 0.24397355706081678, "support": 1206}, "weighted avg": {"precision": 0.3538596689766617, "recall": 0.4626865671641791, "f1-score": 0.3906171172250994, "support": 1206}}, "loss": "1.2567724", "lang_embeds": [], "lang_embeds_length": 0, "lang_length": 134}, "dev": {"report": {"0": {"precision": 0.6923076923076923, "recall": 1.0, "f1-score": 0.8181818181818181, "support": 9}, "1": {"precision": 0.0, "recall": 0.0, "f1-score": 0.0, "support": 2}, "2": {"precision": 0.0, "recall": 0.0, "f1-score": 0.0, "support": 2}, "accuracy": 0.6923076923076923, "macro avg": {"precision": 0.23076923076923075, "recall": 0.3333333333333333, "f1-score": 0.2727272727272727, "support": 13}, "weighted avg": {"precision": 0.47928994082840237, "recall": 0.6923076923076923, "f1-score": 0.5664335664335665, "support": 13}}, "loss": "0.92314076", "lang_embeds": [], "lang_embeds_length": 0, "lang_length": 13}, "test": {"report": {"0": {"precision": 0.4, "recall": 1.0, "f1-score": 0.5714285714285715, "support": 6}, "1": {"precision": 0.0, "recall": 0.0, "f1-score": 0.0, "support": 9}, "accuracy": 0.4, "macro avg": {"precision": 0.2, "recall": 0.5, "f1-score": 0.28571428571428575, "support": 15}, "weighted avg": {"precision": 0.16000000000000003, "recall": 0.4, "f1-score": 0.2285714285714286, "support": 15}}, "acc": 0.4000000059604645, "lang_embeds": [], "lang_embeds_length": 0, "lang_length": 15}, "test_zs": {"report": {"0": {"precision": 0.4, "recall": 1.0, "f1-score": 0.5714285714285715, "support": 6}, "1": {"precision": 0.0, "recall": 0.0, "f1-score": 0.0, "support": 9}, "accuracy": 0.4, "macro avg": {"precision": 0.2, "recall": 0.5, "f1-score": 0.28571428571428575, "support": 15}, "weighted avg": {"precision": 0.16000000000000003, "recall": 0.4, "f1-score": 0.2285714285714286, "support": 15}}, "acc": 0.4000000059604645, "lang_embeds": [], "lang_embeds_length": 0, "lang_length": 15}}