{"feature_name": "Number_of_Genders", "feature_id": "30A", "epoch": 0, "train": {"report": {"0": {"precision": 0.5917667238421955, "recall": 0.9349593495934959, "f1-score": 0.7247899159663866, "support": 369}, "1": {"precision": 0.0, "recall": 0.0, "f1-score": 0.0, "support": 99}, "2": {"precision": 0.25, "recall": 0.015873015873015872, "f1-score": 0.029850746268656716, "support": 63}, "3": {"precision": 0.07692307692307693, "recall": 0.012345679012345678, "f1-score": 0.02127659574468085, "support": 81}, "4": {"precision": 0.0, "recall": 0.0, "f1-score": 0.0, "support": 9}, "accuracy": 0.5587761674718197, "macro avg": {"precision": 0.1837379601530545, "recall": 0.19263560889577153, "f1-score": 0.15518345159594485, "support": 621}, "weighted avg": {"precision": 0.38702526622953204, "recall": 0.5587761674718197, "f1-score": 0.43647581362615334, "support": 621}}, "loss": "1.5606385", "lang_embeds": [], "lang_embeds_length": 0, "lang_length": 69}, "dev": {"report": {"0": {"precision": 1.0, "recall": 1.0, "f1-score": 1.0, "support": 6}, "accuracy": 1.0, "macro avg": {"precision": 1.0, "recall": 1.0, "f1-score": 1.0, "support": 6}, "weighted avg": {"precision": 1.0, "recall": 1.0, "f1-score": 1.0, "support": 6}}, "loss": "1.0874456", "lang_embeds": [], "lang_embeds_length": 0, "lang_length": 6}, "test": {"report": {"0": {"precision": 0.5, "recall": 1.0, "f1-score": 0.6666666666666666, "support": 4}, "1": {"precision": 0.0, "recall": 0.0, "f1-score": 0.0, "support": 2}, "2": {"precision": 0.0, "recall": 0.0, "f1-score": 0.0, "support": 2}, "accuracy": 0.5, "macro avg": {"precision": 0.16666666666666666, "recall": 0.3333333333333333, "f1-score": 0.2222222222222222, "support": 8}, "weighted avg": {"precision": 0.25, "recall": 0.5, "f1-score": 0.3333333333333333, "support": 8}}, "acc": 0.5, "lang_embeds": [], "lang_embeds_length": 0, "lang_length": 8}, "test_zs": {"report": {"0": {"precision": 0.5, "recall": 1.0, "f1-score": 0.6666666666666666, "support": 4}, "1": {"precision": 0.0, "recall": 0.0, "f1-score": 0.0, "support": 2}, "2": {"precision": 0.0, "recall": 0.0, "f1-score": 0.0, "support": 2}, "accuracy": 0.5, "macro avg": {"precision": 0.16666666666666666, "recall": 0.3333333333333333, "f1-score": 0.2222222222222222, "support": 8}, "weighted avg": {"precision": 0.25, "recall": 0.5, "f1-score": 0.3333333333333333, "support": 8}}, "acc": 0.5, "lang_embeds": [], "lang_embeds_length": 0, "lang_length": 8}}