{"feature_name": "Position_of_Case_Affixes", "feature_id": "51A", "epoch": 0, "train": {"report": {"0": {"precision": 0.3826086956521739, "recall": 0.4943820224719101, "f1-score": 0.4313725490196078, "support": 267}, "1": {"precision": 0.4304635761589404, "recall": 0.43333333333333335, "f1-score": 0.4318936877076412, "support": 300}, "2": {"precision": 0.1590909090909091, "recall": 0.08333333333333333, "f1-score": 0.10937499999999999, "support": 84}, "3": {"precision": 0.0, "recall": 0.0, "f1-score": 0.0, "support": 38}, "4": {"precision": 0.0, "recall": 0.0, "f1-score": 0.0, "support": 13}, "5": {"precision": 0.0, "recall": 0.0, "f1-score": 0.0, "support": 6}, "6": {"precision": 0.0, "recall": 0.0, "f1-score": 0.0, "support": 0}, "7": {"precision": 0.0, "recall": 0.0, "f1-score": 0.0, "support": 0}, "8": {"precision": 0.0, "recall": 0.0, "f1-score": 0.0, "support": 0}, "accuracy": 0.3799435028248588, "macro avg": {"precision": 0.10801813121133592, "recall": 0.11233874323761965, "f1-score": 0.1080712485252499, "support": 708}, "weighted avg": {"precision": 0.34556388552323297, "recall": 0.3799435028248588, "f1-score": 0.358661125565717, "support": 708}}, "loss": "1.9614412", "lang_embeds": [], "lang_embeds_length": 0, "lang_length": 263}, "dev": {"report": {"0": {"precision": 0.0, "recall": 0.0, "f1-score": 0.0, "support": 6}, "1": {"precision": 0.6666666666666666, "recall": 1.0, "f1-score": 0.8, "support": 18}, "2": {"precision": 0.0, "recall": 0.0, "f1-score": 0.0, "support": 2}, "4": {"precision": 0.0, "recall": 0.0, "f1-score": 0.0, "support": 1}, "accuracy": 0.6666666666666666, "macro avg": {"precision": 0.16666666666666666, "recall": 0.25, "f1-score": 0.2, "support": 27}, "weighted avg": {"precision": 0.4444444444444444, "recall": 0.6666666666666666, "f1-score": 0.5333333333333333, "support": 27}}, "loss": "1.2154894", "lang_embeds": [], "lang_embeds_length": 0, "lang_length": 27}, "test": {"report": {"0": {"precision": 0.0, "recall": 0.0, "f1-score": 0.0, "support": 13}, "1": {"precision": 0.37037037037037035, "recall": 1.0, "f1-score": 0.5405405405405406, "support": 10}, "2": {"precision": 0.0, "recall": 0.0, "f1-score": 0.0, "support": 1}, "4": {"precision": 0.0, "recall": 0.0, "f1-score": 0.0, "support": 2}, "5": {"precision": 0.0, "recall": 0.0, "f1-score": 0.0, "support": 1}, "accuracy": 0.37037037037037035, "macro avg": {"precision": 0.07407407407407407, "recall": 0.2, "f1-score": 0.10810810810810811, "support": 27}, "weighted avg": {"precision": 0.1371742112482853, "recall": 0.37037037037037035, "f1-score": 0.20020020020020018, "support": 27}}, "acc": 0.37037035822868347, "lang_embeds": [], "lang_embeds_length": 0, "lang_length": 27}, "test_zs": {"report": {"0": {"precision": 0.0, "recall": 0.0, "f1-score": 0.0, "support": 13}, "1": {"precision": 0.37037037037037035, "recall": 1.0, "f1-score": 0.5405405405405406, "support": 10}, "2": {"precision": 0.0, "recall": 0.0, "f1-score": 0.0, "support": 1}, "4": {"precision": 0.0, "recall": 0.0, "f1-score": 0.0, "support": 2}, "5": {"precision": 0.0, "recall": 0.0, "f1-score": 0.0, "support": 1}, "accuracy": 0.37037037037037035, "macro avg": {"precision": 0.07407407407407407, "recall": 0.2, "f1-score": 0.10810810810810811, "support": 27}, "weighted avg": {"precision": 0.1371742112482853, "recall": 0.37037037037037035, "f1-score": 0.20020020020020018, "support": 27}}, "acc": 0.37037035822868347, "lang_embeds": [], "lang_embeds_length": 0, "lang_length": 27}}