{"feature_name": "Order_of_Degree_Word_and_Adjective", "feature_id": "91A", "epoch": 0, "train": {"report": {"0": {"precision": 0.5210843373493976, "recall": 0.6070175438596491, "f1-score": 0.560777957860616, "support": 285}, "1": {"precision": 0.45539906103286387, "recall": 0.4409090909090909, "f1-score": 0.44803695150115475, "support": 220}, "2": {"precision": 0.10526315789473684, "recall": 0.03389830508474576, "f1-score": 0.05128205128205128, "support": 59}, "accuracy": 0.48226950354609927, "macro avg": {"precision": 0.3605821854256661, "recall": 0.3606083132844953, "f1-score": 0.35336565354794075, "support": 564}, "weighted avg": {"precision": 0.451963396963826, "recall": 0.48226950354609927, "f1-score": 0.4635026389116501, "support": 564}}, "loss": "1.6034732", "lang_embeds": [], "lang_embeds_length": 0, "lang_length": 157}, "dev": {"report": {"0": {"precision": 0.0, "recall": 0.0, "f1-score": 0.0, "support": 5}, "1": {"precision": 0.6875, "recall": 1.0, "f1-score": 0.8148148148148148, "support": 11}, "accuracy": 0.6875, "macro avg": {"precision": 0.34375, "recall": 0.5, "f1-score": 0.4074074074074074, "support": 16}, "weighted avg": {"precision": 0.47265625, "recall": 0.6875, "f1-score": 0.5601851851851851, "support": 16}}, "loss": "0.7459581", "lang_embeds": [], "lang_embeds_length": 0, "lang_length": 16}, "test": {"report": {"0": {"precision": 0.0, "recall": 0.0, "f1-score": 0.0, "support": 6}, "1": {"precision": 0.3125, "recall": 1.0, "f1-score": 0.47619047619047616, "support": 5}, "2": {"precision": 0.0, "recall": 0.0, "f1-score": 0.0, "support": 5}, "accuracy": 0.3125, "macro avg": {"precision": 0.10416666666666667, "recall": 0.3333333333333333, "f1-score": 0.15873015873015872, "support": 16}, "weighted avg": {"precision": 0.09765625, "recall": 0.3125, "f1-score": 0.1488095238095238, "support": 16}}, "acc": 0.3125, "lang_embeds": [], "lang_embeds_length": 0, "lang_length": 16}, "test_zs": {"report": {"0": {"precision": 0.0, "recall": 0.0, "f1-score": 0.0, "support": 6}, "1": {"precision": 0.3125, "recall": 1.0, "f1-score": 0.47619047619047616, "support": 5}, "2": {"precision": 0.0, "recall": 0.0, "f1-score": 0.0, "support": 5}, "accuracy": 0.3125, "macro avg": {"precision": 0.10416666666666667, "recall": 0.3333333333333333, "f1-score": 0.15873015873015872, "support": 16}, "weighted avg": {"precision": 0.09765625, "recall": 0.3125, "f1-score": 0.1488095238095238, "support": 16}}, "acc": 0.3125, "lang_embeds": [], "lang_embeds_length": 0, "lang_length": 16}}