{"feature_name": "Uvular_Consonants", "feature_id": "6A", "epoch": 0, "train": {"report": {"0": {"precision": 0.9596774193548387, "recall": 0.8960843373493976, "f1-score": 0.9267912772585669, "support": 664}, "1": {"precision": 0.0, "recall": 0.0, "f1-score": 0.0, "support": 0}, "2": {"precision": 0.391304347826087, "recall": 0.45, "f1-score": 0.4186046511627907, "support": 40}, "3": {"precision": 0.28125, "recall": 0.45, "f1-score": 0.34615384615384615, "support": 20}, "accuracy": 0.8591160220994475, "macro avg": {"precision": 0.4080579417952314, "recall": 0.4490210843373494, "f1-score": 0.42288744364380093, "support": 724}, "weighted avg": {"precision": 0.9095345032661001, "recall": 0.8591160220994475, "f1-score": 0.8826749600404378, "support": 724}}, "loss": "0.42989245", "lang_embeds": ["nav", "cjv", "ind", "sag", "ell", "ibo", "spl", "hop", "shp", "roo", "plt", "iba", "guh", "kac", "aey", "apu", "ycn", "auc", "dow", "huv", "guc", "kwi", "wap", "hix", "arl", "mto", "bom", "fij", "tha", "yua", "yad", "yor", "jic", "yaq", "kor", "bmr", "niy", "cbv", "mwp", "ape", "mya", "cag", "rus", "pad", "tgl", "arn", "ign", "mri", "vie", "wnu", "huu", "ote", "mbl", "cub", "wrk", "nuy", "lhu", "tsz", "adz", "pbb", "yle", "deu", "yrb", "khk", "ame", "cle", "tzh", "nhu", "hye", "ivv", "spa", "faa", "ctd", "tsg", "ald", "mph", "wrs", "tna", "yss", "car", "ood", "etu", "kup", "fra", "con", "bzd", "kvn", "bao", "mig", "tca", "apn", "daa", "lbj", "hus", "srq", "gum", "naq", "dgz", "amu", "hun", "ewe", "som", "mzh", "hau", "gbr", "quh", "beq", "sja", "pma", "fin", "bvr", "wim", "swh", "rro", "maq", "jpn", "kss", "nas", "ncj", "cbi", "pes", "mps", "ctp", "kmo", "kwd", "btx", "wnc", "hin", "nab", "njo", "tur", "jiv", "kbh", "tiy", "sue", "xpe", "agm", "nhg", "kpw", "chq", "laj", "eus", "nob", "amp", "ake", "yva", "njz", "snn", "amh", "djk", "bkq", "spp", "zul", "kek", "khm", "top", "gvn", "byx", "bba", "ses", "urb"], "lang_embeds_length": 161, "lang_length": 161}, "dev": {"report": {"0": {"precision": 1.0, "recall": 1.0, "f1-score": 1.0, "support": 14}, "2": {"precision": 1.0, "recall": 1.0, "f1-score": 1.0, "support": 2}, "accuracy": 1.0, "macro avg": {"precision": 1.0, "recall": 1.0, "f1-score": 1.0, "support": 16}, "weighted avg": {"precision": 1.0, "recall": 1.0, "f1-score": 1.0, "support": 16}}, "loss": "0.037877664", "lang_embeds": ["nav", "bmr", "lhu", "mto", "djk", "chq", "mig", "plt", "kac", "gvn", "byx", "ycn", "tna", "tiy", "mzh", "nas"], "lang_embeds_length": 16, "lang_length": 16}, "test": {"report": {"0": {"precision": 0.9411764705882353, "recall": 1.0, "f1-score": 0.9696969696969697, "support": 16}, "2": {"precision": 0.0, "recall": 0.0, "f1-score": 0.0, "support": 1}, "accuracy": 0.9411764705882353, "macro avg": {"precision": 0.47058823529411764, "recall": 0.5, "f1-score": 0.48484848484848486, "support": 17}, "weighted avg": {"precision": 0.8858131487889274, "recall": 0.9411764705882353, "f1-score": 0.912655971479501, "support": 17}}, "acc": 0.9411764740943909, "lang_embeds": ["ron", "nep", "ben", "lit", "pol", "ckb", "tet", "kgp", "snd", "bre", "lav", "jav", "shn", "ium", "cat", "tyv", "bul"], "lang_embeds_length": 17, "lang_length": 17}, "test_zs": {"report": {"0": {"precision": 0.0, "recall": 0.0, "f1-score": 0.0, "support": 16.0}, "1": {"precision": 0.0, "recall": 0.0, "f1-score": 0.0, "support": 0.0}, "2": {"precision": 0.0, "recall": 0.0, "f1-score": 0.0, "support": 1.0}, "accuracy": 0.0, "macro avg": {"precision": 0.0, "recall": 0.0, "f1-score": 0.0, "support": 17.0}, "weighted avg": {"precision": 0.0, "recall": 0.0, "f1-score": 0.0, "support": 17.0}}, "acc": 0.0, "lang_embeds": [], "lang_embeds_length": 0, "lang_length": 17}}