{"feature_name": "The_Position_of_Negative_Morphemes_in_Verb-Initial_Languages", "feature_id": "144T", "epoch": 0, "train": {"report": {"0": {"precision": 0.45161290322580644, "recall": 0.7480916030534351, "f1-score": 0.5632183908045978, "support": 131}, "1": {"precision": 0.0, "recall": 0.0, "f1-score": 0.0, "support": 25}, "2": {"precision": 0.25, "recall": 0.038461538461538464, "f1-score": 0.06666666666666668, "support": 26}, "3": {"precision": 0.0, "recall": 0.0, "f1-score": 0.0, "support": 6}, "4": {"precision": 0.0, "recall": 0.0, "f1-score": 0.0, "support": 5}, "5": {"precision": 0.0, "recall": 0.0, "f1-score": 0.0, "support": 17}, "6": {"precision": 0.0, "recall": 0.0, "f1-score": 0.0, "support": 21}, "7": {"precision": 0.0, "recall": 0.0, "f1-score": 0.0, "support": 17}, "8": {"precision": 0.0, "recall": 0.0, "f1-score": 0.0, "support": 6}, "9": {"precision": 0.0, "recall": 0.0, "f1-score": 0.0, "support": 0}, "11": {"precision": 0.0, "recall": 0.0, "f1-score": 0.0, "support": 5}, "12": {"precision": 0.0, "recall": 0.0, "f1-score": 0.0, "support": 0}, "13": {"precision": 0.0, "recall": 0.0, "f1-score": 0.0, "support": 6}, "16": {"precision": 0.0, "recall": 0.0, "f1-score": 0.0, "support": 0}, "19": {"precision": 0.0, "recall": 0.0, "f1-score": 0.0, "support": 5}, "accuracy": 0.36666666666666664, "macro avg": {"precision": 0.0467741935483871, "recall": 0.05243687610099824, "f1-score": 0.04199233716475096, "support": 270}, "weighted avg": {"precision": 0.24318996415770608, "recall": 0.36666666666666664, "f1-score": 0.2796849723286505, "support": 270}}, "loss": "3.097722", "lang_embeds": [], "lang_embeds_length": 0, "lang_length": 50}, "dev": {"report": {"0": {"precision": 0.8, "recall": 1.0, "f1-score": 0.888888888888889, "support": 4}, "6": {"precision": 0.0, "recall": 0.0, "f1-score": 0.0, "support": 1}, "accuracy": 0.8, "macro avg": {"precision": 0.4, "recall": 0.5, "f1-score": 0.4444444444444445, "support": 5}, "weighted avg": {"precision": 0.64, "recall": 0.8, "f1-score": 0.7111111111111111, "support": 5}}, "loss": "1.073032", "lang_embeds": [], "lang_embeds_length": 0, "lang_length": 5}, "test": {"report": {"0": {"precision": 0.5, "recall": 1.0, "f1-score": 0.6666666666666666, "support": 3}, "3": {"precision": 0.0, "recall": 0.0, "f1-score": 0.0, "support": 2}, "16": {"precision": 0.0, "recall": 0.0, "f1-score": 0.0, "support": 1}, "accuracy": 0.5, "macro avg": {"precision": 0.16666666666666666, "recall": 0.3333333333333333, "f1-score": 0.2222222222222222, "support": 6}, "weighted avg": {"precision": 0.25, "recall": 0.5, "f1-score": 0.3333333333333333, "support": 6}}, "acc": 0.5, "lang_embeds": [], "lang_embeds_length": 0, "lang_length": 6}, "test_zs": {"report": {"0": {"precision": 0.5, "recall": 1.0, "f1-score": 0.6666666666666666, "support": 3}, "3": {"precision": 0.0, "recall": 0.0, "f1-score": 0.0, "support": 2}, "16": {"precision": 0.0, "recall": 0.0, "f1-score": 0.0, "support": 1}, "accuracy": 0.5, "macro avg": {"precision": 0.16666666666666666, "recall": 0.3333333333333333, "f1-score": 0.2222222222222222, "support": 6}, "weighted avg": {"precision": 0.25, "recall": 0.5, "f1-score": 0.3333333333333333, "support": 6}}, "acc": 0.5, "lang_embeds": [], "lang_embeds_length": 0, "lang_length": 6}}