{"feature_name": "Verbal_Number_and_Suppletion", "feature_id": "80A", "epoch": 0, "train": {"report": {"0": {"precision": 0.9639175257731959, "recall": 0.7791666666666667, "f1-score": 0.8617511520737327, "support": 240}, "1": {"precision": 0.23076923076923078, "recall": 0.5454545454545454, "f1-score": 0.3243243243243243, "support": 11}, "2": {"precision": 0.4117647058823529, "recall": 0.5, "f1-score": 0.45161290322580644, "support": 14}, "3": {"precision": 0.0, "recall": 0.0, "f1-score": 0.0, "support": 3}, "4": {"precision": 0.0, "recall": 0.0, "f1-score": 0.0, "support": 0}, "accuracy": 0.746268656716418, "macro avg": {"precision": 0.32129029248495594, "recall": 0.36492424242424243, "f1-score": 0.3275376759247727, "support": 268}, "weighted avg": {"precision": 0.894191692561125, "recall": 0.746268656716418, "f1-score": 0.8086209877254653, "support": 268}}, "loss": "0.73597044", "lang_embeds": ["fra", "arn", "nav", "hin", "vie", "mri", "ntp", "mig", "tur", "wnu", "ind", "cab", "kto", "sag", "ell", "ibo", "hop", "sue", "shp", "lbj", "nuy", "nhg", "laj", "naq", "qvi", "eus", "plt", "dgz", "amp", "aey", "apu", "ewe", "hun", "mzh", "deu", "hau", "kwi", "tha", "hix", "nld", "cle", "fij", "khk", "djk", "aeb", "fin", "hye", "spp", "pol", "yad", "ses", "spa", "swh", "yor", "gle", "zul", "jpn", "lav", "yaq", "bsn", "kor", "mkd", "mbc", "ary", "khm", "esu", "pes", "ape", "mya", "sot", "rus", "mph", "car", "tgl", "bul"], "lang_embeds_length": 75, "lang_length": 75}, "dev": {"report": {"0": {"precision": 1.0, "recall": 1.0, "f1-score": 1.0, "support": 6}, "2": {"precision": 1.0, "recall": 1.0, "f1-score": 1.0, "support": 2}, "accuracy": 1.0, "macro avg": {"precision": 1.0, "recall": 1.0, "f1-score": 1.0, "support": 8}, "weighted avg": {"precision": 1.0, "recall": 1.0, "f1-score": 1.0, "support": 8}}, "loss": "0.17838775", "lang_embeds": ["esu", "cle", "pes", "spp", "aey", "amp", "sot", "bsn"], "lang_embeds_length": 8, "lang_length": 8}, "test": {"report": {"0": {"precision": 0.8333333333333334, "recall": 0.7142857142857143, "f1-score": 0.7692307692307692, "support": 7}, "1": {"precision": 0.0, "recall": 0.0, "f1-score": 0.0, "support": 1}, "4": {"precision": 0.0, "recall": 0.0, "f1-score": 0.0, "support": 0}, "accuracy": 0.625, "macro avg": {"precision": 0.2777777777777778, "recall": 0.2380952380952381, "f1-score": 0.2564102564102564, "support": 8}, "weighted avg": {"precision": 0.7291666666666667, "recall": 0.625, "f1-score": 0.673076923076923, "support": 8}}, "acc": 0.625, "lang_embeds": ["bel", "smo", "ben", "ukr", "ces", "slv", "swe", "slk"], "lang_embeds_length": 8, "lang_length": 8}, "test_zs": {"report": {"0": {"precision": 0.0, "recall": 0.0, "f1-score": 0.0, "support": 7.0}, "1": {"precision": 0.0, "recall": 0.0, "f1-score": 0.0, "support": 1.0}, "2": {"precision": 0.0, "recall": 0.0, "f1-score": 0.0, "support": 0.0}, "accuracy": 0.0, "macro avg": {"precision": 0.0, "recall": 0.0, "f1-score": 0.0, "support": 8.0}, "weighted avg": {"precision": 0.0, "recall": 0.0, "f1-score": 0.0, "support": 8.0}}, "acc": 0.0, "lang_embeds": [], "lang_embeds_length": 0, "lang_length": 8}}