{"feature_name": "SVONeg_Order", "feature_id": "144K", "epoch": 0, "train": {"report": {"0": {"precision": 0.7531380753138075, "recall": 0.9022556390977443, "f1-score": 0.8209806157354618, "support": 399}, "1": {"precision": 0.10344827586206896, "recall": 0.033707865168539325, "f1-score": 0.05084745762711864, "support": 89}, "2": {"precision": 0.0, "recall": 0.0, "f1-score": 0.0, "support": 42}, "3": {"precision": 0.0, "recall": 0.0, "f1-score": 0.0, "support": 0}, "accuracy": 0.6849056603773584, "macro avg": {"precision": 0.2141465877939691, "recall": 0.2339908760665709, "f1-score": 0.2179570183406451, "support": 530}, "weighted avg": {"precision": 0.5843565822677986, "recall": 0.6849056603773584, "f1-score": 0.6265975271835148, "support": 530}}, "loss": "1.1469328", "lang_embeds": [], "lang_embeds_length": 0, "lang_length": 118}, "dev": {"report": {"0": {"precision": 0.9166666666666666, "recall": 1.0, "f1-score": 0.9565217391304348, "support": 11}, "1": {"precision": 0.0, "recall": 0.0, "f1-score": 0.0, "support": 1}, "accuracy": 0.9166666666666666, "macro avg": {"precision": 0.4583333333333333, "recall": 0.5, "f1-score": 0.4782608695652174, "support": 12}, "weighted avg": {"precision": 0.8402777777777777, "recall": 0.9166666666666666, "f1-score": 0.8768115942028986, "support": 12}}, "loss": "0.3947046", "lang_embeds": [], "lang_embeds_length": 0, "lang_length": 12}, "test": {"report": {"0": {"precision": 1.0, "recall": 1.0, "f1-score": 1.0, "support": 13}, "accuracy": 1.0, "macro avg": {"precision": 1.0, "recall": 1.0, "f1-score": 1.0, "support": 13}, "weighted avg": {"precision": 1.0, "recall": 1.0, "f1-score": 1.0, "support": 13}}, "acc": 1.0, "lang_embeds": [], "lang_embeds_length": 0, "lang_length": 13}, "test_zs": {"report": {"0": {"precision": 1.0, "recall": 1.0, "f1-score": 1.0, "support": 13}, "accuracy": 1.0, "macro avg": {"precision": 1.0, "recall": 1.0, "f1-score": 1.0, "support": 13}, "weighted avg": {"precision": 1.0, "recall": 1.0, "f1-score": 1.0, "support": 13}}, "acc": 1.0, "lang_embeds": [], "lang_embeds_length": 0, "lang_length": 13}}