{"feature_name": "Predicative_Possession", "feature_id": "117A", "epoch": 0, "train": {"report": {"0": {"precision": 0.36633663366336633, "recall": 0.43023255813953487, "f1-score": 0.39572192513368987, "support": 86}, "1": {"precision": 0.15625, "recall": 0.07246376811594203, "f1-score": 0.09900990099009901, "support": 69}, "2": {"precision": 0.3394495412844037, "recall": 0.4805194805194805, "f1-score": 0.3978494623655914, "support": 77}, "3": {"precision": 0.25862068965517243, "recall": 0.25, "f1-score": 0.25423728813559326, "support": 60}, "4": {"precision": 0.125, "recall": 0.0625, "f1-score": 0.08333333333333333, "support": 16}, "accuracy": 0.30844155844155846, "macro avg": {"precision": 0.24913137292058848, "recall": 0.2591431613549915, "f1-score": 0.24603038199166133, "support": 308}, "weighted avg": {"precision": 0.27902940439369783, "recall": 0.30844155844155846, "f1-score": 0.2859926881604987, "support": 308}}, "loss": "2.2946832", "lang_embeds": [], "lang_embeds_length": 0, "lang_length": 86}, "dev": {"report": {"0": {"precision": 0.5555555555555556, "recall": 1.0, "f1-score": 0.7142857142857143, "support": 5}, "1": {"precision": 0.0, "recall": 0.0, "f1-score": 0.0, "support": 1}, "3": {"precision": 0.0, "recall": 0.0, "f1-score": 0.0, "support": 3}, "accuracy": 0.5555555555555556, "macro avg": {"precision": 0.1851851851851852, "recall": 0.3333333333333333, "f1-score": 0.2380952380952381, "support": 9}, "weighted avg": {"precision": 0.30864197530864196, "recall": 0.5555555555555556, "f1-score": 0.39682539682539686, "support": 9}}, "loss": "1.7361456", "lang_embeds": [], "lang_embeds_length": 0, "lang_length": 9}, "test": {"report": {"0": {"precision": 0.2222222222222222, "recall": 1.0, "f1-score": 0.3636363636363636, "support": 2}, "1": {"precision": 0.0, "recall": 0.0, "f1-score": 0.0, "support": 1}, "2": {"precision": 0.0, "recall": 0.0, "f1-score": 0.0, "support": 2}, "3": {"precision": 0.0, "recall": 0.0, "f1-score": 0.0, "support": 1}, "4": {"precision": 0.0, "recall": 0.0, "f1-score": 0.0, "support": 3}, "accuracy": 0.2222222222222222, "macro avg": {"precision": 0.04444444444444444, "recall": 0.2, "f1-score": 0.07272727272727272, "support": 9}, "weighted avg": {"precision": 0.04938271604938271, "recall": 0.2222222222222222, "f1-score": 0.0808080808080808, "support": 9}}, "acc": 0.2222222238779068, "lang_embeds": [], "lang_embeds_length": 0, "lang_length": 9}, "test_zs": {"report": {"0": {"precision": 0.2222222222222222, "recall": 1.0, "f1-score": 0.3636363636363636, "support": 2}, "1": {"precision": 0.0, "recall": 0.0, "f1-score": 0.0, "support": 1}, "2": {"precision": 0.0, "recall": 0.0, "f1-score": 0.0, "support": 2}, "3": {"precision": 0.0, "recall": 0.0, "f1-score": 0.0, "support": 1}, "4": {"precision": 0.0, "recall": 0.0, "f1-score": 0.0, "support": 3}, "accuracy": 0.2222222222222222, "macro avg": {"precision": 0.04444444444444444, "recall": 0.2, "f1-score": 0.07272727272727272, "support": 9}, "weighted avg": {"precision": 0.04938271604938271, "recall": 0.2222222222222222, "f1-score": 0.0808080808080808, "support": 9}}, "acc": 0.2222222238779068, "lang_embeds": [], "lang_embeds_length": 0, "lang_length": 9}}