{"feature_name": "The_Perfect", "feature_id": "68A", "epoch": 0, "train": {"report": {"0": {"precision": 0.46206896551724136, "recall": 0.5877192982456141, "f1-score": 0.5173745173745173, "support": 114}, "1": {"precision": 0.2898550724637681, "recall": 0.2597402597402597, "f1-score": 0.27397260273972596, "support": 77}, "2": {"precision": 0.16666666666666666, "recall": 0.045454545454545456, "f1-score": 0.07142857142857144, "support": 22}, "3": {"precision": 0.0, "recall": 0.0, "f1-score": 0.0, "support": 12}, "accuracy": 0.39111111111111113, "macro avg": {"precision": 0.22964767616191903, "recall": 0.2232285258601048, "f1-score": 0.21569392288570366, "support": 225}, "weighted avg": {"precision": 0.3496060858459659, "recall": 0.39111111111111113, "f1-score": 0.3628800620581442, "support": 225}}, "loss": "2.274083", "lang_embeds": [], "lang_embeds_length": 0, "lang_length": 84}, "dev": {"report": {"0": {"precision": 0.0, "recall": 0.0, "f1-score": 0.0, "support": 3}, "1": {"precision": 0.5555555555555556, "recall": 1.0, "f1-score": 0.7142857142857143, "support": 5}, "2": {"precision": 0.0, "recall": 0.0, "f1-score": 0.0, "support": 1}, "accuracy": 0.5555555555555556, "macro avg": {"precision": 0.1851851851851852, "recall": 0.3333333333333333, "f1-score": 0.2380952380952381, "support": 9}, "weighted avg": {"precision": 0.30864197530864196, "recall": 0.5555555555555556, "f1-score": 0.39682539682539686, "support": 9}}, "loss": "1.1182754", "lang_embeds": [], "lang_embeds_length": 0, "lang_length": 9}, "test": {"report": {"0": {"precision": 0.0, "recall": 0.0, "f1-score": 0.0, "support": 3}, "1": {"precision": 0.4444444444444444, "recall": 1.0, "f1-score": 0.6153846153846153, "support": 4}, "2": {"precision": 0.0, "recall": 0.0, "f1-score": 0.0, "support": 1}, "3": {"precision": 0.0, "recall": 0.0, "f1-score": 0.0, "support": 1}, "accuracy": 0.4444444444444444, "macro avg": {"precision": 0.1111111111111111, "recall": 0.25, "f1-score": 0.15384615384615383, "support": 9}, "weighted avg": {"precision": 0.19753086419753085, "recall": 0.4444444444444444, "f1-score": 0.2735042735042735, "support": 9}}, "acc": 0.4444444477558136, "lang_embeds": [], "lang_embeds_length": 0, "lang_length": 9}, "test_zs": {"report": {"0": {"precision": 0.0, "recall": 0.0, "f1-score": 0.0, "support": 3}, "1": {"precision": 0.4444444444444444, "recall": 1.0, "f1-score": 0.6153846153846153, "support": 4}, "2": {"precision": 0.0, "recall": 0.0, "f1-score": 0.0, "support": 1}, "3": {"precision": 0.0, "recall": 0.0, "f1-score": 0.0, "support": 1}, "accuracy": 0.4444444444444444, "macro avg": {"precision": 0.1111111111111111, "recall": 0.25, "f1-score": 0.15384615384615383, "support": 9}, "weighted avg": {"precision": 0.19753086419753085, "recall": 0.4444444444444444, "f1-score": 0.2735042735042735, "support": 9}}, "acc": 0.4444444477558136, "lang_embeds": [], "lang_embeds_length": 0, "lang_length": 9}}