{"feature_name": "Relativization_on_Subjects", "feature_id": "122A", "epoch": 0, "train": {"report": {"0": {"precision": 0.65625, "recall": 0.5675675675675675, "f1-score": 0.6086956521739131, "support": 37}, "1": {"precision": 0.125, "recall": 0.2, "f1-score": 0.15384615384615385, "support": 5}, "2": {"precision": 0.0, "recall": 0.0, "f1-score": 0.0, "support": 6}, "3": {"precision": 0.0, "recall": 0.0, "f1-score": 0.0, "support": 1}, "accuracy": 0.4489795918367347, "macro avg": {"precision": 0.1953125, "recall": 0.19189189189189187, "f1-score": 0.19063545150501673, "support": 49}, "weighted avg": {"precision": 0.5082908163265306, "recall": 0.4489795918367347, "f1-score": 0.4753259163197052, "support": 49}}, "loss": "2.6675737", "lang_embeds": [], "lang_embeds_length": 0, "lang_length": 49}, "dev": {"report": {"0": {"precision": 1.0, "recall": 1.0, "f1-score": 1.0, "support": 6}, "accuracy": 1.0, "macro avg": {"precision": 1.0, "recall": 1.0, "f1-score": 1.0, "support": 6}, "weighted avg": {"precision": 1.0, "recall": 1.0, "f1-score": 1.0, "support": 6}}, "loss": "0.015301459", "lang_embeds": [], "lang_embeds_length": 0, "lang_length": 6}, "test": {"report": {"0": {"precision": 0.5, "recall": 1.0, "f1-score": 0.6666666666666666, "support": 3}, "2": {"precision": 0.0, "recall": 0.0, "f1-score": 0.0, "support": 3}, "accuracy": 0.5, "macro avg": {"precision": 0.25, "recall": 0.5, "f1-score": 0.3333333333333333, "support": 6}, "weighted avg": {"precision": 0.25, "recall": 0.5, "f1-score": 0.3333333333333333, "support": 6}}, "acc": 0.5, "lang_embeds": [], "lang_embeds_length": 0, "lang_length": 6}, "test_zs": {"report": {"0": {"precision": 0.5, "recall": 1.0, "f1-score": 0.6666666666666666, "support": 3}, "2": {"precision": 0.0, "recall": 0.0, "f1-score": 0.0, "support": 3}, "accuracy": 0.5, "macro avg": {"precision": 0.25, "recall": 0.5, "f1-score": 0.3333333333333333, "support": 6}, "weighted avg": {"precision": 0.25, "recall": 0.5, "f1-score": 0.3333333333333333, "support": 6}}, "acc": 0.5, "lang_embeds": [], "lang_embeds_length": 0, "lang_length": 6}}