{"feature_name": "Para-Linguistic_Usages_of_Clicks", "feature_id": "142A", "epoch": 0, "train": {"report": {"0": {"precision": 0.8133333333333334, "recall": 0.8026315789473685, "f1-score": 0.8079470198675497, "support": 76}, "1": {"precision": 0.6956521739130435, "recall": 0.5333333333333333, "f1-score": 0.6037735849056605, "support": 30}, "2": {"precision": 0.25, "recall": 0.5, "f1-score": 0.3333333333333333, "support": 8}, "accuracy": 0.7105263157894737, "macro avg": {"precision": 0.586328502415459, "recall": 0.6119883040935673, "f1-score": 0.5816846460355144, "support": 114}, "weighted avg": {"precision": 0.7428324434274092, "recall": 0.7105263157894737, "f1-score": 0.7209109449453531, "support": 114}}, "loss": "0.7295984", "lang_embeds": ["hin", "mos", "tur", "ell", "ibo", "srn", "lhu", "kmh", "plt", "fub", "aey", "hun", "som", "mzh", "deu", "zab", "tha", "hau", "nld", "smo", "aeb", "pma", "fin", "spa", "swh", "yor", "bul", "jpn", "swe", "kor", "yam", "dan", "ary", "mww", "khm", "pes", "sbe", "ita", "rus", "ces", "ood", "tgl", "gle"], "lang_embeds_length": 43, "lang_length": 43}, "dev": {"report": {"0": {"precision": 1.0, "recall": 1.0, "f1-score": 1.0, "support": 5}, "accuracy": 1.0, "macro avg": {"precision": 1.0, "recall": 1.0, "f1-score": 1.0, "support": 5}, "weighted avg": {"precision": 1.0, "recall": 1.0, "f1-score": 1.0, "support": 5}}, "loss": "0.3428827", "lang_embeds": ["mww", "kmh", "fub", "sbe", "zab"], "lang_embeds_length": 5, "lang_length": 5}, "test": {"report": {"0": {"precision": 1.0, "recall": 1.0, "f1-score": 1.0, "support": 3}, "1": {"precision": 1.0, "recall": 1.0, "f1-score": 1.0, "support": 2}, "accuracy": 1.0, "macro avg": {"precision": 1.0, "recall": 1.0, "f1-score": 1.0, "support": 5}, "weighted avg": {"precision": 1.0, "recall": 1.0, "f1-score": 1.0, "support": 5}}, "acc": 1.0, "lang_embeds": ["ilo", "ban", "ben", "che", "slk"], "lang_embeds_length": 5, "lang_length": 5}, "test_zs": {"report": {"0": {"precision": 0.0, "recall": 0.0, "f1-score": 0.0, "support": 3}, "1": {"precision": 0.4, "recall": 1.0, "f1-score": 0.5714285714285715, "support": 2}, "accuracy": 0.4, "macro avg": {"precision": 0.2, "recall": 0.5, "f1-score": 0.28571428571428575, "support": 5}, "weighted avg": {"precision": 0.16, "recall": 0.4, "f1-score": 0.2285714285714286, "support": 5}}, "acc": 0.4000000059604645, "lang_embeds": [], "lang_embeds_length": 0, "lang_length": 5}}