{"feature_name": "Coding_of_Nominal_Plurality", "feature_id": "33A", "epoch": 0, "train": {"report": {"0": {"precision": 0.46711259754738016, "recall": 0.7905660377358491, "f1-score": 0.5872459705676244, "support": 1060}, "1": {"precision": 0.13803680981595093, "recall": 0.09240246406570841, "f1-score": 0.11070110701107011, "support": 487}, "2": {"precision": 0.10638297872340426, "recall": 0.021367521367521368, "f1-score": 0.03558718861209964, "support": 234}, "3": {"precision": 0.041666666666666664, "recall": 0.011235955056179775, "f1-score": 0.017699115044247787, "support": 178}, "4": {"precision": 0.0, "recall": 0.0, "f1-score": 0.0, "support": 129}, "5": {"precision": 0.0, "recall": 0.0, "f1-score": 0.0, "support": 115}, "6": {"precision": 0.0, "recall": 0.0, "f1-score": 0.0, "support": 32}, "7": {"precision": 0.0, "recall": 0.0, "f1-score": 0.0, "support": 8}, "8": {"precision": 0.0, "recall": 0.0, "f1-score": 0.0, "support": 8}, "accuracy": 0.3953798311861395, "macro avg": {"precision": 0.08368878363926689, "recall": 0.10173021980280651, "f1-score": 0.08347037569278243, "support": 2251}, "weighted avg": {"precision": 0.2641819473427518, "recall": 0.3953798311861395, "f1-score": 0.3055841903728034, "support": 2251}}, "loss": "1.8429981", "lang_embeds": [], "lang_embeds_length": 0, "lang_length": 278}, "dev": {"report": {"0": {"precision": 0.6296296296296297, "recall": 1.0, "f1-score": 0.7727272727272727, "support": 17}, "1": {"precision": 0.0, "recall": 0.0, "f1-score": 0.0, "support": 6}, "3": {"precision": 0.0, "recall": 0.0, "f1-score": 0.0, "support": 1}, "4": {"precision": 0.0, "recall": 0.0, "f1-score": 0.0, "support": 2}, "6": {"precision": 0.0, "recall": 0.0, "f1-score": 0.0, "support": 1}, "accuracy": 0.6296296296296297, "macro avg": {"precision": 0.12592592592592594, "recall": 0.2, "f1-score": 0.15454545454545454, "support": 27}, "weighted avg": {"precision": 0.39643347050754457, "recall": 0.6296296296296297, "f1-score": 0.48653198653198654, "support": 27}}, "loss": "1.349328", "lang_embeds": [], "lang_embeds_length": 0, "lang_length": 27}, "test": {"report": {"0": {"precision": 0.6551724137931034, "recall": 1.0, "f1-score": 0.7916666666666666, "support": 19}, "1": {"precision": 0.0, "recall": 0.0, "f1-score": 0.0, "support": 5}, "2": {"precision": 0.0, "recall": 0.0, "f1-score": 0.0, "support": 2}, "3": {"precision": 0.0, "recall": 0.0, "f1-score": 0.0, "support": 1}, "4": {"precision": 0.0, "recall": 0.0, "f1-score": 0.0, "support": 1}, "5": {"precision": 0.0, "recall": 0.0, "f1-score": 0.0, "support": 1}, "accuracy": 0.6551724137931034, "macro avg": {"precision": 0.10919540229885057, "recall": 0.16666666666666666, "f1-score": 0.13194444444444445, "support": 29}, "weighted avg": {"precision": 0.42925089179548154, "recall": 0.6551724137931034, "f1-score": 0.5186781609195402, "support": 29}}, "acc": 0.6551724076271057, "lang_embeds": [], "lang_embeds_length": 0, "lang_length": 29}, "test_zs": {"report": {"0": {"precision": 0.6551724137931034, "recall": 1.0, "f1-score": 0.7916666666666666, "support": 19}, "1": {"precision": 0.0, "recall": 0.0, "f1-score": 0.0, "support": 5}, "2": {"precision": 0.0, "recall": 0.0, "f1-score": 0.0, "support": 2}, "3": {"precision": 0.0, "recall": 0.0, "f1-score": 0.0, "support": 1}, "4": {"precision": 0.0, "recall": 0.0, "f1-score": 0.0, "support": 1}, "5": {"precision": 0.0, "recall": 0.0, "f1-score": 0.0, "support": 1}, "accuracy": 0.6551724137931034, "macro avg": {"precision": 0.10919540229885057, "recall": 0.16666666666666666, "f1-score": 0.13194444444444445, "support": 29}, "weighted avg": {"precision": 0.42925089179548154, "recall": 0.6551724137931034, "f1-score": 0.5186781609195402, "support": 29}}, "acc": 0.6551724076271057, "lang_embeds": [], "lang_embeds_length": 0, "lang_length": 29}}