{"feature_name": "Periphrastic_Causative_Constructions", "feature_id": "110A", "epoch": 0, "train": {"report": {"0": {"precision": 0.6363636363636364, "recall": 0.5833333333333334, "f1-score": 0.6086956521739131, "support": 48}, "1": {"precision": 0.6666666666666666, "recall": 0.6428571428571429, "f1-score": 0.6545454545454545, "support": 28}, "2": {"precision": 0.3, "recall": 0.4, "f1-score": 0.34285714285714286, "support": 15}, "accuracy": 0.5714285714285714, "macro avg": {"precision": 0.5343434343434343, "recall": 0.542063492063492, "f1-score": 0.5353660831921702, "support": 91}, "weighted avg": {"precision": 0.5902430902430902, "recall": 0.5714285714285714, "f1-score": 0.5789837491700847, "support": 91}}, "loss": "0.96353453", "lang_embeds": ["nav", "kin", "hin", "vie", "mri", "mig", "tur", "ind", "ote", "ell", "ibo", "aji", "shp", "nhg", "lhu", "laj", "kpw", "plt", "eus", "aey", "sna", "ewe", "hun", "mzh", "deu", "hau", "upv", "sja", "fij", "djk", "pma", "lif", "fin", "ses", "tnc", "spp", "spa", "swh", "yor", "zul", "yaq", "kor", "khm", "mva", "pes", "tzo", "mya", "rus", "btx", "pad", "tgl"], "lang_embeds_length": 51, "lang_length": 51}, "dev": {"report": {"0": {"precision": 1.0, "recall": 1.0, "f1-score": 1.0, "support": 3}, "1": {"precision": 1.0, "recall": 1.0, "f1-score": 1.0, "support": 1}, "2": {"precision": 1.0, "recall": 1.0, "f1-score": 1.0, "support": 1}, "accuracy": 1.0, "macro avg": {"precision": 1.0, "recall": 1.0, "f1-score": 1.0, "support": 5}, "weighted avg": {"precision": 1.0, "recall": 1.0, "f1-score": 1.0, "support": 5}}, "loss": "0.42624992", "lang_embeds": ["laj", "kpw", "ote", "swh", "sna"], "lang_embeds_length": 5, "lang_length": 5}, "test": {"report": {"0": {"precision": 0.6666666666666666, "recall": 0.4, "f1-score": 0.5, "support": 5}, "1": {"precision": 0.0, "recall": 0.0, "f1-score": 0.0, "support": 0}, "2": {"precision": 0.0, "recall": 0.0, "f1-score": 0.0, "support": 1}, "accuracy": 0.3333333333333333, "macro avg": {"precision": 0.2222222222222222, "recall": 0.13333333333333333, "f1-score": 0.16666666666666666, "support": 6}, "weighted avg": {"precision": 0.5555555555555555, "recall": 0.3333333333333333, "f1-score": 0.4166666666666667, "support": 6}}, "acc": 0.3333333432674408, "lang_embeds": ["tha", "hye", "lav", "wbp", "tam", "gle"], "lang_embeds_length": 6, "lang_length": 6}, "test_zs": {"report": {"0": {"precision": 0.0, "recall": 0.0, "f1-score": 0.0, "support": 5}, "2": {"precision": 0.16666666666666666, "recall": 1.0, "f1-score": 0.2857142857142857, "support": 1}, "accuracy": 0.16666666666666666, "macro avg": {"precision": 0.08333333333333333, "recall": 0.5, "f1-score": 0.14285714285714285, "support": 6}, "weighted avg": {"precision": 0.027777777777777776, "recall": 0.16666666666666666, "f1-score": 0.047619047619047616, "support": 6}}, "acc": 0.1666666716337204, "lang_embeds": [], "lang_embeds_length": 0, "lang_length": 6}}