{"feature_name": "Third_Person_Zero_of_Verbal_Person_Marking", "feature_id": "103A", "epoch": 0, "train": {"report": {"0": {"precision": 0.4377431906614786, "recall": 0.6392045454545454, "f1-score": 0.5196304849884527, "support": 352}, "1": {"precision": 0.1941747572815534, "recall": 0.17777777777777778, "f1-score": 0.18561484918793505, "support": 225}, "2": {"precision": 0.08333333333333333, "recall": 0.010752688172043012, "f1-score": 0.01904761904761905, "support": 93}, "3": {"precision": 0.0, "recall": 0.0, "f1-score": 0.0, "support": 71}, "4": {"precision": 0.0975609756097561, "recall": 0.05555555555555555, "f1-score": 0.07079646017699115, "support": 72}, "5": {"precision": 0.0, "recall": 0.0, "f1-score": 0.0, "support": 7}, "accuracy": 0.32926829268292684, "macro avg": {"precision": 0.13546870948102024, "recall": 0.1472150944933203, "f1-score": 0.13251490223349965, "support": 820}, "weighted avg": {"precision": 0.259206480176942, "recall": 0.32926829268292684, "f1-score": 0.2823683481553569, "support": 820}}, "loss": "1.9002235", "lang_embeds": [], "lang_embeds_length": 0, "lang_length": 114}, "dev": {"report": {"0": {"precision": 0.7272727272727273, "recall": 1.0, "f1-score": 0.8421052631578948, "support": 8}, "1": {"precision": 0.0, "recall": 0.0, "f1-score": 0.0, "support": 1}, "2": {"precision": 0.0, "recall": 0.0, "f1-score": 0.0, "support": 2}, "accuracy": 0.7272727272727273, "macro avg": {"precision": 0.24242424242424243, "recall": 0.3333333333333333, "f1-score": 0.28070175438596495, "support": 11}, "weighted avg": {"precision": 0.5289256198347108, "recall": 0.7272727272727273, "f1-score": 0.6124401913875599, "support": 11}}, "loss": "0.96411973", "lang_embeds": [], "lang_embeds_length": 0, "lang_length": 11}, "test": {"report": {"0": {"precision": 0.5833333333333334, "recall": 1.0, "f1-score": 0.7368421052631579, "support": 7}, "1": {"precision": 0.0, "recall": 0.0, "f1-score": 0.0, "support": 2}, "2": {"precision": 0.0, "recall": 0.0, "f1-score": 0.0, "support": 2}, "4": {"precision": 0.0, "recall": 0.0, "f1-score": 0.0, "support": 1}, "accuracy": 0.5833333333333334, "macro avg": {"precision": 0.14583333333333334, "recall": 0.25, "f1-score": 0.18421052631578946, "support": 12}, "weighted avg": {"precision": 0.34027777777777785, "recall": 0.5833333333333334, "f1-score": 0.4298245614035088, "support": 12}}, "acc": 0.5833333134651184, "lang_embeds": [], "lang_embeds_length": 0, "lang_length": 12}, "test_zs": {"report": {"0": {"precision": 0.5833333333333334, "recall": 1.0, "f1-score": 0.7368421052631579, "support": 7}, "1": {"precision": 0.0, "recall": 0.0, "f1-score": 0.0, "support": 2}, "2": {"precision": 0.0, "recall": 0.0, "f1-score": 0.0, "support": 2}, "4": {"precision": 0.0, "recall": 0.0, "f1-score": 0.0, "support": 1}, "accuracy": 0.5833333333333334, "macro avg": {"precision": 0.14583333333333334, "recall": 0.25, "f1-score": 0.18421052631578946, "support": 12}, "weighted avg": {"precision": 0.34027777777777785, "recall": 0.5833333333333334, "f1-score": 0.4298245614035088, "support": 12}}, "acc": 0.5833333134651184, "lang_embeds": [], "lang_embeds_length": 0, "lang_length": 12}}