{"feature_name": "Position_of_Negative_Word_With_Respect_to_Subject,_Object,_and_Verb", "feature_id": "144A", "epoch": 0, "train": {"report": {"0": {"precision": 0.32004981320049813, "recall": 0.749271137026239, "f1-score": 0.44851657940663175, "support": 343}, "1": {"precision": 0.045454545454545456, "recall": 0.024793388429752067, "f1-score": 0.03208556149732621, "support": 121}, "2": {"precision": 0.16346153846153846, "recall": 0.15454545454545454, "f1-score": 0.15887850467289721, "support": 110}, "3": {"precision": 0.09090909090909091, "recall": 0.012987012987012988, "f1-score": 0.022727272727272728, "support": 77}, "4": {"precision": 0.11538461538461539, "recall": 0.033707865168539325, "f1-score": 0.052173913043478265, "support": 89}, "5": {"precision": 0.041666666666666664, "recall": 0.016666666666666666, "f1-score": 0.023809523809523805, "support": 60}, "6": {"precision": 0.0, "recall": 0.0, "f1-score": 0.0, "support": 53}, "7": {"precision": 0.0, "recall": 0.0, "f1-score": 0.0, "support": 71}, "8": {"precision": 0.04, "recall": 0.011363636363636364, "f1-score": 0.017699115044247787, "support": 88}, "9": {"precision": 0.0, "recall": 0.0, "f1-score": 0.0, "support": 37}, "10": {"precision": 0.0, "recall": 0.0, "f1-score": 0.0, "support": 16}, "11": {"precision": 0.0, "recall": 0.0, "f1-score": 0.0, "support": 11}, "12": {"precision": 0.0, "recall": 0.0, "f1-score": 0.0, "support": 12}, "13": {"precision": 0.0, "recall": 0.0, "f1-score": 0.0, "support": 8}, "14": {"precision": 0.0, "recall": 0.0, "f1-score": 0.0, "support": 0}, "15": {"precision": 0.0, "recall": 0.0, "f1-score": 0.0, "support": 0}, "16": {"precision": 0.0, "recall": 0.0, "f1-score": 0.0, "support": 0}, "17": {"precision": 0.0, "recall": 0.0, "f1-score": 0.0, "support": 0}, "18": {"precision": 0.0, "recall": 0.0, "f1-score": 0.0, "support": 0}, "accuracy": 0.25821167883211676, "macro avg": {"precision": 0.04299611947773447, "recall": 0.05280711374670005, "f1-score": 0.039783708957967255, "support": 1096}, "weighted avg": {"precision": 0.14283493241584932, "recall": 0.25821167883211676, "f1-score": 0.16841217792427432, "support": 1096}}, "loss": "2.8711438", "lang_embeds": [], "lang_embeds_length": 0, "lang_length": 305}, "dev": {"report": {"0": {"precision": 0.41935483870967744, "recall": 1.0, "f1-score": 0.5909090909090909, "support": 13}, "1": {"precision": 0.0, "recall": 0.0, "f1-score": 0.0, "support": 3}, "2": {"precision": 0.0, "recall": 0.0, "f1-score": 0.0, "support": 1}, "4": {"precision": 0.0, "recall": 0.0, "f1-score": 0.0, "support": 1}, "5": {"precision": 0.0, "recall": 0.0, "f1-score": 0.0, "support": 2}, "6": {"precision": 0.0, "recall": 0.0, "f1-score": 0.0, "support": 1}, "7": {"precision": 0.0, "recall": 0.0, "f1-score": 0.0, "support": 4}, "8": {"precision": 0.0, "recall": 0.0, "f1-score": 0.0, "support": 3}, "9": {"precision": 0.0, "recall": 0.0, "f1-score": 0.0, "support": 1}, "10": {"precision": 0.0, "recall": 0.0, "f1-score": 0.0, "support": 1}, "11": {"precision": 0.0, "recall": 0.0, "f1-score": 0.0, "support": 1}, "accuracy": 0.41935483870967744, "macro avg": {"precision": 0.03812316715542522, "recall": 0.09090909090909091, "f1-score": 0.05371900826446281, "support": 31}, "weighted avg": {"precision": 0.1758584807492196, "recall": 0.41935483870967744, "f1-score": 0.24780058651026396, "support": 31}}, "loss": "2.2840037", "lang_embeds": [], "lang_embeds_length": 0, "lang_length": 31}, "test": {"report": {"0": {"precision": 0.25806451612903225, "recall": 1.0, "f1-score": 0.41025641025641024, "support": 8}, "1": {"precision": 0.0, "recall": 0.0, "f1-score": 0.0, "support": 2}, "2": {"precision": 0.0, "recall": 0.0, "f1-score": 0.0, "support": 7}, "3": {"precision": 0.0, "recall": 0.0, "f1-score": 0.0, "support": 1}, "4": {"precision": 0.0, "recall": 0.0, "f1-score": 0.0, "support": 4}, "6": {"precision": 0.0, "recall": 0.0, "f1-score": 0.0, "support": 1}, "7": {"precision": 0.0, "recall": 0.0, "f1-score": 0.0, "support": 1}, "8": {"precision": 0.0, "recall": 0.0, "f1-score": 0.0, "support": 4}, "9": {"precision": 0.0, "recall": 0.0, "f1-score": 0.0, "support": 3}, "accuracy": 0.25806451612903225, "macro avg": {"precision": 0.02867383512544803, "recall": 0.1111111111111111, "f1-score": 0.04558404558404558, "support": 31}, "weighted avg": {"precision": 0.06659729448491154, "recall": 0.25806451612903225, "f1-score": 0.10587262200165426, "support": 31}}, "acc": 0.25806450843811035, "lang_embeds": [], "lang_embeds_length": 0, "lang_length": 31}, "test_zs": {"report": {"0": {"precision": 0.25806451612903225, "recall": 1.0, "f1-score": 0.41025641025641024, "support": 8}, "1": {"precision": 0.0, "recall": 0.0, "f1-score": 0.0, "support": 2}, "2": {"precision": 0.0, "recall": 0.0, "f1-score": 0.0, "support": 7}, "3": {"precision": 0.0, "recall": 0.0, "f1-score": 0.0, "support": 1}, "4": {"precision": 0.0, "recall": 0.0, "f1-score": 0.0, "support": 4}, "6": {"precision": 0.0, "recall": 0.0, "f1-score": 0.0, "support": 1}, "7": {"precision": 0.0, "recall": 0.0, "f1-score": 0.0, "support": 1}, "8": {"precision": 0.0, "recall": 0.0, "f1-score": 0.0, "support": 4}, "9": {"precision": 0.0, "recall": 0.0, "f1-score": 0.0, "support": 3}, "accuracy": 0.25806451612903225, "macro avg": {"precision": 0.02867383512544803, "recall": 0.1111111111111111, "f1-score": 0.04558404558404558, "support": 31}, "weighted avg": {"precision": 0.06659729448491154, "recall": 0.25806451612903225, "f1-score": 0.10587262200165426, "support": 31}}, "acc": 0.25806450843811035, "lang_embeds": [], "lang_embeds_length": 0, "lang_length": 31}}