{"feature_name": "Tea", "feature_id": "138A", "epoch": 0, "train": {"report": {"0": {"precision": 0.4533333333333333, "recall": 0.4722222222222222, "f1-score": 0.46258503401360546, "support": 216}, "1": {"precision": 0.40625, "recall": 0.46987951807228917, "f1-score": 0.43575418994413406, "support": 166}, "2": {"precision": 0.0, "recall": 0.0, "f1-score": 0.0, "support": 38}, "accuracy": 0.42857142857142855, "macro avg": {"precision": 0.28652777777777777, "recall": 0.3140339134315038, "f1-score": 0.29944640798591315, "support": 420}, "weighted avg": {"precision": 0.3937083333333334, "recall": 0.42857142857142855, "f1-score": 0.41012753066110724, "support": 420}}, "loss": "1.4366462", "lang_embeds": [], "lang_embeds_length": 0, "lang_length": 78}, "dev": {"report": {"0": {"precision": 0.75, "recall": 1.0, "f1-score": 0.8571428571428571, "support": 6}, "1": {"precision": 0.0, "recall": 0.0, "f1-score": 0.0, "support": 1}, "2": {"precision": 0.0, "recall": 0.0, "f1-score": 0.0, "support": 1}, "accuracy": 0.75, "macro avg": {"precision": 0.25, "recall": 0.3333333333333333, "f1-score": 0.2857142857142857, "support": 8}, "weighted avg": {"precision": 0.5625, "recall": 0.75, "f1-score": 0.6428571428571428, "support": 8}}, "loss": "0.81321216", "lang_embeds": [], "lang_embeds_length": 0, "lang_length": 8}, "test": {"report": {"0": {"precision": 0.5555555555555556, "recall": 1.0, "f1-score": 0.7142857142857143, "support": 5}, "1": {"precision": 0.0, "recall": 0.0, "f1-score": 0.0, "support": 3}, "2": {"precision": 0.0, "recall": 0.0, "f1-score": 0.0, "support": 1}, "accuracy": 0.5555555555555556, "macro avg": {"precision": 0.1851851851851852, "recall": 0.3333333333333333, "f1-score": 0.2380952380952381, "support": 9}, "weighted avg": {"precision": 0.30864197530864196, "recall": 0.5555555555555556, "f1-score": 0.39682539682539686, "support": 9}}, "acc": 0.5555555820465088, "lang_embeds": [], "lang_embeds_length": 0, "lang_length": 9}, "test_zs": {"report": {"0": {"precision": 0.5555555555555556, "recall": 1.0, "f1-score": 0.7142857142857143, "support": 5}, "1": {"precision": 0.0, "recall": 0.0, "f1-score": 0.0, "support": 3}, "2": {"precision": 0.0, "recall": 0.0, "f1-score": 0.0, "support": 1}, "accuracy": 0.5555555555555556, "macro avg": {"precision": 0.1851851851851852, "recall": 0.3333333333333333, "f1-score": 0.2380952380952381, "support": 9}, "weighted avg": {"precision": 0.30864197530864196, "recall": 0.5555555555555556, "f1-score": 0.39682539682539686, "support": 9}}, "acc": 0.5555555820465088, "lang_embeds": [], "lang_embeds_length": 0, "lang_length": 9}}