{"feature_name": "Hand_and_Arm", "feature_id": "129A", "epoch": 0, "train": {"report": {"0": {"precision": 0.6558784676354029, "recall": 0.8422391857506362, "f1-score": 0.7374675083549944, "support": 1179}, "1": {"precision": 0.3694915254237288, "recall": 0.173015873015873, "f1-score": 0.23567567567567568, "support": 630}, "accuracy": 0.6091763405196241, "macro avg": {"precision": 0.5126849965295659, "recall": 0.5076275293832546, "f1-score": 0.48657159201533506, "support": 1809}, "weighted avg": {"precision": 0.5561417215915363, "recall": 0.6091763405196241, "f1-score": 0.5627141337900575, "support": 1809}}, "loss": "0.77846116", "lang_embeds": [], "lang_embeds_length": 0, "lang_length": 201}, "dev": {"report": {"0": {"precision": 0.6, "recall": 1.0, "f1-score": 0.7499999999999999, "support": 12}, "1": {"precision": 0.0, "recall": 0.0, "f1-score": 0.0, "support": 8}, "accuracy": 0.6, "macro avg": {"precision": 0.3, "recall": 0.5, "f1-score": 0.37499999999999994, "support": 20}, "weighted avg": {"precision": 0.36, "recall": 0.6, "f1-score": 0.4499999999999999, "support": 20}}, "loss": "0.76520026", "lang_embeds": [], "lang_embeds_length": 0, "lang_length": 20}, "test": {"report": {"0": {"precision": 0.5454545454545454, "recall": 1.0, "f1-score": 0.7058823529411764, "support": 12}, "1": {"precision": 0.0, "recall": 0.0, "f1-score": 0.0, "support": 10}, "accuracy": 0.5454545454545454, "macro avg": {"precision": 0.2727272727272727, "recall": 0.5, "f1-score": 0.3529411764705882, "support": 22}, "weighted avg": {"precision": 0.29752066115702475, "recall": 0.5454545454545454, "f1-score": 0.38502673796791437, "support": 22}}, "acc": 0.5454545617103577, "lang_embeds": [], "lang_embeds_length": 0, "lang_length": 22}, "test_zs": {"report": {"0": {"precision": 0.5454545454545454, "recall": 1.0, "f1-score": 0.7058823529411764, "support": 12}, "1": {"precision": 0.0, "recall": 0.0, "f1-score": 0.0, "support": 10}, "accuracy": 0.5454545454545454, "macro avg": {"precision": 0.2727272727272727, "recall": 0.5, "f1-score": 0.3529411764705882, "support": 22}, "weighted avg": {"precision": 0.29752066115702475, "recall": 0.5454545454545454, "f1-score": 0.38502673796791437, "support": 22}}, "acc": 0.5454545617103577, "lang_embeds": [], "lang_embeds_length": 0, "lang_length": 22}}