{"feature_name": "Ordinal_Numerals", "feature_id": "53A", "epoch": 0, "train": {"report": {"0": {"precision": 0.3010752688172043, "recall": 0.4444444444444444, "f1-score": 0.358974358974359, "support": 252}, "1": {"precision": 0.13924050632911392, "recall": 0.14864864864864866, "f1-score": 0.1437908496732026, "support": 148}, "2": {"precision": 0.16842105263157894, "recall": 0.13793103448275862, "f1-score": 0.15165876777251183, "support": 116}, "3": {"precision": 0.0967741935483871, "recall": 0.06382978723404255, "f1-score": 0.07692307692307691, "support": 94}, "4": {"precision": 0.13333333333333333, "recall": 0.06557377049180328, "f1-score": 0.08791208791208792, "support": 61}, "5": {"precision": 0.3333333333333333, "recall": 0.05, "f1-score": 0.08695652173913045, "support": 20}, "6": {"precision": 0.0, "recall": 0.0, "f1-score": 0.0, "support": 26}, "7": {"precision": 0.0, "recall": 0.0, "f1-score": 0.0, "support": 6}, "accuracy": 0.22268326417704012, "macro avg": {"precision": 0.14652221099911888, "recall": 0.1138034606627122, "f1-score": 0.11327695787429609, "support": 723}, "weighted avg": {"precision": 0.19351615349578963, "recall": 0.22268326417704012, "f1-score": 0.1987102881092296, "support": 723}}, "loss": "2.6106052", "lang_embeds": [], "lang_embeds_length": 0, "lang_length": 115}, "dev": {"report": {"0": {"precision": 0.0, "recall": 0.0, "f1-score": 0.0, "support": 2}, "1": {"precision": 0.5454545454545454, "recall": 1.0, "f1-score": 0.7058823529411764, "support": 6}, "2": {"precision": 0.0, "recall": 0.0, "f1-score": 0.0, "support": 2}, "3": {"precision": 0.0, "recall": 0.0, "f1-score": 0.0, "support": 1}, "accuracy": 0.5454545454545454, "macro avg": {"precision": 0.13636363636363635, "recall": 0.25, "f1-score": 0.1764705882352941, "support": 11}, "weighted avg": {"precision": 0.29752066115702475, "recall": 0.5454545454545454, "f1-score": 0.38502673796791437, "support": 11}}, "loss": "1.4476811", "lang_embeds": [], "lang_embeds_length": 0, "lang_length": 11}, "test": {"report": {"0": {"precision": 0.0, "recall": 0.0, "f1-score": 0.0, "support": 1}, "1": {"precision": 0.6153846153846154, "recall": 1.0, "f1-score": 0.761904761904762, "support": 8}, "2": {"precision": 0.0, "recall": 0.0, "f1-score": 0.0, "support": 3}, "3": {"precision": 0.0, "recall": 0.0, "f1-score": 0.0, "support": 1}, "accuracy": 0.6153846153846154, "macro avg": {"precision": 0.15384615384615385, "recall": 0.25, "f1-score": 0.1904761904761905, "support": 13}, "weighted avg": {"precision": 0.37869822485207105, "recall": 0.6153846153846154, "f1-score": 0.4688644688644689, "support": 13}}, "acc": 0.6153846383094788, "lang_embeds": [], "lang_embeds_length": 0, "lang_length": 13}, "test_zs": {"report": {"0": {"precision": 0.0, "recall": 0.0, "f1-score": 0.0, "support": 1}, "1": {"precision": 0.6153846153846154, "recall": 1.0, "f1-score": 0.761904761904762, "support": 8}, "2": {"precision": 0.0, "recall": 0.0, "f1-score": 0.0, "support": 3}, "3": {"precision": 0.0, "recall": 0.0, "f1-score": 0.0, "support": 1}, "accuracy": 0.6153846153846154, "macro avg": {"precision": 0.15384615384615385, "recall": 0.25, "f1-score": 0.1904761904761905, "support": 13}, "weighted avg": {"precision": 0.37869822485207105, "recall": 0.6153846153846154, "f1-score": 0.4688644688644689, "support": 13}}, "acc": 0.6153846383094788, "lang_embeds": [], "lang_embeds_length": 0, "lang_length": 13}}