{"feature_name": "Asymmetrical_Case-Marking", "feature_id": "50A", "epoch": 0, "train": {"report": {"0": {"precision": 0.30952380952380953, "recall": 0.2805755395683453, "f1-score": 0.29433962264150937, "support": 139}, "1": {"precision": 0.28294573643410853, "recall": 0.44242424242424244, "f1-score": 0.34515366430260047, "support": 165}, "2": {"precision": 0.18333333333333332, "recall": 0.1134020618556701, "f1-score": 0.14012738853503184, "support": 97}, "3": {"precision": 0.0, "recall": 0.0, "f1-score": 0.0, "support": 41}, "4": {"precision": 0.0, "recall": 0.0, "f1-score": 0.0, "support": 10}, "5": {"precision": 0.0, "recall": 0.0, "f1-score": 0.0, "support": 5}, "accuracy": 0.26914660831509846, "macro avg": {"precision": 0.12930047988187524, "recall": 0.13940030730804298, "f1-score": 0.1299367792465236, "support": 457}, "weighted avg": {"precision": 0.23521485638680695, "recall": 0.26914660831509846, "f1-score": 0.2438860368599496, "support": 457}}, "loss": "1.944133", "lang_embeds": [], "lang_embeds_length": 0, "lang_length": 85}, "dev": {"report": {"0": {"precision": 0.5, "recall": 1.0, "f1-score": 0.6666666666666666, "support": 4}, "1": {"precision": 0.0, "recall": 0.0, "f1-score": 0.0, "support": 3}, "4": {"precision": 0.0, "recall": 0.0, "f1-score": 0.0, "support": 1}, "accuracy": 0.5, "macro avg": {"precision": 0.16666666666666666, "recall": 0.3333333333333333, "f1-score": 0.2222222222222222, "support": 8}, "weighted avg": {"precision": 0.25, "recall": 0.5, "f1-score": 0.3333333333333333, "support": 8}}, "loss": "1.6678127", "lang_embeds": [], "lang_embeds_length": 0, "lang_length": 8}, "test": {"report": {"0": {"precision": 0.1111111111111111, "recall": 1.0, "f1-score": 0.19999999999999998, "support": 1}, "1": {"precision": 0.0, "recall": 0.0, "f1-score": 0.0, "support": 1}, "2": {"precision": 0.0, "recall": 0.0, "f1-score": 0.0, "support": 7}, "accuracy": 0.1111111111111111, "macro avg": {"precision": 0.037037037037037035, "recall": 0.3333333333333333, "f1-score": 0.06666666666666667, "support": 9}, "weighted avg": {"precision": 0.012345679012345678, "recall": 0.1111111111111111, "f1-score": 0.02222222222222222, "support": 9}}, "acc": 0.1111111119389534, "lang_embeds": [], "lang_embeds_length": 0, "lang_length": 9}, "test_zs": {"report": {"0": {"precision": 0.1111111111111111, "recall": 1.0, "f1-score": 0.19999999999999998, "support": 1}, "1": {"precision": 0.0, "recall": 0.0, "f1-score": 0.0, "support": 1}, "2": {"precision": 0.0, "recall": 0.0, "f1-score": 0.0, "support": 7}, "accuracy": 0.1111111111111111, "macro avg": {"precision": 0.037037037037037035, "recall": 0.3333333333333333, "f1-score": 0.06666666666666667, "support": 9}, "weighted avg": {"precision": 0.012345679012345678, "recall": 0.1111111111111111, "f1-score": 0.02222222222222222, "support": 9}}, "acc": 0.1111111119389534, "lang_embeds": [], "lang_embeds_length": 0, "lang_length": 9}}