{"feature_name": "SOVNeg_Order", "feature_id": "144S", "epoch": 0, "train": {"report": {"0": {"precision": 0.7571428571428571, "recall": 0.6162790697674418, "f1-score": 0.6794871794871794, "support": 172}, "1": {"precision": 0.7350993377483444, "recall": 0.6894409937888198, "f1-score": 0.7115384615384615, "support": 161}, "2": {"precision": 0.5428571428571428, "recall": 0.4418604651162791, "f1-score": 0.48717948717948717, "support": 43}, "3": {"precision": 0.5, "recall": 0.4782608695652174, "f1-score": 0.4888888888888889, "support": 23}, "4": {"precision": 0.2857142857142857, "recall": 0.5714285714285714, "f1-score": 0.38095238095238093, "support": 7}, "5": {"precision": 0.4117647058823529, "recall": 0.5, "f1-score": 0.45161290322580644, "support": 14}, "6": {"precision": 0.5, "recall": 0.75, "f1-score": 0.6, "support": 8}, "7": {"precision": 0.1875, "recall": 0.42857142857142855, "f1-score": 0.26086956521739124, "support": 7}, "8": {"precision": 0.18181818181818182, "recall": 0.6666666666666666, "f1-score": 0.28571428571428575, "support": 3}, "9": {"precision": 0.0, "recall": 0.0, "f1-score": 0.0, "support": 0}, "10": {"precision": 0.0, "recall": 0.0, "f1-score": 0.0, "support": 0}, "accuracy": 0.6141552511415526, "macro avg": {"precision": 0.37289968283301494, "recall": 0.46750073317312957, "f1-score": 0.39511301383671654, "support": 438}, "weighted avg": {"precision": 0.6781851195815514, "recall": 0.6141552511415526, "f1-score": 0.6394865906350276, "support": 438}}, "loss": "1.4358708", "lang_embeds": ["des", "nav", "hto", "sll", "hop", "shp", "azb", "qvi", "amn", "kac", "aey", "yon", "auc", "kwi", "tbc", "apw", "cnh", "yaq", "kor", "mcd", "niy", "nmf", "ghs", "xsr", "yuj", "ssd", "gvf", "bqc", "wnu", "huu", "mjw", "cbu", "kyz", "abt", "lhu", "kms", "pbb", "geb", "cui", "snp", "apt", "yrb", "deu", "khk", "urd", "cbr", "tnc", "gym", "naf", "mhx", "apy", "tbo", "kpx", "car", "kup", "tac", "njb", "bzd", "kvn", "cap", "hch", "qvh", "txu", "awb", "lbj", "naq", "sat", "oym", "dgz", "som", "nbc", "gbr", "sja", "mrg", "okv", "mpt", "bvr", "wim", "jpn", "nas", "adi", "aau", "gah", "cbi", "mva", "miq", "pes", "uig", "kmo", "cof", "usa", "pwg", "nab", "kue", "njo", "jiv", "tue", "tur", "wed", "sue", "tbg", "kpw", "trp", "viv", "eus", "ese", "amp", "opm", "agg", "amh", "rkb", "spp", "pao", "tfr", "rwo", "mbc", "snc", "yaa", "gvn", "sbe", "ses", "urb"], "lang_embeds_length": 122, "lang_length": 122}, "dev": {"report": {"0": {"precision": 1.0, "recall": 1.0, "f1-score": 1.0, "support": 3}, "1": {"precision": 1.0, "recall": 1.0, "f1-score": 1.0, "support": 7}, "4": {"precision": 1.0, "recall": 1.0, "f1-score": 1.0, "support": 1}, "8": {"precision": 1.0, "recall": 1.0, "f1-score": 1.0, "support": 1}, "accuracy": 1.0, "macro avg": {"precision": 1.0, "recall": 1.0, "f1-score": 1.0, "support": 12}, "weighted avg": {"precision": 1.0, "recall": 1.0, "f1-score": 1.0, "support": 12}}, "loss": "0.49014127", "lang_embeds": ["gbr", "abt", "kwi", "nmf", "lbj", "okv", "uig", "jiv", "yaa", "sbe", "yrb", "awb"], "lang_embeds_length": 12, "lang_length": 12}, "test": {"report": {"0": {"precision": 0.4, "recall": 0.3333333333333333, "f1-score": 0.3636363636363636, "support": 6}, "1": {"precision": 0.16666666666666666, "recall": 0.3333333333333333, "f1-score": 0.2222222222222222, "support": 3}, "2": {"precision": 0.0, "recall": 0.0, "f1-score": 0.0, "support": 3}, "4": {"precision": 0.0, "recall": 0.0, "f1-score": 0.0, "support": 1}, "6": {"precision": 0.0, "recall": 0.0, "f1-score": 0.0, "support": 0}, "accuracy": 0.23076923076923078, "macro avg": {"precision": 0.11333333333333333, "recall": 0.13333333333333333, "f1-score": 0.11717171717171718, "support": 13}, "weighted avg": {"precision": 0.22307692307692312, "recall": 0.23076923076923078, "f1-score": 0.21911421911421908, "support": 13}}, "acc": 0.23076923191547394, "lang_embeds": ["nld", "hin", "nep", "tyv", "ben", "hye", "mya", "kgp", "lus", "che", "tgk", "ckb", "tam"], "lang_embeds_length": 13, "lang_length": 13}, "test_zs": {"report": {"0": {"precision": 0.0, "recall": 0.0, "f1-score": 0.0, "support": 6}, "1": {"precision": 0.0, "recall": 0.0, "f1-score": 0.0, "support": 3}, "2": {"precision": 0.23076923076923078, "recall": 1.0, "f1-score": 0.375, "support": 3}, "4": {"precision": 0.0, "recall": 0.0, "f1-score": 0.0, "support": 1}, "accuracy": 0.23076923076923078, "macro avg": {"precision": 0.057692307692307696, "recall": 0.25, "f1-score": 0.09375, "support": 13}, "weighted avg": {"precision": 0.05325443786982249, "recall": 0.23076923076923078, "f1-score": 0.08653846153846154, "support": 13}}, "acc": 0.23076923191547394, "lang_embeds": [], "lang_embeds_length": 0, "lang_length": 13}}