{"feature_name": "Verb-Initial_with_Negative_that_is_Immediately_Postverbal_or_between_Subject_and_Object", "feature_id": "144W", "epoch": 0, "train": {"report": {"0": {"precision": 0.9, "recall": 0.8780487804878049, "f1-score": 0.888888888888889, "support": 41}, "1": {"precision": 0.0, "recall": 0.0, "f1-score": 0.0, "support": 2}, "2": {"precision": 0.0, "recall": 0.0, "f1-score": 0.0, "support": 1}, "3": {"precision": 0.0, "recall": 0.0, "f1-score": 0.0, "support": 1}, "4": {"precision": 0.0, "recall": 0.0, "f1-score": 0.0, "support": 0}, "accuracy": 0.8, "macro avg": {"precision": 0.18, "recall": 0.17560975609756097, "f1-score": 0.17777777777777778, "support": 45}, "weighted avg": {"precision": 0.82, "recall": 0.8, "f1-score": 0.8098765432098767, "support": 45}}, "loss": "1.446818", "lang_embeds": [], "lang_embeds_length": 0, "lang_length": 45}, "dev": {"report": {"0": {"precision": 1.0, "recall": 1.0, "f1-score": 1.0, "support": 5}, "accuracy": 1.0, "macro avg": {"precision": 1.0, "recall": 1.0, "f1-score": 1.0, "support": 5}, "weighted avg": {"precision": 1.0, "recall": 1.0, "f1-score": 1.0, "support": 5}}, "loss": "0.00014411364", "lang_embeds": [], "lang_embeds_length": 0, "lang_length": 5}, "test": {"report": {"0": {"precision": 1.0, "recall": 1.0, "f1-score": 1.0, "support": 6}, "accuracy": 1.0, "macro avg": {"precision": 1.0, "recall": 1.0, "f1-score": 1.0, "support": 6}, "weighted avg": {"precision": 1.0, "recall": 1.0, "f1-score": 1.0, "support": 6}}, "acc": 1.0, "lang_embeds": [], "lang_embeds_length": 0, "lang_length": 6}, "test_zs": {"report": {"0": {"precision": 1.0, "recall": 1.0, "f1-score": 1.0, "support": 6}, "accuracy": 1.0, "macro avg": {"precision": 1.0, "recall": 1.0, "f1-score": 1.0, "support": 6}, "weighted avg": {"precision": 1.0, "recall": 1.0, "f1-score": 1.0, "support": 6}}, "acc": 1.0, "lang_embeds": [], "lang_embeds_length": 0, "lang_length": 6}}