{"feature_name": "Numeral_Classifiers", "feature_id": "55A", "epoch": 0, "train": {"report": {"0": {"precision": 0.6736353077816493, "recall": 0.9076682316118936, "f1-score": 0.7733333333333333, "support": 639}, "1": {"precision": 0.19047619047619047, "recall": 0.022222222222222223, "f1-score": 0.03980099502487563, "support": 180}, "2": {"precision": 0.12962962962962962, "recall": 0.05982905982905983, "f1-score": 0.08187134502923976, "support": 117}, "accuracy": 0.6314102564102564, "macro avg": {"precision": 0.33124704262915644, "recall": 0.3299065045543919, "f1-score": 0.2983352244624829, "support": 936}, "weighted avg": {"precision": 0.5127193831462125, "recall": 0.6314102564102564, "f1-score": 0.5458366735821567, "support": 936}}, "loss": "1.0785046", "lang_embeds": [], "lang_embeds_length": 0, "lang_length": 104}, "dev": {"report": {"0": {"precision": 1.0, "recall": 1.0, "f1-score": 1.0, "support": 10}, "accuracy": 1.0, "macro avg": {"precision": 1.0, "recall": 1.0, "f1-score": 1.0, "support": 10}, "weighted avg": {"precision": 1.0, "recall": 1.0, "f1-score": 1.0, "support": 10}}, "loss": "0.61393607", "lang_embeds": [], "lang_embeds_length": 0, "lang_length": 10}, "test": {"report": {"0": {"precision": 0.36363636363636365, "recall": 1.0, "f1-score": 0.5333333333333333, "support": 4}, "1": {"precision": 0.0, "recall": 0.0, "f1-score": 0.0, "support": 1}, "2": {"precision": 0.0, "recall": 0.0, "f1-score": 0.0, "support": 6}, "accuracy": 0.36363636363636365, "macro avg": {"precision": 0.12121212121212122, "recall": 0.3333333333333333, "f1-score": 0.17777777777777778, "support": 11}, "weighted avg": {"precision": 0.1322314049586777, "recall": 0.36363636363636365, "f1-score": 0.19393939393939394, "support": 11}}, "acc": 0.3636363744735718, "lang_embeds": [], "lang_embeds_length": 0, "lang_length": 11}, "test_zs": {"report": {"0": {"precision": 0.36363636363636365, "recall": 1.0, "f1-score": 0.5333333333333333, "support": 4}, "1": {"precision": 0.0, "recall": 0.0, "f1-score": 0.0, "support": 1}, "2": {"precision": 0.0, "recall": 0.0, "f1-score": 0.0, "support": 6}, "accuracy": 0.36363636363636365, "macro avg": {"precision": 0.12121212121212122, "recall": 0.3333333333333333, "f1-score": 0.17777777777777778, "support": 11}, "weighted avg": {"precision": 0.1322314049586777, "recall": 0.36363636363636365, "f1-score": 0.19393939393939394, "support": 11}}, "acc": 0.3636363744735718, "lang_embeds": [], "lang_embeds_length": 0, "lang_length": 11}}