{"feature_name": "Productivity_of_the_Antipassive_Construction", "feature_id": "108B", "epoch": 0, "train": {"report": {"0": {"precision": 0.9389312977099237, "recall": 0.7784810126582279, "f1-score": 0.8512110726643598, "support": 158}, "1": {"precision": 0.16666666666666666, "recall": 0.23076923076923078, "f1-score": 0.1935483870967742, "support": 13}, "2": {"precision": 0.21428571428571427, "recall": 0.5, "f1-score": 0.3, "support": 6}, "3": {"precision": 0.0, "recall": 0.0, "f1-score": 0.0, "support": 0}, "accuracy": 0.7288135593220338, "macro avg": {"precision": 0.3299709196655761, "recall": 0.37731256085686465, "f1-score": 0.3361898649402835, "support": 177}, "weighted avg": {"precision": 0.8576470394946264, "recall": 0.7288135593220338, "f1-score": 0.7842230424476098, "support": 177}}, "loss": "0.8460621", "lang_embeds": ["fra", "arn", "hin", "vie", "mri", "mig", "tur", "wnu", "ote", "ind", "sag", "ell", "ibo", "sue", "shp", "nuy", "kpw", "laj", "naq", "qvi", "mam", "eus", "plt", "aey", "amp", "dgz", "nya", "apu", "kjh", "ewe", "hun", "btx", "mzh", "tzj", "deu", "hau", "tha", "kwi", "hix", "khk", "sja", "fij", "djk", "pma", "fin", "spp", "yad", "spa", "swh", "yor", "zul", "jpn", "pam", "yaq", "bsn", "kor", "mbc", "esu", "pes", "ape", "mya", "rus", "mph", "ses", "pad", "tgl"], "lang_embeds_length": 66, "lang_length": 66}, "dev": {"report": {"0": {"precision": 1.0, "recall": 1.0, "f1-score": 1.0, "support": 6}, "1": {"precision": 1.0, "recall": 1.0, "f1-score": 1.0, "support": 1}, "accuracy": 1.0, "macro avg": {"precision": 1.0, "recall": 1.0, "f1-score": 1.0, "support": 7}, "weighted avg": {"precision": 1.0, "recall": 1.0, "f1-score": 1.0, "support": 7}}, "loss": "0.3293132", "lang_embeds": ["mbc", "nuy", "sja", "mig", "wnu", "mzh", "tzj"], "lang_embeds_length": 7, "lang_length": 7}, "test": {"report": {"0": {"precision": 1.0, "recall": 1.0, "f1-score": 1.0, "support": 6}, "1": {"precision": 1.0, "recall": 1.0, "f1-score": 1.0, "support": 1}, "accuracy": 1.0, "macro avg": {"precision": 1.0, "recall": 1.0, "f1-score": 1.0, "support": 7}, "weighted avg": {"precision": 1.0, "recall": 1.0, "f1-score": 1.0, "support": 7}}, "acc": 1.0, "lang_embeds": ["smo", "hye", "ukr", "gla", "che", "lav", "tam"], "lang_embeds_length": 7, "lang_length": 7}, "test_zs": {"report": {"0": {"precision": 0.0, "recall": 0.0, "f1-score": 0.0, "support": 6}, "1": {"precision": 0.14285714285714285, "recall": 1.0, "f1-score": 0.25, "support": 1}, "accuracy": 0.14285714285714285, "macro avg": {"precision": 0.07142857142857142, "recall": 0.5, "f1-score": 0.125, "support": 7}, "weighted avg": {"precision": 0.02040816326530612, "recall": 0.14285714285714285, "f1-score": 0.03571428571428571, "support": 7}}, "acc": 0.1428571492433548, "lang_embeds": [], "lang_embeds_length": 0, "lang_length": 7}}