{"feature_name": "Other_Roles_of_Applied_Objects", "feature_id": "109B", "epoch": 0, "train": {"report": {"0": {"precision": 0.759493670886076, "recall": 0.5882352941176471, "f1-score": 0.6629834254143646, "support": 102}, "1": {"precision": 0.5, "recall": 0.6551724137931034, "f1-score": 0.5671641791044776, "support": 29}, "2": {"precision": 0.3333333333333333, "recall": 0.4, "f1-score": 0.3636363636363636, "support": 15}, "3": {"precision": 0.36363636363636365, "recall": 0.3333333333333333, "f1-score": 0.34782608695652173, "support": 12}, "4": {"precision": 0.22727272727272727, "recall": 0.5, "f1-score": 0.3125, "support": 10}, "accuracy": 0.5595238095238095, "macro avg": {"precision": 0.43674721902569996, "recall": 0.49534820824881665, "f1-score": 0.4508220110223455, "support": 168}, "weighted avg": {"precision": 0.6166947503972819, "recall": 0.5595238095238095, "f1-score": 0.5763424350257069, "support": 168}}, "loss": "1.2336509", "lang_embeds": ["fra", "hin", "vie", "mri", "mig", "tur", "wnu", "ote", "ind", "sag", "ell", "ibo", "sue", "shp", "nuy", "kpw", "laj", "naq", "nya", "qvi", "eus", "plt", "dgz", "aey", "amp", "apu", "kjh", "ewe", "hun", "mzh", "deu", "hau", "kwi", "khk", "hix", "sja", "fij", "djk", "pma", "fin", "spp", "yad", "spa", "swh", "yor", "cnh", "zul", "jpn", "yaq", "bsn", "kor", "mbc", "esu", "pes", "ape", "tpt", "mya", "rus", "mph", "ses", "urb", "pad", "tgl"], "lang_embeds_length": 63, "lang_length": 63}, "dev": {"report": {"0": {"precision": 1.0, "recall": 1.0, "f1-score": 1.0, "support": 6}, "1": {"precision": 1.0, "recall": 1.0, "f1-score": 1.0, "support": 1}, "accuracy": 1.0, "macro avg": {"precision": 1.0, "recall": 1.0, "f1-score": 1.0, "support": 7}, "weighted avg": {"precision": 1.0, "recall": 1.0, "f1-score": 1.0, "support": 7}}, "loss": "0.57379764", "lang_embeds": ["kwi", "hix", "mig", "ewe", "sag", "sue", "shp"], "lang_embeds_length": 7, "lang_length": 7}, "test": {"report": {"0": {"precision": 1.0, "recall": 0.8571428571428571, "f1-score": 0.923076923076923, "support": 7}, "2": {"precision": 0.0, "recall": 0.0, "f1-score": 0.0, "support": 0}, "accuracy": 0.8571428571428571, "macro avg": {"precision": 0.5, "recall": 0.42857142857142855, "f1-score": 0.4615384615384615, "support": 7}, "weighted avg": {"precision": 1.0, "recall": 0.8571428571428571, "f1-score": 0.923076923076923, "support": 7}}, "acc": 0.8571428656578064, "lang_embeds": ["tha", "arn", "hye", "ukr", "gla", "lav", "tam"], "lang_embeds_length": 7, "lang_length": 7}, "test_zs": {"report": {"0": {"precision": 0.0, "recall": 0.0, "f1-score": 0.0, "support": 7.0}, "4": {"precision": 0.0, "recall": 0.0, "f1-score": 0.0, "support": 0.0}, "accuracy": 0.0, "macro avg": {"precision": 0.0, "recall": 0.0, "f1-score": 0.0, "support": 7.0}, "weighted avg": {"precision": 0.0, "recall": 0.0, "f1-score": 0.0, "support": 7.0}}, "acc": 0.0, "lang_embeds": [], "lang_embeds_length": 0, "lang_length": 7}}