{"feature_name": "Number_of_Non-Derived_Basic_Colour_Categories", "feature_id": "132A", "epoch": 0, "train": {"report": {"0": {"precision": 0.0, "recall": 0.0, "f1-score": 0.0, "support": 0}, "1": {"precision": 0.0, "recall": 0.0, "f1-score": 0.0, "support": 0}, "2": {"precision": 0.0, "recall": 0.0, "f1-score": 0.0, "support": 0}, "3": {"precision": 0.0, "recall": 0.0, "f1-score": 0.0, "support": 9}, "4": {"precision": 0.18181818181818182, "recall": 0.11764705882352941, "f1-score": 0.14285714285714285, "support": 17}, "5": {"precision": 0.5862068965517241, "recall": 0.7798165137614679, "f1-score": 0.6692913385826771, "support": 109}, "6": {"precision": 0.375, "recall": 0.125, "f1-score": 0.1875, "support": 48}, "accuracy": 0.5081967213114754, "macro avg": {"precision": 0.16328929690998656, "recall": 0.1460662246549996, "f1-score": 0.14280692591997426, "support": 183}, "weighted avg": {"precision": 0.4644123541805848, "recall": 0.5081967213114754, "f1-score": 0.46110014936657506, "support": 183}}, "loss": "2.1242526", "lang_embeds": [], "lang_embeds_length": 0, "lang_length": 68}, "dev": {"report": {"5": {"precision": 0.8571428571428571, "recall": 1.0, "f1-score": 0.923076923076923, "support": 6}, "6": {"precision": 0.0, "recall": 0.0, "f1-score": 0.0, "support": 1}, "accuracy": 0.8571428571428571, "macro avg": {"precision": 0.42857142857142855, "recall": 0.5, "f1-score": 0.4615384615384615, "support": 7}, "weighted avg": {"precision": 0.7346938775510203, "recall": 0.8571428571428571, "f1-score": 0.7912087912087912, "support": 7}}, "loss": "0.87070686", "lang_embeds": [], "lang_embeds_length": 0, "lang_length": 7}, "test": {"report": {"5": {"precision": 0.14285714285714285, "recall": 1.0, "f1-score": 0.25, "support": 1}, "6": {"precision": 0.0, "recall": 0.0, "f1-score": 0.0, "support": 6}, "accuracy": 0.14285714285714285, "macro avg": {"precision": 0.07142857142857142, "recall": 0.5, "f1-score": 0.125, "support": 7}, "weighted avg": {"precision": 0.02040816326530612, "recall": 0.14285714285714285, "f1-score": 0.03571428571428571, "support": 7}}, "acc": 0.1428571492433548, "lang_embeds": [], "lang_embeds_length": 0, "lang_length": 7}, "test_zs": {"report": {"5": {"precision": 0.14285714285714285, "recall": 1.0, "f1-score": 0.25, "support": 1}, "6": {"precision": 0.0, "recall": 0.0, "f1-score": 0.0, "support": 6}, "accuracy": 0.14285714285714285, "macro avg": {"precision": 0.07142857142857142, "recall": 0.5, "f1-score": 0.125, "support": 7}, "weighted avg": {"precision": 0.02040816326530612, "recall": 0.14285714285714285, "f1-score": 0.03571428571428571, "support": 7}}, "acc": 0.1428571492433548, "lang_embeds": [], "lang_embeds_length": 0, "lang_length": 7}}