{"feature_name": "Definite_Articles", "feature_id": "37A", "epoch": 0, "train": {"report": {"0": {"precision": 0.33943427620632277, "recall": 0.4563758389261745, "f1-score": 0.3893129770992367, "support": 447}, "1": {"precision": 0.35947712418300654, "recall": 0.48034934497816595, "f1-score": 0.411214953271028, "support": 458}, "2": {"precision": 0.08333333333333333, "recall": 0.0136986301369863, "f1-score": 0.023529411764705882, "support": 146}, "3": {"precision": 0.09090909090909091, "recall": 0.037383177570093455, "f1-score": 0.05298013245033112, "support": 107}, "4": {"precision": 0.13333333333333333, "recall": 0.014492753623188406, "f1-score": 0.0261437908496732, "support": 138}, "accuracy": 0.3333333333333333, "macro avg": {"precision": 0.20129743159301738, "recall": 0.20045994904692174, "f1-score": 0.180636253086995, "support": 1296}, "weighted avg": {"precision": 0.2752018393009126, "recall": 0.3333333333333333, "f1-score": 0.2894069141887169, "support": 1296}}, "loss": "1.8960025", "lang_embeds": [], "lang_embeds_length": 0, "lang_length": 180}, "dev": {"report": {"0": {"precision": 0.5, "recall": 1.0, "f1-score": 0.6666666666666666, "support": 9}, "1": {"precision": 0.0, "recall": 0.0, "f1-score": 0.0, "support": 6}, "3": {"precision": 0.0, "recall": 0.0, "f1-score": 0.0, "support": 1}, "4": {"precision": 0.0, "recall": 0.0, "f1-score": 0.0, "support": 2}, "accuracy": 0.5, "macro avg": {"precision": 0.125, "recall": 0.25, "f1-score": 0.16666666666666666, "support": 18}, "weighted avg": {"precision": 0.25, "recall": 0.5, "f1-score": 0.3333333333333333, "support": 18}}, "loss": "1.4772818", "lang_embeds": [], "lang_embeds_length": 0, "lang_length": 18}, "test": {"report": {"0": {"precision": 0.5, "recall": 1.0, "f1-score": 0.6666666666666666, "support": 9}, "1": {"precision": 0.0, "recall": 0.0, "f1-score": 0.0, "support": 6}, "2": {"precision": 0.0, "recall": 0.0, "f1-score": 0.0, "support": 2}, "4": {"precision": 0.0, "recall": 0.0, "f1-score": 0.0, "support": 1}, "accuracy": 0.5, "macro avg": {"precision": 0.125, "recall": 0.25, "f1-score": 0.16666666666666666, "support": 18}, "weighted avg": {"precision": 0.25, "recall": 0.5, "f1-score": 0.3333333333333333, "support": 18}}, "acc": 0.5, "lang_embeds": [], "lang_embeds_length": 0, "lang_length": 18}, "test_zs": {"report": {"0": {"precision": 0.5, "recall": 1.0, "f1-score": 0.6666666666666666, "support": 9}, "1": {"precision": 0.0, "recall": 0.0, "f1-score": 0.0, "support": 6}, "2": {"precision": 0.0, "recall": 0.0, "f1-score": 0.0, "support": 2}, "4": {"precision": 0.0, "recall": 0.0, "f1-score": 0.0, "support": 1}, "accuracy": 0.5, "macro avg": {"precision": 0.125, "recall": 0.25, "f1-score": 0.16666666666666666, "support": 18}, "weighted avg": {"precision": 0.25, "recall": 0.5, "f1-score": 0.3333333333333333, "support": 18}}, "acc": 0.5, "lang_embeds": [], "lang_embeds_length": 0, "lang_length": 18}}