{"feature_name": "Politeness_Distinctions_in_Pronouns", "feature_id": "45A", "epoch": 0, "train": {"report": {"0": {"precision": 0.5829596412556054, "recall": 0.6735751295336787, "f1-score": 0.6249999999999999, "support": 193}, "1": {"precision": 0.2781954887218045, "recall": 0.2740740740740741, "f1-score": 0.27611940298507465, "support": 135}, "2": {"precision": 0.0, "recall": 0.0, "f1-score": 0.0, "support": 45}, "3": {"precision": 0.020833333333333332, "recall": 0.024390243902439025, "f1-score": 0.022471910112359546, "support": 41}, "accuracy": 0.4057971014492754, "macro avg": {"precision": 0.2204971158276858, "recall": 0.24300986187754797, "f1-score": 0.2308978282743585, "support": 414}, "weighted avg": {"precision": 0.3645453343150776, "recall": 0.4057971014492754, "f1-score": 0.3836291490763087, "support": 414}}, "loss": "1.7660135", "lang_embeds": [], "lang_embeds_length": 0, "lang_length": 77}, "dev": {"report": {"0": {"precision": 0.0, "recall": 0.0, "f1-score": 0.0, "support": 1}, "1": {"precision": 0.75, "recall": 1.0, "f1-score": 0.8571428571428571, "support": 6}, "2": {"precision": 0.0, "recall": 0.0, "f1-score": 0.0, "support": 1}, "accuracy": 0.75, "macro avg": {"precision": 0.25, "recall": 0.3333333333333333, "f1-score": 0.2857142857142857, "support": 8}, "weighted avg": {"precision": 0.5625, "recall": 0.75, "f1-score": 0.6428571428571428, "support": 8}}, "loss": "0.9737077", "lang_embeds": [], "lang_embeds_length": 0, "lang_length": 8}, "test": {"report": {"0": {"precision": 0.0, "recall": 0.0, "f1-score": 0.0, "support": 1}, "1": {"precision": 0.7777777777777778, "recall": 1.0, "f1-score": 0.8750000000000001, "support": 7}, "2": {"precision": 0.0, "recall": 0.0, "f1-score": 0.0, "support": 1}, "accuracy": 0.7777777777777778, "macro avg": {"precision": 0.25925925925925924, "recall": 0.3333333333333333, "f1-score": 0.2916666666666667, "support": 9}, "weighted avg": {"precision": 0.6049382716049383, "recall": 0.7777777777777778, "f1-score": 0.6805555555555557, "support": 9}}, "acc": 0.7777777910232544, "lang_embeds": [], "lang_embeds_length": 0, "lang_length": 9}, "test_zs": {"report": {"0": {"precision": 0.0, "recall": 0.0, "f1-score": 0.0, "support": 1}, "1": {"precision": 0.7777777777777778, "recall": 1.0, "f1-score": 0.8750000000000001, "support": 7}, "2": {"precision": 0.0, "recall": 0.0, "f1-score": 0.0, "support": 1}, "accuracy": 0.7777777777777778, "macro avg": {"precision": 0.25925925925925924, "recall": 0.3333333333333333, "f1-score": 0.2916666666666667, "support": 9}, "weighted avg": {"precision": 0.6049382716049383, "recall": 0.7777777777777778, "f1-score": 0.6805555555555557, "support": 9}}, "acc": 0.7777777910232544, "lang_embeds": [], "lang_embeds_length": 0, "lang_length": 9}}