{"feature_name": "Polar_Questions", "feature_id": "116A", "epoch": 0, "train": {"report": {"0": {"precision": 0.6325301204819277, "recall": 0.6907894736842105, "f1-score": 0.660377358490566, "support": 152}, "1": {"precision": 0.19230769230769232, "recall": 0.13157894736842105, "f1-score": 0.15625, "support": 38}, "2": {"precision": 0.14285714285714285, "recall": 0.13157894736842105, "f1-score": 0.136986301369863, "support": 38}, "3": {"precision": 0.0, "recall": 0.0, "f1-score": 0.0, "support": 4}, "4": {"precision": 0.0, "recall": 0.0, "f1-score": 0.0, "support": 5}, "6": {"precision": 0.0, "recall": 0.0, "f1-score": 0.0, "support": 1}, "accuracy": 0.4831932773109244, "macro avg": {"precision": 0.16128249260779381, "recall": 0.15899122807017543, "f1-score": 0.15893560997673817, "support": 238}, "weighted avg": {"precision": 0.4574825296198183, "recall": 0.4831932773109244, "f1-score": 0.46857284849840686, "support": 238}}, "loss": "2.3610969", "lang_embeds": [], "lang_embeds_length": 0, "lang_length": 238}, "dev": {"report": {"0": {"precision": 0.7407407407407407, "recall": 1.0, "f1-score": 0.851063829787234, "support": 20}, "1": {"precision": 0.0, "recall": 0.0, "f1-score": 0.0, "support": 3}, "2": {"precision": 0.0, "recall": 0.0, "f1-score": 0.0, "support": 4}, "accuracy": 0.7407407407407407, "macro avg": {"precision": 0.24691358024691357, "recall": 0.3333333333333333, "f1-score": 0.28368794326241137, "support": 27}, "weighted avg": {"precision": 0.5486968449931412, "recall": 0.7407407407407407, "f1-score": 0.6304176516942475, "support": 27}}, "loss": "0.8224861", "lang_embeds": [], "lang_embeds_length": 0, "lang_length": 27}, "test": {"report": {"0": {"precision": 0.6666666666666666, "recall": 1.0, "f1-score": 0.8, "support": 18}, "1": {"precision": 0.0, "recall": 0.0, "f1-score": 0.0, "support": 4}, "2": {"precision": 0.0, "recall": 0.0, "f1-score": 0.0, "support": 2}, "4": {"precision": 0.0, "recall": 0.0, "f1-score": 0.0, "support": 3}, "accuracy": 0.6666666666666666, "macro avg": {"precision": 0.16666666666666666, "recall": 0.25, "f1-score": 0.2, "support": 27}, "weighted avg": {"precision": 0.4444444444444444, "recall": 0.6666666666666666, "f1-score": 0.5333333333333333, "support": 27}}, "acc": 0.6666666865348816, "lang_embeds": [], "lang_embeds_length": 0, "lang_length": 27}, "test_zs": {"report": {"0": {"precision": 0.6666666666666666, "recall": 1.0, "f1-score": 0.8, "support": 18}, "1": {"precision": 0.0, "recall": 0.0, "f1-score": 0.0, "support": 4}, "2": {"precision": 0.0, "recall": 0.0, "f1-score": 0.0, "support": 2}, "4": {"precision": 0.0, "recall": 0.0, "f1-score": 0.0, "support": 3}, "accuracy": 0.6666666666666666, "macro avg": {"precision": 0.16666666666666666, "recall": 0.25, "f1-score": 0.2, "support": 27}, "weighted avg": {"precision": 0.4444444444444444, "recall": 0.6666666666666666, "f1-score": 0.5333333333333333, "support": 27}}, "acc": 0.6666666865348816, "lang_embeds": [], "lang_embeds_length": 0, "lang_length": 27}}