{"feature_name": "Position_of_Pronominal_Possessive_Affixes", "feature_id": "57A", "epoch": 0, "train": {"report": {"0": {"precision": 0.2784615384615385, "recall": 0.2909967845659164, "f1-score": 0.2845911949685535, "support": 622}, "1": {"precision": 0.31762917933130697, "recall": 0.33818770226537215, "f1-score": 0.3275862068965517, "support": 618}, "2": {"precision": 0.2231833910034602, "recall": 0.23118279569892472, "f1-score": 0.22711267605633803, "support": 558}, "3": {"precision": 0.1111111111111111, "recall": 0.010309278350515464, "f1-score": 0.018867924528301883, "support": 97}, "accuracy": 0.27440633245382584, "macro avg": {"precision": 0.23259630497685418, "recall": 0.2176691402201822, "f1-score": 0.21453950061243626, "support": 1895}, "weighted avg": {"precision": 0.2663915671279859, "recall": 0.27440633245382584, "f1-score": 0.26808604804812197, "support": 1895}}, "loss": "1.5790979", "lang_embeds": [], "lang_embeds_length": 0, "lang_length": 234}, "dev": {"report": {"0": {"precision": 0.0, "recall": 0.0, "f1-score": 0.0, "support": 9}, "1": {"precision": 0.6086956521739131, "recall": 1.0, "f1-score": 0.7567567567567568, "support": 14}, "accuracy": 0.6086956521739131, "macro avg": {"precision": 0.30434782608695654, "recall": 0.5, "f1-score": 0.3783783783783784, "support": 23}, "weighted avg": {"precision": 0.37051039697542537, "recall": 0.6086956521739131, "f1-score": 0.4606345475910693, "support": 23}}, "loss": "1.1071883", "lang_embeds": [], "lang_embeds_length": 0, "lang_length": 23}, "test": {"report": {"0": {"precision": 0.0, "recall": 0.0, "f1-score": 0.0, "support": 6}, "1": {"precision": 0.75, "recall": 1.0, "f1-score": 0.8571428571428571, "support": 18}, "accuracy": 0.75, "macro avg": {"precision": 0.375, "recall": 0.5, "f1-score": 0.42857142857142855, "support": 24}, "weighted avg": {"precision": 0.5625, "recall": 0.75, "f1-score": 0.6428571428571428, "support": 24}}, "acc": 0.75, "lang_embeds": [], "lang_embeds_length": 0, "lang_length": 24}, "test_zs": {"report": {"0": {"precision": 0.0, "recall": 0.0, "f1-score": 0.0, "support": 6}, "1": {"precision": 0.75, "recall": 1.0, "f1-score": 0.8571428571428571, "support": 18}, "accuracy": 0.75, "macro avg": {"precision": 0.375, "recall": 0.5, "f1-score": 0.42857142857142855, "support": 24}, "weighted avg": {"precision": 0.5625, "recall": 0.75, "f1-score": 0.6428571428571428, "support": 24}}, "acc": 0.75, "lang_embeds": [], "lang_embeds_length": 0, "lang_length": 24}}