{"feature_name": "Order_of_Person_Markers_on_the_Verb", "feature_id": "104A", "epoch": 0, "train": {"report": {"0": {"precision": 0.7191780821917808, "recall": 0.6481481481481481, "f1-score": 0.6818181818181818, "support": 162}, "1": {"precision": 0.5692307692307692, "recall": 0.5138888888888888, "f1-score": 0.5401459854014599, "support": 72}, "2": {"precision": 0.4897959183673469, "recall": 0.4528301886792453, "f1-score": 0.47058823529411764, "support": 53}, "3": {"precision": 0.14285714285714285, "recall": 0.25, "f1-score": 0.18181818181818182, "support": 12}, "4": {"precision": 0.045454545454545456, "recall": 0.25, "f1-score": 0.07692307692307693, "support": 4}, "accuracy": 0.5610561056105611, "macro avg": {"precision": 0.393303291620317, "recall": 0.42297344514325647, "f1-score": 0.3902587322510036, "support": 303}, "weighted avg": {"precision": 0.6117054530338522, "recall": 0.5610561056105611, "f1-score": 0.5834182949292056, "support": 303}}, "loss": "1.2166232", "lang_embeds": ["nav", "cav", "ntp", "trc", "ind", "sll", "snf", "kaq", "sag", "ell", "ibo", "spl", "shp", "nak", "tcs", "qvi", "plt", "fub", "aey", "apu", "auc", "dow", "kwi", "hix", "fij", "lif", "yad", "yor", "jic", "yaq", "kor", "niy", "ape", "mya", "rus", "pad", "plu", "tgl", "vie", "mri", "wnu", "ote", "poe", "cub", "nuy", "lhu", "tsz", "adz", "yle", "deu", "zab", "khk", "ame", "cle", "tnc", "spa", "crh", "pam", "gym", "bsn", "tbo", "mbj", "mph", "yss", "car", "crn", "fra", "bzd", "mig", "avt", "mfe", "lbj", "cao", "naq", "dgz", "ewe", "hun", "mzh", "hau", "sja", "pma", "fin", "swh", "jpn", "nas", "miq", "pes", "btx", "hin", "nab", "tur", "sue", "nhg", "laj", "kpw", "eus", "amp", "tzj", "yva", "amh", "xuo", "djk", "spp", "srm", "tfr", "zul", "mbc", "esu", "khm", "ndo", "myb", "ses", "urb"], "lang_embeds_length": 113, "lang_length": 113}, "dev": {"report": {"0": {"precision": 1.0, "recall": 1.0, "f1-score": 1.0, "support": 5}, "1": {"precision": 1.0, "recall": 1.0, "f1-score": 1.0, "support": 3}, "2": {"precision": 1.0, "recall": 1.0, "f1-score": 1.0, "support": 3}, "4": {"precision": 1.0, "recall": 1.0, "f1-score": 1.0, "support": 1}, "accuracy": 1.0, "macro avg": {"precision": 1.0, "recall": 1.0, "f1-score": 1.0, "support": 12}, "weighted avg": {"precision": 1.0, "recall": 1.0, "f1-score": 1.0, "support": 12}}, "loss": "0.6067125", "lang_embeds": ["poe", "tsz", "miq", "lif", "aey", "amp", "ewe", "jic", "tfr", "sue", "bsn", "shp"], "lang_embeds_length": 12, "lang_length": 12}, "test": {"report": {"0": {"precision": 0.8, "recall": 0.8888888888888888, "f1-score": 0.8421052631578948, "support": 9}, "1": {"precision": 0.0, "recall": 0.0, "f1-score": 0.0, "support": 3}, "2": {"precision": 0.0, "recall": 0.0, "f1-score": 0.0, "support": 0}, "accuracy": 0.6666666666666666, "macro avg": {"precision": 0.26666666666666666, "recall": 0.2962962962962963, "f1-score": 0.28070175438596495, "support": 12}, "weighted avg": {"precision": 0.6, "recall": 0.6666666666666666, "f1-score": 0.6315789473684211, "support": 12}}, "acc": 0.6666666865348816, "lang_embeds": ["tha", "arn", "nld", "smo", "hye", "pol", "lus", "ita", "lav", "cym", "ckb", "gle"], "lang_embeds_length": 12, "lang_length": 12}, "test_zs": {"report": {"0": {"precision": 0.0, "recall": 0.0, "f1-score": 0.0, "support": 9.0}, "1": {"precision": 0.0, "recall": 0.0, "f1-score": 0.0, "support": 3.0}, "4": {"precision": 0.0, "recall": 0.0, "f1-score": 0.0, "support": 0.0}, "accuracy": 0.0, "macro avg": {"precision": 0.0, "recall": 0.0, "f1-score": 0.0, "support": 12.0}, "weighted avg": {"precision": 0.0, "recall": 0.0, "f1-score": 0.0, "support": 12.0}}, "acc": 0.0, "lang_embeds": [], "lang_embeds_length": 0, "lang_length": 12}}