{"feature_name": "Alignment_of_Verbal_Person_Marking", "feature_id": "100A", "epoch": 0, "train": {"report": {"0": {"precision": 0.8346153846153846, "recall": 0.775, "f1-score": 0.8037037037037037, "support": 280}, "1": {"precision": 0.7478260869565218, "recall": 0.6564885496183206, "f1-score": 0.6991869918699186, "support": 131}, "2": {"precision": 0.6, "recall": 0.6666666666666666, "f1-score": 0.631578947368421, "support": 27}, "3": {"precision": 0.5135135135135135, "recall": 0.8260869565217391, "f1-score": 0.6333333333333333, "support": 23}, "4": {"precision": 0.5348837209302325, "recall": 0.6216216216216216, "f1-score": 0.575, "support": 37}, "5": {"precision": 0.23076923076923078, "recall": 0.46153846153846156, "f1-score": 0.30769230769230776, "support": 13}, "accuracy": 0.7221135029354208, "macro avg": {"precision": 0.5769346561308138, "recall": 0.6679003759944683, "f1-score": 0.6084158806612808, "support": 511}, "weighted avg": {"precision": 0.7484521204869696, "recall": 0.7221135029354208, "f1-score": 0.7309683585471827, "support": 511}}, "loss": "0.9693385", "lang_embeds": ["nav", "cav", "ntp", "trc", "ind", "sll", "snf", "kaq", "sag", "ell", "ibo", "spl", "shp", "nak", "tcs", "qvi", "plt", "fub", "aey", "apu", "auc", "dow", "kwi", "hix", "fij", "lif", "yad", "yor", "jic", "yaq", "kor", "niy", "ape", "mya", "rus", "pad", "plu", "tgl", "vie", "mri", "wnu", "ote", "cbu", "poe", "cub", "nuy", "lhu", "tsz", "adz", "yle", "deu", "zab", "khk", "ame", "cle", "tnc", "spa", "crh", "pam", "gym", "bsn", "tbo", "mbj", "mph", "yss", "car", "crn", "fra", "bzd", "mig", "avt", "mfe", "lbj", "cao", "naq", "dgz", "ewe", "hun", "mzh", "hau", "sja", "pma", "fin", "swh", "jpn", "nas", "miq", "pes", "btx", "hin", "nab", "tur", "sue", "nhg", "laj", "kpw", "eus", "amp", "tzj", "yva", "amh", "xuo", "djk", "spp", "srm", "tfr", "zul", "mbc", "esu", "khm", "ndo", "myb", "ses", "urb"], "lang_embeds_length": 114, "lang_length": 114}, "dev": {"report": {"0": {"precision": 1.0, "recall": 1.0, "f1-score": 1.0, "support": 7}, "1": {"precision": 1.0, "recall": 1.0, "f1-score": 1.0, "support": 3}, "4": {"precision": 1.0, "recall": 1.0, "f1-score": 1.0, "support": 1}, "accuracy": 1.0, "macro avg": {"precision": 1.0, "recall": 1.0, "f1-score": 1.0, "support": 11}, "weighted avg": {"precision": 1.0, "recall": 1.0, "f1-score": 1.0, "support": 11}}, "loss": "0.39353636", "lang_embeds": ["amh", "lbj", "khk", "mbc", "ntp", "ibo", "tnc", "pes", "snf", "cbu", "nak"], "lang_embeds_length": 11, "lang_length": 11}, "test": {"report": {"0": {"precision": 0.8, "recall": 1.0, "f1-score": 0.888888888888889, "support": 8}, "1": {"precision": 0.5, "recall": 0.5, "f1-score": 0.5, "support": 2}, "2": {"precision": 0.0, "recall": 0.0, "f1-score": 0.0, "support": 1}, "5": {"precision": 0.0, "recall": 0.0, "f1-score": 0.0, "support": 1}, "accuracy": 0.75, "macro avg": {"precision": 0.325, "recall": 0.375, "f1-score": 0.3472222222222222, "support": 12}, "weighted avg": {"precision": 0.6166666666666667, "recall": 0.75, "f1-score": 0.6759259259259259, "support": 12}}, "acc": 0.75, "lang_embeds": ["tha", "arn", "nld", "smo", "hye", "pol", "lus", "ita", "lav", "cym", "ckb", "gle"], "lang_embeds_length": 12, "lang_length": 12}, "test_zs": {"report": {"0": {"precision": 0.6666666666666666, "recall": 1.0, "f1-score": 0.8, "support": 8}, "1": {"precision": 0.0, "recall": 0.0, "f1-score": 0.0, "support": 2}, "2": {"precision": 0.0, "recall": 0.0, "f1-score": 0.0, "support": 1}, "5": {"precision": 0.0, "recall": 0.0, "f1-score": 0.0, "support": 1}, "accuracy": 0.6666666666666666, "macro avg": {"precision": 0.16666666666666666, "recall": 0.25, "f1-score": 0.2, "support": 12}, "weighted avg": {"precision": 0.4444444444444444, "recall": 0.6666666666666666, "f1-score": 0.5333333333333333, "support": 12}}, "acc": 0.6666666865348816, "lang_embeds": [], "lang_embeds_length": 0, "lang_length": 12}}