{"feature_name": "Expression_of_Pronominal_Subjects", "feature_id": "101A", "epoch": 0, "train": {"report": {"0": {"precision": 0.5882352941176471, "recall": 0.746268656716418, "f1-score": 0.6578947368421053, "support": 201}, "1": {"precision": 0.0, "recall": 0.0, "f1-score": 0.0, "support": 49}, "2": {"precision": 0.07142857142857142, "recall": 0.03333333333333333, "f1-score": 0.045454545454545456, "support": 30}, "3": {"precision": 0.03571428571428571, "recall": 0.03125, "f1-score": 0.03333333333333333, "support": 32}, "4": {"precision": 0.14285714285714285, "recall": 0.1, "f1-score": 0.11764705882352941, "support": 20}, "5": {"precision": 0.0, "recall": 0.0, "f1-score": 0.0, "support": 10}, "accuracy": 0.4502923976608187, "macro avg": {"precision": 0.13970588235294115, "recall": 0.15180866500829188, "f1-score": 0.14238827907558557, "support": 342}, "weighted avg": {"precision": 0.36367880485527543, "recall": 0.4502923976608187, "f1-score": 0.40064352722817775, "support": 342}}, "loss": "2.5172262", "lang_embeds": [], "lang_embeds_length": 0, "lang_length": 190}, "dev": {"report": {"0": {"precision": 0.7894736842105263, "recall": 1.0, "f1-score": 0.8823529411764706, "support": 15}, "1": {"precision": 0.0, "recall": 0.0, "f1-score": 0.0, "support": 2}, "2": {"precision": 0.0, "recall": 0.0, "f1-score": 0.0, "support": 1}, "4": {"precision": 0.0, "recall": 0.0, "f1-score": 0.0, "support": 1}, "accuracy": 0.7894736842105263, "macro avg": {"precision": 0.19736842105263158, "recall": 0.25, "f1-score": 0.22058823529411764, "support": 19}, "weighted avg": {"precision": 0.6232686980609419, "recall": 0.7894736842105263, "f1-score": 0.696594427244582, "support": 19}}, "loss": "0.7973008", "lang_embeds": [], "lang_embeds_length": 0, "lang_length": 19}, "test": {"report": {"0": {"precision": 0.631578947368421, "recall": 1.0, "f1-score": 0.7741935483870968, "support": 12}, "1": {"precision": 0.0, "recall": 0.0, "f1-score": 0.0, "support": 4}, "2": {"precision": 0.0, "recall": 0.0, "f1-score": 0.0, "support": 1}, "3": {"precision": 0.0, "recall": 0.0, "f1-score": 0.0, "support": 1}, "5": {"precision": 0.0, "recall": 0.0, "f1-score": 0.0, "support": 1}, "accuracy": 0.631578947368421, "macro avg": {"precision": 0.12631578947368421, "recall": 0.2, "f1-score": 0.15483870967741936, "support": 19}, "weighted avg": {"precision": 0.39889196675900274, "recall": 0.631578947368421, "f1-score": 0.4889643463497453, "support": 19}}, "acc": 0.6315789222717285, "lang_embeds": [], "lang_embeds_length": 0, "lang_length": 19}, "test_zs": {"report": {"0": {"precision": 0.631578947368421, "recall": 1.0, "f1-score": 0.7741935483870968, "support": 12}, "1": {"precision": 0.0, "recall": 0.0, "f1-score": 0.0, "support": 4}, "2": {"precision": 0.0, "recall": 0.0, "f1-score": 0.0, "support": 1}, "3": {"precision": 0.0, "recall": 0.0, "f1-score": 0.0, "support": 1}, "5": {"precision": 0.0, "recall": 0.0, "f1-score": 0.0, "support": 1}, "accuracy": 0.631578947368421, "macro avg": {"precision": 0.12631578947368421, "recall": 0.2, "f1-score": 0.15483870967741936, "support": 19}, "weighted avg": {"precision": 0.39889196675900274, "recall": 0.631578947368421, "f1-score": 0.4889643463497453, "support": 19}}, "acc": 0.6315789222717285, "lang_embeds": [], "lang_embeds_length": 0, "lang_length": 19}}