{"feature_name": "Languages_with_two_Dominant_Orders_of_Subject,_Object,_and_Verb", "feature_id": "81B", "epoch": 0, "train": {"report": {"0": {"precision": 0.3333333333333333, "recall": 0.6756756756756757, "f1-score": 0.4464285714285714, "support": 37}, "1": {"precision": 0.18181818181818182, "recall": 0.08, "f1-score": 0.1111111111111111, "support": 25}, "2": {"precision": 0.0, "recall": 0.0, "f1-score": 0.0, "support": 6}, "3": {"precision": 0.0, "recall": 0.0, "f1-score": 0.0, "support": 18}, "4": {"precision": 0.0, "recall": 0.0, "f1-score": 0.0, "support": 13}, "accuracy": 0.2727272727272727, "macro avg": {"precision": 0.10303030303030303, "recall": 0.15113513513513513, "f1-score": 0.11150793650793651, "support": 99}, "weighted avg": {"precision": 0.17049280685644322, "recall": 0.2727272727272727, "f1-score": 0.19490540323873656, "support": 99}}, "loss": "2.795565", "lang_embeds": [], "lang_embeds_length": 0, "lang_length": 16}, "dev": {"report": {"0": {"precision": 1.0, "recall": 1.0, "f1-score": 1.0, "support": 1}, "accuracy": 1.0, "macro avg": {"precision": 1.0, "recall": 1.0, "f1-score": 1.0, "support": 1}, "weighted avg": {"precision": 1.0, "recall": 1.0, "f1-score": 1.0, "support": 1}}, "loss": "0.9772448", "lang_embeds": [], "lang_embeds_length": 0, "lang_length": 1}, "test": {"report": {"0": {"precision": 0.0, "recall": 0.0, "f1-score": 0.0, "support": 0.0}, "2": {"precision": 0.0, "recall": 0.0, "f1-score": 0.0, "support": 2.0}, "accuracy": 0.0, "macro avg": {"precision": 0.0, "recall": 0.0, "f1-score": 0.0, "support": 2.0}, "weighted avg": {"precision": 0.0, "recall": 0.0, "f1-score": 0.0, "support": 2.0}}, "acc": 0.0, "lang_embeds": [], "lang_embeds_length": 0, "lang_length": 2}, "test_zs": {"report": {"0": {"precision": 0.0, "recall": 0.0, "f1-score": 0.0, "support": 0.0}, "2": {"precision": 0.0, "recall": 0.0, "f1-score": 0.0, "support": 2.0}, "accuracy": 0.0, "macro avg": {"precision": 0.0, "recall": 0.0, "f1-score": 0.0, "support": 2.0}, "weighted avg": {"precision": 0.0, "recall": 0.0, "f1-score": 0.0, "support": 2.0}}, "acc": 0.0, "lang_embeds": [], "lang_embeds_length": 0, "lang_length": 2}}