{"feature_name": "SNegOV_Order", "feature_id": "144Q", "epoch": 0, "train": {"report": {"0": {"precision": 0.8695652173913043, "recall": 0.591715976331361, "f1-score": 0.7042253521126761, "support": 169}, "1": {"precision": 0.07142857142857142, "recall": 0.16666666666666666, "f1-score": 0.1, "support": 12}, "2": {"precision": 0.08, "recall": 0.2857142857142857, "f1-score": 0.125, "support": 7}, "3": {"precision": 0.0, "recall": 0.0, "f1-score": 0.0, "support": 2}, "accuracy": 0.5473684210526316, "macro avg": {"precision": 0.2552484472049689, "recall": 0.26102423217807835, "f1-score": 0.23230633802816902, "support": 190}, "weighted avg": {"precision": 0.7809140241909122, "recall": 0.5473684210526316, "f1-score": 0.6373109710896961, "support": 190}}, "loss": "1.1071134", "lang_embeds": ["des", "nav", "hto", "sll", "hop", "shp", "azb", "qvi", "aey", "yon", "auc", "kwi", "tbc", "apw", "cnh", "yaq", "kor", "mcd", "niy", "nmf", "xsr", "mya", "yuj", "ssd", "gvf", "bqc", "wnu", "huu", "mjw", "cbu", "kyz", "lhu", "kms", "pbb", "geb", "cui", "snp", "apt", "yrb", "deu", "khk", "urd", "cbr", "tnc", "naf", "mhx", "apy", "kpx", "car", "kup", "njb", "kvn", "cap", "hch", "txu", "awb", "lbj", "naq", "sat", "oym", "dgz", "som", "nbc", "gbr", "sja", "mrg", "mpt", "jpn", "nas", "adi", "aau", "gah", "cbi", "mva", "pes", "miq", "uig", "cof", "usa", "hin", "pwg", "kue", "nab", "njo", "tue", "jiv", "tur", "tbg", "kpw", "trp", "viv", "eus", "ese", "amp", "opm", "agg", "amh", "spp", "pao", "tfr", "mbc", "snc", "yaa", "sbe", "ses", "urb"], "lang_embeds_length": 106, "lang_length": 106}, "dev": {"report": {"0": {"precision": 1.0, "recall": 1.0, "f1-score": 1.0, "support": 11}, "accuracy": 1.0, "macro avg": {"precision": 1.0, "recall": 1.0, "f1-score": 1.0, "support": 11}, "weighted avg": {"precision": 1.0, "recall": 1.0, "f1-score": 1.0, "support": 11}}, "loss": "0.2639712", "lang_embeds": ["lbj", "aau", "azb", "mpt", "cui", "ese", "oym", "amp", "sll", "pao", "nas"], "lang_embeds_length": 11, "lang_length": 11}, "test": {"report": {"0": {"precision": 1.0, "recall": 0.9090909090909091, "f1-score": 0.9523809523809523, "support": 11}, "1": {"precision": 0.0, "recall": 0.0, "f1-score": 0.0, "support": 0}, "accuracy": 0.9090909090909091, "macro avg": {"precision": 0.5, "recall": 0.45454545454545453, "f1-score": 0.47619047619047616, "support": 11}, "weighted avg": {"precision": 1.0, "recall": 0.9090909090909091, "f1-score": 0.9523809523809524, "support": 11}}, "acc": 0.9090909361839294, "lang_embeds": ["nld", "nep", "tyv", "ben", "hye", "kgp", "lus", "che", "tgk", "ckb", "tam"], "lang_embeds_length": 11, "lang_length": 11}, "test_zs": {"report": {"0": {"precision": 0.0, "recall": 0.0, "f1-score": 0.0, "support": 11.0}, "1": {"precision": 0.0, "recall": 0.0, "f1-score": 0.0, "support": 0.0}, "accuracy": 0.0, "macro avg": {"precision": 0.0, "recall": 0.0, "f1-score": 0.0, "support": 11.0}, "weighted avg": {"precision": 0.0, "recall": 0.0, "f1-score": 0.0, "support": 11.0}}, "acc": 0.0, "lang_embeds": [], "lang_embeds_length": 0, "lang_length": 11}}