{"feature_name": "NegSOV_Order", "feature_id": "144P", "epoch": 0, "train": {"report": {"0": {"precision": 0.9393939393939394, "recall": 0.9578651685393258, "f1-score": 0.9485396383866481, "support": 356}, "1": {"precision": 0.14285714285714285, "recall": 0.047619047619047616, "f1-score": 0.07142857142857142, "support": 21}, "2": {"precision": 0.0, "recall": 0.0, "f1-score": 0.0, "support": 3}, "accuracy": 0.9, "macro avg": {"precision": 0.36075036075036077, "recall": 0.3351614053861245, "f1-score": 0.3399894032717399, "support": 380}, "weighted avg": {"precision": 0.8879585326953748, "recall": 0.9, "f1-score": 0.8925792401727546, "support": 380}}, "loss": "0.54335684", "lang_embeds": [], "lang_embeds_length": 0, "lang_length": 106}, "dev": {"report": {"0": {"precision": 1.0, "recall": 1.0, "f1-score": 1.0, "support": 11}, "accuracy": 1.0, "macro avg": {"precision": 1.0, "recall": 1.0, "f1-score": 1.0, "support": 11}, "weighted avg": {"precision": 1.0, "recall": 1.0, "f1-score": 1.0, "support": 11}}, "loss": "0.009058215", "lang_embeds": [], "lang_embeds_length": 0, "lang_length": 11}, "test": {"report": {"0": {"precision": 1.0, "recall": 1.0, "f1-score": 1.0, "support": 11}, "accuracy": 1.0, "macro avg": {"precision": 1.0, "recall": 1.0, "f1-score": 1.0, "support": 11}, "weighted avg": {"precision": 1.0, "recall": 1.0, "f1-score": 1.0, "support": 11}}, "acc": 1.0, "lang_embeds": [], "lang_embeds_length": 0, "lang_length": 11}, "test_zs": {"report": {"0": {"precision": 1.0, "recall": 1.0, "f1-score": 1.0, "support": 11}, "accuracy": 1.0, "macro avg": {"precision": 1.0, "recall": 1.0, "f1-score": 1.0, "support": 11}, "weighted avg": {"precision": 1.0, "recall": 1.0, "f1-score": 1.0, "support": 11}}, "acc": 1.0, "lang_embeds": [], "lang_embeds_length": 0, "lang_length": 11}}