{"feature_name": "Distance_Contrasts_in_Demonstratives", "feature_id": "41A", "epoch": 0, "train": {"report": {"0": {"precision": 0.7246376811594203, "recall": 0.5747126436781609, "f1-score": 0.6410256410256409, "support": 87}, "1": {"precision": 0.7818181818181819, "recall": 0.5972222222222222, "f1-score": 0.6771653543307087, "support": 72}, "2": {"precision": 0.0, "recall": 0.0, "f1-score": 0.0, "support": 5}, "3": {"precision": 0.36, "recall": 0.6428571428571429, "f1-score": 0.4615384615384615, "support": 14}, "4": {"precision": 0.11764705882352941, "recall": 0.4, "f1-score": 0.1818181818181818, "support": 5}, "accuracy": 0.5683060109289617, "macro avg": {"precision": 0.39682058436022627, "recall": 0.4429584017515052, "f1-score": 0.3923095277425986, "support": 183}, "weighted avg": {"precision": 0.6828558614529854, "recall": 0.5683060109289617, "f1-score": 0.6114522713206073, "support": 183}}, "loss": "1.2365022", "lang_embeds": ["fra", "arn", "nav", "vie", "mri", "mig", "njo", "tur", "ind", "qvh", "pag", "ell", "ssw", "cub", "abt", "nuy", "kpw", "laj", "naq", "mam", "plt", "trp", "eus", "aey", "amp", "apu", "xed", "hun", "som", "ewe", "tzj", "deu", "khk", "hau", "hix", "sja", "cle", "fij", "djk", "urd", "lif", "fin", "spp", "yad", "tnc", "yor", "swh", "spa", "lav", "afr", "jpn", "bsn", "kor", "mbc", "niy", "mva", "apy", "pes", "ape", "mya", "rus", "mph", "kwd", "ses", "urb", "pad", "tgl", "gle"], "lang_embeds_length": 68, "lang_length": 68}, "dev": {"report": {"0": {"precision": 1.0, "recall": 1.0, "f1-score": 1.0, "support": 4}, "1": {"precision": 1.0, "recall": 1.0, "f1-score": 1.0, "support": 2}, "3": {"precision": 1.0, "recall": 1.0, "f1-score": 1.0, "support": 1}, "accuracy": 1.0, "macro avg": {"precision": 1.0, "recall": 1.0, "f1-score": 1.0, "support": 7}, "weighted avg": {"precision": 1.0, "recall": 1.0, "f1-score": 1.0, "support": 7}}, "loss": "0.56288075", "lang_embeds": ["sja", "njo", "apy", "spp", "ssw", "cub", "khk"], "lang_embeds_length": 7, "lang_length": 7}, "test": {"report": {"0": {"precision": 0.8, "recall": 0.5714285714285714, "f1-score": 0.6666666666666666, "support": 7}, "1": {"precision": 0.0, "recall": 0.0, "f1-score": 0.0, "support": 1}, "accuracy": 0.5, "macro avg": {"precision": 0.4, "recall": 0.2857142857142857, "f1-score": 0.3333333333333333, "support": 8}, "weighted avg": {"precision": 0.7000000000000001, "recall": 0.5, "f1-score": 0.5833333333333333, "support": 8}}, "acc": 0.5, "lang_embeds": ["smo", "lit", "ton", "ita", "ces", "cym", "swe", "tam"], "lang_embeds_length": 8, "lang_length": 8}, "test_zs": {"report": {"0": {"precision": 0.0, "recall": 0.0, "f1-score": 0.0, "support": 7.0}, "1": {"precision": 0.0, "recall": 0.0, "f1-score": 0.0, "support": 1.0}, "2": {"precision": 0.0, "recall": 0.0, "f1-score": 0.0, "support": 0.0}, "accuracy": 0.0, "macro avg": {"precision": 0.0, "recall": 0.0, "f1-score": 0.0, "support": 8.0}, "weighted avg": {"precision": 0.0, "recall": 0.0, "f1-score": 0.0, "support": 8.0}}, "acc": 0.0, "lang_embeds": [], "lang_embeds_length": 0, "lang_length": 8}}