{"feature_name": "Relationship_between_the_Order_of_Object_and_Verb_and_the_Order_of_Adjective_and_Noun", "feature_id": "97A", "epoch": 0, "train": {"report": {"0": {"precision": 0.7297297297297297, "recall": 0.8016194331983806, "f1-score": 0.7639871382636657, "support": 741}, "1": {"precision": 0.7262773722627737, "recall": 0.7481203007518797, "f1-score": 0.737037037037037, "support": 532}, "2": {"precision": 0.6468085106382979, "recall": 0.5846153846153846, "f1-score": 0.6141414141414141, "support": 260}, "3": {"precision": 0.7148148148148148, "recall": 0.6069182389937107, "f1-score": 0.6564625850340136, "support": 318}, "4": {"precision": 0.7122641509433962, "recall": 0.6622807017543859, "f1-score": 0.6863636363636364, "support": 228}, "accuracy": 0.7157287157287158, "macro avg": {"precision": 0.7059789156778025, "recall": 0.6807108118627484, "f1-score": 0.6915983621679533, "support": 2079}, "weighted avg": {"precision": 0.7142793853129814, "recall": 0.7157287157287158, "f1-score": 0.713391511286952, "support": 2079}}, "loss": "0.8339012", "lang_embeds": ["arb", "ind", "nse", "sag", "hop", "amn", "aey", "kac", "tmd", "apu", "fon", "lif", "tbc", "yor", "apr", "moc", "lcm", "rus", "pad", "plu", "wnu", "lww", "cub", "kyz", "abt", "mqy", "hla", "xbi", "tsz", "kms", "ong", "fuv", "apt", "djr", "yle", "khk", "faa", "pam", "bsn", "amk", "tvk", "izz", "mph", "car", "ood", "crn", "tac", "mau", "qvh", "awb", "nbc", "tui", "gbr", "sja", "mrg", "okv", "pma", "fin", "caq", "dis", "wim", "maq", "jpn", "ncj", "mpm", "zav", "mva", "kmo", "kwd", "usa", "aoj", "njo", "ndi", "sue", "laj", "ilb", "viv", "ura", "snn", "agg", "njz", "amh", "spp", "ann", "nbl", "snc", "cav", "mua", "ntp", "cme", "trc", "mbb", "xsi", "snf", "ibo", "nak", "shp", "stp", "taq", "iba", "nyn", "mvn", "auc", "dow", "tee", "tha", "fij", "cnh", "duo", "nmf", "niy", "xsr", "ape", "mya", "nko", "bqc", "ssw", "wrk", "nuy", "lhu", "kmh", "pbb", "csy", "yrb", "cle", "nhu", "hye", "nzm", "tsg", "lav", "emp", "alp", "apy", "tna", "amm", "gle", "kin", "mig", "cab", "tca", "mcf", "apn", "aom", "pag", "lbj", "naq", "acn", "dgz", "ach", "hun", "som", "mpt", "ncl", "swh", "kde", "zai", "gah", "cbi", "miq", "pes", "btx", "bul", "ppo", "kue", "kbh", "cco", "trp", "mcn", "too", "djk", "pao", "rwo", "ary", "mcb", "khm", "gvn", "xho", "hto", "sll", "ell", "tbl", "yao", "bcl", "qvi", "mna", "agd", "ycn", "agt", "guc", "bdh", "yad", "tlf", "kor", "mio", "adj", "zpq", "ghs", "sot", "tgl", "arn", "ssd", "mri", "vie", "huu", "ote", "for", "adz", "geb", "sna", "kki", "gym", "mmn", "tpt", "tbo", "kpx", "cap", "sat", "ewe", "mzh", "sba", "hau", "gya", "nas", "adi", "tuo", "toi", "hin", "aca", "ptp", "jiv", "chf", "wed", "gub", "cak", "kpj", "nhg", "chq", "ese", "amp", "teo", "nob", "mxp", "opm", "bhg", "pol", "tfr", "cpa", "zul", "esu", "coe", "yaa", "zaw", "sps", "lac", "sua", "myb", "ses", "des", "nav", "var", "pib", "urt", "mam", "fub", "plt", "huv", "kwi", "hix", "nld", "bom", "yaq", "yuj", "aia", "gvf", "kto", "mjw", "emi", "cui", "snp", "deu", "byr", "mcp", "cbr", "urd", "tnc", "spa", "ctd", "naf", "mkd", "est", "mhx", "tob", "gmv", "fra", "kup", "njb", "bzd", "mie", "lol", "avt", "hus", "srq", "cao", "ven", "xed", "plg", "bvr", "bci", "bsc", "uig", "ctp", "kbp", "cof", "mos", "mek", "mil", "tur", "tbg", "kpw", "etr", "nya", "eus", "tzj", "nsn", "nst", "mbc", "hil", "sbe", "ndo", "urb"], "lang_embeds_length": 330, "lang_length": 330}, "dev": {"report": {"0": {"precision": 1.0, "recall": 1.0, "f1-score": 1.0, "support": 11}, "1": {"precision": 1.0, "recall": 1.0, "f1-score": 1.0, "support": 13}, "2": {"precision": 1.0, "recall": 1.0, "f1-score": 1.0, "support": 2}, "3": {"precision": 1.0, "recall": 1.0, "f1-score": 1.0, "support": 7}, "accuracy": 1.0, "macro avg": {"precision": 1.0, "recall": 1.0, "f1-score": 1.0, "support": 33}, "weighted avg": {"precision": 1.0, "recall": 1.0, "f1-score": 1.0, "support": 33}}, "loss": "0.16056214", "lang_embeds": ["aia", "aca", "mau", "nse", "apn", "ndi", "pag", "srq", "lbj", "chq", "cco", "mna", "agd", "amp", "tmd", "fuv", "som", "auc", "djr", "tzj", "mcp", "okv", "tsg", "rwo", "naf", "hil", "ary", "snc", "ghs", "pes", "yaa", "izz", "urb"], "lang_embeds_length": 33, "lang_length": 33}, "test": {"report": {"0": {"precision": 0.3076923076923077, "recall": 0.2857142857142857, "f1-score": 0.29629629629629634, "support": 14}, "1": {"precision": 0.14285714285714285, "recall": 0.25, "f1-score": 0.18181818181818182, "support": 4}, "2": {"precision": 1.0, "recall": 0.14285714285714285, "f1-score": 0.25, "support": 7}, "3": {"precision": 0.0, "recall": 0.0, "f1-score": 0.0, "support": 2}, "4": {"precision": 0.5, "recall": 0.2857142857142857, "f1-score": 0.36363636363636365, "support": 7}, "accuracy": 0.23529411764705882, "macro avg": {"precision": 0.3901098901098901, "recall": 0.19285714285714287, "f1-score": 0.21835016835016835, "support": 34}, "weighted avg": {"precision": 0.45232708468002586, "recall": 0.23529411764705882, "f1-score": 0.26973163002574774, "support": 34}}, "acc": 0.23529411852359772, "lang_embeds": ["ron", "bel", "mai", "kgp", "gla", "tyv", "lit", "tet", "ukr", "por", "kik", "slv", "cat", "cor", "smo", "ilo", "lus", "bre", "cym", "swe", "wbp", "ckb", "dan", "nep", "nog", "tat", "tih", "ton", "che", "ita", "ces", "tgk", "ium", "tam"], "lang_embeds_length": 34, "lang_length": 34}, "test_zs": {"report": {"0": {"precision": 0.0, "recall": 0.0, "f1-score": 0.0, "support": 14}, "1": {"precision": 0.11764705882352941, "recall": 1.0, "f1-score": 0.21052631578947367, "support": 4}, "2": {"precision": 0.0, "recall": 0.0, "f1-score": 0.0, "support": 7}, "3": {"precision": 0.0, "recall": 0.0, "f1-score": 0.0, "support": 2}, "4": {"precision": 0.0, "recall": 0.0, "f1-score": 0.0, "support": 7}, "accuracy": 0.11764705882352941, "macro avg": {"precision": 0.023529411764705882, "recall": 0.2, "f1-score": 0.042105263157894736, "support": 34}, "weighted avg": {"precision": 0.01384083044982699, "recall": 0.11764705882352941, "f1-score": 0.024767801857585137, "support": 34}}, "acc": 0.11764705926179886, "lang_embeds": [], "lang_embeds_length": 0, "lang_length": 34}}