{"feature_name": "Relationship_between_the_Order_of_Object_and_Verb_and_the_Order_of_Adposition_and_Noun_Phrase", "feature_id": "95A", "epoch": 0, "train": {"report": {"0": {"precision": 0.4015748031496063, "recall": 0.4322033898305085, "f1-score": 0.4163265306122449, "support": 118}, "1": {"precision": 0.3728813559322034, "recall": 0.38596491228070173, "f1-score": 0.37931034482758624, "support": 114}, "2": {"precision": 0.0, "recall": 0.0, "f1-score": 0.0, "support": 27}, "3": {"precision": 0.1, "recall": 0.0625, "f1-score": 0.07692307692307693, "support": 16}, "4": {"precision": 0.0, "recall": 0.0, "f1-score": 0.0, "support": 2}, "accuracy": 0.34657039711191334, "macro avg": {"precision": 0.17489123181636196, "recall": 0.17613366042224204, "f1-score": 0.1745119904725816, "support": 277}, "weighted avg": {"precision": 0.33030433699611816, "recall": 0.34657039711191334, "f1-score": 0.3379013687846894, "support": 277}}, "loss": "2.9425502", "lang_embeds": [], "lang_embeds_length": 0, "lang_length": 277}, "dev": {"report": {"0": {"precision": 0.0, "recall": 0.0, "f1-score": 0.0, "support": 9}, "1": {"precision": 0.5161290322580645, "recall": 1.0, "f1-score": 0.6808510638297872, "support": 16}, "2": {"precision": 0.0, "recall": 0.0, "f1-score": 0.0, "support": 4}, "3": {"precision": 0.0, "recall": 0.0, "f1-score": 0.0, "support": 2}, "accuracy": 0.5161290322580645, "macro avg": {"precision": 0.12903225806451613, "recall": 0.25, "f1-score": 0.1702127659574468, "support": 31}, "weighted avg": {"precision": 0.26638917793964617, "recall": 0.5161290322580645, "f1-score": 0.3514070006863418, "support": 31}}, "loss": "1.209509", "lang_embeds": [], "lang_embeds_length": 0, "lang_length": 31}, "test": {"report": {"0": {"precision": 0.0, "recall": 0.0, "f1-score": 0.0, "support": 7}, "1": {"precision": 0.6451612903225806, "recall": 1.0, "f1-score": 0.7843137254901961, "support": 20}, "2": {"precision": 0.0, "recall": 0.0, "f1-score": 0.0, "support": 2}, "4": {"precision": 0.0, "recall": 0.0, "f1-score": 0.0, "support": 2}, "accuracy": 0.6451612903225806, "macro avg": {"precision": 0.16129032258064516, "recall": 0.25, "f1-score": 0.19607843137254902, "support": 31}, "weighted avg": {"precision": 0.4162330905306972, "recall": 0.6451612903225806, "f1-score": 0.5060088551549652, "support": 31}}, "acc": 0.6451612710952759, "lang_embeds": [], "lang_embeds_length": 0, "lang_length": 31}, "test_zs": {"report": {"0": {"precision": 0.0, "recall": 0.0, "f1-score": 0.0, "support": 7}, "1": {"precision": 0.6451612903225806, "recall": 1.0, "f1-score": 0.7843137254901961, "support": 20}, "2": {"precision": 0.0, "recall": 0.0, "f1-score": 0.0, "support": 2}, "4": {"precision": 0.0, "recall": 0.0, "f1-score": 0.0, "support": 2}, "accuracy": 0.6451612903225806, "macro avg": {"precision": 0.16129032258064516, "recall": 0.25, "f1-score": 0.19607843137254902, "support": 31}, "weighted avg": {"precision": 0.4162330905306972, "recall": 0.6451612903225806, "f1-score": 0.5060088551549652, "support": 31}}, "acc": 0.6451612710952759, "lang_embeds": [], "lang_embeds_length": 0, "lang_length": 31}}