{"feature_name": "Position_of_negative_words_relative_to_beginning_and_end_of_clause_and_with_respect_to_adjacency_to_verb", "feature_id": "144B", "epoch": 0, "train": {"report": {"0": {"precision": 0.8399122807017544, "recall": 0.8436123348017621, "f1-score": 0.8417582417582419, "support": 454}, "1": {"precision": 0.6216216216216216, "recall": 0.5287356321839081, "f1-score": 0.5714285714285715, "support": 87}, "2": {"precision": 0.7070707070707071, "recall": 0.6363636363636364, "f1-score": 0.6698564593301435, "support": 110}, "3": {"precision": 0.38095238095238093, "recall": 0.45714285714285713, "f1-score": 0.4155844155844156, "support": 35}, "4": {"precision": 0.1724137931034483, "recall": 0.35714285714285715, "f1-score": 0.23255813953488377, "support": 14}, "accuracy": 0.7428571428571429, "macro avg": {"precision": 0.5443941566899825, "recall": 0.5645994635270042, "f1-score": 0.5462371655272513, "support": 700}, "weighted avg": {"precision": 0.7556088010489099, "recall": 0.7428571428571429, "f1-score": 0.7476542949968376, "support": 700}}, "loss": "0.7995668", "lang_embeds": ["ron", "arb", "mua", "var", "ntp", "trc", "cme", "mbb", "ind", "nse", "xsi", "urt", "sag", "ell", "hop", "tbl", "nak", "mam", "taq", "plt", "mna", "fon", "yon", "agt", "dow", "tee", "guc", "kwi", "bdh", "tha", "nld", "bom", "fij", "yad", "tbc", "yor", "cnh", "yaq", "kor", "apr", "mio", "duo", "zpq", "ape", "mya", "yuj", "rus", "tgl", "aia", "ssd", "mri", "vie", "ign", "bqc", "wnu", "kto", "ote", "lww", "emi", "nuy", "lhu", "xbi", "kms", "adz", "geb", "cui", "csy", "ong", "deu", "cle", "urd", "spa", "nzm", "ctd", "tsg", "alp", "naf", "mmn", "mkd", "est", "mhx", "amk", "tzo", "mbj", "izz", "mph", "ood", "gle", "fra", "mig", "cap", "mie", "cab", "pag", "txu", "kyq", "awb", "hus", "naq", "sat", "dgz", "poi", "hun", "som", "mzh", "sba", "tui", "hau", "fin", "caq", "ncl", "nas", "zai", "nso", "aau", "bci", "mva", "ctp", "kwd", "btx", "bul", "hin", "pwg", "aca", "ptp", "mil", "chf", "tbg", "gso", "laj", "chq", "eus", "viv", "ese", "amp", "teo", "mcn", "opm", "tzj", "djk", "pol", "spp", "pao", "tfr", "nsn", "mbc", "hil", "mcb", "khm", "snc", "sps", "sbe", "ita", "myb", "ses", "urb"], "lang_embeds_length": 156, "lang_length": 156}, "dev": {"report": {"0": {"precision": 1.0, "recall": 1.0, "f1-score": 1.0, "support": 13}, "1": {"precision": 1.0, "recall": 1.0, "f1-score": 1.0, "support": 2}, "2": {"precision": 1.0, "recall": 1.0, "f1-score": 1.0, "support": 1}, "accuracy": 1.0, "macro avg": {"precision": 1.0, "recall": 1.0, "f1-score": 1.0, "support": 16}, "weighted avg": {"precision": 1.0, "recall": 1.0, "f1-score": 1.0, "support": 16}}, "loss": "0.21290697", "lang_embeds": ["mio", "hus", "duo", "est", "zai", "nso", "snc", "ptp", "tbc", "sps", "spp", "yor", "sag", "nsn", "mzh", "nak"], "lang_embeds_length": 16, "lang_length": 16}, "test": {"report": {"0": {"precision": 0.8461538461538461, "recall": 0.8461538461538461, "f1-score": 0.8461538461538461, "support": 13}, "1": {"precision": 0.0, "recall": 0.0, "f1-score": 0.0, "support": 0}, "2": {"precision": 0.0, "recall": 0.0, "f1-score": 0.0, "support": 3}, "3": {"precision": 0.0, "recall": 0.0, "f1-score": 0.0, "support": 0}, "accuracy": 0.6875, "macro avg": {"precision": 0.21153846153846154, "recall": 0.21153846153846154, "f1-score": 0.21153846153846154, "support": 16}, "weighted avg": {"precision": 0.6875, "recall": 0.6875, "f1-score": 0.6875, "support": 16}}, "acc": 0.6875, "lang_embeds": ["smo", "ben", "mai", "tet", "tih", "ton", "ukr", "lus", "por", "gla", "che", "kgp", "slv", "cym", "cat", "cor"], "lang_embeds_length": 16, "lang_length": 16}, "test_zs": {"report": {"0": {"precision": 0.0, "recall": 0.0, "f1-score": 0.0, "support": 13.0}, "2": {"precision": 0.0, "recall": 0.0, "f1-score": 0.0, "support": 3.0}, "4": {"precision": 0.0, "recall": 0.0, "f1-score": 0.0, "support": 0.0}, "accuracy": 0.0, "macro avg": {"precision": 0.0, "recall": 0.0, "f1-score": 0.0, "support": 16.0}, "weighted avg": {"precision": 0.0, "recall": 0.0, "f1-score": 0.0, "support": 16.0}}, "acc": 0.0, "lang_embeds": [], "lang_embeds_length": 0, "lang_length": 16}}