{"feature_name": "Locus_of_Marking:_Whole-language_Typology", "feature_id": "25A", "epoch": 0, "train": {"report": {"0": {"precision": 0.8311688311688312, "recall": 0.64, "f1-score": 0.7231638418079096, "support": 100}, "1": {"precision": 0.46875, "recall": 0.45454545454545453, "f1-score": 0.4615384615384615, "support": 33}, "2": {"precision": 0.5625, "recall": 0.6, "f1-score": 0.5806451612903225, "support": 30}, "3": {"precision": 0.30434782608695654, "recall": 0.6363636363636364, "f1-score": 0.411764705882353, "support": 11}, "4": {"precision": 0.07692307692307693, "recall": 0.3333333333333333, "f1-score": 0.125, "support": 3}, "accuracy": 0.5932203389830508, "macro avg": {"precision": 0.44873794683577295, "recall": 0.5328484848484848, "f1-score": 0.46042243410380934, "support": 177}, "weighted avg": {"precision": 0.6725380137548523, "recall": 0.5932203389830508, "f1-score": 0.6207396611015579, "support": 177}}, "loss": "1.1881924", "lang_embeds": ["fra", "hin", "bzd", "mri", "mig", "nab", "jiv", "wnu", "chd", "ote", "tur", "sll", "ind", "sag", "ell", "sue", "wrk", "abt", "shp", "nuy", "tsz", "laj", "kpw", "naq", "qvi", "plt", "eus", "aey", "dgz", "cbt", "amp", "apu", "hun", "ewe", "auc", "mzh", "huv", "khk", "kwi", "deu", "hix", "hau", "sja", "fin", "caq", "spp", "yad", "tlf", "yor", "swh", "spa", "cnh", "zul", "jpn", "yaq", "bsn", "kor", "esu", "miq", "pes", "ape", "rus", "mph", "yss", "pad", "tgl"], "lang_embeds_length": 66, "lang_length": 66}, "dev": {"report": {"0": {"precision": 1.0, "recall": 1.0, "f1-score": 1.0, "support": 5}, "1": {"precision": 1.0, "recall": 1.0, "f1-score": 1.0, "support": 1}, "2": {"precision": 1.0, "recall": 1.0, "f1-score": 1.0, "support": 1}, "accuracy": 1.0, "macro avg": {"precision": 1.0, "recall": 1.0, "f1-score": 1.0, "support": 7}, "weighted avg": {"precision": 1.0, "recall": 1.0, "f1-score": 1.0, "support": 7}}, "loss": "0.5252571", "lang_embeds": ["miq", "caq", "spp", "aey", "chd", "yor", "khk"], "lang_embeds_length": 7, "lang_length": 7}, "test": {"report": {"0": {"precision": 0.3333333333333333, "recall": 0.3333333333333333, "f1-score": 0.3333333333333333, "support": 3}, "1": {"precision": 1.0, "recall": 0.6666666666666666, "f1-score": 0.8, "support": 3}, "2": {"precision": 0.0, "recall": 0.0, "f1-score": 0.0, "support": 1}, "3": {"precision": 0.0, "recall": 0.0, "f1-score": 0.0, "support": 0}, "4": {"precision": 0.0, "recall": 0.0, "f1-score": 0.0, "support": 1}, "accuracy": 0.375, "macro avg": {"precision": 0.26666666666666666, "recall": 0.2, "f1-score": 0.22666666666666666, "support": 8}, "weighted avg": {"precision": 0.5, "recall": 0.375, "f1-score": 0.42500000000000004, "support": 8}}, "acc": 0.375, "lang_embeds": ["tha", "arn", "nep", "fij", "vie", "mai", "mya", "wbp"], "lang_embeds_length": 8, "lang_length": 8}, "test_zs": {"report": {"0": {"precision": 0.0, "recall": 0.0, "f1-score": 0.0, "support": 3.0}, "1": {"precision": 0.0, "recall": 0.0, "f1-score": 0.0, "support": 3.0}, "2": {"precision": 0.0, "recall": 0.0, "f1-score": 0.0, "support": 1.0}, "3": {"precision": 0.0, "recall": 0.0, "f1-score": 0.0, "support": 0.0}, "4": {"precision": 0.0, "recall": 0.0, "f1-score": 0.0, "support": 1.0}, "accuracy": 0.0, "macro avg": {"precision": 0.0, "recall": 0.0, "f1-score": 0.0, "support": 8.0}, "weighted avg": {"precision": 0.0, "recall": 0.0, "f1-score": 0.0, "support": 8.0}}, "acc": 0.0, "lang_embeds": [], "lang_embeds_length": 0, "lang_length": 8}}