{"feature_name": "Person_Marking_on_Adpositions", "feature_id": "48A", "epoch": 0, "train": {"report": {"0": {"precision": 0.8708791208791209, "recall": 0.8298429319371727, "f1-score": 0.8498659517426272, "support": 382}, "1": {"precision": 0.7449664429530202, "recall": 0.7207792207792207, "f1-score": 0.7326732673267328, "support": 154}, "2": {"precision": 0.5, "recall": 0.7105263157894737, "f1-score": 0.5869565217391304, "support": 38}, "3": {"precision": 0.6491228070175439, "recall": 0.74, "f1-score": 0.6915887850467289, "support": 50}, "accuracy": 0.7884615384615384, "macro avg": {"precision": 0.6912420927124212, "recall": 0.7502871171264669, "f1-score": 0.7152711314638048, "support": 624}, "weighted avg": {"precision": 0.7994499947779912, "recall": 0.7884615384615384, "f1-score": 0.7922504227763202, "support": 624}}, "loss": "0.6657542", "lang_embeds": ["nav", "cav", "ntp", "trc", "ind", "hto", "sll", "kaq", "snf", "sag", "ell", "ibo", "spl", "shp", "nak", "tcs", "qvi", "plt", "fub", "aey", "apu", "auc", "dow", "kwi", "tha", "hix", "fij", "lif", "yad", "yor", "jic", "yaq", "kor", "niy", "ape", "mya", "rus", "pad", "plu", "tgl", "vie", "mri", "wnu", "ote", "cbu", "poe", "cub", "nuy", "lhu", "tsz", "adz", "yle", "deu", "zab", "khk", "ame", "cle", "tnc", "spa", "crh", "pam", "gym", "bsn", "tbo", "mbj", "mph", "yss", "car", "crn", "fra", "bzd", "mig", "avt", "mfe", "lbj", "cao", "naq", "dgz", "ewe", "hun", "mzh", "hau", "sja", "pma", "fin", "swh", "jpn", "nas", "miq", "pes", "btx", "hin", "nab", "tur", "sue", "nhg", "laj", "kpw", "eus", "amp", "yva", "tzj", "amh", "xuo", "djk", "spp", "srm", "tfr", "zul", "mbc", "esu", "khm", "ndo", "myb", "ses", "urb"], "lang_embeds_length": 116, "lang_length": 116}, "dev": {"report": {"0": {"precision": 1.0, "recall": 1.0, "f1-score": 1.0, "support": 7}, "1": {"precision": 1.0, "recall": 1.0, "f1-score": 1.0, "support": 2}, "2": {"precision": 1.0, "recall": 1.0, "f1-score": 1.0, "support": 2}, "3": {"precision": 1.0, "recall": 1.0, "f1-score": 1.0, "support": 1}, "accuracy": 1.0, "macro avg": {"precision": 1.0, "recall": 1.0, "f1-score": 1.0, "support": 12}, "weighted avg": {"precision": 1.0, "recall": 1.0, "f1-score": 1.0, "support": 12}}, "loss": "0.14985472", "lang_embeds": ["kwi", "tcs", "qvi", "trc", "apu", "sll", "crh", "cbu", "ses", "gym", "mzh", "tzj"], "lang_embeds_length": 12, "lang_length": 12}, "test": {"report": {"0": {"precision": 0.7272727272727273, "recall": 1.0, "f1-score": 0.8421052631578948, "support": 8}, "1": {"precision": 0.0, "recall": 0.0, "f1-score": 0.0, "support": 3}, "accuracy": 0.7272727272727273, "macro avg": {"precision": 0.36363636363636365, "recall": 0.5, "f1-score": 0.4210526315789474, "support": 11}, "weighted avg": {"precision": 0.5289256198347108, "recall": 0.7272727272727273, "f1-score": 0.6124401913875599, "support": 11}}, "acc": 0.7272727489471436, "lang_embeds": ["arn", "nld", "smo", "pol", "hye", "lus", "ita", "lav", "cym", "ckb", "gle"], "lang_embeds_length": 11, "lang_length": 11}, "test_zs": {"report": {"0": {"precision": 0.0, "recall": 0.0, "f1-score": 0.0, "support": 8.0}, "1": {"precision": 0.0, "recall": 0.0, "f1-score": 0.0, "support": 3.0}, "2": {"precision": 0.0, "recall": 0.0, "f1-score": 0.0, "support": 0.0}, "accuracy": 0.0, "macro avg": {"precision": 0.0, "recall": 0.0, "f1-score": 0.0, "support": 11.0}, "weighted avg": {"precision": 0.0, "recall": 0.0, "f1-score": 0.0, "support": 11.0}}, "acc": 0.0, "lang_embeds": [], "lang_embeds_length": 0, "lang_length": 11}}