{"feature_name": "Adjectives_without_Nouns", "feature_id": "61A", "epoch": 0, "train": {"report": {"0": {"precision": 0.9, "recall": 0.5510204081632653, "f1-score": 0.6835443037974683, "support": 49}, "1": {"precision": 0.5, "recall": 0.4, "f1-score": 0.4444444444444445, "support": 10}, "2": {"precision": 0.125, "recall": 0.5, "f1-score": 0.2, "support": 2}, "3": {"precision": 0.0, "recall": 0.0, "f1-score": 0.0, "support": 1}, "4": {"precision": 0.1111111111111111, "recall": 0.16666666666666666, "f1-score": 0.13333333333333333, "support": 6}, "5": {"precision": 0.2, "recall": 0.3333333333333333, "f1-score": 0.25, "support": 6}, "6": {"precision": 0.0, "recall": 0.0, "f1-score": 0.0, "support": 0}, "accuracy": 0.47297297297297297, "macro avg": {"precision": 0.2623015873015873, "recall": 0.27871720116618076, "f1-score": 0.244474583082178, "support": 74}, "weighted avg": {"precision": 0.6921171171171171, "recall": 0.47297297297297297, "f1-score": 0.5491637206827079, "support": 74}}, "loss": "1.5023025", "lang_embeds": ["fra", "hin", "vie", "mig", "ind", "tur", "shp", "laj", "qvi", "naq", "eus", "mna", "plt", "aey", "sat", "hun", "khk", "kwi", "sja", "djk", "fin", "spp", "yad", "kpr", "spa", "swh", "cnh", "zul", "jpn", "kor", "ary", "mww", "pes", "mya", "tbo", "sot", "rus", "mph", "yss", "btx", "ood", "tgl"], "lang_embeds_length": 42, "lang_length": 42}, "dev": {"report": {"0": {"precision": 1.0, "recall": 1.0, "f1-score": 1.0, "support": 5}, "accuracy": 1.0, "macro avg": {"precision": 1.0, "recall": 1.0, "f1-score": 1.0, "support": 5}, "weighted avg": {"precision": 1.0, "recall": 1.0, "f1-score": 1.0, "support": 5}}, "loss": "0.83530533", "lang_embeds": ["kwi", "sot", "swh", "mph", "khk"], "lang_embeds_length": 5, "lang_length": 5}, "test": {"report": {"0": {"precision": 0.4, "recall": 1.0, "f1-score": 0.5714285714285715, "support": 2}, "1": {"precision": 0.0, "recall": 0.0, "f1-score": 0.0, "support": 3}, "accuracy": 0.4, "macro avg": {"precision": 0.2, "recall": 0.5, "f1-score": 0.28571428571428575, "support": 5}, "weighted avg": {"precision": 0.16, "recall": 0.4, "f1-score": 0.2285714285714286, "support": 5}}, "acc": 0.4000000059604645, "lang_embeds": ["tha", "ban", "tat", "jav", "gle"], "lang_embeds_length": 5, "lang_length": 5}, "test_zs": {"report": {"0": {"precision": 0.0, "recall": 0.0, "f1-score": 0.0, "support": 2.0}, "1": {"precision": 0.0, "recall": 0.0, "f1-score": 0.0, "support": 3.0}, "4": {"precision": 0.0, "recall": 0.0, "f1-score": 0.0, "support": 0.0}, "accuracy": 0.0, "macro avg": {"precision": 0.0, "recall": 0.0, "f1-score": 0.0, "support": 5.0}, "weighted avg": {"precision": 0.0, "recall": 0.0, "f1-score": 0.0, "support": 5.0}}, "acc": 0.0, "lang_embeds": [], "lang_embeds_length": 0, "lang_length": 5}}