{"feature_name": "Locus_of_Marking:_Whole-language_Typology", "feature_id": "25A", "epoch": 0, "train": {"report": {"0": {"precision": 0.7037037037037037, "recall": 0.59375, "f1-score": 0.6440677966101694, "support": 32}, "1": {"precision": 0.4166666666666667, "recall": 0.4166666666666667, "f1-score": 0.4166666666666667, "support": 12}, "2": {"precision": 0.2, "recall": 0.18181818181818182, "f1-score": 0.1904761904761905, "support": 11}, "3": {"precision": 0.0, "recall": 0.0, "f1-score": 0.0, "support": 3}, "4": {"precision": 0.0, "recall": 0.0, "f1-score": 0.0, "support": 1}, "accuracy": 0.4406779661016949, "macro avg": {"precision": 0.26407407407407407, "recall": 0.2384469696969697, "f1-score": 0.2502421307506053, "support": 59}, "weighted avg": {"precision": 0.5037037037037037, "recall": 0.4406779661016949, "f1-score": 0.4695831794366698, "support": 59}}, "loss": "3.250631", "lang_embeds": [], "lang_embeds_length": 0, "lang_length": 59}, "dev": {"report": {"0": {"precision": 0.8571428571428571, "recall": 1.0, "f1-score": 0.923076923076923, "support": 6}, "3": {"precision": 0.0, "recall": 0.0, "f1-score": 0.0, "support": 1}, "accuracy": 0.8571428571428571, "macro avg": {"precision": 0.42857142857142855, "recall": 0.5, "f1-score": 0.4615384615384615, "support": 7}, "weighted avg": {"precision": 0.7346938775510203, "recall": 0.8571428571428571, "f1-score": 0.7912087912087912, "support": 7}}, "loss": "0.90326756", "lang_embeds": [], "lang_embeds_length": 0, "lang_length": 7}, "test": {"report": {"0": {"precision": 0.375, "recall": 1.0, "f1-score": 0.5454545454545454, "support": 3}, "1": {"precision": 0.0, "recall": 0.0, "f1-score": 0.0, "support": 3}, "2": {"precision": 0.0, "recall": 0.0, "f1-score": 0.0, "support": 1}, "4": {"precision": 0.0, "recall": 0.0, "f1-score": 0.0, "support": 1}, "accuracy": 0.375, "macro avg": {"precision": 0.09375, "recall": 0.25, "f1-score": 0.13636363636363635, "support": 8}, "weighted avg": {"precision": 0.140625, "recall": 0.375, "f1-score": 0.20454545454545453, "support": 8}}, "acc": 0.375, "lang_embeds": [], "lang_embeds_length": 0, "lang_length": 8}, "test_zs": {"report": {"0": {"precision": 0.375, "recall": 1.0, "f1-score": 0.5454545454545454, "support": 3}, "1": {"precision": 0.0, "recall": 0.0, "f1-score": 0.0, "support": 3}, "2": {"precision": 0.0, "recall": 0.0, "f1-score": 0.0, "support": 1}, "4": {"precision": 0.0, "recall": 0.0, "f1-score": 0.0, "support": 1}, "accuracy": 0.375, "macro avg": {"precision": 0.09375, "recall": 0.25, "f1-score": 0.13636363636363635, "support": 8}, "weighted avg": {"precision": 0.140625, "recall": 0.375, "f1-score": 0.20454545454545453, "support": 8}}, "acc": 0.375, "lang_embeds": [], "lang_embeds_length": 0, "lang_length": 8}}