{"feature_name": "Optional_Double_Negation_in_SVO_languages", "feature_id": "144G", "epoch": 0, "train": {"report": {"1": {"precision": 0.0, "recall": 0.0, "f1-score": 0.0, "support": 6}, "2": {"precision": 0.0, "recall": 0.0, "f1-score": 0.0, "support": 2}, "3": {"precision": 0.0, "recall": 0.0, "f1-score": 0.0, "support": 0}, "4": {"precision": 0.0, "recall": 0.0, "f1-score": 0.0, "support": 1}, "5": {"precision": 0.0, "recall": 0.0, "f1-score": 0.0, "support": 1}, "8": {"precision": 0.0, "recall": 0.0, "f1-score": 0.0, "support": 0}, "10": {"precision": 0.5, "recall": 0.5, "f1-score": 0.5, "support": 2}, "11": {"precision": 0.0, "recall": 0.0, "f1-score": 0.0, "support": 0}, "13": {"precision": 0.0, "recall": 0.0, "f1-score": 0.0, "support": 0}, "14": {"precision": 0.0, "recall": 0.0, "f1-score": 0.0, "support": 0}, "16": {"precision": 0.0, "recall": 0.0, "f1-score": 0.0, "support": 0}, "accuracy": 0.08333333333333333, "macro avg": {"precision": 0.045454545454545456, "recall": 0.045454545454545456, "f1-score": 0.045454545454545456, "support": 12}, "weighted avg": {"precision": 0.08333333333333333, "recall": 0.08333333333333333, "f1-score": 0.08333333333333333, "support": 12}}, "loss": "2.9629104", "lang_embeds": ["fra", "adz", "ape", "urt", "zul", "lww", "hau"], "lang_embeds_length": 7, "lang_length": 7}, "dev": {"report": {"5": {"precision": 1.0, "recall": 1.0, "f1-score": 1.0, "support": 1}, "accuracy": 1.0, "macro avg": {"precision": 1.0, "recall": 1.0, "f1-score": 1.0, "support": 1}, "weighted avg": {"precision": 1.0, "recall": 1.0, "f1-score": 1.0, "support": 1}}, "loss": "1.9349369", "lang_embeds": ["zul"], "lang_embeds_length": 1, "lang_length": 1}, "test": {"report": {"5": {"precision": 0.0, "recall": 0.0, "f1-score": 0.0, "support": 0.0}, "6": {"precision": 0.0, "recall": 0.0, "f1-score": 0.0, "support": 1.0}, "accuracy": 0.0, "macro avg": {"precision": 0.0, "recall": 0.0, "f1-score": 0.0, "support": 1.0}, "weighted avg": {"precision": 0.0, "recall": 0.0, "f1-score": 0.0, "support": 1.0}}, "acc": 0.0, "lang_embeds": ["cat"], "lang_embeds_length": 1, "lang_length": 1}, "test_zs": {"report": {"6": {"precision": 0.0, "recall": 0.0, "f1-score": 0.0, "support": 1.0}, "10": {"precision": 0.0, "recall": 0.0, "f1-score": 0.0, "support": 0.0}, "accuracy": 0.0, "macro avg": {"precision": 0.0, "recall": 0.0, "f1-score": 0.0, "support": 1.0}, "weighted avg": {"precision": 0.0, "recall": 0.0, "f1-score": 0.0, "support": 1.0}}, "acc": 0.0, "lang_embeds": [], "lang_embeds_length": 0, "lang_length": 1}}