{"feature_name": "Imperative-Hortative_Systems", "feature_id": "72A", "epoch": 0, "train": {"report": {"0": {"precision": 0.8519553072625698, "recall": 0.8379120879120879, "f1-score": 0.8448753462603877, "support": 364}, "1": {"precision": 0.8266666666666667, "recall": 0.7815126050420168, "f1-score": 0.8034557235421167, "support": 238}, "2": {"precision": 0.6, "recall": 0.673469387755102, "f1-score": 0.6346153846153846, "support": 49}, "3": {"precision": 0.375, "recall": 0.5555555555555556, "f1-score": 0.44776119402985076, "support": 27}, "accuracy": 0.7949852507374632, "macro avg": {"precision": 0.6634054934823091, "recall": 0.7121124090661906, "f1-score": 0.6826769121119349, "support": 678}, "weighted avg": {"precision": 0.8058752190416549, "recall": 0.7949852507374632, "f1-score": 0.7993256553492104, "support": 678}}, "loss": "0.65400505", "lang_embeds": ["ron", "nav", "mua", "ind", "snf", "sag", "ell", "ibo", "mop", "shp", "kdh", "qvi", "mam", "plt", "fub", "aey", "apu", "rmn", "tha", "kwi", "nld", "hix", "bom", "fij", "yaq", "kor", "niy", "mww", "ape", "mya", "rus", "pad", "tgl", "arn", "vie", "mri", "ote", "mjw", "huu", "nuy", "tsz", "sna", "knf", "deu", "khk", "cle", "tnc", "hye", "spa", "lav", "emp", "bsn", "mkd", "est", "caa", "sus", "apy", "gmv", "tzo", "acu", "car", "crn", "gle", "fra", "kup", "ceb", "mig", "lol", "noa", "pag", "gui", "lbj", "naq", "dgz", "ewe", "hun", "mzh", "hau", "gbr", "sja", "mrg", "pma", "fin", "caq", "gya", "swh", "jpn", "nso", "cbi", "mva", "pes", "cbs", "loz", "cof", "kwd", "btx", "bul", "hin", "mos", "tur", "cak", "sue", "xpe", "nhg", "laj", "kpw", "trp", "eus", "nob", "amp", "too", "tzj", "amh", "pol", "spp", "ann", "zul", "kek", "mbc", "esu", "xsm", "ary", "ita", "bem", "ses", "urb"], "lang_embeds_length": 126, "lang_length": 126}, "dev": {"report": {"0": {"precision": 1.0, "recall": 1.0, "f1-score": 1.0, "support": 5}, "1": {"precision": 1.0, "recall": 1.0, "f1-score": 1.0, "support": 4}, "2": {"precision": 1.0, "recall": 1.0, "f1-score": 1.0, "support": 3}, "3": {"precision": 1.0, "recall": 1.0, "f1-score": 1.0, "support": 1}, "accuracy": 1.0, "macro avg": {"precision": 1.0, "recall": 1.0, "f1-score": 1.0, "support": 13}, "weighted avg": {"precision": 1.0, "recall": 1.0, "f1-score": 1.0, "support": 13}}, "loss": "0.17966655", "lang_embeds": ["caa", "mos", "kpw", "mig", "pes", "caq", "huu", "noa", "swh", "sna", "ses", "mzh", "xpe"], "lang_embeds_length": 13, "lang_length": 13}, "test": {"report": {"0": {"precision": 0.7777777777777778, "recall": 0.6363636363636364, "f1-score": 0.7000000000000001, "support": 11}, "1": {"precision": 0.0, "recall": 0.0, "f1-score": 0.0, "support": 3}, "2": {"precision": 0.0, "recall": 0.0, "f1-score": 0.0, "support": 0}, "accuracy": 0.5, "macro avg": {"precision": 0.25925925925925924, "recall": 0.21212121212121213, "f1-score": 0.23333333333333336, "support": 14}, "weighted avg": {"precision": 0.611111111111111, "recall": 0.5, "f1-score": 0.55, "support": 14}}, "acc": 0.5, "lang_embeds": ["dan", "nep", "tat", "lit", "mai", "ukr", "fao", "por", "ces", "slv", "jav", "cym", "swe", "cat"], "lang_embeds_length": 14, "lang_length": 14}, "test_zs": {"report": {"0": {"precision": 0.0, "recall": 0.0, "f1-score": 0.0, "support": 11.0}, "1": {"precision": 0.0, "recall": 0.0, "f1-score": 0.0, "support": 3.0}, "3": {"precision": 0.0, "recall": 0.0, "f1-score": 0.0, "support": 0.0}, "accuracy": 0.0, "macro avg": {"precision": 0.0, "recall": 0.0, "f1-score": 0.0, "support": 14.0}, "weighted avg": {"precision": 0.0, "recall": 0.0, "f1-score": 0.0, "support": 14.0}}, "acc": 0.0, "lang_embeds": [], "lang_embeds_length": 0, "lang_length": 14}}