{"feature_name": "Verb-Initial_with_Negative_that_is_Immediately_Postverbal_or_between_Subject_and_Object", "feature_id": "144W", "epoch": 0, "train": {"report": {"0": {"precision": 0.9195402298850575, "recall": 0.6451612903225806, "f1-score": 0.7582938388625592, "support": 124}, "1": {"precision": 0.07692307692307693, "recall": 0.16666666666666666, "f1-score": 0.10526315789473684, "support": 6}, "2": {"precision": 0.08333333333333333, "recall": 0.3333333333333333, "f1-score": 0.13333333333333333, "support": 3}, "3": {"precision": 0.0, "recall": 0.0, "f1-score": 0.0, "support": 2}, "4": {"precision": 0.0, "recall": 0.0, "f1-score": 0.0, "support": 0}, "accuracy": 0.6074074074074074, "macro avg": {"precision": 0.2159593280282935, "recall": 0.2290322580645161, "f1-score": 0.19937806601812585, "support": 135}, "weighted avg": {"precision": 0.8498853849428563, "recall": 0.6074074074074074, "f1-score": 0.7041482590098205, "support": 135}}, "loss": "1.2529669", "lang_embeds": ["arb", "ign", "ntp", "mig", "trc", "mie", "mil", "mbb", "ote", "kto", "cab", "pag", "ell", "cak", "gub", "tbl", "chq", "mam", "taq", "plt", "cco", "xed", "agt", "tzj", "guc", "tee", "cle", "fij", "caq", "yad", "maq", "cpa", "tsg", "mmn", "mio", "zai", "hil", "duo", "ary", "mcb", "zpq", "tob", "ctp", "tzo", "zaw", "lac", "btx", "ood", "tgl", "gle"], "lang_embeds_length": 50, "lang_length": 50}, "dev": {"report": {"0": {"precision": 1.0, "recall": 1.0, "f1-score": 1.0, "support": 5}, "accuracy": 1.0, "macro avg": {"precision": 1.0, "recall": 1.0, "f1-score": 1.0, "support": 5}, "weighted avg": {"precision": 1.0, "recall": 1.0, "f1-score": 1.0, "support": 5}}, "loss": "0.49406487", "lang_embeds": ["mcb", "caq", "tzo", "kto", "tzj"], "lang_embeds_length": 5, "lang_length": 5}, "test": {"report": {"0": {"precision": 1.0, "recall": 0.16666666666666666, "f1-score": 0.2857142857142857, "support": 6}, "2": {"precision": 0.0, "recall": 0.0, "f1-score": 0.0, "support": 0}, "4": {"precision": 0.0, "recall": 0.0, "f1-score": 0.0, "support": 0}, "accuracy": 0.16666666666666666, "macro avg": {"precision": 0.3333333333333333, "recall": 0.05555555555555555, "f1-score": 0.09523809523809523, "support": 6}, "weighted avg": {"precision": 1.0, "recall": 0.16666666666666666, "f1-score": 0.2857142857142857, "support": 6}}, "acc": 0.1666666716337204, "lang_embeds": ["smo", "tih", "ton", "gla", "cym", "cor"], "lang_embeds_length": 6, "lang_length": 6}, "test_zs": {"report": {"0": {"precision": 0.0, "recall": 0.0, "f1-score": 0.0, "support": 6.0}, "3": {"precision": 0.0, "recall": 0.0, "f1-score": 0.0, "support": 0.0}, "accuracy": 0.0, "macro avg": {"precision": 0.0, "recall": 0.0, "f1-score": 0.0, "support": 6.0}, "weighted avg": {"precision": 0.0, "recall": 0.0, "f1-score": 0.0, "support": 6.0}}, "acc": 0.0, "lang_embeds": [], "lang_embeds_length": 0, "lang_length": 6}}