{"feature_name": "Expression_of_Pronominal_Subjects", "feature_id": "101A", "epoch": 0, "train": {"report": {"0": {"precision": 0.827140549273021, "recall": 0.8490878938640133, "f1-score": 0.8379705400981997, "support": 603}, "1": {"precision": 0.744, "recall": 0.6413793103448275, "f1-score": 0.6888888888888889, "support": 145}, "2": {"precision": 0.625, "recall": 0.6521739130434783, "f1-score": 0.6382978723404256, "support": 92}, "3": {"precision": 0.7244897959183674, "recall": 0.7029702970297029, "f1-score": 0.7135678391959799, "support": 101}, "4": {"precision": 0.5918367346938775, "recall": 0.5, "f1-score": 0.5420560747663551, "support": 58}, "5": {"precision": 0.3333333333333333, "recall": 0.48148148148148145, "f1-score": 0.3939393939393939, "support": 27}, "accuracy": 0.7582846003898636, "macro avg": {"precision": 0.6409667355364332, "recall": 0.6378488159605838, "f1-score": 0.6357867682048738, "support": 1026}, "weighted avg": {"precision": 0.7608633052744949, "recall": 0.7582846003898636, "f1-score": 0.7583377159405738, "support": 1026}}, "loss": "0.7854018", "lang_embeds": ["des", "nav", "xho", "cav", "var", "ntp", "mbb", "ind", "nse", "hto", "xsi", "sag", "ell", "ibo", "yao", "nak", "stp", "qvi", "taq", "plt", "iba", "nyn", "fub", "agd", "kac", "apu", "dow", "kwi", "tha", "hix", "nld", "bom", "fij", "lif", "yad", "yor", "apw", "cnh", "yaq", "kor", "niy", "moc", "ape", "mya", "lcm", "sot", "yuj", "rus", "pad", "plu", "arn", "ssd", "mri", "vie", "gvf", "bum", "wnu", "ote", "emi", "cub", "abt", "nuy", "lhu", "kms", "rim", "pbb", "kbc", "lit", "csy", "ong", "yle", "deu", "yrb", "khk", "cle", "nhu", "hye", "spa", "kki", "ctd", "lav", "emp", "alp", "naf", "bsn", "tso", "est", "tob", "apy", "amk", "tpt", "izz", "mph", "ood", "poy", "gle", "fra", "kup", "mig", "mau", "kyq", "awb", "lbj", "wmt", "ven", "naq", "oym", "dgz", "ach", "hun", "ewe", "som", "nbc", "suk", "hau", "gbr", "sja", "mpt", "okv", "plg", "pma", "fin", "ncl", "swh", "jpn", "kde", "ncj", "zai", "nso", "gah", "bci", "bsc", "pes", "uig", "mva", "kbp", "kwd", "btx", "toi", "bul", "usa", "aoj", "mos", "nab", "aca", "njo", "tur", "chf", "wed", "gub", "sue", "tbg", "nhg", "laj", "kpw", "nya", "ilb", "eus", "nob", "amp", "teo", "ura", "mcn", "lam", "njz", "agg", "amh", "bhg", "djk", "pol", "spp", "ann", "pao", "tfr", "zul", "nbl", "swe", "mbc", "esu", "ary", "sps", "zaw", "ndo", "sbe", "sua", "ita", "myb", "bem", "ses", "urb"], "lang_embeds_length": 190, "lang_length": 190}, "dev": {"report": {"0": {"precision": 1.0, "recall": 1.0, "f1-score": 1.0, "support": 15}, "1": {"precision": 1.0, "recall": 1.0, "f1-score": 1.0, "support": 1}, "2": {"precision": 1.0, "recall": 1.0, "f1-score": 1.0, "support": 1}, "3": {"precision": 1.0, "recall": 1.0, "f1-score": 1.0, "support": 1}, "4": {"precision": 1.0, "recall": 1.0, "f1-score": 1.0, "support": 1}, "accuracy": 1.0, "macro avg": {"precision": 1.0, "recall": 1.0, "f1-score": 1.0, "support": 19}, "weighted avg": {"precision": 1.0, "recall": 1.0, "f1-score": 1.0, "support": 19}}, "loss": "0.1005839", "lang_embeds": ["kup", "wnu", "yao", "kms", "ven", "ura", "mcn", "dow", "kwi", "apw", "tfr", "naf", "ncj", "nso", "mva", "sot", "myb", "yuj", "urb"], "lang_embeds_length": 19, "lang_length": 19}, "test": {"report": {"0": {"precision": 0.6153846153846154, "recall": 0.6666666666666666, "f1-score": 0.64, "support": 12}, "1": {"precision": 0.0, "recall": 0.0, "f1-score": 0.0, "support": 4}, "2": {"precision": 0.0, "recall": 0.0, "f1-score": 0.0, "support": 1}, "3": {"precision": 0.0, "recall": 0.0, "f1-score": 0.0, "support": 1}, "4": {"precision": 0.0, "recall": 0.0, "f1-score": 0.0, "support": 0}, "5": {"precision": 0.0, "recall": 0.0, "f1-score": 0.0, "support": 1}, "accuracy": 0.42105263157894735, "macro avg": {"precision": 0.10256410256410257, "recall": 0.1111111111111111, "f1-score": 0.10666666666666667, "support": 19}, "weighted avg": {"precision": 0.38866396761133604, "recall": 0.42105263157894735, "f1-score": 0.40421052631578946, "support": 19}}, "acc": 0.42105263471603394, "lang_embeds": ["gla", "tyv", "ukr", "por", "kik", "slv", "cat", "cor", "lus", "bre", "lug", "wbp", "ckb", "dan", "tat", "tih", "che", "tgk", "ces"], "lang_embeds_length": 19, "lang_length": 19}, "test_zs": {"report": {"0": {"precision": 0.631578947368421, "recall": 1.0, "f1-score": 0.7741935483870968, "support": 12}, "1": {"precision": 0.0, "recall": 0.0, "f1-score": 0.0, "support": 4}, "2": {"precision": 0.0, "recall": 0.0, "f1-score": 0.0, "support": 1}, "3": {"precision": 0.0, "recall": 0.0, "f1-score": 0.0, "support": 1}, "5": {"precision": 0.0, "recall": 0.0, "f1-score": 0.0, "support": 1}, "accuracy": 0.631578947368421, "macro avg": {"precision": 0.12631578947368421, "recall": 0.2, "f1-score": 0.15483870967741936, "support": 19}, "weighted avg": {"precision": 0.39889196675900274, "recall": 0.631578947368421, "f1-score": 0.4889643463497453, "support": 19}}, "acc": 0.6315789222717285, "lang_embeds": [], "lang_embeds_length": 0, "lang_length": 19}}