{"feature_name": "Coding_of_Evidentiality", "feature_id": "78A", "epoch": 0, "train": {"report": {"0": {"precision": 0.75, "recall": 0.673469387755102, "f1-score": 0.7096774193548386, "support": 196}, "1": {"precision": 0.6388888888888888, "recall": 0.6160714285714286, "f1-score": 0.6272727272727273, "support": 112}, "2": {"precision": 0.6836734693877551, "recall": 0.5982142857142857, "f1-score": 0.6380952380952382, "support": 112}, "3": {"precision": 0.5277777777777778, "recall": 0.6551724137931034, "f1-score": 0.5846153846153845, "support": 29}, "4": {"precision": 0.0, "recall": 0.0, "f1-score": 0.0, "support": 3}, "5": {"precision": 0.24, "recall": 0.5, "f1-score": 0.32432432432432434, "support": 12}, "accuracy": 0.6314655172413793, "macro avg": {"precision": 0.4733900226757369, "recall": 0.5071545859723199, "f1-score": 0.48066418227708557, "support": 464}, "weighted avg": {"precision": 0.6752425424192665, "recall": 0.6314655172413793, "f1-score": 0.6501373369838331, "support": 464}}, "loss": "1.1415254", "lang_embeds": ["boa", "nav", "ntp", "pib", "ind", "hto", "sag", "ell", "ibo", "spl", "hop", "shp", "pot", "mam", "qvi", "plt", "aey", "apu", "auc", "agr", "kwi", "tha", "hix", "fij", "lif", "yad", "yor", "afr", "yaq", "kor", "niy", "xsr", "ape", "mya", "tew", "rus", "pad", "plu", "tgl", "ign", "mri", "vie", "wnu", "ote", "pab", "for", "cbu", "nuy", "lhu", "tsz", "pbb", "deu", "khk", "cle", "ame", "tnc", "spa", "faa", "pam", "bef", "bsn", "est", "apy", "tzo", "mph", "tna", "car", "ood", "crn", "fra", "tac", "mig", "mie", "qvh", "cab", "srq", "lbj", "cao", "naq", "mxt", "oym", "dgz", "hun", "ewe", "mzh", "hau", "nhx", "mks", "sja", "pma", "fin", "ncl", "swh", "jpn", "ncj", "pes", "ctp", "ter", "tuo", "btx", "hin", "tue", "tur", "gub", "sue", "cbc", "nhg", "laj", "kpw", "cco", "eus", "ese", "amp", "too", "snn", "tzj", "djk", "spp", "pao", "zul", "mbc", "esu", "mcb", "khm", "miz", "coe", "yaa", "ses", "urb"], "lang_embeds_length": 129, "lang_length": 129}, "dev": {"report": {"0": {"precision": 1.0, "recall": 1.0, "f1-score": 1.0, "support": 7}, "1": {"precision": 1.0, "recall": 1.0, "f1-score": 1.0, "support": 2}, "2": {"precision": 1.0, "recall": 1.0, "f1-score": 1.0, "support": 2}, "3": {"precision": 1.0, "recall": 1.0, "f1-score": 1.0, "support": 2}, "accuracy": 1.0, "macro avg": {"precision": 1.0, "recall": 1.0, "f1-score": 1.0, "support": 13}, "weighted avg": {"precision": 1.0, "recall": 1.0, "f1-score": 1.0, "support": 13}}, "loss": "0.47782996", "lang_embeds": ["nuy", "niy", "nav", "tsz", "djk", "mam", "naq", "plt", "tue", "ape", "ncl", "ibo", "car"], "lang_embeds_length": 13, "lang_length": 13}, "test": {"report": {"0": {"precision": 0.125, "recall": 0.25, "f1-score": 0.16666666666666666, "support": 4}, "1": {"precision": 0.0, "recall": 0.0, "f1-score": 0.0, "support": 5}, "2": {"precision": 0.0, "recall": 0.0, "f1-score": 0.0, "support": 0}, "3": {"precision": 0.0, "recall": 0.0, "f1-score": 0.0, "support": 3}, "4": {"precision": 0.0, "recall": 0.0, "f1-score": 0.0, "support": 1}, "5": {"precision": 0.0, "recall": 0.0, "f1-score": 0.0, "support": 1}, "accuracy": 0.07142857142857142, "macro avg": {"precision": 0.020833333333333332, "recall": 0.041666666666666664, "f1-score": 0.027777777777777776, "support": 14}, "weighted avg": {"precision": 0.03571428571428571, "recall": 0.07142857142857142, "f1-score": 0.047619047619047616, "support": 14}}, "acc": 0.0714285746216774, "lang_embeds": ["arn", "ron", "nld", "nep", "kmr", "lit", "kgp", "che", "bre", "bul", "lav", "swe", "tam", "gle"], "lang_embeds_length": 14, "lang_length": 14}, "test_zs": {"report": {"0": {"precision": 0.0, "recall": 0.0, "f1-score": 0.0, "support": 4}, "1": {"precision": 0.0, "recall": 0.0, "f1-score": 0.0, "support": 5}, "3": {"precision": 0.0, "recall": 0.0, "f1-score": 0.0, "support": 3}, "4": {"precision": 0.0, "recall": 0.0, "f1-score": 0.0, "support": 1}, "5": {"precision": 0.07142857142857142, "recall": 1.0, "f1-score": 0.13333333333333333, "support": 1}, "accuracy": 0.07142857142857142, "macro avg": {"precision": 0.014285714285714285, "recall": 0.2, "f1-score": 0.026666666666666665, "support": 14}, "weighted avg": {"precision": 0.00510204081632653, "recall": 0.07142857142857142, "f1-score": 0.009523809523809523, "support": 14}}, "acc": 0.0714285746216774, "lang_embeds": [], "lang_embeds_length": 0, "lang_length": 14}}