{"feature_name": "Gender_Distinctions_in_Independent_Personal_Pronouns", "feature_id": "44A", "epoch": 0, "train": {"report": {"0": {"precision": 0.871244635193133, "recall": 0.7574626865671642, "f1-score": 0.810379241516966, "support": 268}, "1": {"precision": 0.6875, "recall": 0.6376811594202898, "f1-score": 0.6616541353383458, "support": 69}, "2": {"precision": 0.5, "recall": 0.47058823529411764, "f1-score": 0.48484848484848486, "support": 51}, "3": {"precision": 0.3125, "recall": 0.5882352941176471, "f1-score": 0.40816326530612246, "support": 17}, "4": {"precision": 0.0, "recall": 0.0, "f1-score": 0.0, "support": 0}, "5": {"precision": 0.0, "recall": 0.0, "f1-score": 0.0, "support": 0}, "accuracy": 0.6938271604938272, "macro avg": {"precision": 0.39520743919885554, "recall": 0.4089945625665365, "f1-score": 0.39417418783498653, "support": 405}, "weighted avg": {"precision": 0.7697371906957029, "recall": 0.6938271604938272, "f1-score": 0.7271649884009126, "support": 405}}, "loss": "1.02587", "lang_embeds": ["nav", "cav", "ntp", "trc", "ind", "sll", "snf", "kaq", "sag", "ell", "ibo", "spl", "nak", "shp", "tcs", "qvi", "plt", "fub", "aey", "apu", "auc", "dow", "kwi", "hix", "fij", "lif", "yad", "yor", "jic", "yaq", "kor", "niy", "ape", "mya", "rus", "pad", "plu", "tgl", "vie", "mri", "wnu", "ote", "cbu", "poe", "cub", "nuy", "lhu", "tsz", "adz", "yle", "deu", "zab", "khk", "ame", "cle", "tnc", "spa", "crh", "pam", "gym", "bsn", "tbo", "mbj", "mph", "yss", "car", "crn", "fra", "bzd", "mig", "avt", "mfe", "lbj", "cao", "naq", "dgz", "ewe", "hun", "mzh", "hau", "sja", "pma", "fin", "swh", "jpn", "nas", "pes", "miq", "btx", "hin", "nab", "tur", "sue", "nhg", "laj", "kpw", "eus", "amp", "yva", "tzj", "amh", "xuo", "djk", "spp", "srm", "tfr", "zul", "mbc", "esu", "khm", "ndo", "ses", "urb"], "lang_embeds_length": 113, "lang_length": 113}, "dev": {"report": {"0": {"precision": 1.0, "recall": 1.0, "f1-score": 1.0, "support": 8}, "3": {"precision": 1.0, "recall": 1.0, "f1-score": 1.0, "support": 3}, "accuracy": 1.0, "macro avg": {"precision": 1.0, "recall": 1.0, "f1-score": 1.0, "support": 11}, "weighted avg": {"precision": 1.0, "recall": 1.0, "f1-score": 1.0, "support": 11}}, "loss": "0.3569981", "lang_embeds": ["amh", "nhg", "nuy", "ame", "sja", "lhu", "niy", "naq", "plt", "lif", "mfe"], "lang_embeds_length": 11, "lang_length": 11}, "test": {"report": {"0": {"precision": 0.5, "recall": 0.8333333333333334, "f1-score": 0.625, "support": 6}, "1": {"precision": 0.0, "recall": 0.0, "f1-score": 0.0, "support": 4}, "2": {"precision": 1.0, "recall": 0.5, "f1-score": 0.6666666666666666, "support": 2}, "accuracy": 0.5, "macro avg": {"precision": 0.5, "recall": 0.4444444444444445, "f1-score": 0.4305555555555555, "support": 12}, "weighted avg": {"precision": 0.4166666666666667, "recall": 0.5, "f1-score": 0.4236111111111111, "support": 12}}, "acc": 0.5, "lang_embeds": ["tha", "arn", "nld", "smo", "hye", "pol", "lus", "ita", "lav", "cym", "ckb", "gle"], "lang_embeds_length": 12, "lang_length": 12}, "test_zs": {"report": {"0": {"precision": 0.0, "recall": 0.0, "f1-score": 0.0, "support": 6}, "1": {"precision": 0.0, "recall": 0.0, "f1-score": 0.0, "support": 4}, "2": {"precision": 0.16666666666666666, "recall": 1.0, "f1-score": 0.2857142857142857, "support": 2}, "accuracy": 0.16666666666666666, "macro avg": {"precision": 0.05555555555555555, "recall": 0.3333333333333333, "f1-score": 0.09523809523809523, "support": 12}, "weighted avg": {"precision": 0.027777777777777776, "recall": 0.16666666666666666, "f1-score": 0.047619047619047616, "support": 12}}, "acc": 0.1666666716337204, "lang_embeds": [], "lang_embeds_length": 0, "lang_length": 12}}