{"feature_name": "Person_Marking_on_Adpositions", "feature_id": "48A", "epoch": 0, "train": {"report": {"0": {"precision": 0.6153846153846154, "recall": 0.625, "f1-score": 0.6201550387596899, "support": 64}, "1": {"precision": 0.20833333333333334, "recall": 0.2, "f1-score": 0.20408163265306126, "support": 25}, "2": {"precision": 0.16666666666666666, "recall": 0.14285714285714285, "f1-score": 0.15384615384615383, "support": 7}, "3": {"precision": 0.1111111111111111, "recall": 0.125, "f1-score": 0.11764705882352941, "support": 8}, "accuracy": 0.4519230769230769, "macro avg": {"precision": 0.27537393162393164, "recall": 0.2732142857142857, "f1-score": 0.2739324710206086, "support": 104}, "weighted avg": {"precision": 0.44854331032215644, "recall": 0.4519230769230769, "f1-score": 0.45009675811978844, "support": 104}}, "loss": "2.7912843", "lang_embeds": [], "lang_embeds_length": 0, "lang_length": 104}, "dev": {"report": {"0": {"precision": 0.5833333333333334, "recall": 1.0, "f1-score": 0.7368421052631579, "support": 7}, "1": {"precision": 0.0, "recall": 0.0, "f1-score": 0.0, "support": 4}, "3": {"precision": 0.0, "recall": 0.0, "f1-score": 0.0, "support": 1}, "accuracy": 0.5833333333333334, "macro avg": {"precision": 0.19444444444444445, "recall": 0.3333333333333333, "f1-score": 0.24561403508771928, "support": 12}, "weighted avg": {"precision": 0.34027777777777785, "recall": 0.5833333333333334, "f1-score": 0.4298245614035088, "support": 12}}, "loss": "0.9534211", "lang_embeds": [], "lang_embeds_length": 0, "lang_length": 12}, "test": {"report": {"0": {"precision": 0.7272727272727273, "recall": 1.0, "f1-score": 0.8421052631578948, "support": 8}, "1": {"precision": 0.0, "recall": 0.0, "f1-score": 0.0, "support": 3}, "accuracy": 0.7272727272727273, "macro avg": {"precision": 0.36363636363636365, "recall": 0.5, "f1-score": 0.4210526315789474, "support": 11}, "weighted avg": {"precision": 0.5289256198347108, "recall": 0.7272727272727273, "f1-score": 0.6124401913875599, "support": 11}}, "acc": 0.7272727489471436, "lang_embeds": [], "lang_embeds_length": 0, "lang_length": 11}, "test_zs": {"report": {"0": {"precision": 0.7272727272727273, "recall": 1.0, "f1-score": 0.8421052631578948, "support": 8}, "1": {"precision": 0.0, "recall": 0.0, "f1-score": 0.0, "support": 3}, "accuracy": 0.7272727272727273, "macro avg": {"precision": 0.36363636363636365, "recall": 0.5, "f1-score": 0.4210526315789474, "support": 11}, "weighted avg": {"precision": 0.5289256198347108, "recall": 0.7272727272727273, "f1-score": 0.6124401913875599, "support": 11}}, "acc": 0.7272727489471436, "lang_embeds": [], "lang_embeds_length": 0, "lang_length": 11}}