{"feature_name": "Order_of_Subject_and_Verb", "feature_id": "82A", "epoch": 0, "train": {"report": {"0": {"precision": 0.7476722532588455, "recall": 0.9474926253687316, "f1-score": 0.8358053603955243, "support": 1695}, "1": {"precision": 0.24107142857142858, "recall": 0.06221198156682028, "f1-score": 0.09890109890109891, "support": 434}, "2": {"precision": 0.1, "recall": 0.013245033112582781, "f1-score": 0.023391812865497075, "support": 151}, "accuracy": 0.7171052631578947, "macro avg": {"precision": 0.36291456061009136, "recall": 0.3409832133493782, "f1-score": 0.31936609072070676, "support": 2280}, "weighted avg": {"precision": 0.6083462584533961, "recall": 0.7171052631578947, "f1-score": 0.6417304063755178, "support": 2280}}, "loss": "0.9535732", "lang_embeds": [], "lang_embeds_length": 0, "lang_length": 362}, "dev": {"report": {"0": {"precision": 0.8611111111111112, "recall": 1.0, "f1-score": 0.9253731343283582, "support": 31}, "1": {"precision": 0.0, "recall": 0.0, "f1-score": 0.0, "support": 4}, "2": {"precision": 0.0, "recall": 0.0, "f1-score": 0.0, "support": 1}, "accuracy": 0.8611111111111112, "macro avg": {"precision": 0.28703703703703703, "recall": 0.3333333333333333, "f1-score": 0.30845771144278605, "support": 36}, "weighted avg": {"precision": 0.7415123456790124, "recall": 0.8611111111111112, "f1-score": 0.7968490878938641, "support": 36}}, "loss": "0.5047565", "lang_embeds": [], "lang_embeds_length": 0, "lang_length": 36}, "test": {"report": {"0": {"precision": 0.6842105263157895, "recall": 1.0, "f1-score": 0.8125000000000001, "support": 26}, "1": {"precision": 0.0, "recall": 0.0, "f1-score": 0.0, "support": 7}, "2": {"precision": 0.0, "recall": 0.0, "f1-score": 0.0, "support": 5}, "accuracy": 0.6842105263157895, "macro avg": {"precision": 0.2280701754385965, "recall": 0.3333333333333333, "f1-score": 0.27083333333333337, "support": 38}, "weighted avg": {"precision": 0.46814404432132967, "recall": 0.6842105263157895, "f1-score": 0.5559210526315791, "support": 38}}, "acc": 0.6842105388641357, "lang_embeds": [], "lang_embeds_length": 0, "lang_length": 38}, "test_zs": {"report": {"0": {"precision": 0.6842105263157895, "recall": 1.0, "f1-score": 0.8125000000000001, "support": 26}, "1": {"precision": 0.0, "recall": 0.0, "f1-score": 0.0, "support": 7}, "2": {"precision": 0.0, "recall": 0.0, "f1-score": 0.0, "support": 5}, "accuracy": 0.6842105263157895, "macro avg": {"precision": 0.2280701754385965, "recall": 0.3333333333333333, "f1-score": 0.27083333333333337, "support": 38}, "weighted avg": {"precision": 0.46814404432132967, "recall": 0.6842105263157895, "f1-score": 0.5559210526315791, "support": 38}}, "acc": 0.6842105388641357, "lang_embeds": [], "lang_embeds_length": 0, "lang_length": 38}}