{"feature_name": "Antipassive_Constructions", "feature_id": "108A", "epoch": 0, "train": {"report": {"0": {"precision": 0.9102564102564102, "recall": 0.6761904761904762, "f1-score": 0.7759562841530054, "support": 105}, "1": {"precision": 0.1, "recall": 0.25, "f1-score": 0.14285714285714288, "support": 8}, "2": {"precision": 0.22727272727272727, "recall": 0.7142857142857143, "f1-score": 0.3448275862068965, "support": 7}, "accuracy": 0.65, "macro avg": {"precision": 0.4125097125097125, "recall": 0.5468253968253968, "f1-score": 0.42121367107234825, "support": 120}, "weighted avg": {"precision": 0.8163986013986014, "recall": 0.65, "f1-score": 0.7086005006864248, "support": 120}}, "loss": "0.902635", "lang_embeds": ["fra", "hin", "vie", "mri", "mig", "tur", "wnu", "ote", "ind", "sag", "ell", "ibo", "cak", "sue", "shp", "nuy", "kpw", "laj", "naq", "nya", "qvi", "eus", "plt", "dgz", "aey", "amp", "mam", "apu", "kjh", "ewe", "hun", "btx", "mzh", "tzj", "deu", "khk", "kwi", "hau", "hix", "tha", "sja", "fij", "djk", "pma", "fin", "spp", "yad", "yor", "swh", "spa", "cnh", "zul", "pam", "jpn", "yaq", "bsn", "kor", "mbc", "esu", "pes", "ape", "mya", "rus", "mph", "ses", "pad", "tgl"], "lang_embeds_length": 67, "lang_length": 67}, "dev": {"report": {"0": {"precision": 1.0, "recall": 1.0, "f1-score": 1.0, "support": 6}, "2": {"precision": 1.0, "recall": 1.0, "f1-score": 1.0, "support": 1}, "accuracy": 1.0, "macro avg": {"precision": 1.0, "recall": 1.0, "f1-score": 1.0, "support": 7}, "weighted avg": {"precision": 1.0, "recall": 1.0, "f1-score": 1.0, "support": 7}}, "loss": "0.24925263", "lang_embeds": ["mbc", "wnu", "yor", "btx", "zul", "pam", "khk"], "lang_embeds_length": 7, "lang_length": 7}, "test": {"report": {"0": {"precision": 1.0, "recall": 0.5714285714285714, "f1-score": 0.7272727272727273, "support": 7}, "1": {"precision": 0.0, "recall": 0.0, "f1-score": 0.0, "support": 1}, "2": {"precision": 0.0, "recall": 0.0, "f1-score": 0.0, "support": 0}, "accuracy": 0.5, "macro avg": {"precision": 0.3333333333333333, "recall": 0.19047619047619047, "f1-score": 0.24242424242424243, "support": 8}, "weighted avg": {"precision": 0.875, "recall": 0.5, "f1-score": 0.6363636363636364, "support": 8}}, "acc": 0.5, "lang_embeds": ["arn", "smo", "hye", "ukr", "gla", "che", "lav", "tam"], "lang_embeds_length": 8, "lang_length": 8}, "test_zs": {"report": {"0": {"precision": 0.0, "recall": 0.0, "f1-score": 0.0, "support": 7.0}, "1": {"precision": 0.0, "recall": 0.0, "f1-score": 0.0, "support": 1.0}, "2": {"precision": 0.0, "recall": 0.0, "f1-score": 0.0, "support": 0.0}, "accuracy": 0.0, "macro avg": {"precision": 0.0, "recall": 0.0, "f1-score": 0.0, "support": 8.0}, "weighted avg": {"precision": 0.0, "recall": 0.0, "f1-score": 0.0, "support": 8.0}}, "acc": 0.0, "lang_embeds": [], "lang_embeds_length": 0, "lang_length": 8}}