{"feature_name": "Obligatory_Double_Negation", "feature_id": "143B", "epoch": 0, "train": {"report": {"0": {"precision": 0.23529411764705882, "recall": 0.21052631578947367, "f1-score": 0.2222222222222222, "support": 38}, "1": {"precision": 0.25, "recall": 0.047619047619047616, "f1-score": 0.08, "support": 21}, "2": {"precision": 0.3076923076923077, "recall": 0.5, "f1-score": 0.380952380952381, "support": 48}, "4": {"precision": 0.0, "recall": 0.0, "f1-score": 0.0, "support": 10}, "6": {"precision": 0.0, "recall": 0.0, "f1-score": 0.0, "support": 0}, "7": {"precision": 0.0, "recall": 0.0, "f1-score": 0.0, "support": 5}, "8": {"precision": 0.0, "recall": 0.0, "f1-score": 0.0, "support": 0}, "9": {"precision": 0.0, "recall": 0.0, "f1-score": 0.0, "support": 5}, "11": {"precision": 0.0, "recall": 0.0, "f1-score": 0.0, "support": 0}, "12": {"precision": 0.0, "recall": 0.0, "f1-score": 0.0, "support": 0}, "13": {"precision": 0.0, "recall": 0.0, "f1-score": 0.0, "support": 6}, "accuracy": 0.24812030075187969, "macro avg": {"precision": 0.07208967503085151, "recall": 0.06892230576441104, "f1-score": 0.06210678210678211, "support": 133}, "weighted avg": {"precision": 0.217747422855782, "recall": 0.24812030075187969, "f1-score": 0.2136102160162311, "support": 133}}, "loss": "2.5668733", "lang_embeds": [], "lang_embeds_length": 0, "lang_length": 25}, "dev": {"report": {"1": {"precision": 0.0, "recall": 0.0, "f1-score": 0.0, "support": 1}, "2": {"precision": 0.5, "recall": 1.0, "f1-score": 0.6666666666666666, "support": 1}, "accuracy": 0.5, "macro avg": {"precision": 0.25, "recall": 0.5, "f1-score": 0.3333333333333333, "support": 2}, "weighted avg": {"precision": 0.25, "recall": 0.5, "f1-score": 0.3333333333333333, "support": 2}}, "loss": "1.619011", "lang_embeds": [], "lang_embeds_length": 0, "lang_length": 2}, "test": {"report": {"1": {"precision": 0.0, "recall": 0.0, "f1-score": 0.0, "support": 1.0}, "2": {"precision": 0.0, "recall": 0.0, "f1-score": 0.0, "support": 0.0}, "3": {"precision": 0.0, "recall": 0.0, "f1-score": 0.0, "support": 1.0}, "12": {"precision": 0.0, "recall": 0.0, "f1-score": 0.0, "support": 1.0}, "accuracy": 0.0, "macro avg": {"precision": 0.0, "recall": 0.0, "f1-score": 0.0, "support": 3.0}, "weighted avg": {"precision": 0.0, "recall": 0.0, "f1-score": 0.0, "support": 3.0}}, "acc": 0.0, "lang_embeds": [], "lang_embeds_length": 0, "lang_length": 3}, "test_zs": {"report": {"1": {"precision": 0.0, "recall": 0.0, "f1-score": 0.0, "support": 1.0}, "2": {"precision": 0.0, "recall": 0.0, "f1-score": 0.0, "support": 0.0}, "3": {"precision": 0.0, "recall": 0.0, "f1-score": 0.0, "support": 1.0}, "12": {"precision": 0.0, "recall": 0.0, "f1-score": 0.0, "support": 1.0}, "accuracy": 0.0, "macro avg": {"precision": 0.0, "recall": 0.0, "f1-score": 0.0, "support": 3.0}, "weighted avg": {"precision": 0.0, "recall": 0.0, "f1-score": 0.0, "support": 3.0}}, "acc": 0.0, "lang_embeds": [], "lang_embeds_length": 0, "lang_length": 3}}