{"feature_name": "Perfective/Imperfective_Aspect", "feature_id": "65A", "epoch": 0, "train": {"report": {"0": {"precision": 0.861878453038674, "recall": 0.8041237113402062, "f1-score": 0.832, "support": 194}, "1": {"precision": 0.8051282051282052, "recall": 0.8626373626373627, "f1-score": 0.8328912466843502, "support": 182}, "accuracy": 0.8324468085106383, "macro avg": {"precision": 0.8335033290834396, "recall": 0.8333805369887844, "f1-score": 0.8324456233421751, "support": 376}, "weighted avg": {"precision": 0.8344089181458406, "recall": 0.8324468085106383, "f1-score": 0.8324314013206163, "support": 376}}, "loss": "0.44234127", "lang_embeds": ["ind", "sag", "ell", "nak", "kdh", "qvi", "plt", "aey", "apu", "tha", "kwi", "hix", "fij", "yua", "yad", "yor", "cnh", "afr", "yaq", "kor", "ape", "mya", "sot", "rus", "tam", "tgl", "arn", "vie", "mri", "hla", "lhu", "deu", "khk", "toj", "hwc", "hye", "spa", "lav", "gym", "bsn", "mph", "yss", "ood", "fra", "ceb", "mig", "cab", "pag", "cao", "naq", "dgz", "ewe", "hun", "som", "mzh", "sba", "hau", "quh", "upv", "fin", "caq", "swh", "jpn", "pes", "uig", "tuo", "bul", "hin", "jiv", "tur", "sue", "laj", "eus", "amp", "amh", "ons", "aeb", "spp", "cpa", "zul", "khm", "gvn", "byx", "ses"], "lang_embeds_length": 84, "lang_length": 84}, "dev": {"report": {"0": {"precision": 1.0, "recall": 1.0, "f1-score": 1.0, "support": 6}, "1": {"precision": 1.0, "recall": 1.0, "f1-score": 1.0, "support": 2}, "accuracy": 1.0, "macro avg": {"precision": 1.0, "recall": 1.0, "f1-score": 1.0, "support": 8}, "weighted avg": {"precision": 1.0, "recall": 1.0, "f1-score": 1.0, "support": 8}}, "loss": "0.15549445", "lang_embeds": ["quh", "hwc", "jiv", "ses", "gvn", "apu", "sag", "afr"], "lang_embeds_length": 8, "lang_length": 8}, "test": {"report": {"0": {"precision": 0.75, "recall": 0.6, "f1-score": 0.6666666666666665, "support": 5}, "1": {"precision": 0.6, "recall": 0.75, "f1-score": 0.6666666666666665, "support": 4}, "accuracy": 0.6666666666666666, "macro avg": {"precision": 0.675, "recall": 0.675, "f1-score": 0.6666666666666665, "support": 9}, "weighted avg": {"precision": 0.6833333333333333, "recall": 0.6666666666666666, "f1-score": 0.6666666666666665, "support": 9}}, "acc": 0.6666666865348816, "lang_embeds": ["ron", "kmr", "ben", "mai", "por", "kik", "lug", "jav", "swe"], "lang_embeds_length": 9, "lang_length": 9}, "test_zs": {"report": {"0": {"precision": 0.5555555555555556, "recall": 1.0, "f1-score": 0.7142857142857143, "support": 5}, "1": {"precision": 0.0, "recall": 0.0, "f1-score": 0.0, "support": 4}, "accuracy": 0.5555555555555556, "macro avg": {"precision": 0.2777777777777778, "recall": 0.5, "f1-score": 0.35714285714285715, "support": 9}, "weighted avg": {"precision": 0.30864197530864196, "recall": 0.5555555555555556, "f1-score": 0.39682539682539686, "support": 9}}, "acc": 0.5555555820465088, "lang_embeds": [], "lang_embeds_length": 0, "lang_length": 9}}