{"feature_name": "Reason_Clauses", "feature_id": "127A", "epoch": 0, "train": {"report": {"0": {"precision": 0.7619047619047619, "recall": 0.7111111111111111, "f1-score": 0.735632183908046, "support": 90}, "1": {"precision": 0.4444444444444444, "recall": 0.5333333333333333, "f1-score": 0.4848484848484848, "support": 30}, "2": {"precision": 0.42424242424242425, "recall": 0.42424242424242425, "f1-score": 0.4242424242424243, "support": 33}, "accuracy": 0.6143790849673203, "macro avg": {"precision": 0.5435305435305435, "recall": 0.5562289562289563, "f1-score": 0.5482410309996517, "support": 153}, "weighted avg": {"precision": 0.6268285091814503, "recall": 0.6143790849673203, "f1-score": 0.6192964123998607, "support": 153}}, "loss": "0.91815466", "lang_embeds": ["fra", "hin", "mri", "mig", "tur", "ind", "ote", "qvh", "snf", "sag", "ell", "ibo", "nhg", "kpw", "laj", "naq", "fub", "eus", "plt", "aey", "amp", "oym", "apu", "ewe", "hun", "som", "tzj", "deu", "hau", "kwi", "hix", "sja", "cle", "djk", "tnc", "fin", "spp", "yad", "lif", "spa", "yor", "zul", "emp", "jpn", "yaq", "bsn", "kor", "nmf", "esu", "niy", "snc", "pes", "rus", "btx", "urb", "pad", "tgl"], "lang_embeds_length": 57, "lang_length": 57}, "dev": {"report": {"0": {"precision": 1.0, "recall": 1.0, "f1-score": 1.0, "support": 3}, "1": {"precision": 1.0, "recall": 1.0, "f1-score": 1.0, "support": 3}, "accuracy": 1.0, "macro avg": {"precision": 1.0, "recall": 1.0, "f1-score": 1.0, "support": 6}, "weighted avg": {"precision": 1.0, "recall": 1.0, "f1-score": 1.0, "support": 6}}, "loss": "0.41797972", "lang_embeds": ["hix", "tnc", "ote", "emp", "yaq", "pad"], "lang_embeds_length": 6, "lang_length": 6}, "test": {"report": {"0": {"precision": 0.25, "recall": 0.5, "f1-score": 0.3333333333333333, "support": 2}, "1": {"precision": 0.0, "recall": 0.0, "f1-score": 0.0, "support": 1}, "2": {"precision": 0.0, "recall": 0.0, "f1-score": 0.0, "support": 3}, "accuracy": 0.16666666666666666, "macro avg": {"precision": 0.08333333333333333, "recall": 0.16666666666666666, "f1-score": 0.1111111111111111, "support": 6}, "weighted avg": {"precision": 0.08333333333333333, "recall": 0.16666666666666666, "f1-score": 0.1111111111111111, "support": 6}}, "acc": 0.1666666716337204, "lang_embeds": ["arn", "fij", "vie", "ita", "tam", "gle"], "lang_embeds_length": 6, "lang_length": 6}, "test_zs": {"report": {"0": {"precision": 0.0, "recall": 0.0, "f1-score": 0.0, "support": 2}, "1": {"precision": 0.16666666666666666, "recall": 1.0, "f1-score": 0.2857142857142857, "support": 1}, "2": {"precision": 0.0, "recall": 0.0, "f1-score": 0.0, "support": 3}, "accuracy": 0.16666666666666666, "macro avg": {"precision": 0.05555555555555555, "recall": 0.3333333333333333, "f1-score": 0.09523809523809523, "support": 6}, "weighted avg": {"precision": 0.027777777777777776, "recall": 0.16666666666666666, "f1-score": 0.047619047619047616, "support": 6}}, "acc": 0.1666666716337204, "lang_embeds": [], "lang_embeds_length": 0, "lang_length": 6}}