{"feature_name": "SONegV_Order", "feature_id": "144R", "epoch": 0, "train": {"report": {"0": {"precision": 0.7905405405405406, "recall": 0.65, "f1-score": 0.7134146341463414, "support": 180}, "1": {"precision": 0.5853658536585366, "recall": 0.38095238095238093, "f1-score": 0.4615384615384615, "support": 63}, "2": {"precision": 0.3103448275862069, "recall": 0.4090909090909091, "f1-score": 0.35294117647058826, "support": 22}, "3": {"precision": 0.1111111111111111, "recall": 0.2222222222222222, "f1-score": 0.14814814814814814, "support": 9}, "4": {"precision": 0.07142857142857142, "recall": 0.16666666666666666, "f1-score": 0.1, "support": 6}, "5": {"precision": 0.07142857142857142, "recall": 0.5, "f1-score": 0.125, "support": 2}, "6": {"precision": 0.0, "recall": 0.0, "f1-score": 0.0, "support": 3}, "7": {"precision": 0.0, "recall": 0.0, "f1-score": 0.0, "support": 0}, "accuracy": 0.5403508771929825, "macro avg": {"precision": 0.24252743446919223, "recall": 0.29111652236652236, "f1-score": 0.23763030253794243, "support": 285}, "weighted avg": {"precision": 0.6581556521267026, "recall": 0.5403508771929825, "f1-score": 0.5875073559261431, "support": 285}}, "loss": "1.4576293", "lang_embeds": ["des", "nav", "hto", "sll", "hop", "shp", "azb", "qvi", "aey", "yon", "auc", "kwi", "tbc", "apw", "cnh", "yaq", "kor", "mcd", "niy", "nmf", "xsr", "mya", "yuj", "ssd", "gvf", "bqc", "wnu", "huu", "mjw", "cbu", "kyz", "lhu", "kms", "pbb", "geb", "cui", "snp", "apt", "yrb", "deu", "khk", "urd", "cbr", "tnc", "naf", "mhx", "apy", "kpx", "car", "kup", "njb", "kvn", "cap", "hch", "txu", "awb", "lbj", "naq", "sat", "oym", "dgz", "som", "nbc", "gbr", "sja", "mrg", "mpt", "jpn", "nas", "adi", "gah", "aau", "cbi", "mva", "pes", "miq", "uig", "cof", "usa", "hin", "pwg", "kue", "nab", "njo", "jiv", "tur", "tue", "tbg", "kpw", "trp", "viv", "eus", "ese", "amp", "opm", "agg", "amh", "spp", "pao", "tfr", "mbc", "snc", "yaa", "sbe", "ses", "urb"], "lang_embeds_length": 106, "lang_length": 106}, "dev": {"report": {"0": {"precision": 1.0, "recall": 1.0, "f1-score": 1.0, "support": 8}, "1": {"precision": 1.0, "recall": 1.0, "f1-score": 1.0, "support": 2}, "2": {"precision": 1.0, "recall": 1.0, "f1-score": 1.0, "support": 1}, "accuracy": 1.0, "macro avg": {"precision": 1.0, "recall": 1.0, "f1-score": 1.0, "support": 11}, "weighted avg": {"precision": 1.0, "recall": 1.0, "f1-score": 1.0, "support": 11}}, "loss": "0.47154742", "lang_embeds": ["niy", "kvn", "snc", "pes", "miq", "ese", "som", "cnh", "cbu", "yuj", "nas"], "lang_embeds_length": 11, "lang_length": 11}, "test": {"report": {"0": {"precision": 0.3333333333333333, "recall": 0.3333333333333333, "f1-score": 0.3333333333333333, "support": 6}, "1": {"precision": 0.0, "recall": 0.0, "f1-score": 0.0, "support": 2}, "2": {"precision": 0.5, "recall": 0.5, "f1-score": 0.5, "support": 2}, "3": {"precision": 0.0, "recall": 0.0, "f1-score": 0.0, "support": 0}, "7": {"precision": 0.0, "recall": 0.0, "f1-score": 0.0, "support": 1}, "accuracy": 0.2727272727272727, "macro avg": {"precision": 0.16666666666666666, "recall": 0.16666666666666666, "f1-score": 0.16666666666666666, "support": 11}, "weighted avg": {"precision": 0.2727272727272727, "recall": 0.2727272727272727, "f1-score": 0.2727272727272727, "support": 11}}, "acc": 0.27272728085517883, "lang_embeds": ["nld", "nep", "tyv", "ben", "hye", "kgp", "lus", "che", "tgk", "ckb", "tam"], "lang_embeds_length": 11, "lang_length": 11}, "test_zs": {"report": {"0": {"precision": 0.0, "recall": 0.0, "f1-score": 0.0, "support": 6.0}, "1": {"precision": 0.0, "recall": 0.0, "f1-score": 0.0, "support": 2.0}, "2": {"precision": 0.0, "recall": 0.0, "f1-score": 0.0, "support": 2.0}, "5": {"precision": 0.0, "recall": 0.0, "f1-score": 0.0, "support": 0.0}, "7": {"precision": 0.0, "recall": 0.0, "f1-score": 0.0, "support": 1.0}, "accuracy": 0.0, "macro avg": {"precision": 0.0, "recall": 0.0, "f1-score": 0.0, "support": 11.0}, "weighted avg": {"precision": 0.0, "recall": 0.0, "f1-score": 0.0, "support": 11.0}}, "acc": 0.0, "lang_embeds": [], "lang_embeds_length": 0, "lang_length": 11}}