{"feature_name": "Fusion_of_Selected_Inflectional_Formatives", "feature_id": "20A", "epoch": 0, "train": {"report": {"0": {"precision": 0.8933333333333333, "recall": 0.6320754716981132, "f1-score": 0.7403314917127072, "support": 106}, "1": {"precision": 0.5, "recall": 0.5625, "f1-score": 0.5294117647058824, "support": 16}, "2": {"precision": 0.23529411764705882, "recall": 0.8, "f1-score": 0.3636363636363636, "support": 5}, "3": {"precision": 0.0, "recall": 0.0, "f1-score": 0.0, "support": 0}, "4": {"precision": 0.0, "recall": 0.0, "f1-score": 0.0, "support": 3}, "5": {"precision": 0.0, "recall": 0.0, "f1-score": 0.0, "support": 0}, "6": {"precision": 0.0, "recall": 0.0, "f1-score": 0.0, "support": 2}, "accuracy": 0.6060606060606061, "macro avg": {"precision": 0.2326610644257703, "recall": 0.28493935309973045, "f1-score": 0.23333994572213615, "support": 132}, "weighted avg": {"precision": 0.7868924539512774, "recall": 0.6060606060606061, "f1-score": 0.6724538498107795, "support": 132}}, "loss": "1.2467651", "lang_embeds": ["fra", "nav", "nab", "mig", "mri", "tur", "ind", "ote", "chd", "sag", "ell", "shp", "lhu", "tsz", "laj", "naq", "qvi", "eus", "plt", "aey", "amp", "dgz", "apu", "hun", "mzh", "huv", "deu", "hau", "kwi", "hix", "khk", "sja", "fin", "yad", "spp", "yor", "swh", "spa", "cnh", "zul", "jpn", "yaq", "bsn", "kor", "pes", "ape", "rus", "mph", "tgl"], "lang_embeds_length": 49, "lang_length": 49}, "dev": {"report": {"0": {"precision": 1.0, "recall": 1.0, "f1-score": 1.0, "support": 3}, "2": {"precision": 1.0, "recall": 1.0, "f1-score": 1.0, "support": 1}, "6": {"precision": 1.0, "recall": 1.0, "f1-score": 1.0, "support": 1}, "accuracy": 1.0, "macro avg": {"precision": 1.0, "recall": 1.0, "f1-score": 1.0, "support": 5}, "weighted avg": {"precision": 1.0, "recall": 1.0, "f1-score": 1.0, "support": 5}}, "loss": "0.79169697", "lang_embeds": ["hix", "sja", "naq", "yad", "yor"], "lang_embeds_length": 5, "lang_length": 5}, "test": {"report": {"0": {"precision": 0.5, "recall": 0.6666666666666666, "f1-score": 0.5714285714285715, "support": 3}, "1": {"precision": 1.0, "recall": 0.5, "f1-score": 0.6666666666666666, "support": 2}, "2": {"precision": 0.0, "recall": 0.0, "f1-score": 0.0, "support": 1}, "4": {"precision": 0.0, "recall": 0.0, "f1-score": 0.0, "support": 0}, "accuracy": 0.5, "macro avg": {"precision": 0.375, "recall": 0.29166666666666663, "f1-score": 0.30952380952380953, "support": 6}, "weighted avg": {"precision": 0.5833333333333334, "recall": 0.5, "f1-score": 0.5079365079365079, "support": 6}}, "acc": 0.5, "lang_embeds": ["tha", "arn", "hin", "fij", "vie", "mya"], "lang_embeds_length": 6, "lang_length": 6}, "test_zs": {"report": {"0": {"precision": 0.0, "recall": 0.0, "f1-score": 0.0, "support": 3.0}, "1": {"precision": 0.0, "recall": 0.0, "f1-score": 0.0, "support": 2.0}, "2": {"precision": 0.0, "recall": 0.0, "f1-score": 0.0, "support": 1.0}, "6": {"precision": 0.0, "recall": 0.0, "f1-score": 0.0, "support": 0.0}, "accuracy": 0.0, "macro avg": {"precision": 0.0, "recall": 0.0, "f1-score": 0.0, "support": 6.0}, "weighted avg": {"precision": 0.0, "recall": 0.0, "f1-score": 0.0, "support": 6.0}}, "acc": 0.0, "lang_embeds": [], "lang_embeds_length": 0, "lang_length": 6}}