{"feature_name": "Intensifiers_and_Reflexive_Pronouns", "feature_id": "47A", "epoch": 0, "train": {"report": {"0": {"precision": 0.7452830188679245, "recall": 0.7117117117117117, "f1-score": 0.7281105990783409, "support": 111}, "1": {"precision": 0.7894736842105263, "recall": 0.8163265306122449, "f1-score": 0.802675585284281, "support": 147}, "accuracy": 0.7713178294573644, "macro avg": {"precision": 0.7673783515392254, "recall": 0.7640191211619782, "f1-score": 0.7653930921813109, "support": 258}, "weighted avg": {"precision": 0.7704614212142906, "recall": 0.7713178294573644, "f1-score": 0.7705953005212601, "support": 258}}, "loss": "0.49117032", "lang_embeds": ["fra", "ron", "nav", "arn", "hin", "kin", "vie", "mri", "mig", "tur", "ind", "ote", "wnu", "qvh", "ell", "tgl", "sue", "cub", "shp", "nhg", "nuy", "ven", "kpw", "laj", "lit", "eus", "plt", "aey", "amp", "nob", "apu", "sna", "hun", "ewe", "som", "deu", "khk", "amh", "kwi", "hix", "tha", "nld", "fij", "cle", "djk", "fin", "hye", "spp", "pol", "ses", "yor", "swh", "spa", "gle", "zul", "afr", "jpn", "yaq", "lav", "kor", "niy", "khm", "pes", "mya", "ita", "rus", "mph", "btx", "urb", "pad", "tam", "bul"], "lang_embeds_length": 72, "lang_length": 72}, "dev": {"report": {"0": {"precision": 1.0, "recall": 1.0, "f1-score": 1.0, "support": 3}, "1": {"precision": 1.0, "recall": 1.0, "f1-score": 1.0, "support": 4}, "accuracy": 1.0, "macro avg": {"precision": 1.0, "recall": 1.0, "f1-score": 1.0, "support": 7}, "weighted avg": {"precision": 1.0, "recall": 1.0, "f1-score": 1.0, "support": 7}}, "loss": "0.23973343", "lang_embeds": ["amh", "kwi", "khm", "amp", "pad", "cub", "shp"], "lang_embeds_length": 7, "lang_length": 7}, "test": {"report": {"0": {"precision": 0.5, "recall": 0.4, "f1-score": 0.4444444444444445, "support": 5}, "1": {"precision": 0.25, "recall": 0.3333333333333333, "f1-score": 0.28571428571428575, "support": 3}, "accuracy": 0.375, "macro avg": {"precision": 0.375, "recall": 0.3666666666666667, "f1-score": 0.3650793650793651, "support": 8}, "weighted avg": {"precision": 0.40625, "recall": 0.375, "f1-score": 0.38492063492063494, "support": 8}}, "acc": 0.375, "lang_embeds": ["dan", "ben", "slk", "lus", "por", "cym", "swe", "cat"], "lang_embeds_length": 8, "lang_length": 8}, "test_zs": {"report": {"0": {"precision": 0.0, "recall": 0.0, "f1-score": 0.0, "support": 5}, "1": {"precision": 0.375, "recall": 1.0, "f1-score": 0.5454545454545454, "support": 3}, "accuracy": 0.375, "macro avg": {"precision": 0.1875, "recall": 0.5, "f1-score": 0.2727272727272727, "support": 8}, "weighted avg": {"precision": 0.140625, "recall": 0.375, "f1-score": 0.20454545454545453, "support": 8}}, "acc": 0.375, "lang_embeds": [], "lang_embeds_length": 0, "lang_length": 8}}