{"feature_name": "Obligatory_Possessive_Inflection", "feature_id": "58A", "epoch": 0, "train": {"report": {"0": {"precision": 0.8719723183391004, "recall": 0.980544747081712, "f1-score": 0.923076923076923, "support": 257}, "1": {"precision": 0.16666666666666666, "recall": 0.02631578947368421, "f1-score": 0.045454545454545456, "support": 38}, "accuracy": 0.8576271186440678, "macro avg": {"precision": 0.5193194925028836, "recall": 0.5034302682776981, "f1-score": 0.4842657342657342, "support": 295}, "weighted avg": {"precision": 0.7811193869372276, "recall": 0.8576271186440678, "f1-score": 0.8100272608747184, "support": 295}}, "loss": "0.7369426", "lang_embeds": [], "lang_embeds_length": 0, "lang_length": 66}, "dev": {"report": {"0": {"precision": 1.0, "recall": 1.0, "f1-score": 1.0, "support": 7}, "accuracy": 1.0, "macro avg": {"precision": 1.0, "recall": 1.0, "f1-score": 1.0, "support": 7}, "weighted avg": {"precision": 1.0, "recall": 1.0, "f1-score": 1.0, "support": 7}}, "loss": "0.036486242", "lang_embeds": [], "lang_embeds_length": 0, "lang_length": 7}, "test": {"report": {"0": {"precision": 1.0, "recall": 1.0, "f1-score": 1.0, "support": 7}, "accuracy": 1.0, "macro avg": {"precision": 1.0, "recall": 1.0, "f1-score": 1.0, "support": 7}, "weighted avg": {"precision": 1.0, "recall": 1.0, "f1-score": 1.0, "support": 7}}, "acc": 1.0, "lang_embeds": [], "lang_embeds_length": 0, "lang_length": 7}, "test_zs": {"report": {"0": {"precision": 1.0, "recall": 1.0, "f1-score": 1.0, "support": 7}, "accuracy": 1.0, "macro avg": {"precision": 1.0, "recall": 1.0, "f1-score": 1.0, "support": 7}, "weighted avg": {"precision": 1.0, "recall": 1.0, "f1-score": 1.0, "support": 7}}, "acc": 1.0, "lang_embeds": [], "lang_embeds_length": 0, "lang_length": 7}}