{"feature_name": "Applicative_Constructions", "feature_id": "109A", "epoch": 0, "train": {"report": {"0": {"precision": 0.6418918918918919, "recall": 0.7949790794979079, "f1-score": 0.7102803738317758, "support": 239}, "1": {"precision": 0.34782608695652173, "recall": 0.3404255319148936, "f1-score": 0.3440860215053763, "support": 94}, "2": {"precision": 0.0, "recall": 0.0, "f1-score": 0.0, "support": 31}, "3": {"precision": 0.5, "recall": 0.05555555555555555, "f1-score": 0.09999999999999999, "support": 18}, "4": {"precision": 0.0, "recall": 0.0, "f1-score": 0.0, "support": 7}, "5": {"precision": 0.0, "recall": 0.0, "f1-score": 0.0, "support": 0}, "6": {"precision": 0.0, "recall": 0.0, "f1-score": 0.0, "support": 7}, "accuracy": 0.5631313131313131, "macro avg": {"precision": 0.21281685412120194, "recall": 0.1701371667097653, "f1-score": 0.16490948504816458, "support": 396}, "weighted avg": {"precision": 0.4926965008486747, "recall": 0.5631313131313131, "f1-score": 0.5149017559780298, "support": 396}}, "loss": "1.6563721", "lang_embeds": [], "lang_embeds_length": 0, "lang_length": 63}, "dev": {"report": {"0": {"precision": 0.8333333333333334, "recall": 1.0, "f1-score": 0.9090909090909091, "support": 5}, "1": {"precision": 0.0, "recall": 0.0, "f1-score": 0.0, "support": 1}, "accuracy": 0.8333333333333334, "macro avg": {"precision": 0.4166666666666667, "recall": 0.5, "f1-score": 0.45454545454545453, "support": 6}, "weighted avg": {"precision": 0.6944444444444445, "recall": 0.8333333333333334, "f1-score": 0.7575757575757575, "support": 6}}, "loss": "0.6771684", "lang_embeds": [], "lang_embeds_length": 0, "lang_length": 6}, "test": {"report": {"0": {"precision": 1.0, "recall": 1.0, "f1-score": 1.0, "support": 7}, "accuracy": 1.0, "macro avg": {"precision": 1.0, "recall": 1.0, "f1-score": 1.0, "support": 7}, "weighted avg": {"precision": 1.0, "recall": 1.0, "f1-score": 1.0, "support": 7}}, "acc": 1.0, "lang_embeds": [], "lang_embeds_length": 0, "lang_length": 7}, "test_zs": {"report": {"0": {"precision": 1.0, "recall": 1.0, "f1-score": 1.0, "support": 7}, "accuracy": 1.0, "macro avg": {"precision": 1.0, "recall": 1.0, "f1-score": 1.0, "support": 7}, "weighted avg": {"precision": 1.0, "recall": 1.0, "f1-score": 1.0, "support": 7}}, "acc": 1.0, "lang_embeds": [], "lang_embeds_length": 0, "lang_length": 7}}