{"feature_name": "Passive_Constructions", "feature_id": "107A", "epoch": 0, "train": {"report": {"0": {"precision": 0.7333333333333333, "recall": 0.7756410256410257, "f1-score": 0.7538940809968847, "support": 156}, "1": {"precision": 0.7348484848484849, "recall": 0.6879432624113475, "f1-score": 0.7106227106227107, "support": 141}, "accuracy": 0.734006734006734, "macro avg": {"precision": 0.7340909090909091, "recall": 0.7317921440261865, "f1-score": 0.7322583958097977, "support": 297}, "weighted avg": {"precision": 0.7340526476890112, "recall": 0.734006734006734, "f1-score": 0.7333511071828829, "support": 297}}, "loss": "0.5120884", "lang_embeds": ["nav", "cav", "ntp", "trc", "ind", "sll", "kaq", "snf", "sag", "ell", "ibo", "spl", "shp", "nak", "tcs", "qvi", "plt", "fub", "aey", "apu", "auc", "dow", "kwi", "hix", "fij", "lif", "yad", "yor", "jic", "yaq", "kor", "niy", "ape", "mya", "rus", "pad", "plu", "tgl", "vie", "mri", "wnu", "ote", "cbu", "poe", "cub", "nuy", "lhu", "tsz", "adz", "yle", "deu", "khk", "cle", "ame", "tnc", "spa", "crh", "pam", "gym", "bsn", "tbo", "mbj", "mph", "yss", "car", "crn", "fra", "bzd", "mig", "avt", "mfe", "lbj", "cao", "naq", "dgz", "ewe", "hun", "mzh", "hau", "sja", "pma", "fin", "swh", "jpn", "nas", "pes", "miq", "btx", "hin", "tur", "sue", "nhg", "laj", "kpw", "eus", "amp", "tzj", "amh", "djk", "spp", "srm", "tfr", "zul", "mbc", "esu", "khm", "ndo", "myb", "ses", "urb"], "lang_embeds_length": 110, "lang_length": 110}, "dev": {"report": {"0": {"precision": 1.0, "recall": 1.0, "f1-score": 1.0, "support": 9}, "1": {"precision": 1.0, "recall": 1.0, "f1-score": 1.0, "support": 2}, "accuracy": 1.0, "macro avg": {"precision": 1.0, "recall": 1.0, "f1-score": 1.0, "support": 11}, "weighted avg": {"precision": 1.0, "recall": 1.0, "f1-score": 1.0, "support": 11}}, "loss": "0.25368997", "lang_embeds": ["cav", "tsz", "laj", "shp", "amp", "ewe", "cbu", "yaq", "bsn", "cub", "nas"], "lang_embeds_length": 11, "lang_length": 11}, "test": {"report": {"0": {"precision": 0.3333333333333333, "recall": 0.5, "f1-score": 0.4, "support": 2}, "1": {"precision": 0.8888888888888888, "recall": 0.8, "f1-score": 0.8421052631578948, "support": 10}, "accuracy": 0.75, "macro avg": {"precision": 0.611111111111111, "recall": 0.65, "f1-score": 0.6210526315789474, "support": 12}, "weighted avg": {"precision": 0.7962962962962963, "recall": 0.75, "f1-score": 0.7684210526315791, "support": 12}}, "acc": 0.75, "lang_embeds": ["tha", "arn", "nld", "smo", "hye", "pol", "lus", "ita", "lav", "cym", "ckb", "gle"], "lang_embeds_length": 12, "lang_length": 12}, "test_zs": {"report": {"0": {"precision": 0.16666666666666666, "recall": 1.0, "f1-score": 0.2857142857142857, "support": 2}, "1": {"precision": 0.0, "recall": 0.0, "f1-score": 0.0, "support": 10}, "accuracy": 0.16666666666666666, "macro avg": {"precision": 0.08333333333333333, "recall": 0.5, "f1-score": 0.14285714285714285, "support": 12}, "weighted avg": {"precision": 0.027777777777777776, "recall": 0.16666666666666666, "f1-score": 0.047619047619047616, "support": 12}}, "acc": 0.1666666716337204, "lang_embeds": [], "lang_embeds_length": 0, "lang_length": 12}}