{"feature_name": "Verbal_Person_Marking", "feature_id": "102A", "epoch": 0, "train": {"report": {"0": {"precision": 0.48333333333333334, "recall": 0.6016597510373444, "f1-score": 0.5360443622920518, "support": 241}, "1": {"precision": 0.13761467889908258, "recall": 0.11538461538461539, "f1-score": 0.12552301255230128, "support": 130}, "2": {"precision": 0.16, "recall": 0.1188118811881188, "f1-score": 0.13636363636363635, "support": 101}, "3": {"precision": 0.09523809523809523, "recall": 0.058823529411764705, "f1-score": 0.07272727272727271, "support": 34}, "4": {"precision": 0.0, "recall": 0.0, "f1-score": 0.0, "support": 5}, "accuracy": 0.3405088062622309, "macro avg": {"precision": 0.17523722149410223, "recall": 0.17893595540436866, "f1-score": 0.17413165678705242, "support": 511}, "weighted avg": {"precision": 0.3009223812687071, "recall": 0.3405088062622309, "f1-score": 0.31653647258246226, "support": 511}}, "loss": "2.032435", "lang_embeds": [], "lang_embeds_length": 0, "lang_length": 114}, "dev": {"report": {"0": {"precision": 0.7272727272727273, "recall": 1.0, "f1-score": 0.8421052631578948, "support": 8}, "1": {"precision": 0.0, "recall": 0.0, "f1-score": 0.0, "support": 3}, "accuracy": 0.7272727272727273, "macro avg": {"precision": 0.36363636363636365, "recall": 0.5, "f1-score": 0.4210526315789474, "support": 11}, "weighted avg": {"precision": 0.5289256198347108, "recall": 0.7272727272727273, "f1-score": 0.6124401913875599, "support": 11}}, "loss": "0.7238277", "lang_embeds": [], "lang_embeds_length": 0, "lang_length": 11}, "test": {"report": {"0": {"precision": 0.25, "recall": 1.0, "f1-score": 0.4, "support": 3}, "1": {"precision": 0.0, "recall": 0.0, "f1-score": 0.0, "support": 2}, "2": {"precision": 0.0, "recall": 0.0, "f1-score": 0.0, "support": 7}, "accuracy": 0.25, "macro avg": {"precision": 0.08333333333333333, "recall": 0.3333333333333333, "f1-score": 0.13333333333333333, "support": 12}, "weighted avg": {"precision": 0.0625, "recall": 0.25, "f1-score": 0.10000000000000002, "support": 12}}, "acc": 0.25, "lang_embeds": [], "lang_embeds_length": 0, "lang_length": 12}, "test_zs": {"report": {"0": {"precision": 0.25, "recall": 1.0, "f1-score": 0.4, "support": 3}, "1": {"precision": 0.0, "recall": 0.0, "f1-score": 0.0, "support": 2}, "2": {"precision": 0.0, "recall": 0.0, "f1-score": 0.0, "support": 7}, "accuracy": 0.25, "macro avg": {"precision": 0.08333333333333333, "recall": 0.3333333333333333, "f1-score": 0.13333333333333333, "support": 12}, "weighted avg": {"precision": 0.0625, "recall": 0.25, "f1-score": 0.10000000000000002, "support": 12}}, "acc": 0.25, "lang_embeds": [], "lang_embeds_length": 0, "lang_length": 12}}