{"feature_name": "The_Future_Tense", "feature_id": "67A", "epoch": 0, "train": {"report": {"0": {"precision": 0.5547945205479452, "recall": 0.648, "f1-score": 0.5977859778597786, "support": 125}, "1": {"precision": 0.4430379746835443, "recall": 0.35, "f1-score": 0.39106145251396646, "support": 100}, "accuracy": 0.5155555555555555, "macro avg": {"precision": 0.4989162476157447, "recall": 0.499, "f1-score": 0.49442371518687256, "support": 225}, "weighted avg": {"precision": 0.5051249446082114, "recall": 0.5155555555555555, "f1-score": 0.5059084110394177, "support": 225}}, "loss": "1.1981981", "lang_embeds": [], "lang_embeds_length": 0, "lang_length": 84}, "dev": {"report": {"0": {"precision": 0.7777777777777778, "recall": 1.0, "f1-score": 0.8750000000000001, "support": 7}, "1": {"precision": 0.0, "recall": 0.0, "f1-score": 0.0, "support": 2}, "accuracy": 0.7777777777777778, "macro avg": {"precision": 0.3888888888888889, "recall": 0.5, "f1-score": 0.43750000000000006, "support": 9}, "weighted avg": {"precision": 0.6049382716049383, "recall": 0.7777777777777778, "f1-score": 0.6805555555555557, "support": 9}}, "loss": "0.69058025", "lang_embeds": [], "lang_embeds_length": 0, "lang_length": 9}, "test": {"report": {"0": {"precision": 0.5555555555555556, "recall": 1.0, "f1-score": 0.7142857142857143, "support": 5}, "1": {"precision": 0.0, "recall": 0.0, "f1-score": 0.0, "support": 4}, "accuracy": 0.5555555555555556, "macro avg": {"precision": 0.2777777777777778, "recall": 0.5, "f1-score": 0.35714285714285715, "support": 9}, "weighted avg": {"precision": 0.30864197530864196, "recall": 0.5555555555555556, "f1-score": 0.39682539682539686, "support": 9}}, "acc": 0.5555555820465088, "lang_embeds": [], "lang_embeds_length": 0, "lang_length": 9}, "test_zs": {"report": {"0": {"precision": 0.5555555555555556, "recall": 1.0, "f1-score": 0.7142857142857143, "support": 5}, "1": {"precision": 0.0, "recall": 0.0, "f1-score": 0.0, "support": 4}, "accuracy": 0.5555555555555556, "macro avg": {"precision": 0.2777777777777778, "recall": 0.5, "f1-score": 0.35714285714285715, "support": 9}, "weighted avg": {"precision": 0.30864197530864196, "recall": 0.5555555555555556, "f1-score": 0.39682539682539686, "support": 9}}, "acc": 0.5555555820465088, "lang_embeds": [], "lang_embeds_length": 0, "lang_length": 9}}