{"feature_name": "Multiple_Negative_Constructions_in_SVO_Languages", "feature_id": "144E", "epoch": 0, "train": {"report": {"0": {"precision": 0.5, "recall": 0.16666666666666666, "f1-score": 0.25, "support": 6}, "1": {"precision": 0.0, "recall": 0.0, "f1-score": 0.0, "support": 2}, "2": {"precision": 0.0, "recall": 0.0, "f1-score": 0.0, "support": 1}, "3": {"precision": 0.0, "recall": 0.0, "f1-score": 0.0, "support": 4}, "4": {"precision": 0.0, "recall": 0.0, "f1-score": 0.0, "support": 2}, "5": {"precision": 0.0, "recall": 0.0, "f1-score": 0.0, "support": 1}, "6": {"precision": 0.0, "recall": 0.0, "f1-score": 0.0, "support": 0}, "7": {"precision": 0.0, "recall": 0.0, "f1-score": 0.0, "support": 2}, "8": {"precision": 0.0, "recall": 0.0, "f1-score": 0.0, "support": 1}, "9": {"precision": 0.5, "recall": 0.5, "f1-score": 0.5, "support": 2}, "10": {"precision": 0.0, "recall": 0.0, "f1-score": 0.0, "support": 0}, "12": {"precision": 0.0, "recall": 0.0, "f1-score": 0.0, "support": 0}, "13": {"precision": 0.0, "recall": 0.0, "f1-score": 0.0, "support": 1}, "14": {"precision": 0.0, "recall": 0.0, "f1-score": 0.0, "support": 0}, "15": {"precision": 0.5, "recall": 0.5, "f1-score": 0.5, "support": 2}, "17": {"precision": 0.0, "recall": 0.0, "f1-score": 0.0, "support": 0}, "18": {"precision": 0.0, "recall": 0.0, "f1-score": 0.0, "support": 2}, "19": {"precision": 0.0, "recall": 0.0, "f1-score": 0.0, "support": 0}, "22": {"precision": 0.0, "recall": 0.0, "f1-score": 0.0, "support": 2}, "24": {"precision": 0.0, "recall": 0.0, "f1-score": 0.0, "support": 2}, "25": {"precision": 0.0, "recall": 0.0, "f1-score": 0.0, "support": 0}, "26": {"precision": 0.0, "recall": 0.0, "f1-score": 0.0, "support": 2}, "27": {"precision": 0.0, "recall": 0.0, "f1-score": 0.0, "support": 0}, "accuracy": 0.09375, "macro avg": {"precision": 0.06521739130434782, "recall": 0.05072463768115942, "f1-score": 0.05434782608695652, "support": 32}, "weighted avg": {"precision": 0.15625, "recall": 0.09375, "f1-score": 0.109375, "support": 32}}, "loss": "3.5032463", "lang_embeds": ["nld", "niy", "tee", "tob", "hye", "nob", "nse", "ach", "apu", "lac", "mbj", "ell", "btx", "avt", "mzh", "pad", "tzj", "deu"], "lang_embeds_length": 18, "lang_length": 18}, "dev": {"report": {"2": {"precision": 1.0, "recall": 1.0, "f1-score": 1.0, "support": 1}, "5": {"precision": 1.0, "recall": 1.0, "f1-score": 1.0, "support": 1}, "accuracy": 1.0, "macro avg": {"precision": 1.0, "recall": 1.0, "f1-score": 1.0, "support": 2}, "weighted avg": {"precision": 1.0, "recall": 1.0, "f1-score": 1.0, "support": 2}}, "loss": "2.202255", "lang_embeds": ["apu", "tob"], "lang_embeds_length": 2, "lang_length": 2}, "test": {"report": {"1": {"precision": 1.0, "recall": 0.5, "f1-score": 0.6666666666666666, "support": 2}, "8": {"precision": 0.0, "recall": 0.0, "f1-score": 0.0, "support": 0}, "accuracy": 0.5, "macro avg": {"precision": 0.5, "recall": 0.25, "f1-score": 0.3333333333333333, "support": 2}, "weighted avg": {"precision": 1.0, "recall": 0.5, "f1-score": 0.6666666666666666, "support": 2}}, "acc": 0.5, "lang_embeds": ["dan", "swe"], "lang_embeds_length": 2, "lang_length": 2}, "test_zs": {"report": {"1": {"precision": 0.0, "recall": 0.0, "f1-score": 0.0, "support": 2.0}, "3": {"precision": 0.0, "recall": 0.0, "f1-score": 0.0, "support": 0.0}, "accuracy": 0.0, "macro avg": {"precision": 0.0, "recall": 0.0, "f1-score": 0.0, "support": 2.0}, "weighted avg": {"precision": 0.0, "recall": 0.0, "f1-score": 0.0, "support": 2.0}}, "acc": 0.0, "lang_embeds": [], "lang_embeds_length": 0, "lang_length": 2}}