{"feature_name": "Symmetric_and_Asymmetric_Standard_Negation", "feature_id": "113A", "epoch": 0, "train": {"report": {"0": {"precision": 0.7071428571428572, "recall": 0.7443609022556391, "f1-score": 0.7252747252747253, "support": 133}, "1": {"precision": 0.8294573643410853, "recall": 0.7379310344827587, "f1-score": 0.7810218978102189, "support": 145}, "2": {"precision": 0.5573770491803278, "recall": 0.6538461538461539, "f1-score": 0.6017699115044247, "support": 52}, "accuracy": 0.7272727272727273, "macro avg": {"precision": 0.6979924235547568, "recall": 0.7120460301948506, "f1-score": 0.7026888448631229, "support": 330}, "weighted avg": {"precision": 0.7372876496570739, "recall": 0.7272727272727273, "f1-score": 0.7303083304310616, "support": 330}}, "loss": "0.7338594", "lang_embeds": ["nav", "ind", "sag", "ell", "ibo", "shp", "mam", "qvi", "plt", "aey", "tmd", "apu", "auc", "huv", "kwi", "hix", "bom", "yad", "yor", "jic", "yaq", "kor", "niy", "ape", "rus", "pad", "tgl", "mri", "bqc", "wnu", "ote", "cbu", "lww", "poe", "wrk", "nuy", "lhu", "tsz", "pbb", "cui", "yrb", "deu", "khk", "cle", "spa", "bsn", "apy", "mbj", "mph", "car", "fra", "kvn", "mig", "hch", "lbj", "naq", "oym", "dgz", "ewe", "hun", "som", "mzh", "hau", "sja", "pma", "fin", "caq", "bvr", "swh", "jpn", "nas", "pes", "btx", "hin", "tue", "tur", "sue", "nhg", "kpw", "laj", "eus", "amp", "mcn", "ons", "djk", "spp", "zul", "khm", "top", "zaw", "ses", "urb"], "lang_embeds_length": 92, "lang_length": 92}, "dev": {"report": {"0": {"precision": 1.0, "recall": 1.0, "f1-score": 1.0, "support": 5}, "1": {"precision": 1.0, "recall": 1.0, "f1-score": 1.0, "support": 4}, "accuracy": 1.0, "macro avg": {"precision": 1.0, "recall": 1.0, "f1-score": 1.0, "support": 9}, "weighted avg": {"precision": 1.0, "recall": 1.0, "f1-score": 1.0, "support": 9}}, "loss": "0.38242242", "lang_embeds": ["lhu", "kvn", "kpw", "mam", "pbb", "caq", "bqc", "btx", "khk"], "lang_embeds_length": 9, "lang_length": 9}, "test": {"report": {"0": {"precision": 0.6666666666666666, "recall": 0.6666666666666666, "f1-score": 0.6666666666666666, "support": 3}, "1": {"precision": 0.5, "recall": 0.6, "f1-score": 0.5454545454545454, "support": 5}, "2": {"precision": 0.0, "recall": 0.0, "f1-score": 0.0, "support": 2}, "accuracy": 0.5, "macro avg": {"precision": 0.38888888888888884, "recall": 0.4222222222222222, "f1-score": 0.404040404040404, "support": 10}, "weighted avg": {"precision": 0.45, "recall": 0.5, "f1-score": 0.47272727272727266, "support": 10}}, "acc": 0.5, "lang_embeds": ["tha", "arn", "fij", "vie", "hye", "mya", "ukr", "ita", "lav", "gle"], "lang_embeds_length": 10, "lang_length": 10}, "test_zs": {"report": {"0": {"precision": 0.0, "recall": 0.0, "f1-score": 0.0, "support": 3}, "1": {"precision": 0.5, "recall": 1.0, "f1-score": 0.6666666666666666, "support": 5}, "2": {"precision": 0.0, "recall": 0.0, "f1-score": 0.0, "support": 2}, "accuracy": 0.5, "macro avg": {"precision": 0.16666666666666666, "recall": 0.3333333333333333, "f1-score": 0.2222222222222222, "support": 10}, "weighted avg": {"precision": 0.25, "recall": 0.5, "f1-score": 0.3333333333333333, "support": 10}}, "acc": 0.5, "lang_embeds": [], "lang_embeds_length": 0, "lang_length": 10}}