{"feature_name": "Case_Syncretism", "feature_id": "28A", "epoch": 0, "train": {"report": {"0": {"precision": 0.7884615384615384, "recall": 0.7130434782608696, "f1-score": 0.7488584474885845, "support": 115}, "1": {"precision": 0.3870967741935484, "recall": 0.4444444444444444, "f1-score": 0.41379310344827586, "support": 27}, "2": {"precision": 0.4090909090909091, "recall": 0.42857142857142855, "f1-score": 0.4186046511627907, "support": 21}, "3": {"precision": 0.35, "recall": 0.5, "f1-score": 0.4117647058823529, "support": 14}, "accuracy": 0.6214689265536724, "macro avg": {"precision": 0.483662305436499, "recall": 0.5215148378191856, "f1-score": 0.49825522699550107, "support": 177}, "weighted avg": {"precision": 0.6475457565944172, "recall": 0.6214689265536724, "f1-score": 0.6319013492150408, "support": 177}}, "loss": "1.0687106", "lang_embeds": ["fra", "nav", "hin", "bzd", "vie", "mri", "mig", "tur", "wnu", "ote", "ind", "hto", "sag", "ell", "ibo", "sue", "shp", "lbj", "nuy", "nhg", "kpw", "laj", "naq", "qvi", "eus", "plt", "dgz", "amp", "aey", "apu", "ewe", "hun", "mzh", "deu", "khk", "kwi", "hau", "hix", "sja", "cle", "djk", "pma", "fin", "spp", "yad", "ses", "yor", "swh", "spa", "zul", "jpn", "yaq", "bsn", "kor", "niy", "esu", "khm", "car", "pes", "ape", "rus", "mph", "btx", "urb", "pad", "tgl"], "lang_embeds_length": 66, "lang_length": 66}, "dev": {"report": {"0": {"precision": 1.0, "recall": 1.0, "f1-score": 1.0, "support": 6}, "1": {"precision": 1.0, "recall": 1.0, "f1-score": 1.0, "support": 1}, "accuracy": 1.0, "macro avg": {"precision": 1.0, "recall": 1.0, "f1-score": 1.0, "support": 7}, "weighted avg": {"precision": 1.0, "recall": 1.0, "f1-score": 1.0, "support": 7}}, "loss": "0.5841385", "lang_embeds": ["nuy", "hix", "djk", "naq", "amp", "ewe", "btx"], "lang_embeds_length": 7, "lang_length": 7}, "test": {"report": {"0": {"precision": 0.5, "recall": 0.6666666666666666, "f1-score": 0.5714285714285715, "support": 3}, "2": {"precision": 0.6666666666666666, "recall": 0.6666666666666666, "f1-score": 0.6666666666666666, "support": 3}, "3": {"precision": 0.0, "recall": 0.0, "f1-score": 0.0, "support": 1}, "accuracy": 0.5714285714285714, "macro avg": {"precision": 0.38888888888888884, "recall": 0.4444444444444444, "f1-score": 0.41269841269841273, "support": 7}, "weighted avg": {"precision": 0.5, "recall": 0.5714285714285714, "f1-score": 0.5306122448979592, "support": 7}}, "acc": 0.5714285969734192, "lang_embeds": ["tha", "arn", "fij", "hye", "mya", "lav", "gle"], "lang_embeds_length": 7, "lang_length": 7}, "test_zs": {"report": {"0": {"precision": 0.0, "recall": 0.0, "f1-score": 0.0, "support": 3}, "2": {"precision": 0.42857142857142855, "recall": 1.0, "f1-score": 0.6, "support": 3}, "3": {"precision": 0.0, "recall": 0.0, "f1-score": 0.0, "support": 1}, "accuracy": 0.42857142857142855, "macro avg": {"precision": 0.14285714285714285, "recall": 0.3333333333333333, "f1-score": 0.19999999999999998, "support": 7}, "weighted avg": {"precision": 0.18367346938775508, "recall": 0.42857142857142855, "f1-score": 0.2571428571428571, "support": 7}}, "acc": 0.4285714328289032, "lang_embeds": [], "lang_embeds_length": 0, "lang_length": 7}}