{"feature_name": "Situational_Possibility", "feature_id": "74A", "epoch": 0, "train": {"report": {"0": {"precision": 0.8345864661654135, "recall": 0.7449664429530202, "f1-score": 0.7872340425531915, "support": 149}, "1": {"precision": 0.5833333333333334, "recall": 0.5932203389830508, "f1-score": 0.5882352941176471, "support": 59}, "2": {"precision": 0.2, "recall": 0.5, "f1-score": 0.28571428571428575, "support": 10}, "accuracy": 0.6926605504587156, "macro avg": {"precision": 0.5393065998329156, "recall": 0.6127289273120237, "f1-score": 0.5537278741283748, "support": 218}, "weighted avg": {"precision": 0.7374772941528132, "recall": 0.6926605504587156, "f1-score": 0.7103710896812366, "support": 218}}, "loss": "0.68186224", "lang_embeds": ["ron", "nav", "mua", "ind", "hto", "sag", "ell", "ibo", "tyv", "shp", "qvi", "fub", "plt", "aey", "apu", "cat", "kwi", "tha", "nld", "fij", "yor", "yaq", "kor", "nmf", "mya", "rus", "pad", "tam", "tgl", "arn", "vie", "mri", "wnu", "ote", "nuy", "lit", "deu", "khk", "cle", "hye", "spa", "lav", "cym", "bsn", "mkd", "mph", "gle", "fra", "mig", "lbj", "naq", "dgz", "hun", "ewe", "som", "mzh", "hau", "fin", "swh", "jpn", "zav", "pes", "btx", "hin", "tur", "sue", "nhg", "kpw", "laj", "eus", "amh", "djk", "pol", "spp", "zul", "swe", "esu", "khm", "ary", "ita", "ses"], "lang_embeds_length": 81, "lang_length": 81}, "dev": {"report": {"0": {"precision": 1.0, "recall": 1.0, "f1-score": 1.0, "support": 5}, "1": {"precision": 1.0, "recall": 1.0, "f1-score": 1.0, "support": 2}, "2": {"precision": 1.0, "recall": 1.0, "f1-score": 1.0, "support": 1}, "accuracy": 1.0, "macro avg": {"precision": 1.0, "recall": 1.0, "f1-score": 1.0, "support": 8}, "weighted avg": {"precision": 1.0, "recall": 1.0, "f1-score": 1.0, "support": 8}}, "loss": "0.31515545", "lang_embeds": ["nhg", "khm", "kpw", "spp", "wnu", "mkd", "som", "khk"], "lang_embeds_length": 8, "lang_length": 8}, "test": {"report": {"0": {"precision": 1.0, "recall": 0.4444444444444444, "f1-score": 0.6153846153846153, "support": 9}, "1": {"precision": 0.0, "recall": 0.0, "f1-score": 0.0, "support": 0}, "accuracy": 0.4444444444444444, "macro avg": {"precision": 0.5, "recall": 0.2222222222222222, "f1-score": 0.30769230769230765, "support": 9}, "weighted avg": {"precision": 1.0, "recall": 0.4444444444444444, "f1-score": 0.6153846153846153, "support": 9}}, "acc": 0.4444444477558136, "lang_embeds": ["dan", "ban", "tat", "mai", "fao", "por", "slv", "rmy", "ium"], "lang_embeds_length": 9, "lang_length": 9}, "test_zs": {"report": {"0": {"precision": 1.0, "recall": 1.0, "f1-score": 1.0, "support": 9}, "accuracy": 1.0, "macro avg": {"precision": 1.0, "recall": 1.0, "f1-score": 1.0, "support": 9}, "weighted avg": {"precision": 1.0, "recall": 1.0, "f1-score": 1.0, "support": 9}}, "acc": 1.0, "lang_embeds": [], "lang_embeds_length": 0, "lang_length": 9}}