{"feature_name": "Order_of_Adjective_and_Noun", "feature_id": "87A", "epoch": 0, "train": {"report": {"0": {"precision": 0.6390041493775933, "recall": 0.8020833333333334, "f1-score": 0.7113163972286373, "support": 576}, "1": {"precision": 0.310126582278481, "recall": 0.21212121212121213, "f1-score": 0.25192802056555264, "support": 231}, "2": {"precision": 0.06451612903225806, "recall": 0.018518518518518517, "f1-score": 0.028776978417266185, "support": 108}, "3": {"precision": 0.0, "recall": 0.0, "f1-score": 0.0, "support": 0}, "accuracy": 0.5606557377049181, "macro avg": {"precision": 0.2534117151720831, "recall": 0.258180765993266, "f1-score": 0.24800534905286403, "support": 915}, "weighted avg": {"precision": 0.48816762020033516, "recall": 0.5606557377049181, "f1-score": 0.5147776297523525, "support": 915}}, "loss": "1.4525564", "lang_embeds": [], "lang_embeds_length": 0, "lang_length": 339}, "dev": {"report": {"0": {"precision": 0.7352941176470589, "recall": 1.0, "f1-score": 0.8474576271186441, "support": 25}, "1": {"precision": 0.0, "recall": 0.0, "f1-score": 0.0, "support": 7}, "2": {"precision": 0.0, "recall": 0.0, "f1-score": 0.0, "support": 2}, "accuracy": 0.7352941176470589, "macro avg": {"precision": 0.2450980392156863, "recall": 0.3333333333333333, "f1-score": 0.2824858757062147, "support": 34}, "weighted avg": {"precision": 0.5406574394463668, "recall": 0.7352941176470589, "f1-score": 0.6231306081754736, "support": 34}}, "loss": "0.8677722", "lang_embeds": [], "lang_embeds_length": 0, "lang_length": 34}, "test": {"report": {"0": {"precision": 0.5714285714285714, "recall": 1.0, "f1-score": 0.7272727272727273, "support": 20}, "1": {"precision": 0.0, "recall": 0.0, "f1-score": 0.0, "support": 15}, "accuracy": 0.5714285714285714, "macro avg": {"precision": 0.2857142857142857, "recall": 0.5, "f1-score": 0.36363636363636365, "support": 35}, "weighted avg": {"precision": 0.32653061224489793, "recall": 0.5714285714285714, "f1-score": 0.4155844155844156, "support": 35}}, "acc": 0.5714285969734192, "lang_embeds": [], "lang_embeds_length": 0, "lang_length": 35}, "test_zs": {"report": {"0": {"precision": 0.5714285714285714, "recall": 1.0, "f1-score": 0.7272727272727273, "support": 20}, "1": {"precision": 0.0, "recall": 0.0, "f1-score": 0.0, "support": 15}, "accuracy": 0.5714285714285714, "macro avg": {"precision": 0.2857142857142857, "recall": 0.5, "f1-score": 0.36363636363636365, "support": 35}, "weighted avg": {"precision": 0.32653061224489793, "recall": 0.5714285714285714, "f1-score": 0.4155844155844156, "support": 35}}, "acc": 0.5714285969734192, "lang_embeds": [], "lang_embeds_length": 0, "lang_length": 35}}