{"feature_name": "Intensifiers_and_Reflexive_Pronouns", "feature_id": "47A", "epoch": 0, "train": {"report": {"0": {"precision": 0.41333333333333333, "recall": 0.37349397590361444, "f1-score": 0.3924050632911392, "support": 83}, "1": {"precision": 0.559322033898305, "recall": 0.6, "f1-score": 0.5789473684210527, "support": 110}, "accuracy": 0.5025906735751295, "macro avg": {"precision": 0.4863276836158192, "recall": 0.4867469879518072, "f1-score": 0.48567621585609594, "support": 193}, "weighted avg": {"precision": 0.4965393284739908, "recall": 0.5025906735751295, "f1-score": 0.49872451181077904, "support": 193}}, "loss": "1.2812887", "lang_embeds": [], "lang_embeds_length": 0, "lang_length": 72}, "dev": {"report": {"0": {"precision": 0.0, "recall": 0.0, "f1-score": 0.0, "support": 2}, "1": {"precision": 0.7142857142857143, "recall": 1.0, "f1-score": 0.8333333333333333, "support": 5}, "accuracy": 0.7142857142857143, "macro avg": {"precision": 0.35714285714285715, "recall": 0.5, "f1-score": 0.41666666666666663, "support": 7}, "weighted avg": {"precision": 0.5102040816326531, "recall": 0.7142857142857143, "f1-score": 0.5952380952380951, "support": 7}}, "loss": "0.63131744", "lang_embeds": [], "lang_embeds_length": 0, "lang_length": 7}, "test": {"report": {"0": {"precision": 0.0, "recall": 0.0, "f1-score": 0.0, "support": 5}, "1": {"precision": 0.375, "recall": 1.0, "f1-score": 0.5454545454545454, "support": 3}, "accuracy": 0.375, "macro avg": {"precision": 0.1875, "recall": 0.5, "f1-score": 0.2727272727272727, "support": 8}, "weighted avg": {"precision": 0.140625, "recall": 0.375, "f1-score": 0.20454545454545453, "support": 8}}, "acc": 0.375, "lang_embeds": [], "lang_embeds_length": 0, "lang_length": 8}, "test_zs": {"report": {"0": {"precision": 0.0, "recall": 0.0, "f1-score": 0.0, "support": 5}, "1": {"precision": 0.375, "recall": 1.0, "f1-score": 0.5454545454545454, "support": 3}, "accuracy": 0.375, "macro avg": {"precision": 0.1875, "recall": 0.5, "f1-score": 0.2727272727272727, "support": 8}, "weighted avg": {"precision": 0.140625, "recall": 0.375, "f1-score": 0.20454545454545453, "support": 8}}, "acc": 0.375, "lang_embeds": [], "lang_embeds_length": 0, "lang_length": 8}}