{"feature_name": "Consonant-Vowel_Ratio", "feature_id": "3A", "epoch": 0, "train": {"report": {"0": {"precision": 0.4530120481927711, "recall": 0.7203065134099617, "f1-score": 0.5562130177514792, "support": 261}, "1": {"precision": 0.3217391304347826, "recall": 0.26618705035971224, "f1-score": 0.29133858267716534, "support": 139}, "2": {"precision": 0.12, "recall": 0.03260869565217391, "f1-score": 0.05128205128205127, "support": 92}, "3": {"precision": 0.2, "recall": 0.037037037037037035, "f1-score": 0.0625, "support": 27}, "4": {"precision": 0.0, "recall": 0.0, "f1-score": 0.0, "support": 60}, "accuracy": 0.3955094991364421, "macro avg": {"precision": 0.21895023572551073, "recall": 0.21122785929177695, "f1-score": 0.19226673034213917, "support": 579}, "weighted avg": {"precision": 0.3098409045056097, "recall": 0.3955094991364421, "f1-score": 0.33173248591228116, "support": 579}}, "loss": "1.9983182", "lang_embeds": [], "lang_embeds_length": 0, "lang_length": 161}, "dev": {"report": {"0": {"precision": 0.625, "recall": 1.0, "f1-score": 0.7692307692307693, "support": 10}, "1": {"precision": 0.0, "recall": 0.0, "f1-score": 0.0, "support": 3}, "2": {"precision": 0.0, "recall": 0.0, "f1-score": 0.0, "support": 1}, "3": {"precision": 0.0, "recall": 0.0, "f1-score": 0.0, "support": 1}, "4": {"precision": 0.0, "recall": 0.0, "f1-score": 0.0, "support": 1}, "accuracy": 0.625, "macro avg": {"precision": 0.125, "recall": 0.2, "f1-score": 0.15384615384615385, "support": 16}, "weighted avg": {"precision": 0.390625, "recall": 0.625, "f1-score": 0.4807692307692308, "support": 16}}, "loss": "1.2966459", "lang_embeds": [], "lang_embeds_length": 0, "lang_length": 16}, "test": {"report": {"0": {"precision": 0.47058823529411764, "recall": 1.0, "f1-score": 0.6399999999999999, "support": 8}, "1": {"precision": 0.0, "recall": 0.0, "f1-score": 0.0, "support": 3}, "2": {"precision": 0.0, "recall": 0.0, "f1-score": 0.0, "support": 5}, "4": {"precision": 0.0, "recall": 0.0, "f1-score": 0.0, "support": 1}, "accuracy": 0.47058823529411764, "macro avg": {"precision": 0.11764705882352941, "recall": 0.25, "f1-score": 0.15999999999999998, "support": 17}, "weighted avg": {"precision": 0.22145328719723184, "recall": 0.47058823529411764, "f1-score": 0.30117647058823527, "support": 17}}, "acc": 0.47058823704719543, "lang_embeds": [], "lang_embeds_length": 0, "lang_length": 17}, "test_zs": {"report": {"0": {"precision": 0.47058823529411764, "recall": 1.0, "f1-score": 0.6399999999999999, "support": 8}, "1": {"precision": 0.0, "recall": 0.0, "f1-score": 0.0, "support": 3}, "2": {"precision": 0.0, "recall": 0.0, "f1-score": 0.0, "support": 5}, "4": {"precision": 0.0, "recall": 0.0, "f1-score": 0.0, "support": 1}, "accuracy": 0.47058823529411764, "macro avg": {"precision": 0.11764705882352941, "recall": 0.25, "f1-score": 0.15999999999999998, "support": 17}, "weighted avg": {"precision": 0.22145328719723184, "recall": 0.47058823529411764, "f1-score": 0.30117647058823527, "support": 17}}, "acc": 0.47058823704719543, "lang_embeds": [], "lang_embeds_length": 0, "lang_length": 17}}