{"feature_name": "Comparative_Constructions", "feature_id": "121A", "epoch": 0, "train": {"report": {"0": {"precision": 0.27450980392156865, "recall": 0.35, "f1-score": 0.3076923076923077, "support": 80}, "1": {"precision": 0.25, "recall": 0.2765957446808511, "f1-score": 0.2626262626262626, "support": 47}, "2": {"precision": 0.15789473684210525, "recall": 0.06521739130434782, "f1-score": 0.0923076923076923, "support": 46}, "3": {"precision": 0.19230769230769232, "recall": 0.19230769230769232, "f1-score": 0.19230769230769232, "support": 52}, "accuracy": 0.24, "macro avg": {"precision": 0.21867805826784154, "recall": 0.22103020707322277, "f1-score": 0.2137334887334887, "support": 225}, "weighted avg": {"precision": 0.2265508542598326, "recall": 0.24, "f1-score": 0.22757765691099024, "support": 225}}, "loss": "2.3964248", "lang_embeds": [], "lang_embeds_length": 0, "lang_length": 63}, "dev": {"report": {"0": {"precision": 0.6666666666666666, "recall": 1.0, "f1-score": 0.8, "support": 4}, "2": {"precision": 0.0, "recall": 0.0, "f1-score": 0.0, "support": 1}, "3": {"precision": 0.0, "recall": 0.0, "f1-score": 0.0, "support": 1}, "accuracy": 0.6666666666666666, "macro avg": {"precision": 0.2222222222222222, "recall": 0.3333333333333333, "f1-score": 0.26666666666666666, "support": 6}, "weighted avg": {"precision": 0.4444444444444444, "recall": 0.6666666666666666, "f1-score": 0.5333333333333333, "support": 6}}, "loss": "0.92329437", "lang_embeds": [], "lang_embeds_length": 0, "lang_length": 6}, "test": {"report": {"0": {"precision": 0.42857142857142855, "recall": 1.0, "f1-score": 0.6, "support": 3}, "1": {"precision": 0.0, "recall": 0.0, "f1-score": 0.0, "support": 1}, "3": {"precision": 0.0, "recall": 0.0, "f1-score": 0.0, "support": 3}, "accuracy": 0.42857142857142855, "macro avg": {"precision": 0.14285714285714285, "recall": 0.3333333333333333, "f1-score": 0.19999999999999998, "support": 7}, "weighted avg": {"precision": 0.18367346938775508, "recall": 0.42857142857142855, "f1-score": 0.2571428571428571, "support": 7}}, "acc": 0.4285714328289032, "lang_embeds": [], "lang_embeds_length": 0, "lang_length": 7}, "test_zs": {"report": {"0": {"precision": 0.42857142857142855, "recall": 1.0, "f1-score": 0.6, "support": 3}, "1": {"precision": 0.0, "recall": 0.0, "f1-score": 0.0, "support": 1}, "3": {"precision": 0.0, "recall": 0.0, "f1-score": 0.0, "support": 3}, "accuracy": 0.42857142857142855, "macro avg": {"precision": 0.14285714285714285, "recall": 0.3333333333333333, "f1-score": 0.19999999999999998, "support": 7}, "weighted avg": {"precision": 0.18367346938775508, "recall": 0.42857142857142855, "f1-score": 0.2571428571428571, "support": 7}}, "acc": 0.4285714328289032, "lang_embeds": [], "lang_embeds_length": 0, "lang_length": 7}}