{"feature_name": "Position_of_Polar_Question_Particles", "feature_id": "92A", "epoch": 0, "train": {"report": {"0": {"precision": 0.3648148148148148, "recall": 0.5077319587628866, "f1-score": 0.4245689655172414, "support": 388}, "1": {"precision": 0.2751322751322751, "recall": 0.29295774647887324, "f1-score": 0.2837653478854024, "support": 355}, "2": {"precision": 0.18, "recall": 0.1323529411764706, "f1-score": 0.15254237288135591, "support": 204}, "3": {"precision": 0.058823529411764705, "recall": 0.012987012987012988, "f1-score": 0.02127659574468085, "support": 77}, "4": {"precision": 0.06666666666666667, "recall": 0.01639344262295082, "f1-score": 0.02631578947368421, "support": 61}, "5": {"precision": 0.0, "recall": 0.0, "f1-score": 0.0, "support": 15}, "accuracy": 0.3, "macro avg": {"precision": 0.15757288100425357, "recall": 0.16040385033803237, "f1-score": 0.15141151191706081, "support": 1100}, "weighted avg": {"precision": 0.25866925841043487, "recall": 0.3, "f1-score": 0.27257423838003575, "support": 1100}}, "loss": "1.944189", "lang_embeds": [], "lang_embeds_length": 0, "lang_length": 245}, "dev": {"report": {"0": {"precision": 0.52, "recall": 1.0, "f1-score": 0.6842105263157895, "support": 13}, "1": {"precision": 0.0, "recall": 0.0, "f1-score": 0.0, "support": 8}, "3": {"precision": 0.0, "recall": 0.0, "f1-score": 0.0, "support": 2}, "4": {"precision": 0.0, "recall": 0.0, "f1-score": 0.0, "support": 2}, "accuracy": 0.52, "macro avg": {"precision": 0.13, "recall": 0.25, "f1-score": 0.17105263157894737, "support": 25}, "weighted avg": {"precision": 0.2704, "recall": 0.52, "f1-score": 0.35578947368421054, "support": 25}}, "loss": "1.6477344", "lang_embeds": [], "lang_embeds_length": 0, "lang_length": 25}, "test": {"report": {"0": {"precision": 0.4230769230769231, "recall": 1.0, "f1-score": 0.5945945945945945, "support": 11}, "1": {"precision": 0.0, "recall": 0.0, "f1-score": 0.0, "support": 5}, "2": {"precision": 0.0, "recall": 0.0, "f1-score": 0.0, "support": 8}, "3": {"precision": 0.0, "recall": 0.0, "f1-score": 0.0, "support": 2}, "accuracy": 0.4230769230769231, "macro avg": {"precision": 0.10576923076923077, "recall": 0.25, "f1-score": 0.14864864864864863, "support": 26}, "weighted avg": {"precision": 0.1789940828402367, "recall": 0.4230769230769231, "f1-score": 0.2515592515592515, "support": 26}}, "acc": 0.42307692766189575, "lang_embeds": [], "lang_embeds_length": 0, "lang_length": 26}, "test_zs": {"report": {"0": {"precision": 0.4230769230769231, "recall": 1.0, "f1-score": 0.5945945945945945, "support": 11}, "1": {"precision": 0.0, "recall": 0.0, "f1-score": 0.0, "support": 5}, "2": {"precision": 0.0, "recall": 0.0, "f1-score": 0.0, "support": 8}, "3": {"precision": 0.0, "recall": 0.0, "f1-score": 0.0, "support": 2}, "accuracy": 0.4230769230769231, "macro avg": {"precision": 0.10576923076923077, "recall": 0.25, "f1-score": 0.14864864864864863, "support": 26}, "weighted avg": {"precision": 0.1789940828402367, "recall": 0.4230769230769231, "f1-score": 0.2515592515592515, "support": 26}}, "acc": 0.42307692766189575, "lang_embeds": [], "lang_embeds_length": 0, "lang_length": 26}}