{"feature_name": "Ditransitive_Constructions:_The_Verb_'Give'", "feature_id": "105A", "epoch": 0, "train": {"report": {"0": {"precision": 0.7916666666666666, "recall": 0.7169811320754716, "f1-score": 0.7524752475247525, "support": 159}, "1": {"precision": 0.6382978723404256, "recall": 0.6896551724137931, "f1-score": 0.6629834254143647, "support": 87}, "2": {"precision": 0.6333333333333333, "recall": 0.6129032258064516, "f1-score": 0.6229508196721313, "support": 62}, "3": {"precision": 0.42105263157894735, "recall": 0.5714285714285714, "f1-score": 0.48484848484848486, "support": 28}, "accuracy": 0.6785714285714286, "macro avg": {"precision": 0.6210876259798432, "recall": 0.647742025431072, "f1-score": 0.6308144943649333, "support": 336}, "weighted avg": {"precision": 0.6918543310848042, "recall": 0.6785714285714286, "f1-score": 0.6831006867943902, "support": 336}}, "loss": "0.91526294", "lang_embeds": ["mua", "ind", "nse", "sll", "sag", "ell", "ibo", "shp", "stp", "mam", "qvi", "kac", "aey", "apu", "fon", "dow", "kwi", "hix", "fij", "yad", "zpi", "yor", "cnh", "yaq", "kor", "apr", "moc", "mwp", "mya", "rus", "tgl", "vie", "mri", "wnu", "emi", "tsz", "pbb", "deu", "khk", "tnc", "spa", "naf", "bsn", "gmv", "ood", "fra", "kin", "mig", "hch", "qvh", "mcf", "lbj", "wmt", "naq", "xed", "hun", "som", "mzh", "hau", "sja", "plg", "pma", "fin", "swh", "jpn", "nso", "pes", "kwd", "hin", "pwg", "nab", "tur", "sue", "nhg", "laj", "kpw", "eus", "amp", "ake", "tzj", "amh", "spp", "ann", "tfr", "zul", "nbl", "mbc", "khm", "snc", "gvn", "sbe", "myb", "ses", "urb"], "lang_embeds_length": 94, "lang_length": 94}, "dev": {"report": {"0": {"precision": 1.0, "recall": 1.0, "f1-score": 1.0, "support": 5}, "1": {"precision": 1.0, "recall": 1.0, "f1-score": 1.0, "support": 4}, "2": {"precision": 1.0, "recall": 1.0, "f1-score": 1.0, "support": 1}, "accuracy": 1.0, "macro avg": {"precision": 1.0, "recall": 1.0, "f1-score": 1.0, "support": 10}, "weighted avg": {"precision": 1.0, "recall": 1.0, "f1-score": 1.0, "support": 10}}, "loss": "0.39638078", "lang_embeds": ["mbc", "wmt", "stp", "qvi", "aey", "ann", "xed", "nbl", "urb", "emi"], "lang_embeds_length": 10, "lang_length": 10}, "test": {"report": {"0": {"precision": 0.625, "recall": 0.8333333333333334, "f1-score": 0.7142857142857143, "support": 6}, "1": {"precision": 0.0, "recall": 0.0, "f1-score": 0.0, "support": 1}, "2": {"precision": 0.0, "recall": 0.0, "f1-score": 0.0, "support": 1}, "3": {"precision": 1.0, "recall": 0.5, "f1-score": 0.6666666666666666, "support": 2}, "accuracy": 0.6, "macro avg": {"precision": 0.40625, "recall": 0.33333333333333337, "f1-score": 0.34523809523809523, "support": 10}, "weighted avg": {"precision": 0.575, "recall": 0.6, "f1-score": 0.5619047619047619, "support": 10}}, "acc": 0.6000000238418579, "lang_embeds": ["tha", "arn", "nep", "mai", "tet", "kik", "ita", "lav", "wbp", "tam"], "lang_embeds_length": 10, "lang_length": 10}, "test_zs": {"report": {"0": {"precision": 0.0, "recall": 0.0, "f1-score": 0.0, "support": 6}, "1": {"precision": 0.0, "recall": 0.0, "f1-score": 0.0, "support": 1}, "2": {"precision": 0.1, "recall": 1.0, "f1-score": 0.18181818181818182, "support": 1}, "3": {"precision": 0.0, "recall": 0.0, "f1-score": 0.0, "support": 2}, "accuracy": 0.1, "macro avg": {"precision": 0.025, "recall": 0.25, "f1-score": 0.045454545454545456, "support": 10}, "weighted avg": {"precision": 0.01, "recall": 0.1, "f1-score": 0.01818181818181818, "support": 10}}, "acc": 0.10000000149011612, "lang_embeds": [], "lang_embeds_length": 0, "lang_length": 10}}