{"feature_name": "The_Associative_Plural", "feature_id": "36A", "epoch": 0, "train": {"report": {"0": {"precision": 0.35294117647058826, "recall": 0.4945054945054945, "f1-score": 0.41189931350114417, "support": 182}, "1": {"precision": 0.14634146341463414, "recall": 0.0821917808219178, "f1-score": 0.10526315789473684, "support": 73}, "2": {"precision": 0.16176470588235295, "recall": 0.102803738317757, "f1-score": 0.12571428571428572, "support": 107}, "3": {"precision": 0.23809523809523808, "recall": 0.234375, "f1-score": 0.23622047244094488, "support": 128}, "accuracy": 0.2795918367346939, "macro avg": {"precision": 0.22478564596570333, "recall": 0.22846900341129234, "f1-score": 0.21977430738777792, "support": 490}, "weighted avg": {"precision": 0.25041476520921957, "recall": 0.2795918367346939, "f1-score": 0.2578317033212113, "support": 490}}, "loss": "1.7752608", "lang_embeds": [], "lang_embeds_length": 0, "lang_length": 78}, "dev": {"report": {"0": {"precision": 0.0, "recall": 0.0, "f1-score": 0.0, "support": 1}, "1": {"precision": 0.0, "recall": 0.0, "f1-score": 0.0, "support": 1}, "2": {"precision": 0.0, "recall": 0.0, "f1-score": 0.0, "support": 2}, "3": {"precision": 0.5, "recall": 1.0, "f1-score": 0.6666666666666666, "support": 4}, "accuracy": 0.5, "macro avg": {"precision": 0.125, "recall": 0.25, "f1-score": 0.16666666666666666, "support": 8}, "weighted avg": {"precision": 0.25, "recall": 0.5, "f1-score": 0.3333333333333333, "support": 8}}, "loss": "1.3894486", "lang_embeds": [], "lang_embeds_length": 0, "lang_length": 8}, "test": {"report": {"0": {"precision": 0.0, "recall": 0.0, "f1-score": 0.0, "support": 4}, "1": {"precision": 0.0, "recall": 0.0, "f1-score": 0.0, "support": 3}, "3": {"precision": 0.125, "recall": 1.0, "f1-score": 0.2222222222222222, "support": 1}, "accuracy": 0.125, "macro avg": {"precision": 0.041666666666666664, "recall": 0.3333333333333333, "f1-score": 0.07407407407407407, "support": 8}, "weighted avg": {"precision": 0.015625, "recall": 0.125, "f1-score": 0.027777777777777776, "support": 8}}, "acc": 0.125, "lang_embeds": [], "lang_embeds_length": 0, "lang_length": 8}, "test_zs": {"report": {"0": {"precision": 0.0, "recall": 0.0, "f1-score": 0.0, "support": 4}, "1": {"precision": 0.0, "recall": 0.0, "f1-score": 0.0, "support": 3}, "3": {"precision": 0.125, "recall": 1.0, "f1-score": 0.2222222222222222, "support": 1}, "accuracy": 0.125, "macro avg": {"precision": 0.041666666666666664, "recall": 0.3333333333333333, "f1-score": 0.07407407407407407, "support": 8}, "weighted avg": {"precision": 0.015625, "recall": 0.125, "f1-score": 0.027777777777777776, "support": 8}}, "acc": 0.125, "lang_embeds": [], "lang_embeds_length": 0, "lang_length": 8}}