{"feature_name": "Presence_of_Uncommon_Consonants", "feature_id": "19A", "epoch": 0, "train": {"report": {"0": {"precision": 0.78239608801956, "recall": 0.9384164222873901, "f1-score": 0.8533333333333334, "support": 341}, "1": {"precision": 0.1111111111111111, "recall": 0.024390243902439025, "f1-score": 0.04, "support": 41}, "2": {"precision": 0.0, "recall": 0.0, "f1-score": 0.0, "support": 44}, "3": {"precision": 0.0, "recall": 0.0, "f1-score": 0.0, "support": 3}, "4": {"precision": 0.0, "recall": 0.0, "f1-score": 0.0, "support": 5}, "accuracy": 0.7396313364055299, "macro avg": {"precision": 0.17870143982613423, "recall": 0.19256133323796581, "f1-score": 0.1786666666666667, "support": 434}, "weighted avg": {"precision": 0.6252364552309343, "recall": 0.7396313364055299, "f1-score": 0.6742549923195085, "support": 434}}, "loss": "1.1863012", "lang_embeds": [], "lang_embeds_length": 0, "lang_length": 161}, "dev": {"report": {"0": {"precision": 0.9375, "recall": 1.0, "f1-score": 0.967741935483871, "support": 15}, "2": {"precision": 0.0, "recall": 0.0, "f1-score": 0.0, "support": 1}, "accuracy": 0.9375, "macro avg": {"precision": 0.46875, "recall": 0.5, "f1-score": 0.4838709677419355, "support": 16}, "weighted avg": {"precision": 0.87890625, "recall": 0.9375, "f1-score": 0.907258064516129, "support": 16}}, "loss": "0.27160835", "lang_embeds": [], "lang_embeds_length": 0, "lang_length": 16}, "test": {"report": {"0": {"precision": 0.9411764705882353, "recall": 1.0, "f1-score": 0.9696969696969697, "support": 16}, "3": {"precision": 0.0, "recall": 0.0, "f1-score": 0.0, "support": 1}, "accuracy": 0.9411764705882353, "macro avg": {"precision": 0.47058823529411764, "recall": 0.5, "f1-score": 0.48484848484848486, "support": 17}, "weighted avg": {"precision": 0.8858131487889274, "recall": 0.9411764705882353, "f1-score": 0.912655971479501, "support": 17}}, "acc": 0.9411764740943909, "lang_embeds": [], "lang_embeds_length": 0, "lang_length": 17}, "test_zs": {"report": {"0": {"precision": 0.9411764705882353, "recall": 1.0, "f1-score": 0.9696969696969697, "support": 16}, "3": {"precision": 0.0, "recall": 0.0, "f1-score": 0.0, "support": 1}, "accuracy": 0.9411764705882353, "macro avg": {"precision": 0.47058823529411764, "recall": 0.5, "f1-score": 0.48484848484848486, "support": 17}, "weighted avg": {"precision": 0.8858131487889274, "recall": 0.9411764705882353, "f1-score": 0.912655971479501, "support": 17}}, "acc": 0.9411764740943909, "lang_embeds": [], "lang_embeds_length": 0, "lang_length": 17}}