{"feature_name": "Number_of_Basic_Colour_Categories", "feature_id": "133A", "epoch": 0, "train": {"report": {"0": {"precision": 0.7126436781609196, "recall": 0.6966292134831461, "f1-score": 0.7045454545454545, "support": 89}, "1": {"precision": 0.6744186046511628, "recall": 0.58, "f1-score": 0.6236559139784946, "support": 50}, "2": {"precision": 0.6451612903225806, "recall": 0.6896551724137931, "f1-score": 0.6666666666666667, "support": 29}, "3": {"precision": 0.5333333333333333, "recall": 0.5333333333333333, "f1-score": 0.5333333333333333, "support": 30}, "4": {"precision": 0.7272727272727273, "recall": 0.7272727272727273, "f1-score": 0.7272727272727273, "support": 11}, "5": {"precision": 0.6, "recall": 0.48, "f1-score": 0.5333333333333332, "support": 25}, "6": {"precision": 0.2727272727272727, "recall": 0.6, "f1-score": 0.37499999999999994, "support": 10}, "accuracy": 0.6270491803278688, "macro avg": {"precision": 0.5950795580668566, "recall": 0.6152700637861429, "f1-score": 0.5948296327328586, "support": 244}, "weighted avg": {"precision": 0.6458326546537194, "recall": 0.6270491803278688, "f1-score": 0.632393474672692, "support": 244}}, "loss": "1.2970479", "lang_embeds": ["etu", "tac", "cav", "kbq", "kvn", "ppo", "var", "con", "ptp", "agu", "mil", "cof", "cab", "mcf", "kbh", "apn", "tca", "mic", "zpz", "cak", "cbu", "tbl", "agm", "shp", "kpj", "srq", "hus", "cao", "rop", "gum", "kmh", "sgz", "guh", "agd", "ncu", "amu", "ese", "cbt", "cul", "ycn", "yka", "viv", "agt", "auc", "cax", "huv", "tif", "arl", "xon", "cle", "djk", "dyi", "apz", "srm", "cbk", "jic", "tfr", "maq", "gym", "ncj", "cbi", "amr", "yaa", "gvn", "tuo", "sab", "tna", "ood"], "lang_embeds_length": 68, "lang_length": 68}, "dev": {"report": {"0": {"precision": 1.0, "recall": 1.0, "f1-score": 1.0, "support": 2}, "3": {"precision": 1.0, "recall": 1.0, "f1-score": 1.0, "support": 2}, "5": {"precision": 1.0, "recall": 1.0, "f1-score": 1.0, "support": 1}, "6": {"precision": 1.0, "recall": 1.0, "f1-score": 1.0, "support": 2}, "accuracy": 1.0, "macro avg": {"precision": 1.0, "recall": 1.0, "f1-score": 1.0, "support": 7}, "weighted avg": {"precision": 1.0, "recall": 1.0, "f1-score": 1.0, "support": 7}}, "loss": "0.6748348", "lang_embeds": ["cav", "kvn", "dyi", "mil", "amu", "kbh", "ood"], "lang_embeds_length": 7, "lang_length": 7}, "test": {"report": {"0": {"precision": 0.0, "recall": 0.0, "f1-score": 0.0, "support": 1.0}, "1": {"precision": 0.0, "recall": 0.0, "f1-score": 0.0, "support": 0.0}, "3": {"precision": 0.0, "recall": 0.0, "f1-score": 0.0, "support": 0.0}, "4": {"precision": 0.0, "recall": 0.0, "f1-score": 0.0, "support": 6.0}, "5": {"precision": 0.0, "recall": 0.0, "f1-score": 0.0, "support": 0.0}, "6": {"precision": 0.0, "recall": 0.0, "f1-score": 0.0, "support": 0.0}, "accuracy": 0.0, "macro avg": {"precision": 0.0, "recall": 0.0, "f1-score": 0.0, "support": 7.0}, "weighted avg": {"precision": 0.0, "recall": 0.0, "f1-score": 0.0, "support": 7.0}}, "acc": 0.0, "lang_embeds": ["fra", "spa", "rus", "jpn", "wbp", "kor", "deu"], "lang_embeds_length": 7, "lang_length": 7}, "test_zs": {"report": {"0": {"precision": 0.0, "recall": 0.0, "f1-score": 0.0, "support": 1.0}, "3": {"precision": 0.0, "recall": 0.0, "f1-score": 0.0, "support": 0.0}, "4": {"precision": 0.0, "recall": 0.0, "f1-score": 0.0, "support": 6.0}, "accuracy": 0.0, "macro avg": {"precision": 0.0, "recall": 0.0, "f1-score": 0.0, "support": 7.0}, "weighted avg": {"precision": 0.0, "recall": 0.0, "f1-score": 0.0, "support": 7.0}}, "acc": 0.0, "lang_embeds": [], "lang_embeds_length": 0, "lang_length": 7}}