{"feature_name": "Inflectional_Synthesis_of_the_Verb", "feature_id": "22A", "epoch": 0, "train": {"report": {"0": {"precision": 0.3, "recall": 0.1875, "f1-score": 0.23076923076923075, "support": 16}, "1": {"precision": 0.3076923076923077, "recall": 0.4444444444444444, "f1-score": 0.3636363636363637, "support": 9}, "2": {"precision": 0.0, "recall": 0.0, "f1-score": 0.0, "support": 7}, "3": {"precision": 0.14285714285714285, "recall": 0.16666666666666666, "f1-score": 0.15384615384615383, "support": 6}, "4": {"precision": 0.16666666666666666, "recall": 0.5, "f1-score": 0.25, "support": 2}, "5": {"precision": 0.0, "recall": 0.0, "f1-score": 0.0, "support": 2}, "accuracy": 0.21428571428571427, "macro avg": {"precision": 0.15286935286935285, "recall": 0.2164351851851852, "f1-score": 0.1663752913752914, "support": 42}, "weighted avg": {"precision": 0.2085644514215943, "recall": 0.21428571428571427, "f1-score": 0.19971694971694973, "support": 42}}, "loss": "4.1611824", "lang_embeds": [], "lang_embeds_length": 0, "lang_length": 42}, "dev": {"report": {"0": {"precision": 0.8, "recall": 1.0, "f1-score": 0.888888888888889, "support": 4}, "1": {"precision": 0.0, "recall": 0.0, "f1-score": 0.0, "support": 1}, "accuracy": 0.8, "macro avg": {"precision": 0.4, "recall": 0.5, "f1-score": 0.4444444444444445, "support": 5}, "weighted avg": {"precision": 0.64, "recall": 0.8, "f1-score": 0.7111111111111111, "support": 5}}, "loss": "0.64042854", "lang_embeds": [], "lang_embeds_length": 0, "lang_length": 5}, "test": {"report": {"0": {"precision": 0.0, "recall": 0.0, "f1-score": 0.0, "support": 0.0}, "1": {"precision": 0.0, "recall": 0.0, "f1-score": 0.0, "support": 1.0}, "2": {"precision": 0.0, "recall": 0.0, "f1-score": 0.0, "support": 3.0}, "3": {"precision": 0.0, "recall": 0.0, "f1-score": 0.0, "support": 1.0}, "accuracy": 0.0, "macro avg": {"precision": 0.0, "recall": 0.0, "f1-score": 0.0, "support": 5.0}, "weighted avg": {"precision": 0.0, "recall": 0.0, "f1-score": 0.0, "support": 5.0}}, "acc": 0.0, "lang_embeds": [], "lang_embeds_length": 0, "lang_length": 5}, "test_zs": {"report": {"0": {"precision": 0.0, "recall": 0.0, "f1-score": 0.0, "support": 0.0}, "1": {"precision": 0.0, "recall": 0.0, "f1-score": 0.0, "support": 1.0}, "2": {"precision": 0.0, "recall": 0.0, "f1-score": 0.0, "support": 3.0}, "3": {"precision": 0.0, "recall": 0.0, "f1-score": 0.0, "support": 1.0}, "accuracy": 0.0, "macro avg": {"precision": 0.0, "recall": 0.0, "f1-score": 0.0, "support": 5.0}, "weighted avg": {"precision": 0.0, "recall": 0.0, "f1-score": 0.0, "support": 5.0}}, "acc": 0.0, "lang_embeds": [], "lang_embeds_length": 0, "lang_length": 5}}