{"feature_name": "Distributive_Numerals", "feature_id": "54A", "epoch": 0, "train": {"report": {"0": {"precision": 0.23809523809523808, "recall": 0.22388059701492538, "f1-score": 0.23076923076923075, "support": 67}, "1": {"precision": 0.16304347826086957, "recall": 0.2459016393442623, "f1-score": 0.19607843137254902, "support": 61}, "2": {"precision": 0.061224489795918366, "recall": 0.07894736842105263, "f1-score": 0.06896551724137932, "support": 38}, "3": {"precision": 0.15384615384615385, "recall": 0.05, "f1-score": 0.07547169811320756, "support": 40}, "4": {"precision": 0.0, "recall": 0.0, "f1-score": 0.0, "support": 26}, "5": {"precision": 0.09615384615384616, "recall": 0.11904761904761904, "f1-score": 0.10638297872340424, "support": 42}, "6": {"precision": 0.0, "recall": 0.0, "f1-score": 0.0, "support": 8}, "accuracy": 0.14184397163120568, "macro avg": {"precision": 0.1017661723074323, "recall": 0.10253960340397993, "f1-score": 0.09680969374568156, "support": 282}, "weighted avg": {"precision": 0.136230040534917, "recall": 0.14184397163120568, "f1-score": 0.1330849839054881, "support": 282}}, "loss": "2.7687957", "lang_embeds": [], "lang_embeds_length": 0, "lang_length": 63}, "dev": {"report": {"1": {"precision": 0.0, "recall": 0.0, "f1-score": 0.0, "support": 3}, "5": {"precision": 0.5, "recall": 1.0, "f1-score": 0.6666666666666666, "support": 3}, "accuracy": 0.5, "macro avg": {"precision": 0.25, "recall": 0.5, "f1-score": 0.3333333333333333, "support": 6}, "weighted avg": {"precision": 0.25, "recall": 0.5, "f1-score": 0.3333333333333333, "support": 6}}, "loss": "1.5384063", "lang_embeds": [], "lang_embeds_length": 0, "lang_length": 6}, "test": {"report": {"0": {"precision": 0.0, "recall": 0.0, "f1-score": 0.0, "support": 3}, "2": {"precision": 0.0, "recall": 0.0, "f1-score": 0.0, "support": 1}, "3": {"precision": 0.0, "recall": 0.0, "f1-score": 0.0, "support": 1}, "4": {"precision": 0.0, "recall": 0.0, "f1-score": 0.0, "support": 1}, "5": {"precision": 0.14285714285714285, "recall": 1.0, "f1-score": 0.25, "support": 1}, "accuracy": 0.14285714285714285, "macro avg": {"precision": 0.02857142857142857, "recall": 0.2, "f1-score": 0.05, "support": 7}, "weighted avg": {"precision": 0.02040816326530612, "recall": 0.14285714285714285, "f1-score": 0.03571428571428571, "support": 7}}, "acc": 0.1428571492433548, "lang_embeds": [], "lang_embeds_length": 0, "lang_length": 7}, "test_zs": {"report": {"0": {"precision": 0.0, "recall": 0.0, "f1-score": 0.0, "support": 3}, "2": {"precision": 0.0, "recall": 0.0, "f1-score": 0.0, "support": 1}, "3": {"precision": 0.0, "recall": 0.0, "f1-score": 0.0, "support": 1}, "4": {"precision": 0.0, "recall": 0.0, "f1-score": 0.0, "support": 1}, "5": {"precision": 0.14285714285714285, "recall": 1.0, "f1-score": 0.25, "support": 1}, "accuracy": 0.14285714285714285, "macro avg": {"precision": 0.02857142857142857, "recall": 0.2, "f1-score": 0.05, "support": 7}, "weighted avg": {"precision": 0.02040816326530612, "recall": 0.14285714285714285, "f1-score": 0.03571428571428571, "support": 7}}, "acc": 0.1428571492433548, "lang_embeds": [], "lang_embeds_length": 0, "lang_length": 7}}