{"feature_name": "Order_of_Adposition_and_Noun_Phrase", "feature_id": "85A", "epoch": 0, "train": {"report": {"0": {"precision": 0.8161838161838162, "recall": 0.8422680412371134, "f1-score": 0.8290208016235413, "support": 970}, "1": {"precision": 0.8327359617682198, "recall": 0.7831460674157303, "f1-score": 0.8071800810654314, "support": 890}, "2": {"precision": 0.6136363636363636, "recall": 0.5454545454545454, "f1-score": 0.5775401069518716, "support": 99}, "3": {"precision": 0.3103448275862069, "recall": 0.5, "f1-score": 0.3829787234042554, "support": 18}, "4": {"precision": 0.0, "recall": 0.0, "f1-score": 0.0, "support": 0}, "accuracy": 0.7976732422862923, "macro avg": {"precision": 0.5145801938349213, "recall": 0.5341737308214778, "f1-score": 0.51934394260902, "support": 1977}, "weighted avg": {"precision": 0.8088869572931557, "recall": 0.7976732422862923, "f1-score": 0.8025344144322616, "support": 1977}}, "loss": "0.55110353", "lang_embeds": ["arb", "ind", "nse", "sag", "hop", "guh", "kac", "aey", "apu", "fon", "tbc", "yor", "apr", "amr", "lcm", "rus", "pad", "plu", "ign", "wnu", "lww", "cub", "kyz", "abt", "mqy", "hla", "xbi", "kms", "tsz", "ong", "apt", "yle", "khk", "faa", "pam", "bsn", "amk", "izz", "mbj", "mph", "car", "ood", "crn", "tac", "mau", "qvh", "nbc", "tui", "gbr", "sja", "mrg", "okv", "pma", "fin", "caq", "dis", "jpn", "zav", "mpm", "mva", "kmo", "kwd", "njo", "ndi", "xav", "sue", "ixl", "laj", "ilb", "viv", "ura", "agg", "njz", "amh", "spp", "ann", "snc", "cav", "mua", "ntp", "cme", "trc", "mbb", "xsi", "snf", "ibo", "shp", "nak", "stp", "taq", "iba", "mvn", "nyn", "yon", "auc", "dow", "tee", "seh", "tha", "fij", "cnh", "mcd", "niy", "xsr", "ape", "mya", "nko", "bqc", "mbl", "wrk", "nuy", "lhu", "kmh", "pbb", "csy", "yrb", "cle", "nhu", "hye", "nzm", "tsg", "lav", "emp", "alp", "apy", "tna", "gle", "kin", "ceb", "mig", "cab", "mcf", "apn", "aom", "pag", "lbj", "naq", "acn", "oym", "dgz", "ach", "hun", "som", "myu", "mpt", "ncl", "swh", "zai", "miq", "pes", "btx", "bul", "ppo", "kue", "kbh", "cco", "trp", "mcn", "cax", "too", "djk", "pao", "ary", "khm", "gvn", "xho", "sll", "ell", "spl", "tbl", "bcl", "qvi", "mna", "ycn", "agt", "guc", "ksf", "bdh", "yad", "tlf", "kor", "adj", "mio", "sot", "sop", "arn", "ssd", "mri", "vie", "huu", "ote", "for", "adz", "geb", "sna", "mib", "kki", "gym", "mmn", "tpt", "tbo", "kpx", "poy", "kyq", "ngc", "sat", "ewe", "mzh", "sba", "hau", "nas", "aau", "tuo", "hin", "aca", "ptp", "chf", "wed", "gub", "cak", "kpj", "nhg", "chq", "nob", "amp", "teo", "ese", "opm", "bhg", "pol", "tfr", "cpa", "zul", "coe", "zaw", "lac", "sua", "myb", "ses", "des", "nav", "var", "nnb", "mam", "fub", "plt", "huv", "kwi", "hix", "nld", "bom", "yaq", "yuj", "aia", "gvf", "kto", "mjw", "emi", "kbc", "deu", "byr", "urd", "cbr", "tnc", "spa", "ctd", "bsp", "naf", "mkd", "est", "sus", "mhx", "gmv", "tzo", "fra", "njb", "bzd", "kvn", "mie", "lol", "avt", "srq", "hus", "cao", "poi", "xed", "plg", "bvr", "bci", "ctp", "kbp", "cof", "mos", "mek", "pwg", "mil", "tue", "tur", "kpw", "etr", "nya", "eus", "lam", "mco", "tzj", "wib", "rkb", "nsn", "nst", "mbc", "hil", "ndo", "sbe", "urb"], "lang_embeds_length": 314, "lang_length": 314}, "dev": {"report": {"0": {"precision": 1.0, "recall": 1.0, "f1-score": 1.0, "support": 14}, "1": {"precision": 1.0, "recall": 1.0, "f1-score": 1.0, "support": 17}, "accuracy": 1.0, "macro avg": {"precision": 1.0, "recall": 1.0, "f1-score": 1.0, "support": 31}, "weighted avg": {"precision": 1.0, "recall": 1.0, "f1-score": 1.0, "support": 31}}, "loss": "0.095726065", "lang_embeds": ["arb", "mua", "aca", "mbb", "mil", "mau", "sll", "lww", "shp", "mqy", "nak", "lhu", "xbi", "acn", "pbb", "ilb", "nyn", "mna", "xed", "apt", "myu", "tui", "yle", "bdh", "kki", "tfr", "apr", "niy", "coe", "mbj", "crn"], "lang_embeds_length": 31, "lang_length": 31}, "test": {"report": {"0": {"precision": 0.3888888888888889, "recall": 0.875, "f1-score": 0.5384615384615385, "support": 8}, "1": {"precision": 0.8571428571428571, "recall": 0.5217391304347826, "f1-score": 0.6486486486486486, "support": 23}, "3": {"precision": 0.0, "recall": 0.0, "f1-score": 0.0, "support": 1}, "accuracy": 0.59375, "macro avg": {"precision": 0.41534391534391535, "recall": 0.46557971014492755, "f1-score": 0.3957033957033957, "support": 32}, "weighted avg": {"precision": 0.7132936507936507, "recall": 0.59375, "f1-score": 0.6008316008316008, "support": 32}}, "acc": 0.59375, "lang_embeds": ["ron", "mai", "kgp", "gla", "tyv", "lit", "tet", "ukr", "por", "kik", "slv", "cat", "cor", "smo", "ilo", "lus", "bre", "lug", "cym", "swe", "ckb", "dan", "nep", "tat", "tih", "ton", "che", "ita", "ces", "tgk", "ium", "tam"], "lang_embeds_length": 32, "lang_length": 32}, "test_zs": {"report": {"0": {"precision": 0.25, "recall": 1.0, "f1-score": 0.4, "support": 8}, "1": {"precision": 0.0, "recall": 0.0, "f1-score": 0.0, "support": 23}, "3": {"precision": 0.0, "recall": 0.0, "f1-score": 0.0, "support": 1}, "accuracy": 0.25, "macro avg": {"precision": 0.08333333333333333, "recall": 0.3333333333333333, "f1-score": 0.13333333333333333, "support": 32}, "weighted avg": {"precision": 0.0625, "recall": 0.25, "f1-score": 0.1, "support": 32}}, "acc": 0.25, "lang_embeds": [], "lang_embeds_length": 0, "lang_length": 32}}