{"feature_name": "Languages_with_two_Dominant_Orders_of_Subject,_Object,_and_Verb", "feature_id": "81B", "epoch": 0, "train": {"report": {"0": {"precision": 0.4444444444444444, "recall": 0.4, "f1-score": 0.4210526315789474, "support": 10}, "1": {"precision": 0.5, "recall": 0.42857142857142855, "f1-score": 0.4615384615384615, "support": 7}, "2": {"precision": 0.6666666666666666, "recall": 1.0, "f1-score": 0.8, "support": 2}, "3": {"precision": 0.5714285714285714, "recall": 0.6666666666666666, "f1-score": 0.6153846153846153, "support": 6}, "4": {"precision": 0.0, "recall": 0.0, "f1-score": 0.0, "support": 3}, "accuracy": 0.4642857142857143, "macro avg": {"precision": 0.43650793650793657, "recall": 0.4990476190476191, "f1-score": 0.45959514170040483, "support": 28}, "weighted avg": {"precision": 0.4537981859410431, "recall": 0.4642857142857143, "f1-score": 0.4547715442452284, "support": 28}}, "loss": "1.4649878", "lang_embeds": ["gbr", "mbc", "nld", "tee", "niy", "fij", "tob", "hye", "apy", "lac", "hun", "ell", "btx", "tzj", "deu", "wrk"], "lang_embeds_length": 16, "lang_length": 16}, "dev": {"report": {"0": {"precision": 1.0, "recall": 1.0, "f1-score": 1.0, "support": 1}, "4": {"precision": 1.0, "recall": 1.0, "f1-score": 1.0, "support": 1}, "accuracy": 1.0, "macro avg": {"precision": 1.0, "recall": 1.0, "f1-score": 1.0, "support": 2}, "weighted avg": {"precision": 1.0, "recall": 1.0, "f1-score": 1.0, "support": 2}}, "loss": "0.5806571", "lang_embeds": ["gbr", "mbc"], "lang_embeds_length": 2, "lang_length": 2}, "test": {"report": {"1": {"precision": 0.0, "recall": 0.0, "f1-score": 0.0, "support": 0.0}, "2": {"precision": 0.0, "recall": 0.0, "f1-score": 0.0, "support": 2.0}, "4": {"precision": 0.0, "recall": 0.0, "f1-score": 0.0, "support": 0.0}, "accuracy": 0.0, "macro avg": {"precision": 0.0, "recall": 0.0, "f1-score": 0.0, "support": 2.0}, "weighted avg": {"precision": 0.0, "recall": 0.0, "f1-score": 0.0, "support": 2.0}}, "acc": 0.0, "lang_embeds": ["ton", "smo"], "lang_embeds_length": 2, "lang_length": 2}, "test_zs": {"report": {"2": {"precision": 0.0, "recall": 0.0, "f1-score": 0.0, "support": 2.0}, "4": {"precision": 0.0, "recall": 0.0, "f1-score": 0.0, "support": 0.0}, "accuracy": 0.0, "macro avg": {"precision": 0.0, "recall": 0.0, "f1-score": 0.0, "support": 2.0}, "weighted avg": {"precision": 0.0, "recall": 0.0, "f1-score": 0.0, "support": 2.0}}, "acc": 0.0, "lang_embeds": [], "lang_embeds_length": 0, "lang_length": 2}}