{"feature_name": "Predicative_Possession", "feature_id": "117A", "epoch": 0, "train": {"report": {"0": {"precision": 0.6477272727272727, "recall": 0.6627906976744186, "f1-score": 0.6551724137931033, "support": 86}, "1": {"precision": 0.6615384615384615, "recall": 0.6231884057971014, "f1-score": 0.6417910447761194, "support": 69}, "2": {"precision": 0.726027397260274, "recall": 0.6883116883116883, "f1-score": 0.7066666666666667, "support": 77}, "3": {"precision": 0.5483870967741935, "recall": 0.5666666666666667, "f1-score": 0.5573770491803278, "support": 60}, "4": {"precision": 0.4, "recall": 0.5, "f1-score": 0.4444444444444445, "support": 16}, "accuracy": 0.6331168831168831, "macro avg": {"precision": 0.5967360456600403, "recall": 0.608191491689975, "f1-score": 0.6010903237721325, "support": 308}, "weighted avg": {"precision": 0.6381754373252987, "recall": 0.6331168831168831, "f1-score": 0.6350502502305949, "support": 308}}, "loss": "1.1212293", "lang_embeds": ["ron", "nav", "ind", "sag", "ell", "ibo", "shp", "srn", "qvi", "plt", "aey", "gvc", "guc", "tha", "hix", "nld", "smo", "fij", "bom", "lif", "yor", "yaq", "kor", "nmf", "mya", "rus", "pad", "tgl", "tam", "arn", "vie", "mri", "wnu", "ote", "lhu", "pbb", "fuv", "sna", "khk", "hye", "spa", "bre", "lav", "cym", "apy", "car", "ood", "gur", "gle", "bzd", "ceb", "lbj", "naq", "dgz", "ach", "ewe", "hun", "som", "hau", "fin", "swh", "jpn", "miq", "pes", "hin", "mos", "mil", "tur", "gub", "xpe", "kpw", "laj", "eus", "pap", "amp", "too", "tzj", "snn", "amh", "pol", "spp", "zul", "swe", "khm", "sbe", "urb"], "lang_embeds_length": 86, "lang_length": 86}, "dev": {"report": {"0": {"precision": 1.0, "recall": 1.0, "f1-score": 1.0, "support": 5}, "1": {"precision": 1.0, "recall": 1.0, "f1-score": 1.0, "support": 1}, "3": {"precision": 1.0, "recall": 1.0, "f1-score": 1.0, "support": 3}, "accuracy": 1.0, "macro avg": {"precision": 1.0, "recall": 1.0, "f1-score": 1.0, "support": 9}, "weighted avg": {"precision": 1.0, "recall": 1.0, "f1-score": 1.0, "support": 9}}, "loss": "0.57793176", "lang_embeds": ["srn", "lhu", "naq", "miq", "pes", "pad", "fuv", "gvc", "tzj"], "lang_embeds_length": 9, "lang_length": 9}, "test": {"report": {"0": {"precision": 0.0, "recall": 0.0, "f1-score": 0.0, "support": 2}, "1": {"precision": 0.0, "recall": 0.0, "f1-score": 0.0, "support": 1}, "2": {"precision": 0.0, "recall": 0.0, "f1-score": 0.0, "support": 2}, "3": {"precision": 1.0, "recall": 1.0, "f1-score": 1.0, "support": 1}, "4": {"precision": 0.0, "recall": 0.0, "f1-score": 0.0, "support": 3}, "accuracy": 0.1111111111111111, "macro avg": {"precision": 0.2, "recall": 0.2, "f1-score": 0.2, "support": 9}, "weighted avg": {"precision": 0.1111111111111111, "recall": 0.1111111111111111, "f1-score": 0.1111111111111111, "support": 9}}, "acc": 0.1111111119389534, "lang_embeds": ["nep", "ben", "kgp", "lus", "che", "gla", "ces", "tgk", "lug"], "lang_embeds_length": 9, "lang_length": 9}, "test_zs": {"report": {"0": {"precision": 0.0, "recall": 0.0, "f1-score": 0.0, "support": 2}, "1": {"precision": 0.0, "recall": 0.0, "f1-score": 0.0, "support": 1}, "2": {"precision": 0.0, "recall": 0.0, "f1-score": 0.0, "support": 2}, "3": {"precision": 0.0, "recall": 0.0, "f1-score": 0.0, "support": 1}, "4": {"precision": 0.3333333333333333, "recall": 1.0, "f1-score": 0.5, "support": 3}, "accuracy": 0.3333333333333333, "macro avg": {"precision": 0.06666666666666667, "recall": 0.2, "f1-score": 0.1, "support": 9}, "weighted avg": {"precision": 0.1111111111111111, "recall": 0.3333333333333333, "f1-score": 0.16666666666666666, "support": 9}}, "acc": 0.3333333432674408, "lang_embeds": [], "lang_embeds_length": 0, "lang_length": 9}}