{"feature_name": "The_Prohibitive", "feature_id": "71A", "epoch": 0, "train": {"report": {"0": {"precision": 0.6868686868686869, "recall": 0.6766169154228856, "f1-score": 0.681704260651629, "support": 201}, "1": {"precision": 0.648, "recall": 0.5955882352941176, "f1-score": 0.6206896551724138, "support": 136}, "2": {"precision": 0.6690140845070423, "recall": 0.6737588652482269, "f1-score": 0.6713780918727915, "support": 141}, "3": {"precision": 0.5084745762711864, "recall": 0.6521739130434783, "f1-score": 0.5714285714285714, "support": 46}, "accuracy": 0.6526717557251909, "macro avg": {"precision": 0.628089336911729, "recall": 0.6495344822521771, "f1-score": 0.6363001447813514, "support": 524}, "weighted avg": {"precision": 0.6563156917644535, "recall": 0.6526717557251909, "f1-score": 0.6534091120881748, "support": 524}}, "loss": "0.9746537", "lang_embeds": ["des", "ron", "nav", "mua", "ntp", "trc", "ind", "hto", "snf", "sag", "ell", "ibo", "shp", "azb", "kdh", "mam", "qvi", "plt", "agd", "fub", "aey", "auc", "rmn", "kwi", "tha", "hix", "nld", "fij", "shu", "lif", "yad", "yaq", "kor", "nmf", "ape", "mya", "rus", "pad", "tam", "tgl", "arn", "vie", "mri", "agu", "ote", "mjw", "lww", "nuy", "tsz", "lit", "kbc", "kjh", "apt", "deu", "khk", "cle", "tnc", "hye", "enx", "spa", "lav", "emp", "bsn", "mkd", "caa", "est", "sus", "apy", "ken", "mbj", "acu", "mph", "crn", "gle", "fra", "kup", "bzd", "ceb", "mig", "lol", "noa", "pag", "avt", "lbj", "gui", "naq", "oym", "ach", "hun", "ewe", "mzh", "hau", "gbr", "sja", "mrg", "pma", "fin", "caq", "ses", "qvn", "swh", "jpn", "nso", "mpm", "cbi", "mva", "pes", "cbs", "loz", "tnk", "kwd", "btx", "bul", "hin", "njo", "tue", "tur", "xpe", "nhg", "laj", "kpw", "cco", "eus", "trp", "nob", "amp", "too", "amh", "djk", "pol", "spp", "ann", "pao", "rwo", "zul", "swe", "mbc", "ary", "esu", "khm", "sbe", "ita", "myb", "bem", "cnt", "urb"], "lang_embeds_length": 146, "lang_length": 146}, "dev": {"report": {"0": {"precision": 1.0, "recall": 1.0, "f1-score": 1.0, "support": 3}, "1": {"precision": 1.0, "recall": 1.0, "f1-score": 1.0, "support": 6}, "2": {"precision": 1.0, "recall": 1.0, "f1-score": 1.0, "support": 5}, "3": {"precision": 1.0, "recall": 1.0, "f1-score": 1.0, "support": 1}, "accuracy": 1.0, "macro avg": {"precision": 1.0, "recall": 1.0, "f1-score": 1.0, "support": 15}, "weighted avg": {"precision": 1.0, "recall": 1.0, "f1-score": 1.0, "support": 15}}, "loss": "0.54492193", "lang_embeds": ["nso", "hix", "nmf", "sja", "mpm", "kup", "ntp", "plt", "tnc", "tue", "aey", "ann", "pao", "pag", "too"], "lang_embeds_length": 15, "lang_length": 15}, "test": {"report": {"0": {"precision": 0.3333333333333333, "recall": 0.4, "f1-score": 0.3636363636363636, "support": 5}, "1": {"precision": 0.0, "recall": 0.0, "f1-score": 0.0, "support": 0}, "2": {"precision": 0.3333333333333333, "recall": 0.125, "f1-score": 0.18181818181818182, "support": 8}, "3": {"precision": 0.0, "recall": 0.0, "f1-score": 0.0, "support": 2}, "accuracy": 0.2, "macro avg": {"precision": 0.16666666666666666, "recall": 0.13125, "f1-score": 0.13636363636363635, "support": 15}, "weighted avg": {"precision": 0.28888888888888886, "recall": 0.2, "f1-score": 0.21818181818181817, "support": 15}}, "acc": 0.20000000298023224, "lang_embeds": ["dan", "tat", "mai", "tet", "ukr", "fao", "por", "che", "ces", "slv", "rmy", "cym", "wbp", "cat", "tyv"], "lang_embeds_length": 15, "lang_length": 15}, "test_zs": {"report": {"0": {"precision": 0.3333333333333333, "recall": 1.0, "f1-score": 0.5, "support": 5}, "2": {"precision": 0.0, "recall": 0.0, "f1-score": 0.0, "support": 8}, "3": {"precision": 0.0, "recall": 0.0, "f1-score": 0.0, "support": 2}, "accuracy": 0.3333333333333333, "macro avg": {"precision": 0.1111111111111111, "recall": 0.3333333333333333, "f1-score": 0.16666666666666666, "support": 15}, "weighted avg": {"precision": 0.1111111111111111, "recall": 0.3333333333333333, "f1-score": 0.16666666666666666, "support": 15}}, "acc": 0.3333333432674408, "lang_embeds": [], "lang_embeds_length": 0, "lang_length": 15}}