{"feature_name": "'Want'_Complement_Subjects", "feature_id": "124A", "epoch": 0, "train": {"report": {"0": {"precision": 0.8646616541353384, "recall": 0.7419354838709677, "f1-score": 0.798611111111111, "support": 155}, "1": {"precision": 0.7912087912087912, "recall": 0.7422680412371134, "f1-score": 0.7659574468085107, "support": 97}, "2": {"precision": 0.723404255319149, "recall": 0.8, "f1-score": 0.7597765363128491, "support": 85}, "3": {"precision": 0.36363636363636365, "recall": 0.47058823529411764, "f1-score": 0.41025641025641024, "support": 17}, "4": {"precision": 0.42857142857142855, "recall": 0.8571428571428571, "f1-score": 0.5714285714285714, "support": 14}, "accuracy": 0.7472826086956522, "macro avg": {"precision": 0.6342964985742141, "recall": 0.7223869235090112, "f1-score": 0.6612060151834905, "support": 368}, "weighted avg": {"precision": 0.7729374701689566, "recall": 0.7472826086956522, "f1-score": 0.7544509758793447, "support": 368}}, "loss": "0.8390276", "lang_embeds": ["nav", "ind", "nse", "sll", "sag", "ell", "shp", "stp", "qvi", "mam", "agd", "aey", "apu", "fon", "kwi", "hix", "fij", "yad", "zpi", "yor", "yaq", "kor", "niy", "moc", "rus", "tgl", "vie", "mri", "huu", "ote", "tsz", "kmh", "pbb", "deu", "tnc", "spa", "gym", "naf", "tob", "ood", "fra", "mig", "qvh", "lbj", "naq", "hun", "ewe", "som", "mzh", "hau", "nhx", "sja", "plg", "pma", "fin", "jpn", "miq", "pes", "kwd", "hin", "nab", "tur", "sue", "nhg", "laj", "kpw", "nya", "tzj", "spp", "ann", "pao", "tfr", "zul", "nbl", "mbc", "esu", "khm", "gvn", "sbe", "myb", "ses", "urb"], "lang_embeds_length": 82, "lang_length": 82}, "dev": {"report": {"0": {"precision": 1.0, "recall": 1.0, "f1-score": 1.0, "support": 4}, "1": {"precision": 1.0, "recall": 1.0, "f1-score": 1.0, "support": 3}, "3": {"precision": 1.0, "recall": 1.0, "f1-score": 1.0, "support": 1}, "accuracy": 1.0, "macro avg": {"precision": 1.0, "recall": 1.0, "f1-score": 1.0, "support": 8}, "weighted avg": {"precision": 1.0, "recall": 1.0, "f1-score": 1.0, "support": 8}}, "loss": "0.30856085", "lang_embeds": ["nav", "tsz", "plg", "qvi", "nya", "yad", "fon", "mzh"], "lang_embeds_length": 8, "lang_length": 8}, "test": {"report": {"0": {"precision": 0.375, "recall": 0.75, "f1-score": 0.5, "support": 4}, "1": {"precision": 0.0, "recall": 0.0, "f1-score": 0.0, "support": 3}, "3": {"precision": 0.0, "recall": 0.0, "f1-score": 0.0, "support": 0}, "4": {"precision": 0.0, "recall": 0.0, "f1-score": 0.0, "support": 2}, "accuracy": 0.3333333333333333, "macro avg": {"precision": 0.09375, "recall": 0.1875, "f1-score": 0.125, "support": 9}, "weighted avg": {"precision": 0.16666666666666666, "recall": 0.3333333333333333, "f1-score": 0.2222222222222222, "support": 9}}, "acc": 0.3333333432674408, "lang_embeds": ["tha", "arn", "ron", "smo", "ben", "tet", "mya", "lav", "bul"], "lang_embeds_length": 9, "lang_length": 9}, "test_zs": {"report": {"0": {"precision": 0.0, "recall": 0.0, "f1-score": 0.0, "support": 4}, "1": {"precision": 0.0, "recall": 0.0, "f1-score": 0.0, "support": 3}, "4": {"precision": 0.2222222222222222, "recall": 1.0, "f1-score": 0.3636363636363636, "support": 2}, "accuracy": 0.2222222222222222, "macro avg": {"precision": 0.07407407407407407, "recall": 0.3333333333333333, "f1-score": 0.1212121212121212, "support": 9}, "weighted avg": {"precision": 0.04938271604938271, "recall": 0.2222222222222222, "f1-score": 0.0808080808080808, "support": 9}}, "acc": 0.2222222238779068, "lang_embeds": [], "lang_embeds_length": 0, "lang_length": 9}}