{"feature_name": "Suppletion_in_Imperatives_and_Hortatives", "feature_id": "79B", "epoch": 0, "train": {"report": {"0": {"precision": 0.7264957264957265, "recall": 0.8415841584158416, "f1-score": 0.7798165137614679, "support": 202}, "1": {"precision": 0.0, "recall": 0.0, "f1-score": 0.0, "support": 50}, "2": {"precision": 0.0, "recall": 0.0, "f1-score": 0.0, "support": 16}, "3": {"precision": 0.0, "recall": 0.0, "f1-score": 0.0, "support": 0}, "4": {"precision": 0.0, "recall": 0.0, "f1-score": 0.0, "support": 0}, "accuracy": 0.6343283582089553, "macro avg": {"precision": 0.14529914529914528, "recall": 0.1683168316831683, "f1-score": 0.1559633027522936, "support": 268}, "weighted avg": {"precision": 0.5475825998214058, "recall": 0.6343283582089553, "f1-score": 0.5877721484321512, "support": 268}}, "loss": "1.4249249", "lang_embeds": [], "lang_embeds_length": 0, "lang_length": 75}, "dev": {"report": {"0": {"precision": 1.0, "recall": 1.0, "f1-score": 1.0, "support": 8}, "accuracy": 1.0, "macro avg": {"precision": 1.0, "recall": 1.0, "f1-score": 1.0, "support": 8}, "weighted avg": {"precision": 1.0, "recall": 1.0, "f1-score": 1.0, "support": 8}}, "loss": "0.19984178", "lang_embeds": [], "lang_embeds_length": 0, "lang_length": 8}, "test": {"report": {"0": {"precision": 1.0, "recall": 1.0, "f1-score": 1.0, "support": 8}, "accuracy": 1.0, "macro avg": {"precision": 1.0, "recall": 1.0, "f1-score": 1.0, "support": 8}, "weighted avg": {"precision": 1.0, "recall": 1.0, "f1-score": 1.0, "support": 8}}, "acc": 1.0, "lang_embeds": [], "lang_embeds_length": 0, "lang_length": 8}, "test_zs": {"report": {"0": {"precision": 1.0, "recall": 1.0, "f1-score": 1.0, "support": 8}, "accuracy": 1.0, "macro avg": {"precision": 1.0, "recall": 1.0, "f1-score": 1.0, "support": 8}, "weighted avg": {"precision": 1.0, "recall": 1.0, "f1-score": 1.0, "support": 8}}, "acc": 1.0, "lang_embeds": [], "lang_embeds_length": 0, "lang_length": 8}}