{"feature_name": "The_Position_of_Negative_Morphemes_in_SOV_Languages", "feature_id": "144L", "epoch": 0, "train": {"report": {"0": {"precision": 0.6951871657754011, "recall": 0.7103825136612022, "f1-score": 0.7027027027027027, "support": 183}, "1": {"precision": 0.6933333333333334, "recall": 0.5977011494252874, "f1-score": 0.6419753086419753, "support": 87}, "2": {"precision": 0.75, "recall": 0.5192307692307693, "f1-score": 0.6136363636363638, "support": 52}, "3": {"precision": 0.6388888888888888, "recall": 0.48936170212765956, "f1-score": 0.5542168674698795, "support": 47}, "4": {"precision": 0.673469387755102, "recall": 0.6470588235294118, "f1-score": 0.66, "support": 51}, "5": {"precision": 0.7666666666666667, "recall": 0.5476190476190477, "f1-score": 0.6388888888888888, "support": 42}, "6": {"precision": 0.8095238095238095, "recall": 0.53125, "f1-score": 0.6415094339622642, "support": 32}, "7": {"precision": 0.5675675675675675, "recall": 0.5833333333333334, "f1-score": 0.5753424657534246, "support": 36}, "8": {"precision": 0.7428571428571429, "recall": 0.6842105263157895, "f1-score": 0.7123287671232877, "support": 38}, "9": {"precision": 0.4375, "recall": 0.7777777777777778, "f1-score": 0.56, "support": 9}, "10": {"precision": 0.4, "recall": 0.5, "f1-score": 0.4444444444444445, "support": 4}, "11": {"precision": 0.6666666666666666, "recall": 0.7142857142857143, "f1-score": 0.689655172413793, "support": 14}, "12": {"precision": 0.3157894736842105, "recall": 0.5, "f1-score": 0.3870967741935484, "support": 12}, "13": {"precision": 0.42857142857142855, "recall": 0.6923076923076923, "f1-score": 0.5294117647058824, "support": 13}, "14": {"precision": 0.0, "recall": 0.0, "f1-score": 0.0, "support": 0}, "15": {"precision": 0.0, "recall": 0.0, "f1-score": 0.0, "support": 0}, "16": {"precision": 0.0, "recall": 0.0, "f1-score": 0.0, "support": 0}, "17": {"precision": 0.0, "recall": 0.0, "f1-score": 0.0, "support": 0}, "18": {"precision": 0.0, "recall": 0.0, "f1-score": 0.0, "support": 0}, "19": {"precision": 0.0, "recall": 0.0, "f1-score": 0.0, "support": 0}, "20": {"precision": 0.0, "recall": 0.0, "f1-score": 0.0, "support": 0}, "21": {"precision": 0.0, "recall": 0.0, "f1-score": 0.0, "support": 0}, "22": {"precision": 0.0, "recall": 0.0, "f1-score": 0.0, "support": 0}, "accuracy": 0.6225806451612903, "macro avg": {"precision": 0.3733052839691399, "recall": 0.369326915200595, "f1-score": 0.36309604147549807, "support": 620}, "weighted avg": {"precision": 0.6805023697498783, "recall": 0.6225806451612903, "f1-score": 0.643881696270364, "support": 620}}, "loss": "1.7213174", "lang_embeds": ["des", "nav", "hto", "sll", "hop", "shp", "azb", "qvi", "amn", "kac", "tmd", "aey", "yon", "auc", "kwi", "lif", "tbc", "apw", "cnh", "yaq", "kor", "mcd", "bmr", "niy", "nmf", "ghs", "xsr", "yuj", "ssd", "gvf", "bqc", "wnu", "huu", "mjw", "cbu", "kyz", "abt", "lhu", "kms", "pbb", "geb", "cui", "csy", "snp", "apt", "yrb", "deu", "khk", "urd", "cbr", "tnc", "nzm", "ctd", "emp", "gym", "naf", "mhx", "apy", "tbo", "kpx", "tna", "car", "kup", "tac", "njb", "bzd", "kvn", "cap", "hch", "noa", "qvh", "aom", "txu", "awb", "lbj", "naq", "sat", "oym", "dgz", "som", "nbc", "gbr", "sja", "mrg", "okv", "mpt", "bvr", "dis", "wim", "jpn", "nas", "adi", "gah", "aau", "cbi", "mva", "pes", "uig", "kmo", "miq", "tuo", "cof", "usa", "pwg", "mek", "nab", "kue", "njo", "tue", "jiv", "tur", "wed", "sue", "tbg", "kpw", "trp", "viv", "eus", "ese", "amp", "opm", "snn", "agg", "njz", "amh", "wib", "rkb", "spp", "pao", "tfr", "rwo", "mbc", "snc", "yaa", "gvn", "sbe", "ses", "urb"], "lang_embeds_length": 138, "lang_length": 138}, "dev": {"report": {"0": {"precision": 1.0, "recall": 1.0, "f1-score": 1.0, "support": 6}, "1": {"precision": 1.0, "recall": 1.0, "f1-score": 1.0, "support": 1}, "2": {"precision": 1.0, "recall": 1.0, "f1-score": 1.0, "support": 2}, "3": {"precision": 1.0, "recall": 1.0, "f1-score": 1.0, "support": 1}, "4": {"precision": 1.0, "recall": 1.0, "f1-score": 1.0, "support": 1}, "6": {"precision": 1.0, "recall": 1.0, "f1-score": 1.0, "support": 2}, "8": {"precision": 1.0, "recall": 1.0, "f1-score": 1.0, "support": 1}, "accuracy": 1.0, "macro avg": {"precision": 1.0, "recall": 1.0, "f1-score": 1.0, "support": 14}, "weighted avg": {"precision": 1.0, "recall": 1.0, "f1-score": 1.0, "support": 14}}, "loss": "0.4461402", "lang_embeds": ["adi", "gah", "azb", "nmf", "mhx", "pes", "trp", "mjw", "bvr", "tfr", "apt", "gym", "snn", "nas"], "lang_embeds_length": 14, "lang_length": 14}, "test": {"report": {"0": {"precision": 0.2, "recall": 0.3333333333333333, "f1-score": 0.25, "support": 3}, "1": {"precision": 0.0, "recall": 0.0, "f1-score": 0.0, "support": 2}, "3": {"precision": 0.5, "recall": 0.5, "f1-score": 0.5, "support": 2}, "4": {"precision": 0.0, "recall": 0.0, "f1-score": 0.0, "support": 3}, "5": {"precision": 0.0, "recall": 0.0, "f1-score": 0.0, "support": 1}, "6": {"precision": 0.0, "recall": 0.0, "f1-score": 0.0, "support": 2}, "7": {"precision": 0.0, "recall": 0.0, "f1-score": 0.0, "support": 0}, "8": {"precision": 0.0, "recall": 0.0, "f1-score": 0.0, "support": 0}, "9": {"precision": 0.0, "recall": 0.0, "f1-score": 0.0, "support": 0}, "14": {"precision": 0.0, "recall": 0.0, "f1-score": 0.0, "support": 1}, "accuracy": 0.14285714285714285, "macro avg": {"precision": 0.06999999999999999, "recall": 0.08333333333333333, "f1-score": 0.075, "support": 14}, "weighted avg": {"precision": 0.1142857142857143, "recall": 0.14285714285714285, "f1-score": 0.125, "support": 14}}, "acc": 0.1428571492433548, "lang_embeds": ["nld", "hin", "nep", "tyv", "ben", "hye", "mai", "mya", "kgp", "lus", "che", "tgk", "ckb", "tam"], "lang_embeds_length": 14, "lang_length": 14}, "test_zs": {"report": {"0": {"precision": 0.0, "recall": 0.0, "f1-score": 0.0, "support": 3.0}, "1": {"precision": 0.0, "recall": 0.0, "f1-score": 0.0, "support": 2.0}, "3": {"precision": 0.0, "recall": 0.0, "f1-score": 0.0, "support": 2.0}, "4": {"precision": 0.0, "recall": 0.0, "f1-score": 0.0, "support": 3.0}, "5": {"precision": 0.0, "recall": 0.0, "f1-score": 0.0, "support": 1.0}, "6": {"precision": 0.0, "recall": 0.0, "f1-score": 0.0, "support": 2.0}, "14": {"precision": 0.0, "recall": 0.0, "f1-score": 0.0, "support": 1.0}, "16": {"precision": 0.0, "recall": 0.0, "f1-score": 0.0, "support": 0.0}, "accuracy": 0.0, "macro avg": {"precision": 0.0, "recall": 0.0, "f1-score": 0.0, "support": 14.0}, "weighted avg": {"precision": 0.0, "recall": 0.0, "f1-score": 0.0, "support": 14.0}}, "acc": 0.0, "lang_embeds": [], "lang_embeds_length": 0, "lang_length": 14}}