{"feature_name": "Subtypes_of_Asymmetric_Standard_Negation", "feature_id": "114A", "epoch": 0, "train": {"report": {"0": {"precision": 0.8264462809917356, "recall": 0.6896551724137931, "f1-score": 0.7518796992481205, "support": 145}, "1": {"precision": 0.7413793103448276, "recall": 0.589041095890411, "f1-score": 0.6564885496183207, "support": 73}, "2": {"precision": 0.6410256410256411, "recall": 0.5681818181818182, "f1-score": 0.6024096385542169, "support": 44}, "3": {"precision": 0.36585365853658536, "recall": 0.5769230769230769, "f1-score": 0.44776119402985076, "support": 26}, "4": {"precision": 0.45, "recall": 0.72, "f1-score": 0.5538461538461539, "support": 25}, "5": {"precision": 0.3333333333333333, "recall": 0.5, "f1-score": 0.4, "support": 10}, "6": {"precision": 0.1875, "recall": 0.42857142857142855, "f1-score": 0.26086956521739124, "support": 7}, "accuracy": 0.6333333333333333, "macro avg": {"precision": 0.506505460604589, "recall": 0.5817675131400755, "f1-score": 0.5247506857877219, "support": 330}, "weighted avg": {"precision": 0.6896016880587479, "recall": 0.6333333333333333, "f1-score": 0.6508068983544004, "support": 330}}, "loss": "1.2482182", "lang_embeds": ["nav", "ind", "sag", "ell", "ibo", "shp", "mam", "qvi", "plt", "aey", "tmd", "apu", "auc", "huv", "kwi", "hix", "bom", "yad", "yor", "jic", "yaq", "kor", "niy", "ape", "rus", "pad", "tgl", "mri", "bqc", "wnu", "ote", "cbu", "lww", "poe", "wrk", "nuy", "lhu", "tsz", "pbb", "cui", "yrb", "deu", "khk", "cle", "spa", "bsn", "apy", "mbj", "mph", "car", "fra", "kvn", "mig", "hch", "lbj", "naq", "oym", "dgz", "ewe", "hun", "som", "mzh", "hau", "sja", "pma", "fin", "caq", "bvr", "swh", "jpn", "nas", "pes", "btx", "hin", "tue", "tur", "sue", "nhg", "kpw", "laj", "eus", "amp", "mcn", "ons", "djk", "spp", "zul", "khm", "top", "zaw", "ses", "urb"], "lang_embeds_length": 92, "lang_length": 92}, "dev": {"report": {"0": {"precision": 1.0, "recall": 1.0, "f1-score": 1.0, "support": 4}, "1": {"precision": 1.0, "recall": 1.0, "f1-score": 1.0, "support": 3}, "2": {"precision": 1.0, "recall": 1.0, "f1-score": 1.0, "support": 1}, "3": {"precision": 1.0, "recall": 1.0, "f1-score": 1.0, "support": 1}, "accuracy": 1.0, "macro avg": {"precision": 1.0, "recall": 1.0, "f1-score": 1.0, "support": 9}, "weighted avg": {"precision": 1.0, "recall": 1.0, "f1-score": 1.0, "support": 9}}, "loss": "0.4615832", "lang_embeds": ["lhu", "kvn", "kpw", "mam", "pbb", "caq", "bqc", "btx", "khk"], "lang_embeds_length": 9, "lang_length": 9}, "test": {"report": {"0": {"precision": 0.625, "recall": 1.0, "f1-score": 0.7692307692307693, "support": 5}, "1": {"precision": 1.0, "recall": 0.3333333333333333, "f1-score": 0.5, "support": 3}, "2": {"precision": 1.0, "recall": 0.5, "f1-score": 0.6666666666666666, "support": 2}, "accuracy": 0.7, "macro avg": {"precision": 0.875, "recall": 0.611111111111111, "f1-score": 0.6452991452991452, "support": 10}, "weighted avg": {"precision": 0.8125, "recall": 0.7, "f1-score": 0.667948717948718, "support": 10}}, "acc": 0.699999988079071, "lang_embeds": ["tha", "arn", "fij", "vie", "hye", "mya", "ukr", "ita", "lav", "gle"], "lang_embeds_length": 10, "lang_length": 10}, "test_zs": {"report": {"0": {"precision": 0.0, "recall": 0.0, "f1-score": 0.0, "support": 5.0}, "1": {"precision": 0.0, "recall": 0.0, "f1-score": 0.0, "support": 3.0}, "2": {"precision": 0.0, "recall": 0.0, "f1-score": 0.0, "support": 2.0}, "4": {"precision": 0.0, "recall": 0.0, "f1-score": 0.0, "support": 0.0}, "accuracy": 0.0, "macro avg": {"precision": 0.0, "recall": 0.0, "f1-score": 0.0, "support": 10.0}, "weighted avg": {"precision": 0.0, "recall": 0.0, "f1-score": 0.0, "support": 10.0}}, "acc": 0.0, "lang_embeds": [], "lang_embeds_length": 0, "lang_length": 10}}