{"feature_name": "Vowel_Nasalization", "feature_id": "10A", "epoch": 0, "train": {"report": {"0": {"precision": 0.8778625954198473, "recall": 0.8214285714285714, "f1-score": 0.8487084870848709, "support": 140}, "1": {"precision": 0.6268656716417911, "recall": 0.7241379310344828, "f1-score": 0.672, "support": 58}, "accuracy": 0.7929292929292929, "macro avg": {"precision": 0.7523641335308192, "recall": 0.7727832512315271, "f1-score": 0.7603542435424355, "support": 198}, "weighted avg": {"precision": 0.8043382440101137, "recall": 0.7929292929292929, "f1-score": 0.7969453949084946, "support": 198}}, "loss": "0.48210293", "lang_embeds": ["fra", "nav", "hin", "mos", "mri", "vie", "mig", "njo", "tur", "ind", "wnu", "ote", "sag", "ell", "ibo", "sue", "lbj", "nuy", "laj", "chq", "naq", "kpw", "plt", "ilb", "qvi", "aey", "amp", "poi", "dgz", "apu", "eus", "hun", "btx", "mzh", "dow", "kia", "deu", "khk", "kwi", "ksf", "hau", "hix", "sja", "djk", "ubu", "pma", "fin", "spp", "yad", "yor", "gya", "swh", "tfr", "spa", "zul", "jpn", "yaq", "bsn", "kor", "ncj", "niy", "esu", "khm", "bci", "bsc", "pes", "ape", "rus", "mph", "myb", "car", "urb", "pad", "tgl"], "lang_embeds_length": 74, "lang_length": 74}, "dev": {"report": {"0": {"precision": 1.0, "recall": 1.0, "f1-score": 1.0, "support": 7}, "1": {"precision": 1.0, "recall": 1.0, "f1-score": 1.0, "support": 1}, "accuracy": 1.0, "macro avg": {"precision": 1.0, "recall": 1.0, "f1-score": 1.0, "support": 8}, "weighted avg": {"precision": 1.0, "recall": 1.0, "f1-score": 1.0, "support": 8}}, "loss": "0.3201805", "lang_embeds": ["lbj", "ilb", "aey", "sag", "ibo", "car", "mzh", "pad"], "lang_embeds_length": 8, "lang_length": 8}, "test": {"report": {"0": {"precision": 1.0, "recall": 0.8571428571428571, "f1-score": 0.923076923076923, "support": 7}, "1": {"precision": 0.5, "recall": 1.0, "f1-score": 0.6666666666666666, "support": 1}, "accuracy": 0.875, "macro avg": {"precision": 0.75, "recall": 0.9285714285714286, "f1-score": 0.7948717948717948, "support": 8}, "weighted avg": {"precision": 0.9375, "recall": 0.875, "f1-score": 0.891025641025641, "support": 8}}, "acc": 0.875, "lang_embeds": ["tha", "arn", "fij", "hye", "mya", "kgp", "lav", "gle"], "lang_embeds_length": 8, "lang_length": 8}, "test_zs": {"report": {"0": {"precision": 0.875, "recall": 1.0, "f1-score": 0.9333333333333333, "support": 7}, "1": {"precision": 0.0, "recall": 0.0, "f1-score": 0.0, "support": 1}, "accuracy": 0.875, "macro avg": {"precision": 0.4375, "recall": 0.5, "f1-score": 0.4666666666666667, "support": 8}, "weighted avg": {"precision": 0.765625, "recall": 0.875, "f1-score": 0.8166666666666667, "support": 8}}, "acc": 0.875, "lang_embeds": [], "lang_embeds_length": 0, "lang_length": 8}}