{"feature_name": "Locus_of_Marking_in_Possessive_Noun_Phrases", "feature_id": "24A", "epoch": 0, "train": {"report": {"0": {"precision": 0.4068441064638783, "recall": 0.5487179487179488, "f1-score": 0.4672489082969432, "support": 195}, "1": {"precision": 0.35175879396984927, "recall": 0.49295774647887325, "f1-score": 0.4105571847507332, "support": 142}, "2": {"precision": 0.09090909090909091, "recall": 0.012658227848101266, "f1-score": 0.022222222222222223, "support": 79}, "3": {"precision": 0.0, "recall": 0.0, "f1-score": 0.0, "support": 43}, "4": {"precision": 0.0, "recall": 0.0, "f1-score": 0.0, "support": 15}, "accuracy": 0.3755274261603376, "macro avg": {"precision": 0.1699023982685637, "recall": 0.21086678460898467, "f1-score": 0.18000566305397975, "support": 474}, "weighted avg": {"precision": 0.2879033073544157, "recall": 0.3755274261603376, "f1-score": 0.3189202803967587, "support": 474}}, "loss": "1.8676137", "lang_embeds": [], "lang_embeds_length": 0, "lang_length": 66}, "dev": {"report": {"0": {"precision": 0.6666666666666666, "recall": 1.0, "f1-score": 0.8, "support": 4}, "3": {"precision": 0.0, "recall": 0.0, "f1-score": 0.0, "support": 2}, "accuracy": 0.6666666666666666, "macro avg": {"precision": 0.3333333333333333, "recall": 0.5, "f1-score": 0.4, "support": 6}, "weighted avg": {"precision": 0.4444444444444444, "recall": 0.6666666666666666, "f1-score": 0.5333333333333333, "support": 6}}, "loss": "1.182233", "lang_embeds": [], "lang_embeds_length": 0, "lang_length": 6}, "test": {"report": {"0": {"precision": 0.625, "recall": 1.0, "f1-score": 0.7692307692307693, "support": 5}, "1": {"precision": 0.0, "recall": 0.0, "f1-score": 0.0, "support": 2}, "2": {"precision": 0.0, "recall": 0.0, "f1-score": 0.0, "support": 1}, "accuracy": 0.625, "macro avg": {"precision": 0.20833333333333334, "recall": 0.3333333333333333, "f1-score": 0.25641025641025644, "support": 8}, "weighted avg": {"precision": 0.390625, "recall": 0.625, "f1-score": 0.4807692307692308, "support": 8}}, "acc": 0.625, "lang_embeds": [], "lang_embeds_length": 0, "lang_length": 8}, "test_zs": {"report": {"0": {"precision": 0.625, "recall": 1.0, "f1-score": 0.7692307692307693, "support": 5}, "1": {"precision": 0.0, "recall": 0.0, "f1-score": 0.0, "support": 2}, "2": {"precision": 0.0, "recall": 0.0, "f1-score": 0.0, "support": 1}, "accuracy": 0.625, "macro avg": {"precision": 0.20833333333333334, "recall": 0.3333333333333333, "f1-score": 0.25641025641025644, "support": 8}, "weighted avg": {"precision": 0.390625, "recall": 0.625, "f1-score": 0.4807692307692308, "support": 8}}, "acc": 0.625, "lang_embeds": [], "lang_embeds_length": 0, "lang_length": 8}}