{"feature_name": "Consonant_Inventories", "feature_id": "1A", "epoch": 0, "train": {"report": {"0": {"precision": 0.7461139896373057, "recall": 0.7164179104477612, "f1-score": 0.7309644670050761, "support": 201}, "1": {"precision": 0.6631016042780749, "recall": 0.6927374301675978, "f1-score": 0.6775956284153006, "support": 179}, "2": {"precision": 0.4794520547945205, "recall": 0.4666666666666667, "f1-score": 0.4729729729729729, "support": 75}, "3": {"precision": 0.5773195876288659, "recall": 0.5233644859813084, "f1-score": 0.5490196078431373, "support": 107}, "4": {"precision": 0.15384615384615385, "recall": 0.2857142857142857, "f1-score": 0.2, "support": 14}, "accuracy": 0.6302083333333334, "macro avg": {"precision": 0.5239666780369842, "recall": 0.5369801557955239, "f1-score": 0.5261105352472975, "support": 576}, "weighted avg": {"precision": 0.6398438285114543, "recall": 0.6302083333333334, "f1-score": 0.6340825457752566, "support": 576}}, "loss": "1.0864366", "lang_embeds": ["nav", "cjv", "ind", "sag", "ell", "ibo", "spl", "hop", "shp", "roo", "iba", "guh", "plt", "kac", "aey", "apu", "ycn", "dow", "wap", "huv", "guc", "tha", "hix", "arl", "mto", "bom", "fij", "kwi", "yua", "yad", "yor", "jic", "yaq", "kor", "bmr", "niy", "cbv", "mwp", "ape", "mya", "cag", "rus", "pad", "tgl", "arn", "vie", "mri", "ign", "wnu", "ote", "huu", "mbl", "cub", "wrk", "nuy", "lhu", "tsz", "adz", "pbb", "yle", "deu", "yrb", "khk", "cle", "ame", "tzh", "nhu", "hye", "ivv", "spa", "faa", "tsg", "ctd", "ald", "tna", "mph", "yss", "wrs", "car", "ood", "etu", "fra", "kup", "con", "kvn", "bzd", "bao", "mig", "tca", "apn", "daa", "lbj", "srq", "hus", "gum", "naq", "amu", "dgz", "hun", "ewe", "som", "mzh", "hau", "gbr", "quh", "beq", "sja", "pma", "fin", "bvr", "wim", "rro", "swh", "maq", "jpn", "ncj", "nas", "kss", "cbi", "pes", "ctp", "mps", "kmo", "kwd", "btx", "wnc", "hin", "nab", "njo", "tur", "jiv", "kbh", "tiy", "sue", "agm", "xpe", "nhg", "kpw", "chq", "laj", "eus", "nob", "amp", "ake", "yva", "snn", "njz", "amh", "djk", "bkq", "spp", "zul", "kek", "khm", "top", "gvn", "byx", "bba", "ses", "urb"], "lang_embeds_length": 160, "lang_length": 160}, "dev": {"report": {"0": {"precision": 1.0, "recall": 1.0, "f1-score": 1.0, "support": 11}, "1": {"precision": 1.0, "recall": 1.0, "f1-score": 1.0, "support": 1}, "2": {"precision": 1.0, "recall": 1.0, "f1-score": 1.0, "support": 1}, "3": {"precision": 1.0, "recall": 1.0, "f1-score": 1.0, "support": 2}, "4": {"precision": 1.0, "recall": 1.0, "f1-score": 1.0, "support": 1}, "accuracy": 1.0, "macro avg": {"precision": 1.0, "recall": 1.0, "f1-score": 1.0, "support": 16}, "weighted avg": {"precision": 1.0, "recall": 1.0, "f1-score": 1.0, "support": 16}}, "loss": "0.4597323", "lang_embeds": ["amh", "srq", "bmr", "wnc", "tzh", "bao", "huv", "yua", "pbb", "spp", "ote", "daa", "kek", "pad", "cub", "dow"], "lang_embeds_length": 16, "lang_length": 16}, "test": {"report": {"0": {"precision": 0.4444444444444444, "recall": 0.5714285714285714, "f1-score": 0.5, "support": 7}, "1": {"precision": 0.0, "recall": 0.0, "f1-score": 0.0, "support": 0}, "2": {"precision": 0.0, "recall": 0.0, "f1-score": 0.0, "support": 5}, "3": {"precision": 0.25, "recall": 0.5, "f1-score": 0.3333333333333333, "support": 2}, "4": {"precision": 0.0, "recall": 0.0, "f1-score": 0.0, "support": 3}, "accuracy": 0.29411764705882354, "macro avg": {"precision": 0.1388888888888889, "recall": 0.21428571428571427, "f1-score": 0.16666666666666666, "support": 17}, "weighted avg": {"precision": 0.21241830065359474, "recall": 0.29411764705882354, "f1-score": 0.2450980392156863, "support": 17}}, "acc": 0.29411765933036804, "lang_embeds": ["ron", "nep", "ben", "lit", "pol", "ckb", "tet", "kgp", "snd", "bre", "lav", "jav", "shn", "ium", "cat", "tyv", "bul"], "lang_embeds_length": 17, "lang_length": 17}, "test_zs": {"report": {"0": {"precision": 0.0, "recall": 0.0, "f1-score": 0.0, "support": 7.0}, "1": {"precision": 0.0, "recall": 0.0, "f1-score": 0.0, "support": 0.0}, "2": {"precision": 0.0, "recall": 0.0, "f1-score": 0.0, "support": 5.0}, "3": {"precision": 0.0, "recall": 0.0, "f1-score": 0.0, "support": 2.0}, "4": {"precision": 0.0, "recall": 0.0, "f1-score": 0.0, "support": 3.0}, "accuracy": 0.0, "macro avg": {"precision": 0.0, "recall": 0.0, "f1-score": 0.0, "support": 17.0}, "weighted avg": {"precision": 0.0, "recall": 0.0, "f1-score": 0.0, "support": 17.0}}, "acc": 0.0, "lang_embeds": [], "lang_embeds_length": 0, "lang_length": 17}}