{"feature_name": "Order_of_Subject,_Object_and_Verb", "feature_id": "81A", "epoch": 0, "train": {"report": {"0": {"precision": 0.7521058965102286, "recall": 0.8278145695364238, "f1-score": 0.7881462799495587, "support": 755}, "1": {"precision": 0.7779605263157895, "recall": 0.7484177215189873, "f1-score": 0.7629032258064516, "support": 632}, "2": {"precision": 0.6692307692307692, "recall": 0.5058139534883721, "f1-score": 0.576158940397351, "support": 172}, "3": {"precision": 0.7449664429530202, "recall": 0.5495049504950495, "f1-score": 0.6324786324786325, "support": 202}, "4": {"precision": 0.36363636363636365, "recall": 0.3870967741935484, "f1-score": 0.37500000000000006, "support": 31}, "5": {"precision": 0.27586206896551724, "recall": 0.5333333333333333, "f1-score": 0.36363636363636365, "support": 15}, "6": {"precision": 0.125, "recall": 0.8, "f1-score": 0.21621621621621623, "support": 5}, "accuracy": 0.7284768211920529, "macro avg": {"precision": 0.5298231525159556, "recall": 0.621711614652245, "f1-score": 0.5306485226406534, "support": 1812}, "weighted avg": {"precision": 0.7401421504349966, "recall": 0.7284768211920529, "f1-score": 0.7297052583423007, "support": 1812}}, "loss": "0.8355595", "lang_embeds": ["arb", "ind", "nse", "sag", "hop", "azb", "guh", "amn", "aey", "kac", "apu", "fon", "tbc", "yor", "apr", "moc", "lcm", "rus", "pad", "plu", "wnu", "cbu", "lww", "cub", "kyz", "mqy", "abt", "hla", "xbi", "kms", "tsz", "ong", "apt", "djr", "yle", "khk", "bsn", "amk", "tvk", "izz", "mbj", "mph", "car", "ood", "crn", "tac", "mau", "qvh", "awb", "nbc", "tui", "gbr", "sja", "mrg", "okv", "pma", "fin", "caq", "wim", "jpn", "ncj", "mpm", "mva", "kmo", "kwd", "usa", "aoj", "nab", "njo", "ndi", "sue", "ixl", "laj", "ilb", "viv", "ura", "agg", "amh", "spp", "ann", "nbl", "snc", "cav", "mua", "ntp", "trc", "cme", "mbb", "snf", "xsi", "ibo", "shp", "nak", "taq", "iba", "nyn", "mvn", "yon", "auc", "dow", "tee", "tha", "fij", "cnh", "mcd", "duo", "nmf", "niy", "xsr", "ape", "mya", "tam", "nko", "bqc", "ssw", "mbl", "wrk", "nuy", "lhu", "rim", "pbb", "yrb", "cle", "nhu", "hye", "lav", "alp", "apy", "tna", "gle", "kin", "ceb", "mig", "hch", "cab", "mcf", "apn", "tca", "pag", "txu", "lbj", "naq", "oym", "dgz", "ach", "hun", "som", "myu", "mpt", "ncl", "swh", "kde", "zai", "gah", "nso", "cbi", "pes", "miq", "btx", "bul", "ppo", "kue", "kbh", "cco", "trp", "mcn", "too", "djk", "pao", "rwo", "khm", "gvn", "xho", "hto", "sll", "ell", "tbl", "yao", "qvi", "mna", "agd", "ycn", "agt", "guc", "bdh", "yad", "tlf", "kor", "mio", "adj", "zpq", "ghs", "sot", "tgl", "arn", "ssd", "mri", "vie", "huu", "ote", "for", "adz", "geb", "sna", "gym", "mmn", "tpt", "tbo", "kpx", "poy", "cap", "kyq", "ngc", "sat", "ewe", "mzh", "sba", "hau", "nas", "adi", "aau", "toi", "hin", "aca", "ptp", "jiv", "chf", "wed", "cak", "gub", "kpj", "nhg", "chq", "ese", "amp", "teo", "nob", "mxp", "opm", "bhg", "pol", "tfr", "cpa", "zul", "ian", "esu", "xsm", "coe", "sps", "zaw", "yaa", "lac", "sua", "myb", "ses", "des", "nav", "var", "pib", "urt", "mam", "fub", "plt", "huv", "kwi", "hix", "nld", "bom", "apw", "yaq", "yuj", "aia", "gvf", "kto", "mjw", "emi", "kbc", "cui", "snp", "deu", "mcp", "cbr", "urd", "tnc", "spa", "bsp", "naf", "mkd", "est", "sus", "mhx", "tob", "gmv", "tzo", "fra", "kup", "njb", "bzd", "kvn", "mie", "lol", "avt", "srq", "hus", "cao", "ven", "poi", "xed", "suk", "plg", "bvr", "bci", "uig", "ctp", "kbp", "cof", "mos", "pwg", "mil", "tur", "tue", "tbg", "gso", "kpw", "etr", "nya", "eus", "lam", "tzj", "rkb", "nsn", "mbc", "hil", "ndo", "sbe", "urb"], "lang_embeds_length": 336, "lang_length": 336}, "dev": {"report": {"0": {"precision": 1.0, "recall": 1.0, "f1-score": 1.0, "support": 12}, "1": {"precision": 1.0, "recall": 1.0, "f1-score": 1.0, "support": 16}, "2": {"precision": 1.0, "recall": 1.0, "f1-score": 1.0, "support": 1}, "3": {"precision": 1.0, "recall": 1.0, "f1-score": 1.0, "support": 4}, "5": {"precision": 1.0, "recall": 1.0, "f1-score": 1.0, "support": 1}, "accuracy": 1.0, "macro avg": {"precision": 1.0, "recall": 1.0, "f1-score": 1.0, "support": 34}, "weighted avg": {"precision": 1.0, "recall": 1.0, "f1-score": 1.0, "support": 34}}, "loss": "0.16095121", "lang_embeds": ["ceb", "cap", "pib", "lol", "avt", "cub", "mqy", "lbj", "nhg", "azb", "lhu", "xbi", "kms", "laj", "mam", "taq", "kbc", "mna", "ewe", "mxp", "agt", "mzh", "tui", "agg", "kwi", "bdh", "ncl", "pao", "nas", "cbi", "gmv", "sps", "ndo", "mph"], "lang_embeds_length": 34, "lang_length": 34}, "test": {"report": {"0": {"precision": 0.38461538461538464, "recall": 0.5, "f1-score": 0.4347826086956522, "support": 10}, "1": {"precision": 0.5333333333333333, "recall": 0.5, "f1-score": 0.5161290322580646, "support": 16}, "2": {"precision": 0.5, "recall": 0.25, "f1-score": 0.3333333333333333, "support": 4}, "3": {"precision": 0.25, "recall": 0.25, "f1-score": 0.25, "support": 4}, "accuracy": 0.4411764705882353, "macro avg": {"precision": 0.4169871794871795, "recall": 0.375, "f1-score": 0.3835612435717625, "support": 34}, "weighted avg": {"precision": 0.45233785822021116, "recall": 0.4411764705882353, "f1-score": 0.4393889393064379, "support": 34}}, "acc": 0.44117647409439087, "lang_embeds": ["ron", "bel", "kgp", "gla", "tyv", "lit", "tet", "ukr", "por", "kik", "slv", "cat", "cor", "smo", "ilo", "lus", "bre", "cym", "swe", "wbp", "ckb", "shn", "dan", "nep", "nog", "ben", "tat", "tih", "ton", "che", "ita", "ces", "tgk", "ium"], "lang_embeds_length": 34, "lang_length": 34}, "test_zs": {"report": {"0": {"precision": 0.0, "recall": 0.0, "f1-score": 0.0, "support": 10.0}, "1": {"precision": 0.0, "recall": 0.0, "f1-score": 0.0, "support": 16.0}, "2": {"precision": 0.0, "recall": 0.0, "f1-score": 0.0, "support": 4.0}, "3": {"precision": 0.0, "recall": 0.0, "f1-score": 0.0, "support": 4.0}, "6": {"precision": 0.0, "recall": 0.0, "f1-score": 0.0, "support": 0.0}, "accuracy": 0.0, "macro avg": {"precision": 0.0, "recall": 0.0, "f1-score": 0.0, "support": 34.0}, "weighted avg": {"precision": 0.0, "recall": 0.0, "f1-score": 0.0, "support": 34.0}}, "acc": 0.0, "lang_embeds": [], "lang_embeds_length": 0, "lang_length": 34}}