{"feature_name": "Ordinal_Numerals", "feature_id": "53A", "epoch": 0, "train": {"report": {"0": {"precision": 0.7942583732057417, "recall": 0.7757009345794392, "f1-score": 0.7848699763593381, "support": 214}, "1": {"precision": 0.7708333333333334, "recall": 0.8473282442748091, "f1-score": 0.8072727272727274, "support": 131}, "2": {"precision": 0.7272727272727273, "recall": 0.5656565656565656, "f1-score": 0.6363636363636364, "support": 99}, "3": {"precision": 0.8181818181818182, "recall": 0.675, "f1-score": 0.7397260273972603, "support": 80}, "4": {"precision": 0.7, "recall": 0.8235294117647058, "f1-score": 0.7567567567567567, "support": 51}, "5": {"precision": 0.46153846153846156, "recall": 0.7058823529411765, "f1-score": 0.558139534883721, "support": 17}, "6": {"precision": 0.6086956521739131, "recall": 0.6363636363636364, "f1-score": 0.6222222222222223, "support": 22}, "7": {"precision": 0.21428571428571427, "recall": 0.6, "f1-score": 0.3157894736842105, "support": 5}, "accuracy": 0.7399030694668821, "macro avg": {"precision": 0.6368832599989637, "recall": 0.7036826431975416, "f1-score": 0.6526425443674841, "support": 619}, "weighted avg": {"precision": 0.753495784737721, "recall": 0.7399030694668821, "f1-score": 0.7419124189827695, "support": 619}}, "loss": "0.9593376", "lang_embeds": ["ron", "nav", "ind", "ell", "ibo", "hop", "tyv", "mam", "qvi", "plt", "aey", "apu", "cat", "guc", "kwi", "tha", "nld", "hix", "smo", "fij", "lif", "yor", "afr", "yaq", "kor", "niy", "ape", "mya", "sot", "crs", "rus", "kog", "tam", "tgl", "arn", "vie", "mri", "wnu", "kto", "ote", "poe", "nuy", "lit", "fuv", "sna", "deu", "khk", "mib", "acr", "cle", "toj", "hye", "spa", "bre", "lav", "cym", "bsn", "mkd", "caa", "qug", "est", "sus", "tzo", "knj", "car", "crn", "gle", "fra", "gur", "ceb", "mig", "cab", "gla", "gui", "lbj", "naq", "ewe", "hun", "som", "hau", "fin", "swh", "maq", "jpn", "zav", "pes", "uig", "quy", "tnk", "bul", "hin", "tur", "cak", "ixl", "xpe", "kpw", "laj", "eus", "nob", "amp", "pap", "too", "djk", "pol", "spp", "zul", "kek", "swe", "mbc", "esu", "khm", "ary", "sbe", "ita", "ses"], "lang_embeds_length": 115, "lang_length": 115}, "dev": {"report": {"0": {"precision": 1.0, "recall": 1.0, "f1-score": 1.0, "support": 3}, "1": {"precision": 1.0, "recall": 1.0, "f1-score": 1.0, "support": 3}, "2": {"precision": 1.0, "recall": 1.0, "f1-score": 1.0, "support": 3}, "4": {"precision": 1.0, "recall": 1.0, "f1-score": 1.0, "support": 1}, "7": {"precision": 1.0, "recall": 1.0, "f1-score": 1.0, "support": 1}, "accuracy": 1.0, "macro avg": {"precision": 1.0, "recall": 1.0, "f1-score": 1.0, "support": 11}, "weighted avg": {"precision": 1.0, "recall": 1.0, "f1-score": 1.0, "support": 11}}, "loss": "0.19899178", "lang_embeds": ["mbc", "lbj", "est", "zav", "niy", "nob", "cab", "sbe", "swh", "bsn", "xpe"], "lang_embeds_length": 11, "lang_length": 11}, "test": {"report": {"0": {"precision": 0.0, "recall": 0.0, "f1-score": 0.0, "support": 1}, "1": {"precision": 0.8, "recall": 0.5, "f1-score": 0.6153846153846154, "support": 8}, "2": {"precision": 0.5, "recall": 0.3333333333333333, "f1-score": 0.4, "support": 3}, "3": {"precision": 0.0, "recall": 0.0, "f1-score": 0.0, "support": 1}, "accuracy": 0.38461538461538464, "macro avg": {"precision": 0.325, "recall": 0.20833333333333331, "f1-score": 0.25384615384615383, "support": 13}, "weighted avg": {"precision": 0.6076923076923078, "recall": 0.38461538461538464, "f1-score": 0.47100591715976337, "support": 13}}, "acc": 0.38461539149284363, "lang_embeds": ["dan", "bel", "nog", "kmr", "ben", "tat", "ukr", "fao", "por", "ces", "slv", "rmy", "slk"], "lang_embeds_length": 13, "lang_length": 13}, "test_zs": {"report": {"0": {"precision": 0.0, "recall": 0.0, "f1-score": 0.0, "support": 1.0}, "1": {"precision": 0.0, "recall": 0.0, "f1-score": 0.0, "support": 8.0}, "2": {"precision": 0.0, "recall": 0.0, "f1-score": 0.0, "support": 3.0}, "3": {"precision": 0.0, "recall": 0.0, "f1-score": 0.0, "support": 1.0}, "5": {"precision": 0.0, "recall": 0.0, "f1-score": 0.0, "support": 0.0}, "accuracy": 0.0, "macro avg": {"precision": 0.0, "recall": 0.0, "f1-score": 0.0, "support": 13.0}, "weighted avg": {"precision": 0.0, "recall": 0.0, "f1-score": 0.0, "support": 13.0}}, "acc": 0.0, "lang_embeds": [], "lang_embeds_length": 0, "lang_length": 13}}