{"feature_name": "The_Position_of_Negative_Morphemes_in_SVO_Languages", "feature_id": "144D", "epoch": 0, "train": {"report": {"0": {"precision": 0.6530612244897959, "recall": 0.6037735849056604, "f1-score": 0.6274509803921567, "support": 106}, "1": {"precision": 0.6046511627906976, "recall": 0.43333333333333335, "f1-score": 0.5048543689320388, "support": 60}, "2": {"precision": 0.6716417910447762, "recall": 0.569620253164557, "f1-score": 0.6164383561643836, "support": 79}, "3": {"precision": 0.44, "recall": 0.4782608695652174, "f1-score": 0.4583333333333333, "support": 46}, "4": {"precision": 0.8409090909090909, "recall": 0.5692307692307692, "f1-score": 0.6788990825688073, "support": 65}, "5": {"precision": 0.5517241379310345, "recall": 0.64, "f1-score": 0.5925925925925927, "support": 25}, "6": {"precision": 0.4827586206896552, "recall": 0.5384615384615384, "f1-score": 0.509090909090909, "support": 26}, "7": {"precision": 0.3333333333333333, "recall": 0.42857142857142855, "f1-score": 0.375, "support": 14}, "8": {"precision": 0.08333333333333333, "recall": 0.3333333333333333, "f1-score": 0.13333333333333333, "support": 3}, "9": {"precision": 0.3333333333333333, "recall": 0.5714285714285714, "f1-score": 0.4210526315789474, "support": 7}, "10": {"precision": 0.0, "recall": 0.0, "f1-score": 0.0, "support": 0}, "11": {"precision": 0.0, "recall": 0.0, "f1-score": 0.0, "support": 0}, "12": {"precision": 0.0, "recall": 0.0, "f1-score": 0.0, "support": 0}, "13": {"precision": 0.2857142857142857, "recall": 0.5, "f1-score": 0.36363636363636365, "support": 4}, "14": {"precision": 0.0, "recall": 0.0, "f1-score": 0.0, "support": 0}, "accuracy": 0.5448275862068965, "macro avg": {"precision": 0.352030687571289, "recall": 0.37773424546629386, "f1-score": 0.3520454634415244, "support": 435}, "weighted avg": {"precision": 0.6165518084920748, "recall": 0.5448275862068965, "f1-score": 0.5719874993599071, "support": 435}}, "loss": "1.8439437", "lang_embeds": ["ron", "xho", "mua", "cme", "ind", "nse", "xsi", "snf", "urt", "ell", "sag", "yao", "nak", "fub", "mna", "nyn", "iba", "apu", "fon", "dow", "tee", "huv", "tha", "bdh", "nld", "bom", "yor", "apr", "adj", "niy", "moc", "ape", "sot", "rus", "pad", "arn", "aia", "nko", "vie", "mri", "lww", "emi", "hla", "xbi", "tsz", "adz", "rim", "kbc", "ong", "sna", "deu", "mcp", "nhu", "hye", "spa", "lav", "alp", "mkd", "est", "tob", "amk", "tpt", "izz", "mbj", "mph", "poy", "fra", "kin", "avt", "kyq", "hus", "ven", "poi", "ach", "ewe", "hun", "mzh", "sba", "tui", "suk", "hau", "gbr", "plg", "pma", "fin", "ncl", "swh", "kde", "nso", "bci", "kbp", "kwd", "toi", "btx", "bul", "aoj", "mos", "aca", "ptp", "chf", "gso", "nhg", "laj", "nya", "ilb", "nob", "teo", "mcn", "tzj", "djk", "pol", "ann", "nsn", "zul", "nbl", "khm", "sps", "lac", "ndo", "sua", "myb"], "lang_embeds_length": 121, "lang_length": 121}, "dev": {"report": {"0": {"precision": 1.0, "recall": 1.0, "f1-score": 1.0, "support": 4}, "2": {"precision": 1.0, "recall": 1.0, "f1-score": 1.0, "support": 2}, "3": {"precision": 1.0, "recall": 1.0, "f1-score": 1.0, "support": 2}, "4": {"precision": 1.0, "recall": 1.0, "f1-score": 1.0, "support": 2}, "7": {"precision": 1.0, "recall": 1.0, "f1-score": 1.0, "support": 2}, "accuracy": 1.0, "macro avg": {"precision": 1.0, "recall": 1.0, "f1-score": 1.0, "support": 12}, "weighted avg": {"precision": 1.0, "recall": 1.0, "f1-score": 1.0, "support": 12}}, "loss": "0.8681435", "lang_embeds": ["nso", "djk", "bci", "fub", "ach", "sua", "snf", "apu", "kbp", "chf", "emi", "mkd"], "lang_embeds_length": 12, "lang_length": 12}, "test": {"report": {"0": {"precision": 0.25, "recall": 0.4, "f1-score": 0.3076923076923077, "support": 5}, "1": {"precision": 0.0, "recall": 0.0, "f1-score": 0.0, "support": 0}, "2": {"precision": 0.0, "recall": 0.0, "f1-score": 0.0, "support": 3}, "3": {"precision": 0.5, "recall": 1.0, "f1-score": 0.6666666666666666, "support": 1}, "4": {"precision": 0.0, "recall": 0.0, "f1-score": 0.0, "support": 2}, "5": {"precision": 0.0, "recall": 0.0, "f1-score": 0.0, "support": 1}, "6": {"precision": 0.0, "recall": 0.0, "f1-score": 0.0, "support": 1}, "accuracy": 0.23076923076923078, "macro avg": {"precision": 0.10714285714285714, "recall": 0.19999999999999998, "f1-score": 0.1391941391941392, "support": 13}, "weighted avg": {"precision": 0.1346153846153846, "recall": 0.23076923076923078, "f1-score": 0.16962524654832348, "support": 13}}, "acc": 0.23076923191547394, "lang_embeds": ["dan", "ium", "lit", "tet", "ukr", "por", "kik", "ita", "bre", "ces", "slv", "swe", "cat"], "lang_embeds_length": 13, "lang_length": 13}, "test_zs": {"report": {"0": {"precision": 0.0, "recall": 0.0, "f1-score": 0.0, "support": 5}, "2": {"precision": 0.0, "recall": 0.0, "f1-score": 0.0, "support": 3}, "3": {"precision": 0.0, "recall": 0.0, "f1-score": 0.0, "support": 1}, "4": {"precision": 0.0, "recall": 0.0, "f1-score": 0.0, "support": 2}, "5": {"precision": 0.07692307692307693, "recall": 1.0, "f1-score": 0.14285714285714288, "support": 1}, "6": {"precision": 0.0, "recall": 0.0, "f1-score": 0.0, "support": 1}, "accuracy": 0.07692307692307693, "macro avg": {"precision": 0.012820512820512822, "recall": 0.16666666666666666, "f1-score": 0.02380952380952381, "support": 13}, "weighted avg": {"precision": 0.00591715976331361, "recall": 0.07692307692307693, "f1-score": 0.01098901098901099, "support": 13}}, "acc": 0.07692307978868484, "lang_embeds": [], "lang_embeds_length": 0, "lang_length": 13}}