{"feature_name": "The_Perfect", "feature_id": "68A", "epoch": 0, "train": {"report": {"0": {"precision": 0.8461538461538461, "recall": 0.6754385964912281, "f1-score": 0.751219512195122, "support": 114}, "1": {"precision": 0.6578947368421053, "recall": 0.6493506493506493, "f1-score": 0.6535947712418301, "support": 77}, "2": {"precision": 0.2647058823529412, "recall": 0.4090909090909091, "f1-score": 0.3214285714285714, "support": 22}, "3": {"precision": 0.16666666666666666, "recall": 0.3333333333333333, "f1-score": 0.2222222222222222, "support": 12}, "accuracy": 0.6222222222222222, "macro avg": {"precision": 0.48385528300388986, "recall": 0.51680337206653, "f1-score": 0.4871162692719364, "support": 225}, "weighted avg": {"precision": 0.6886353893784235, "recall": 0.6222222222222222, "f1-score": 0.6475729645064892, "support": 225}}, "loss": "1.1267037", "lang_embeds": ["ind", "sag", "ell", "nak", "kdh", "qvi", "plt", "aey", "apu", "tha", "kwi", "hix", "fij", "yua", "yad", "yor", "cnh", "afr", "yaq", "kor", "ape", "mya", "sot", "rus", "tam", "tgl", "arn", "vie", "mri", "hla", "lhu", "deu", "khk", "toj", "hwc", "hye", "spa", "lav", "gym", "bsn", "mph", "yss", "ood", "fra", "ceb", "mig", "cab", "pag", "cao", "naq", "dgz", "ewe", "hun", "som", "mzh", "sba", "hau", "quh", "upv", "fin", "caq", "swh", "jpn", "pes", "uig", "tuo", "bul", "hin", "jiv", "tur", "sue", "laj", "eus", "amp", "amh", "ons", "aeb", "spp", "cpa", "zul", "khm", "gvn", "byx", "ses"], "lang_embeds_length": 84, "lang_length": 84}, "dev": {"report": {"0": {"precision": 1.0, "recall": 1.0, "f1-score": 1.0, "support": 3}, "1": {"precision": 1.0, "recall": 1.0, "f1-score": 1.0, "support": 5}, "2": {"precision": 1.0, "recall": 1.0, "f1-score": 1.0, "support": 1}, "accuracy": 1.0, "macro avg": {"precision": 1.0, "recall": 1.0, "f1-score": 1.0, "support": 9}, "weighted avg": {"precision": 1.0, "recall": 1.0, "f1-score": 1.0, "support": 9}}, "loss": "0.61061555", "lang_embeds": ["toj", "naq", "caq", "spp", "ape", "yor", "cnh", "yss", "khk"], "lang_embeds_length": 9, "lang_length": 9}, "test": {"report": {"0": {"precision": 0.4, "recall": 0.6666666666666666, "f1-score": 0.5, "support": 3}, "1": {"precision": 0.3333333333333333, "recall": 0.25, "f1-score": 0.28571428571428575, "support": 4}, "2": {"precision": 0.0, "recall": 0.0, "f1-score": 0.0, "support": 1}, "3": {"precision": 0.0, "recall": 0.0, "f1-score": 0.0, "support": 1}, "accuracy": 0.3333333333333333, "macro avg": {"precision": 0.18333333333333335, "recall": 0.22916666666666666, "f1-score": 0.19642857142857145, "support": 9}, "weighted avg": {"precision": 0.28148148148148144, "recall": 0.3333333333333333, "f1-score": 0.2936507936507937, "support": 9}}, "acc": 0.3333333432674408, "lang_embeds": ["ron", "kmr", "ben", "mai", "por", "kik", "lug", "jav", "swe"], "lang_embeds_length": 9, "lang_length": 9}, "test_zs": {"report": {"0": {"precision": 0.0, "recall": 0.0, "f1-score": 0.0, "support": 3}, "1": {"precision": 0.0, "recall": 0.0, "f1-score": 0.0, "support": 4}, "2": {"precision": 0.0, "recall": 0.0, "f1-score": 0.0, "support": 1}, "3": {"precision": 0.1111111111111111, "recall": 1.0, "f1-score": 0.19999999999999998, "support": 1}, "accuracy": 0.1111111111111111, "macro avg": {"precision": 0.027777777777777776, "recall": 0.25, "f1-score": 0.049999999999999996, "support": 9}, "weighted avg": {"precision": 0.012345679012345678, "recall": 0.1111111111111111, "f1-score": 0.02222222222222222, "support": 9}}, "acc": 0.1111111119389534, "lang_embeds": [], "lang_embeds_length": 0, "lang_length": 9}}