{"feature_name": "Number_of_Possessive_Nouns", "feature_id": "58B", "epoch": 0, "train": {"report": {"0": {"precision": 0.9583333333333334, "recall": 0.8214285714285714, "f1-score": 0.8846153846153847, "support": 56}, "1": {"precision": 0.0, "recall": 0.0, "f1-score": 0.0, "support": 2}, "2": {"precision": 0.0, "recall": 0.0, "f1-score": 0.0, "support": 0}, "3": {"precision": 0.0, "recall": 0.0, "f1-score": 0.0, "support": 0}, "accuracy": 0.7931034482758621, "macro avg": {"precision": 0.23958333333333334, "recall": 0.20535714285714285, "f1-score": 0.22115384615384617, "support": 58}, "weighted avg": {"precision": 0.9252873563218391, "recall": 0.7931034482758621, "f1-score": 0.8541114058355438, "support": 58}}, "loss": "1.1461955", "lang_embeds": [], "lang_embeds_length": 0, "lang_length": 58}, "dev": {"report": {"0": {"precision": 1.0, "recall": 1.0, "f1-score": 1.0, "support": 7}, "accuracy": 1.0, "macro avg": {"precision": 1.0, "recall": 1.0, "f1-score": 1.0, "support": 7}, "weighted avg": {"precision": 1.0, "recall": 1.0, "f1-score": 1.0, "support": 7}}, "loss": "3.2185988e-05", "lang_embeds": [], "lang_embeds_length": 0, "lang_length": 7}, "test": {"report": {"0": {"precision": 1.0, "recall": 1.0, "f1-score": 1.0, "support": 7}, "accuracy": 1.0, "macro avg": {"precision": 1.0, "recall": 1.0, "f1-score": 1.0, "support": 7}, "weighted avg": {"precision": 1.0, "recall": 1.0, "f1-score": 1.0, "support": 7}}, "acc": 1.0, "lang_embeds": [], "lang_embeds_length": 0, "lang_length": 7}, "test_zs": {"report": {"0": {"precision": 1.0, "recall": 1.0, "f1-score": 1.0, "support": 7}, "accuracy": 1.0, "macro avg": {"precision": 1.0, "recall": 1.0, "f1-score": 1.0, "support": 7}, "weighted avg": {"precision": 1.0, "recall": 1.0, "f1-score": 1.0, "support": 7}}, "acc": 1.0, "lang_embeds": [], "lang_embeds_length": 0, "lang_length": 7}}