{"feature_name": "Prenominal_relative_clauses", "feature_id": "90B", "epoch": 0, "train": {"report": {"0": {"precision": 0.9175257731958762, "recall": 0.7355371900826446, "f1-score": 0.81651376146789, "support": 121}, "1": {"precision": 0.5666666666666667, "recall": 0.6071428571428571, "f1-score": 0.5862068965517241, "support": 28}, "2": {"precision": 0.5789473684210527, "recall": 0.7333333333333333, "f1-score": 0.6470588235294117, "support": 15}, "3": {"precision": 0.07142857142857142, "recall": 0.25, "f1-score": 0.11111111111111112, "support": 4}, "4": {"precision": 0.25, "recall": 0.75, "f1-score": 0.375, "support": 4}, "accuracy": 0.7034883720930233, "macro avg": {"precision": 0.47691367594243345, "recall": 0.615202676111767, "f1-score": 0.5071781185320273, "support": 172}, "weighted avg": {"precision": 0.7956814536941729, "recall": 0.7034883720930233, "f1-score": 0.7375714246421429, "support": 172}}, "loss": "0.99347484", "lang_embeds": ["tac", "njb", "cap", "njo", "tur", "huu", "qvh", "awb", "abt", "azb", "lhu", "kms", "kpw", "naq", "acn", "sat", "eus", "qvi", "kac", "amp", "csy", "tmd", "ura", "hun", "apt", "auc", "nbc", "yrb", "khk", "amh", "mrg", "lif", "dis", "cnh", "jpn", "kor", "ncj", "adi", "mbc", "gah", "nmf", "snc", "mhx", "uig", "gmv", "kmo", "tuo", "cof"], "lang_embeds_length": 48, "lang_length": 48}, "dev": {"report": {"0": {"precision": 1.0, "recall": 1.0, "f1-score": 1.0, "support": 4}, "2": {"precision": 1.0, "recall": 1.0, "f1-score": 1.0, "support": 1}, "accuracy": 1.0, "macro avg": {"precision": 1.0, "recall": 1.0, "f1-score": 1.0, "support": 5}, "weighted avg": {"precision": 1.0, "recall": 1.0, "f1-score": 1.0, "support": 5}}, "loss": "0.32379037", "lang_embeds": ["amh", "mrg", "uig", "apt", "nbc"], "lang_embeds_length": 5, "lang_length": 5}, "test": {"report": {"0": {"precision": 1.0, "recall": 0.5, "f1-score": 0.6666666666666666, "support": 4}, "1": {"precision": 0.5, "recall": 1.0, "f1-score": 0.6666666666666666, "support": 1}, "3": {"precision": 0.0, "recall": 0.0, "f1-score": 0.0, "support": 0}, "accuracy": 0.6, "macro avg": {"precision": 0.5, "recall": 0.5, "f1-score": 0.4444444444444444, "support": 5}, "weighted avg": {"precision": 0.9, "recall": 0.6, "f1-score": 0.6666666666666666, "support": 5}}, "acc": 0.6000000238418579, "lang_embeds": ["tat", "hye", "mya", "che", "tam"], "lang_embeds_length": 5, "lang_length": 5}, "test_zs": {"report": {"0": {"precision": 0.0, "recall": 0.0, "f1-score": 0.0, "support": 4}, "1": {"precision": 0.2, "recall": 1.0, "f1-score": 0.33333333333333337, "support": 1}, "accuracy": 0.2, "macro avg": {"precision": 0.1, "recall": 0.5, "f1-score": 0.16666666666666669, "support": 5}, "weighted avg": {"precision": 0.04, "recall": 0.2, "f1-score": 0.06666666666666668, "support": 5}}, "acc": 0.20000000298023224, "lang_embeds": [], "lang_embeds_length": 0, "lang_length": 5}}