{"feature_name": "SNegVO_Order", "feature_id": "144I", "epoch": 0, "train": {"report": {"0": {"precision": 0.25263157894736843, "recall": 0.2962962962962963, "f1-score": 0.27272727272727276, "support": 81}, "1": {"precision": 0.37857142857142856, "recall": 0.4690265486725664, "f1-score": 0.41897233201581024, "support": 113}, "2": {"precision": 0.06666666666666667, "recall": 0.04838709677419355, "f1-score": 0.056074766355140186, "support": 62}, "3": {"precision": 0.0, "recall": 0.0, "f1-score": 0.0, "support": 23}, "4": {"precision": 0.0, "recall": 0.0, "f1-score": 0.0, "support": 7}, "5": {"precision": 0.0, "recall": 0.0, "f1-score": 0.0, "support": 8}, "6": {"precision": 0.0, "recall": 0.0, "f1-score": 0.0, "support": 5}, "7": {"precision": 0.0, "recall": 0.0, "f1-score": 0.0, "support": 0}, "accuracy": 0.26755852842809363, "macro avg": {"precision": 0.08723370927318295, "recall": 0.10171374271788203, "f1-score": 0.0934717963872779, "support": 299}, "weighted avg": {"precision": 0.2253346577145204, "recall": 0.26755852842809363, "f1-score": 0.24385089673148613, "support": 299}}, "loss": "2.7027588", "lang_embeds": [], "lang_embeds_length": 0, "lang_length": 111}, "dev": {"report": {"0": {"precision": 0.0, "recall": 0.0, "f1-score": 0.0, "support": 2}, "1": {"precision": 0.6363636363636364, "recall": 1.0, "f1-score": 0.7777777777777778, "support": 7}, "3": {"precision": 0.0, "recall": 0.0, "f1-score": 0.0, "support": 2}, "accuracy": 0.6363636363636364, "macro avg": {"precision": 0.21212121212121213, "recall": 0.3333333333333333, "f1-score": 0.25925925925925924, "support": 11}, "weighted avg": {"precision": 0.4049586776859504, "recall": 0.6363636363636364, "f1-score": 0.494949494949495, "support": 11}}, "loss": "1.3885046", "lang_embeds": [], "lang_embeds_length": 0, "lang_length": 11}, "test": {"report": {"1": {"precision": 0.5833333333333334, "recall": 1.0, "f1-score": 0.7368421052631579, "support": 7}, "2": {"precision": 0.0, "recall": 0.0, "f1-score": 0.0, "support": 3}, "3": {"precision": 0.0, "recall": 0.0, "f1-score": 0.0, "support": 1}, "5": {"precision": 0.0, "recall": 0.0, "f1-score": 0.0, "support": 1}, "accuracy": 0.5833333333333334, "macro avg": {"precision": 0.14583333333333334, "recall": 0.25, "f1-score": 0.18421052631578946, "support": 12}, "weighted avg": {"precision": 0.34027777777777785, "recall": 0.5833333333333334, "f1-score": 0.4298245614035088, "support": 12}}, "acc": 0.5833333134651184, "lang_embeds": [], "lang_embeds_length": 0, "lang_length": 12}, "test_zs": {"report": {"1": {"precision": 0.5833333333333334, "recall": 1.0, "f1-score": 0.7368421052631579, "support": 7}, "2": {"precision": 0.0, "recall": 0.0, "f1-score": 0.0, "support": 3}, "3": {"precision": 0.0, "recall": 0.0, "f1-score": 0.0, "support": 1}, "5": {"precision": 0.0, "recall": 0.0, "f1-score": 0.0, "support": 1}, "accuracy": 0.5833333333333334, "macro avg": {"precision": 0.14583333333333334, "recall": 0.25, "f1-score": 0.18421052631578946, "support": 12}, "weighted avg": {"precision": 0.34027777777777785, "recall": 0.5833333333333334, "f1-score": 0.4298245614035088, "support": 12}}, "acc": 0.5833333134651184, "lang_embeds": [], "lang_embeds_length": 0, "lang_length": 12}}