{"feature_name": "Postnominal_relative_clauses", "feature_id": "90C", "epoch": 0, "train": {"report": {"0": {"precision": 0.9707495429616088, "recall": 0.885, "f1-score": 0.925893635571055, "support": 600}, "1": {"precision": 0.325, "recall": 0.40625, "f1-score": 0.36111111111111116, "support": 32}, "2": {"precision": 0.0, "recall": 0.0, "f1-score": 0.0, "support": 0}, "3": {"precision": 0.0, "recall": 0.0, "f1-score": 0.0, "support": 0}, "accuracy": 0.8607594936708861, "macro avg": {"precision": 0.3239373857404022, "recall": 0.3228125, "f1-score": 0.32175118667054153, "support": 632}, "weighted avg": {"precision": 0.9380533635711475, "recall": 0.8607594936708861, "f1-score": 0.8972970520540957, "support": 632}}, "loss": "0.42285383", "lang_embeds": ["ron", "des", "xho", "cav", "mua", "ntp", "cme", "trc", "ind", "xsi", "urt", "snf", "sag", "ell", "ibo", "tbl", "azb", "mam", "taq", "fub", "guh", "nyn", "plt", "aey", "mna", "iba", "apu", "fon", "auc", "dow", "tee", "huv", "tha", "bdh", "hix", "nld", "ksf", "bom", "fij", "yad", "tbc", "yor", "apw", "yaq", "apr", "adj", "moc", "zpq", "lcm", "sot", "rus", "pad", "tgl", "aia", "nko", "ssd", "ign", "mri", "vie", "bqc", "kto", "ote", "ssw", "lww", "cub", "emi", "mqy", "nuy", "hla", "xbi", "kms", "tsz", "adz", "lit", "ong", "sna", "djr", "deu", "cle", "nhu", "hye", "spa", "kki", "lav", "emp", "pam", "bsn", "mmn", "est", "amk", "tpt", "tbo", "tvk", "izz", "mph", "ood", "crn", "gle", "fra", "tac", "ceb", "mig", "mie", "hch", "lol", "cab", "kyq", "hus", "dgz", "ach", "xed", "ewe", "hun", "som", "mzh", "sba", "hau", "gbr", "plg", "pma", "fin", "ncl", "swh", "ncj", "gah", "zai", "mpm", "mva", "pes", "ctp", "bsc", "btx", "toi", "bul", "aoj", "pwg", "aca", "ptp", "mil", "ndi", "cak", "chf", "nhg", "laj", "chq", "nya", "cco", "viv", "ilb", "nob", "teo", "mcn", "too", "mco", "tzj", "agg", "djk", "pol", "ann", "pao", "tfr", "cpa", "nsn", "zul", "swe", "mbc", "ary", "khm", "coe", "sps", "sbe", "ndo", "sua", "ita", "myb", "ses"], "lang_embeds_length": 176, "lang_length": 176}, "dev": {"report": {"0": {"precision": 1.0, "recall": 1.0, "f1-score": 1.0, "support": 17}, "1": {"precision": 1.0, "recall": 1.0, "f1-score": 1.0, "support": 1}, "accuracy": 1.0, "macro avg": {"precision": 1.0, "recall": 1.0, "f1-score": 1.0, "support": 18}, "weighted avg": {"precision": 1.0, "recall": 1.0, "f1-score": 1.0, "support": 18}}, "loss": "0.05489236", "lang_embeds": ["hus", "gah", "est", "nhg", "ptp", "nhu", "tbc", "amk", "kto", "pao", "ong", "snf", "izz", "ndi", "sua", "cak", "fon", "kyq"], "lang_embeds_length": 18, "lang_length": 18}, "test": {"report": {"0": {"precision": 0.9473684210526315, "recall": 1.0, "f1-score": 0.972972972972973, "support": 18}, "3": {"precision": 0.0, "recall": 0.0, "f1-score": 0.0, "support": 1}, "accuracy": 0.9473684210526315, "macro avg": {"precision": 0.47368421052631576, "recall": 0.5, "f1-score": 0.4864864864864865, "support": 19}, "weighted avg": {"precision": 0.8975069252077561, "recall": 0.9473684210526315, "f1-score": 0.9217638691322904, "support": 19}}, "acc": 0.9473684430122375, "lang_embeds": ["bel", "mai", "gla", "tet", "ukr", "por", "kik", "cat", "cor", "smo", "bre", "lug", "cym", "ckb", "dan", "tih", "ton", "tgk", "ces"], "lang_embeds_length": 19, "lang_length": 19}, "test_zs": {"report": {"0": {"precision": 0.0, "recall": 0.0, "f1-score": 0.0, "support": 18.0}, "1": {"precision": 0.0, "recall": 0.0, "f1-score": 0.0, "support": 0.0}, "3": {"precision": 0.0, "recall": 0.0, "f1-score": 0.0, "support": 1.0}, "accuracy": 0.0, "macro avg": {"precision": 0.0, "recall": 0.0, "f1-score": 0.0, "support": 19.0}, "weighted avg": {"precision": 0.0, "recall": 0.0, "f1-score": 0.0, "support": 19.0}}, "acc": 0.0, "lang_embeds": [], "lang_embeds_length": 0, "lang_length": 19}}