{"feature_name": "Order_of_Demonstrative_and_Noun", "feature_id": "88A", "epoch": 0, "train": {"report": {"0": {"precision": 0.43425076452599387, "recall": 0.40863309352517985, "f1-score": 0.42105263157894735, "support": 695}, "1": {"precision": 0.5066666666666667, "recall": 0.6083743842364532, "f1-score": 0.5528819250139899, "support": 812}, "2": {"precision": 0.16666666666666666, "recall": 0.030927835051546393, "f1-score": 0.052173913043478265, "support": 97}, "3": {"precision": 0.0, "recall": 0.0, "f1-score": 0.0, "support": 27}, "4": {"precision": 0.0, "recall": 0.0, "f1-score": 0.0, "support": 26}, "5": {"precision": 0.0, "recall": 0.0, "f1-score": 0.0, "support": 5}, "accuracy": 0.46991576413959085, "macro avg": {"precision": 0.1845973496432212, "recall": 0.1746558854688632, "f1-score": 0.17101807827273593, "support": 1662}, "weighted avg": {"precision": 0.4388593750575004, "recall": 0.46991576413959085, "f1-score": 0.4492374077159721, "support": 1662}}, "loss": "1.3311108", "lang_embeds": [], "lang_embeds_length": 0, "lang_length": 308}, "dev": {"report": {"0": {"precision": 0.0, "recall": 0.0, "f1-score": 0.0, "support": 11}, "1": {"precision": 0.6129032258064516, "recall": 1.0, "f1-score": 0.76, "support": 19}, "4": {"precision": 0.0, "recall": 0.0, "f1-score": 0.0, "support": 1}, "accuracy": 0.6129032258064516, "macro avg": {"precision": 0.20430107526881722, "recall": 0.3333333333333333, "f1-score": 0.25333333333333335, "support": 31}, "weighted avg": {"precision": 0.3756503642039542, "recall": 0.6129032258064516, "f1-score": 0.4658064516129032, "support": 31}}, "loss": "0.9139293", "lang_embeds": [], "lang_embeds_length": 0, "lang_length": 31}, "test": {"report": {"0": {"precision": 0.0, "recall": 0.0, "f1-score": 0.0, "support": 9}, "1": {"precision": 0.59375, "recall": 1.0, "f1-score": 0.7450980392156863, "support": 19}, "2": {"precision": 0.0, "recall": 0.0, "f1-score": 0.0, "support": 3}, "4": {"precision": 0.0, "recall": 0.0, "f1-score": 0.0, "support": 1}, "accuracy": 0.59375, "macro avg": {"precision": 0.1484375, "recall": 0.25, "f1-score": 0.18627450980392157, "support": 32}, "weighted avg": {"precision": 0.3525390625, "recall": 0.59375, "f1-score": 0.4424019607843137, "support": 32}}, "acc": 0.59375, "lang_embeds": [], "lang_embeds_length": 0, "lang_length": 32}, "test_zs": {"report": {"0": {"precision": 0.0, "recall": 0.0, "f1-score": 0.0, "support": 9}, "1": {"precision": 0.59375, "recall": 1.0, "f1-score": 0.7450980392156863, "support": 19}, "2": {"precision": 0.0, "recall": 0.0, "f1-score": 0.0, "support": 3}, "4": {"precision": 0.0, "recall": 0.0, "f1-score": 0.0, "support": 1}, "accuracy": 0.59375, "macro avg": {"precision": 0.1484375, "recall": 0.25, "f1-score": 0.18627450980392157, "support": 32}, "weighted avg": {"precision": 0.3525390625, "recall": 0.59375, "f1-score": 0.4424019607843137, "support": 32}}, "acc": 0.59375, "lang_embeds": [], "lang_embeds_length": 0, "lang_length": 32}}