{"feature_name": "Occurrence_of_Nominal_Plurality", "feature_id": "34A", "epoch": 0, "train": {"report": {"0": {"precision": 0.8314606741573034, "recall": 0.7184466019417476, "f1-score": 0.7708333333333335, "support": 103}, "1": {"precision": 0.6857142857142857, "recall": 0.631578947368421, "f1-score": 0.6575342465753424, "support": 38}, "2": {"precision": 0.5, "recall": 0.5, "f1-score": 0.5, "support": 22}, "3": {"precision": 0.5333333333333333, "recall": 0.6153846153846154, "f1-score": 0.5714285714285715, "support": 13}, "4": {"precision": 0.47058823529411764, "recall": 0.7272727272727273, "f1-score": 0.5714285714285714, "support": 11}, "5": {"precision": 0.45, "recall": 0.8181818181818182, "f1-score": 0.5806451612903226, "support": 11}, "accuracy": 0.6767676767676768, "macro avg": {"precision": 0.5785160880831733, "recall": 0.6684774516915549, "f1-score": 0.6086449806760236, "support": 198}, "weighted avg": {"precision": 0.7058454354389583, "recall": 0.6767676767676768, "f1-score": 0.6842601878367456, "support": 198}}, "loss": "1.1481944", "lang_embeds": ["fra", "arn", "mua", "hin", "pwg", "ntp", "mig", "mri", "vie", "tur", "wnu", "ind", "nse", "mcf", "sll", "kto", "ell", "sue", "shp", "stp", "kpw", "laj", "qvi", "nya", "mam", "eus", "aey", "amp", "apu", "fon", "hun", "xed", "som", "dow", "tzj", "deu", "hau", "nhx", "khk", "hix", "nld", "sja", "plg", "tam", "tnc", "fin", "hye", "spp", "zpi", "pao", "swh", "yor", "spa", "tfr", "zul", "jpn", "nbl", "naf", "lav", "bsn", "yaq", "mbc", "niy", "esu", "khm", "mva", "sps", "gvn", "sbe", "tvk", "rus", "kwd", "tgl", "gle"], "lang_embeds_length": 74, "lang_length": 74}, "dev": {"report": {"0": {"precision": 1.0, "recall": 1.0, "f1-score": 1.0, "support": 4}, "1": {"precision": 1.0, "recall": 1.0, "f1-score": 1.0, "support": 1}, "2": {"precision": 1.0, "recall": 1.0, "f1-score": 1.0, "support": 2}, "5": {"precision": 1.0, "recall": 1.0, "f1-score": 1.0, "support": 1}, "accuracy": 1.0, "macro avg": {"precision": 1.0, "recall": 1.0, "f1-score": 1.0, "support": 8}, "weighted avg": {"precision": 1.0, "recall": 1.0, "f1-score": 1.0, "support": 8}}, "loss": "0.6367676", "lang_embeds": ["qvi", "nya", "tnc", "mig", "aey", "pao", "swh", "som"], "lang_embeds_length": 8, "lang_length": 8}, "test": {"report": {"0": {"precision": 0.75, "recall": 1.0, "f1-score": 0.8571428571428571, "support": 6}, "1": {"precision": 0.0, "recall": 0.0, "f1-score": 0.0, "support": 2}, "accuracy": 0.75, "macro avg": {"precision": 0.375, "recall": 0.5, "f1-score": 0.42857142857142855, "support": 8}, "weighted avg": {"precision": 0.5625, "recall": 0.75, "f1-score": 0.6428571428571428, "support": 8}}, "acc": 0.75, "lang_embeds": ["ron", "nep", "lit", "tet", "por", "ita", "swe", "ckb"], "lang_embeds_length": 8, "lang_length": 8}, "test_zs": {"report": {"0": {"precision": 0.0, "recall": 0.0, "f1-score": 0.0, "support": 6.0}, "1": {"precision": 0.0, "recall": 0.0, "f1-score": 0.0, "support": 2.0}, "4": {"precision": 0.0, "recall": 0.0, "f1-score": 0.0, "support": 0.0}, "accuracy": 0.0, "macro avg": {"precision": 0.0, "recall": 0.0, "f1-score": 0.0, "support": 8.0}, "weighted avg": {"precision": 0.0, "recall": 0.0, "f1-score": 0.0, "support": 8.0}}, "acc": 0.0, "lang_embeds": [], "lang_embeds_length": 0, "lang_length": 8}}