{"feature_name": "Nominal_and_Locational_Predication", "feature_id": "119A", "epoch": 0, "train": {"report": {"0": {"precision": 0.6818181818181818, "recall": 0.6818181818181818, "f1-score": 0.6818181818181818, "support": 66}, "1": {"precision": 0.475, "recall": 0.475, "f1-score": 0.47500000000000003, "support": 40}, "accuracy": 0.6037735849056604, "macro avg": {"precision": 0.5784090909090909, "recall": 0.5784090909090909, "f1-score": 0.5784090909090909, "support": 106}, "weighted avg": {"precision": 0.6037735849056604, "recall": 0.6037735849056604, "f1-score": 0.6037735849056604, "support": 106}}, "loss": "1.439255", "lang_embeds": [], "lang_embeds_length": 0, "lang_length": 106}, "dev": {"report": {"0": {"precision": 0.75, "recall": 1.0, "f1-score": 0.8571428571428571, "support": 9}, "1": {"precision": 0.0, "recall": 0.0, "f1-score": 0.0, "support": 3}, "accuracy": 0.75, "macro avg": {"precision": 0.375, "recall": 0.5, "f1-score": 0.42857142857142855, "support": 12}, "weighted avg": {"precision": 0.5625, "recall": 0.75, "f1-score": 0.6428571428571428, "support": 12}}, "loss": "0.5824652", "lang_embeds": [], "lang_embeds_length": 0, "lang_length": 12}, "test": {"report": {"0": {"precision": 0.5384615384615384, "recall": 1.0, "f1-score": 0.7000000000000001, "support": 7}, "1": {"precision": 0.0, "recall": 0.0, "f1-score": 0.0, "support": 6}, "accuracy": 0.5384615384615384, "macro avg": {"precision": 0.2692307692307692, "recall": 0.5, "f1-score": 0.35000000000000003, "support": 13}, "weighted avg": {"precision": 0.28994082840236685, "recall": 0.5384615384615384, "f1-score": 0.37692307692307697, "support": 13}}, "acc": 0.5384615659713745, "lang_embeds": [], "lang_embeds_length": 0, "lang_length": 13}, "test_zs": {"report": {"0": {"precision": 0.5384615384615384, "recall": 1.0, "f1-score": 0.7000000000000001, "support": 7}, "1": {"precision": 0.0, "recall": 0.0, "f1-score": 0.0, "support": 6}, "accuracy": 0.5384615384615384, "macro avg": {"precision": 0.2692307692307692, "recall": 0.5, "f1-score": 0.35000000000000003, "support": 13}, "weighted avg": {"precision": 0.28994082840236685, "recall": 0.5384615384615384, "f1-score": 0.37692307692307697, "support": 13}}, "acc": 0.5384615659713745, "lang_embeds": [], "lang_embeds_length": 0, "lang_length": 13}}