{"feature_name": "Inflectional_Synthesis_of_the_Verb", "feature_id": "22A", "epoch": 0, "train": {"report": {"0": {"precision": 0.7313432835820896, "recall": 0.7, "f1-score": 0.7153284671532848, "support": 70}, "1": {"precision": 0.9130434782608695, "recall": 0.5833333333333334, "f1-score": 0.7118644067796611, "support": 36}, "2": {"precision": 0.5714285714285714, "recall": 0.6153846153846154, "f1-score": 0.5925925925925927, "support": 26}, "3": {"precision": 0.5555555555555556, "recall": 0.7142857142857143, "f1-score": 0.6250000000000001, "support": 21}, "4": {"precision": 0.8333333333333334, "recall": 0.7142857142857143, "f1-score": 0.7692307692307692, "support": 7}, "5": {"precision": 0.45454545454545453, "recall": 0.625, "f1-score": 0.5263157894736842, "support": 8}, "6": {"precision": 0.0, "recall": 0.0, "f1-score": 0.0, "support": 0}, "accuracy": 0.6607142857142857, "macro avg": {"precision": 0.579892810957982, "recall": 0.5646127681841968, "f1-score": 0.562904575032856, "support": 168}, "weighted avg": {"precision": 0.7146256045335957, "recall": 0.6607142857142857, "f1-score": 0.6775455979322024, "support": 168}}, "loss": "1.2951679", "lang_embeds": ["fra", "hin", "vie", "nab", "mig", "tur", "ind", "ote", "sag", "ell", "shp", "laj", "naq", "qvi", "eus", "plt", "dgz", "aey", "amp", "apu", "hun", "mzh", "huv", "deu", "kwi", "hau", "hix", "khk", "sja", "fin", "caq", "spp", "yad", "spa", "swh", "yor", "cnh", "zul", "jpn", "yaq", "bsn", "kor", "pes", "ape", "rus", "mph", "tgl"], "lang_embeds_length": 47, "lang_length": 47}, "dev": {"report": {"0": {"precision": 1.0, "recall": 1.0, "f1-score": 1.0, "support": 2}, "3": {"precision": 1.0, "recall": 1.0, "f1-score": 1.0, "support": 2}, "4": {"precision": 1.0, "recall": 1.0, "f1-score": 1.0, "support": 1}, "accuracy": 1.0, "macro avg": {"precision": 1.0, "recall": 1.0, "f1-score": 1.0, "support": 5}, "weighted avg": {"precision": 1.0, "recall": 1.0, "f1-score": 1.0, "support": 5}}, "loss": "0.69246334", "lang_embeds": ["kwi", "qvi", "yad", "mph", "huv"], "lang_embeds_length": 5, "lang_length": 5}, "test": {"report": {"0": {"precision": 0.0, "recall": 0.0, "f1-score": 0.0, "support": 0.0}, "1": {"precision": 0.0, "recall": 0.0, "f1-score": 0.0, "support": 1.0}, "2": {"precision": 0.0, "recall": 0.0, "f1-score": 0.0, "support": 3.0}, "3": {"precision": 0.0, "recall": 0.0, "f1-score": 0.0, "support": 1.0}, "accuracy": 0.0, "macro avg": {"precision": 0.0, "recall": 0.0, "f1-score": 0.0, "support": 5.0}, "weighted avg": {"precision": 0.0, "recall": 0.0, "f1-score": 0.0, "support": 5.0}}, "acc": 0.0, "lang_embeds": ["tha", "arn", "fij", "hye", "mya"], "lang_embeds_length": 5, "lang_length": 5}, "test_zs": {"report": {"1": {"precision": 0.0, "recall": 0.0, "f1-score": 0.0, "support": 1.0}, "2": {"precision": 0.0, "recall": 0.0, "f1-score": 0.0, "support": 3.0}, "3": {"precision": 0.0, "recall": 0.0, "f1-score": 0.0, "support": 1.0}, "4": {"precision": 0.0, "recall": 0.0, "f1-score": 0.0, "support": 0.0}, "accuracy": 0.0, "macro avg": {"precision": 0.0, "recall": 0.0, "f1-score": 0.0, "support": 5.0}, "weighted avg": {"precision": 0.0, "recall": 0.0, "f1-score": 0.0, "support": 5.0}}, "acc": 0.0, "lang_embeds": [], "lang_embeds_length": 0, "lang_length": 5}}