{"feature_name": "Nonperiphrastic_Causative_Constructions", "feature_id": "111A", "epoch": 0, "train": {"report": {"0": {"precision": 0.7849740932642487, "recall": 0.9439252336448598, "f1-score": 0.8571428571428571, "support": 321}, "1": {"precision": 0.09090909090909091, "recall": 0.024390243902439025, "f1-score": 0.038461538461538464, "support": 41}, "2": {"precision": 0.125, "recall": 0.02702702702702703, "f1-score": 0.044444444444444446, "support": 37}, "3": {"precision": 0.0, "recall": 0.0, "f1-score": 0.0, "support": 10}, "accuracy": 0.7457212713936431, "macro avg": {"precision": 0.2502207960433349, "recall": 0.24883562614358146, "f1-score": 0.23501221001220998, "support": 409}, "weighted avg": {"precision": 0.6365011165405785, "recall": 0.7457212713936431, "f1-score": 0.6805971263183976, "support": 409}}, "loss": "1.2410531", "lang_embeds": [], "lang_embeds_length": 0, "lang_length": 91}, "dev": {"report": {"0": {"precision": 1.0, "recall": 1.0, "f1-score": 1.0, "support": 9}, "accuracy": 1.0, "macro avg": {"precision": 1.0, "recall": 1.0, "f1-score": 1.0, "support": 9}, "weighted avg": {"precision": 1.0, "recall": 1.0, "f1-score": 1.0, "support": 9}}, "loss": "0.36322248", "lang_embeds": [], "lang_embeds_length": 0, "lang_length": 9}, "test": {"report": {"0": {"precision": 0.9, "recall": 1.0, "f1-score": 0.9473684210526316, "support": 9}, "2": {"precision": 0.0, "recall": 0.0, "f1-score": 0.0, "support": 1}, "accuracy": 0.9, "macro avg": {"precision": 0.45, "recall": 0.5, "f1-score": 0.4736842105263158, "support": 10}, "weighted avg": {"precision": 0.8099999999999999, "recall": 0.9, "f1-score": 0.8526315789473685, "support": 10}}, "acc": 0.8999999761581421, "lang_embeds": [], "lang_embeds_length": 0, "lang_length": 10}, "test_zs": {"report": {"0": {"precision": 0.9, "recall": 1.0, "f1-score": 0.9473684210526316, "support": 9}, "2": {"precision": 0.0, "recall": 0.0, "f1-score": 0.0, "support": 1}, "accuracy": 0.9, "macro avg": {"precision": 0.45, "recall": 0.5, "f1-score": 0.4736842105263158, "support": 10}, "weighted avg": {"precision": 0.8099999999999999, "recall": 0.9, "f1-score": 0.8526315789473685, "support": 10}}, "acc": 0.8999999761581421, "lang_embeds": [], "lang_embeds_length": 0, "lang_length": 10}}