{"feature_name": "Nonperiphrastic_Causative_Constructions", "feature_id": "111A", "epoch": 0, "train": {"report": {"0": {"precision": 0.8713450292397661, "recall": 0.772020725388601, "f1-score": 0.8186813186813187, "support": 193}, "1": {"precision": 0.42857142857142855, "recall": 0.5, "f1-score": 0.4615384615384615, "support": 24}, "2": {"precision": 0.3333333333333333, "recall": 0.4090909090909091, "f1-score": 0.36734693877551017, "support": 22}, "3": {"precision": 0.21052631578947367, "recall": 0.6666666666666666, "f1-score": 0.32, "support": 6}, "accuracy": 0.710204081632653, "macro avg": {"precision": 0.4609440267335004, "recall": 0.5869445752865442, "f1-score": 0.4918916797488226, "support": 245}, "weighted avg": {"precision": 0.7634767190084054, "recall": 0.710204081632653, "f1-score": 0.7309553070835869, "support": 245}}, "loss": "0.8251128", "lang_embeds": ["nav", "mbb", "ind", "hto", "ell", "ibo", "shp", "qvi", "plt", "aey", "apu", "crx", "dow", "kwi", "tha", "hix", "fij", "lif", "yad", "yor", "yaq", "kor", "niy", "mya", "rus", "pad", "tgl", "arn", "aia", "vie", "mri", "wnu", "ote", "ssw", "nuy", "lhu", "cui", "sna", "yle", "deu", "khk", "cle", "tnc", "spa", "bsn", "tzo", "mph", "car", "crn", "fra", "kin", "ceb", "mig", "aji", "srq", "lbj", "naq", "hun", "ewe", "mzh", "hau", "upv", "sja", "pma", "fin", "caq", "swh", "jpn", "mva", "pes", "kwd", "btx", "hin", "tur", "nhg", "kpw", "laj", "eus", "ilb", "amp", "amh", "djk", "spp", "nsn", "zul", "mbc", "esu", "khm", "ndo", "ses", "urb"], "lang_embeds_length": 91, "lang_length": 91}, "dev": {"report": {"0": {"precision": 1.0, "recall": 1.0, "f1-score": 1.0, "support": 8}, "1": {"precision": 1.0, "recall": 1.0, "f1-score": 1.0, "support": 1}, "accuracy": 1.0, "macro avg": {"precision": 1.0, "recall": 1.0, "f1-score": 1.0, "support": 9}, "weighted avg": {"precision": 1.0, "recall": 1.0, "f1-score": 1.0, "support": 9}}, "loss": "0.21809329", "lang_embeds": ["kin", "khm", "naq", "plt", "caq", "cui", "aey", "yad", "sna"], "lang_embeds_length": 9, "lang_length": 9}, "test": {"report": {"0": {"precision": 0.8888888888888888, "recall": 0.8888888888888888, "f1-score": 0.8888888888888888, "support": 9}, "2": {"precision": 0.0, "recall": 0.0, "f1-score": 0.0, "support": 1}, "accuracy": 0.8, "macro avg": {"precision": 0.4444444444444444, "recall": 0.4444444444444444, "f1-score": 0.4444444444444444, "support": 10}, "weighted avg": {"precision": 0.8, "recall": 0.8, "f1-score": 0.8, "support": 10}}, "acc": 0.800000011920929, "lang_embeds": ["smo", "ban", "tsn", "hye", "tih", "ton", "lav", "wbp", "tam", "gle"], "lang_embeds_length": 10, "lang_length": 10}, "test_zs": {"report": {"0": {"precision": 0.0, "recall": 0.0, "f1-score": 0.0, "support": 9.0}, "2": {"precision": 0.0, "recall": 0.0, "f1-score": 0.0, "support": 1.0}, "3": {"precision": 0.0, "recall": 0.0, "f1-score": 0.0, "support": 0.0}, "accuracy": 0.0, "macro avg": {"precision": 0.0, "recall": 0.0, "f1-score": 0.0, "support": 10.0}, "weighted avg": {"precision": 0.0, "recall": 0.0, "f1-score": 0.0, "support": 10.0}}, "acc": 0.0, "lang_embeds": [], "lang_embeds_length": 0, "lang_length": 10}}