{"feature_name": "SVONeg_Order", "feature_id": "144K", "epoch": 0, "train": {"report": {"0": {"precision": 0.903010033444816, "recall": 0.8385093167701864, "f1-score": 0.8695652173913043, "support": 322}, "1": {"precision": 0.6363636363636364, "recall": 0.6, "f1-score": 0.6176470588235293, "support": 70}, "2": {"precision": 0.42857142857142855, "recall": 0.5625, "f1-score": 0.4864864864864864, "support": 32}, "3": {"precision": 0.0, "recall": 0.0, "f1-score": 0.0, "support": 0}, "accuracy": 0.7783018867924528, "macro avg": {"precision": 0.49198627459497024, "recall": 0.5002523291925466, "f1-score": 0.49342469067533, "support": 424}, "weighted avg": {"precision": 0.8231815354456865, "recall": 0.7783018867924528, "f1-score": 0.7990633530311666, "support": 424}}, "loss": "0.67777157", "lang_embeds": ["ron", "xho", "mua", "cme", "ind", "nse", "xsi", "urt", "sag", "ell", "snf", "yao", "nak", "fub", "iba", "nyn", "mna", "apu", "fon", "dow", "tee", "huv", "tha", "bdh", "nld", "bom", "yor", "apr", "adj", "niy", "moc", "ape", "sot", "rus", "pad", "arn", "aia", "nko", "vie", "mri", "lww", "emi", "hla", "xbi", "tsz", "adz", "rim", "kbc", "ong", "sna", "deu", "mcp", "nhu", "hye", "spa", "lav", "alp", "mkd", "est", "tob", "amk", "tpt", "izz", "mbj", "mph", "fra", "kin", "avt", "kyq", "hus", "ven", "poi", "ewe", "hun", "mzh", "sba", "tui", "suk", "hau", "gbr", "plg", "pma", "fin", "ncl", "swh", "kde", "nso", "bci", "kbp", "kwd", "toi", "btx", "bul", "mos", "aca", "ptp", "chf", "gso", "nhg", "laj", "nya", "ilb", "nob", "teo", "mcn", "tzj", "djk", "pol", "ann", "nsn", "zul", "nbl", "khm", "sps", "lac", "ndo", "sua", "myb"], "lang_embeds_length": 118, "lang_length": 118}, "dev": {"report": {"0": {"precision": 1.0, "recall": 1.0, "f1-score": 1.0, "support": 10}, "1": {"precision": 1.0, "recall": 1.0, "f1-score": 1.0, "support": 2}, "accuracy": 1.0, "macro avg": {"precision": 1.0, "recall": 1.0, "f1-score": 1.0, "support": 12}, "weighted avg": {"precision": 1.0, "recall": 1.0, "f1-score": 1.0, "support": 12}}, "loss": "0.16272153", "lang_embeds": ["nso", "hla", "plg", "ann", "yao", "kbp", "izz", "avt", "kde", "tui", "emi", "mkd"], "lang_embeds_length": 12, "lang_length": 12}, "test": {"report": {"0": {"precision": 1.0, "recall": 0.8461538461538461, "f1-score": 0.9166666666666666, "support": 13}, "2": {"precision": 0.0, "recall": 0.0, "f1-score": 0.0, "support": 0}, "accuracy": 0.8461538461538461, "macro avg": {"precision": 0.5, "recall": 0.4230769230769231, "f1-score": 0.4583333333333333, "support": 13}, "weighted avg": {"precision": 1.0, "recall": 0.8461538461538461, "f1-score": 0.9166666666666666, "support": 13}}, "acc": 0.8461538553237915, "lang_embeds": ["dan", "ium", "lit", "tet", "ukr", "por", "kik", "ita", "bre", "ces", "slv", "swe", "cat"], "lang_embeds_length": 13, "lang_length": 13}, "test_zs": {"report": {"0": {"precision": 0.0, "recall": 0.0, "f1-score": 0.0, "support": 13.0}, "2": {"precision": 0.0, "recall": 0.0, "f1-score": 0.0, "support": 0.0}, "accuracy": 0.0, "macro avg": {"precision": 0.0, "recall": 0.0, "f1-score": 0.0, "support": 13.0}, "weighted avg": {"precision": 0.0, "recall": 0.0, "f1-score": 0.0, "support": 13.0}}, "acc": 0.0, "lang_embeds": [], "lang_embeds_length": 0, "lang_length": 13}}