{"feature_name": "Zero_Copula_for_Predicate_Nominals", "feature_id": "120A", "epoch": 0, "train": {"report": {"0": {"precision": 0.5673854447439353, "recall": 0.677938808373591, "f1-score": 0.6177549523110786, "support": 621}, "1": {"precision": 0.375, "recall": 0.272108843537415, "f1-score": 0.3153745072273324, "support": 441}, "accuracy": 0.5094161958568738, "macro avg": {"precision": 0.47119272237196763, "recall": 0.47502382595550297, "f1-score": 0.4665647297692055, "support": 1062}, "weighted avg": {"precision": 0.4874965736214537, "recall": 0.5094161958568738, "f1-score": 0.49219019121698054, "support": 1062}}, "loss": "0.8801283", "lang_embeds": [], "lang_embeds_length": 0, "lang_length": 118}, "dev": {"report": {"0": {"precision": 0.7272727272727273, "recall": 1.0, "f1-score": 0.8421052631578948, "support": 8}, "1": {"precision": 0.0, "recall": 0.0, "f1-score": 0.0, "support": 3}, "accuracy": 0.7272727272727273, "macro avg": {"precision": 0.36363636363636365, "recall": 0.5, "f1-score": 0.4210526315789474, "support": 11}, "weighted avg": {"precision": 0.5289256198347108, "recall": 0.7272727272727273, "f1-score": 0.6124401913875599, "support": 11}}, "loss": "0.6415885", "lang_embeds": [], "lang_embeds_length": 0, "lang_length": 11}, "test": {"report": {"0": {"precision": 0.6153846153846154, "recall": 1.0, "f1-score": 0.761904761904762, "support": 8}, "1": {"precision": 0.0, "recall": 0.0, "f1-score": 0.0, "support": 5}, "accuracy": 0.6153846153846154, "macro avg": {"precision": 0.3076923076923077, "recall": 0.5, "f1-score": 0.380952380952381, "support": 13}, "weighted avg": {"precision": 0.37869822485207105, "recall": 0.6153846153846154, "f1-score": 0.4688644688644689, "support": 13}}, "acc": 0.6153846383094788, "lang_embeds": [], "lang_embeds_length": 0, "lang_length": 13}, "test_zs": {"report": {"0": {"precision": 0.6153846153846154, "recall": 1.0, "f1-score": 0.761904761904762, "support": 8}, "1": {"precision": 0.0, "recall": 0.0, "f1-score": 0.0, "support": 5}, "accuracy": 0.6153846153846154, "macro avg": {"precision": 0.3076923076923077, "recall": 0.5, "f1-score": 0.380952380952381, "support": 13}, "weighted avg": {"precision": 0.37869822485207105, "recall": 0.6153846153846154, "f1-score": 0.4688644688644689, "support": 13}}, "acc": 0.6153846383094788, "lang_embeds": [], "lang_embeds_length": 0, "lang_length": 13}}