{"feature_name": "Negative_Morphemes", "feature_id": "112A", "epoch": 0, "train": {"report": {"0": {"precision": 0.7780859916782247, "recall": 0.80835734870317, "f1-score": 0.7929328621908127, "support": 694}, "1": {"precision": 0.7418803418803419, "recall": 0.7380952380952381, "f1-score": 0.7399829497016198, "support": 588}, "2": {"precision": 0.680327868852459, "recall": 0.5684931506849316, "f1-score": 0.6194029850746269, "support": 146}, "3": {"precision": 0.6818181818181818, "recall": 0.5844155844155844, "f1-score": 0.6293706293706293, "support": 77}, "4": {"precision": 0.4318181818181818, "recall": 0.4418604651162791, "f1-score": 0.4367816091954023, "support": 43}, "5": {"precision": 0.46511627906976744, "recall": 0.6060606060606061, "f1-score": 0.5263157894736842, "support": 33}, "accuracy": 0.734977862112587, "macro avg": {"precision": 0.6298411408528594, "recall": 0.6245470655126348, "f1-score": 0.6241311375011291, "support": 1581}, "weighted avg": {"precision": 0.7349539577041568, "recall": 0.734977862112587, "f1-score": 0.7339973341653665, "support": 1581}}, "loss": "0.79521716", "lang_embeds": ["des", "nav", "xho", "var", "ntp", "cme", "ind", "nse", "hto", "sll", "xsi", "snf", "urt", "ell", "sag", "tbl", "yao", "shp", "nak", "nnb", "azb", "mam", "taq", "plt", "iba", "qvi", "kac", "tmd", "nyn", "amn", "apu", "fon", "mna", "aey", "agt", "auc", "yon", "dow", "tee", "huv", "kwi", "bdh", "tha", "nld", "hix", "bom", "lif", "yad", "tbc", "yor", "apw", "cnh", "yaq", "kor", "mcd", "mio", "adj", "bmr", "duo", "nmf", "niy", "moc", "zpq", "apr", "ghs", "xsr", "ape", "mya", "sot", "yuj", "rus", "pad", "tgl", "arn", "nko", "ssd", "ign", "gvf", "mri", "vie", "fub", "wnu", "ote", "kto", "mjw", "huu", "ssw", "cbu", "poe", "cub", "kyz", "emi", "abt", "wrk", "nuy", "hla", "xbi", "kms", "tsz", "adz", "rim", "pbb", "kbc", "cui", "csy", "snp", "ong", "sna", "apt", "yrb", "deu", "khk", "mcp", "cle", "cbr", "nhu", "tnc", "hye", "spa", "kki", "nzm", "enx", "ctd", "lav", "emp", "alp", "naf", "bsn", "tsg", "mmn", "mkd", "tso", "est", "apy", "tob", "tzo", "amk", "tpt", "tbo", "kpx", "mbj", "acu", "tna", "mlp", "car", "izz", "ood", "mph", "gle", "fra", "kup", "kin", "njb", "bzd", "kvn", "cap", "mig", "mie", "hch", "noa", "qvh", "cab", "aom", "avt", "kyq", "awb", "lbj", "hus", "cao", "wmt", "ven", "naq", "oym", "dgz", "ewe", "hun", "som", "xed", "nbc", "mzh", "sba", "suk", "hau", "gbr", "sja", "mrg", "mpt", "plg", "okv", "pma", "fin", "caq", "bvr", "dis", "wim", "swh", "ncl", "maq", "jpn", "kde", "nas", "adi", "nso", "zai", "gah", "cbi", "bci", "mva", "pes", "uig", "ctp", "kmo", "miq", "tuo", "kbp", "cof", "kwd", "btx", "toi", "bul", "usa", "hin", "aoj", "pwg", "mek", "mos", "njo", "nab", "mil", "tue", "jiv", "tur", "kue", "kbh", "xav", "chf", "cak", "gub", "tbg", "cbc", "gso", "nhg", "kpw", "laj", "nya", "trp", "ilb", "cco", "ese", "amp", "nob", "eus", "teo", "mcn", "cax", "ura", "mxp", "mco", "opm", "tzj", "njz", "agg", "amh", "snn", "ons", "wib", "djk", "rkb", "pol", "spp", "ann", "pao", "tfr", "nsn", "cpa", "zul", "nbl", "mbc", "hil", "ary", "mcb", "esu", "snc", "sps", "zaw", "lac", "yaa", "sua", "sbe", "ndo", "myb", "ses", "urb"], "lang_embeds_length": 293, "lang_length": 293}, "dev": {"report": {"0": {"precision": 1.0, "recall": 1.0, "f1-score": 1.0, "support": 12}, "1": {"precision": 1.0, "recall": 1.0, "f1-score": 1.0, "support": 12}, "2": {"precision": 1.0, "recall": 1.0, "f1-score": 1.0, "support": 3}, "3": {"precision": 1.0, "recall": 1.0, "f1-score": 1.0, "support": 2}, "accuracy": 1.0, "macro avg": {"precision": 1.0, "recall": 1.0, "f1-score": 1.0, "support": 29}, "weighted avg": {"precision": 1.0, "recall": 1.0, "f1-score": 1.0, "support": 29}}, "loss": "0.20907937", "lang_embeds": ["des", "pwg", "cme", "jiv", "ssw", "lbj", "azb", "tsz", "qvi", "cco", "kac", "tmd", "yon", "auc", "som", "tzj", "snn", "huv", "kwi", "cle", "zul", "nso", "hil", "nmf", "mcb", "snc", "mva", "pes", "sua"], "lang_embeds_length": 29, "lang_length": 29}, "test": {"report": {"0": {"precision": 0.7142857142857143, "recall": 0.5555555555555556, "f1-score": 0.6250000000000001, "support": 18}, "1": {"precision": 0.4166666666666667, "recall": 0.5555555555555556, "f1-score": 0.4761904761904762, "support": 9}, "2": {"precision": 0.0, "recall": 0.0, "f1-score": 0.0, "support": 1}, "3": {"precision": 1.0, "recall": 0.5, "f1-score": 0.6666666666666666, "support": 2}, "accuracy": 0.5333333333333333, "macro avg": {"precision": 0.5327380952380952, "recall": 0.4027777777777778, "f1-score": 0.4419642857142857, "support": 30}, "weighted avg": {"precision": 0.6202380952380953, "recall": 0.5333333333333333, "f1-score": 0.5623015873015873, "support": 30}}, "acc": 0.5333333611488342, "lang_embeds": ["ron", "bel", "gla", "tyv", "lit", "tet", "ukr", "por", "kik", "slv", "cat", "cor", "smo", "lus", "bre", "lug", "cym", "swe", "ckb", "dan", "nep", "ben", "tih", "ton", "che", "ita", "ces", "tgk", "ium", "tam"], "lang_embeds_length": 30, "lang_length": 30}, "test_zs": {"report": {"0": {"precision": 0.0, "recall": 0.0, "f1-score": 0.0, "support": 18.0}, "1": {"precision": 0.0, "recall": 0.0, "f1-score": 0.0, "support": 9.0}, "2": {"precision": 0.0, "recall": 0.0, "f1-score": 0.0, "support": 1.0}, "3": {"precision": 0.0, "recall": 0.0, "f1-score": 0.0, "support": 2.0}, "5": {"precision": 0.0, "recall": 0.0, "f1-score": 0.0, "support": 0.0}, "accuracy": 0.0, "macro avg": {"precision": 0.0, "recall": 0.0, "f1-score": 0.0, "support": 30.0}, "weighted avg": {"precision": 0.0, "recall": 0.0, "f1-score": 0.0, "support": 30.0}}, "acc": 0.0, "lang_embeds": [], "lang_embeds_length": 0, "lang_length": 30}}