{"feature_name": "Voicing_in_Plosives_and_Fricatives", "feature_id": "4A", "epoch": 0, "train": {"report": {"0": {"precision": 0.7076023391812866, "recall": 0.6836158192090396, "f1-score": 0.6954022988505748, "support": 177}, "1": {"precision": 0.7382198952879581, "recall": 0.7268041237113402, "f1-score": 0.7324675324675324, "support": 194}, "2": {"precision": 0.6707317073170732, "recall": 0.6832298136645962, "f1-score": 0.676923076923077, "support": 161}, "3": {"precision": 0.39622641509433965, "recall": 0.44680851063829785, "f1-score": 0.42000000000000004, "support": 47}, "accuracy": 0.6787564766839378, "macro avg": {"precision": 0.6281950892201644, "recall": 0.6351145668058185, "f1-score": 0.631198227060296, "support": 579}, "weighted avg": {"precision": 0.6823328499282113, "recall": 0.6787564766839378, "f1-score": 0.680327329153486, "support": 579}}, "loss": "0.92360526", "lang_embeds": ["nav", "cjv", "ind", "sag", "ell", "ibo", "spl", "hop", "shp", "roo", "plt", "iba", "guh", "kac", "aey", "apu", "ycn", "auc", "dow", "huv", "guc", "kwi", "wap", "hix", "arl", "mto", "bom", "fij", "tha", "yua", "yad", "yor", "jic", "yaq", "kor", "bmr", "niy", "cbv", "mwp", "ape", "mya", "cag", "rus", "pad", "tgl", "arn", "ign", "mri", "vie", "wnu", "huu", "ote", "mbl", "cub", "wrk", "nuy", "lhu", "tsz", "adz", "pbb", "yle", "deu", "yrb", "khk", "ame", "cle", "tzh", "nhu", "hye", "ivv", "spa", "faa", "ctd", "tsg", "ald", "mph", "wrs", "tna", "yss", "car", "ood", "etu", "kup", "fra", "con", "bzd", "kvn", "bao", "mig", "tca", "apn", "daa", "lbj", "hus", "srq", "gum", "naq", "dgz", "amu", "hun", "ewe", "som", "mzh", "hau", "gbr", "quh", "beq", "sja", "pma", "fin", "bvr", "wim", "swh", "rro", "maq", "jpn", "kss", "nas", "ncj", "cbi", "pes", "mps", "ctp", "kmo", "kwd", "btx", "wnc", "hin", "nab", "njo", "tur", "jiv", "kbh", "tiy", "sue", "xpe", "agm", "nhg", "kpw", "chq", "laj", "eus", "nob", "amp", "ake", "yva", "njz", "snn", "amh", "djk", "bkq", "spp", "zul", "kek", "khm", "top", "gvn", "byx", "bba", "ses", "urb"], "lang_embeds_length": 161, "lang_length": 161}, "dev": {"report": {"0": {"precision": 1.0, "recall": 1.0, "f1-score": 1.0, "support": 6}, "1": {"precision": 1.0, "recall": 1.0, "f1-score": 1.0, "support": 6}, "2": {"precision": 1.0, "recall": 1.0, "f1-score": 1.0, "support": 4}, "accuracy": 1.0, "macro avg": {"precision": 1.0, "recall": 1.0, "f1-score": 1.0, "support": 16}, "weighted avg": {"precision": 1.0, "recall": 1.0, "f1-score": 1.0, "support": 16}}, "loss": "0.42262506", "lang_embeds": ["etu", "lbj", "wnc", "bzd", "cbi", "nab", "yua", "wnu", "kbh", "agm", "daa", "tsg", "car", "hop", "mbl", "xpe"], "lang_embeds_length": 16, "lang_length": 16}, "test": {"report": {"0": {"precision": 0.25, "recall": 0.2, "f1-score": 0.22222222222222224, "support": 5}, "1": {"precision": 0.16666666666666666, "recall": 0.3333333333333333, "f1-score": 0.2222222222222222, "support": 3}, "2": {"precision": 0.5714285714285714, "recall": 0.4444444444444444, "f1-score": 0.5, "support": 9}, "accuracy": 0.35294117647058826, "macro avg": {"precision": 0.32936507936507936, "recall": 0.3259259259259259, "f1-score": 0.3148148148148148, "support": 17}, "weighted avg": {"precision": 0.4054621848739495, "recall": 0.35294117647058826, "f1-score": 0.369281045751634, "support": 17}}, "acc": 0.3529411852359772, "lang_embeds": ["ron", "nep", "ben", "lit", "pol", "ckb", "tet", "kgp", "snd", "bre", "lav", "jav", "shn", "ium", "cat", "tyv", "bul"], "lang_embeds_length": 17, "lang_length": 17}, "test_zs": {"report": {"0": {"precision": 0.0, "recall": 0.0, "f1-score": 0.0, "support": 5.0}, "1": {"precision": 0.0, "recall": 0.0, "f1-score": 0.0, "support": 3.0}, "2": {"precision": 0.0, "recall": 0.0, "f1-score": 0.0, "support": 9.0}, "3": {"precision": 0.0, "recall": 0.0, "f1-score": 0.0, "support": 0.0}, "accuracy": 0.0, "macro avg": {"precision": 0.0, "recall": 0.0, "f1-score": 0.0, "support": 17.0}, "weighted avg": {"precision": 0.0, "recall": 0.0, "f1-score": 0.0, "support": 17.0}}, "acc": 0.0, "lang_embeds": [], "lang_embeds_length": 0, "lang_length": 17}}