{"feature_name": "Consonant_Inventories", "feature_id": "1A", "epoch": 0, "train": {"report": {"0": {"precision": 0.3269230769230769, "recall": 0.34, "f1-score": 0.3333333333333333, "support": 50}, "1": {"precision": 0.2926829268292683, "recall": 0.2857142857142857, "f1-score": 0.28915662650602414, "support": 42}, "2": {"precision": 0.1111111111111111, "recall": 0.1, "f1-score": 0.10526315789473685, "support": 20}, "3": {"precision": 0.15625, "recall": 0.17857142857142858, "f1-score": 0.16666666666666666, "support": 28}, "4": {"precision": 0.0, "recall": 0.0, "f1-score": 0.0, "support": 4}, "accuracy": 0.25, "macro avg": {"precision": 0.17739342297269128, "recall": 0.18085714285714286, "f1-score": 0.17888395688015218, "support": 144}, "weighted avg": {"precision": 0.24469485413337036, "recall": 0.25, "f1-score": 0.2471053805866742, "support": 144}}, "loss": "3.7157068", "lang_embeds": [], "lang_embeds_length": 0, "lang_length": 144}, "dev": {"report": {"0": {"precision": 0.0, "recall": 0.0, "f1-score": 0.0, "support": 6}, "1": {"precision": 0.5, "recall": 1.0, "f1-score": 0.6666666666666666, "support": 8}, "3": {"precision": 0.0, "recall": 0.0, "f1-score": 0.0, "support": 2}, "accuracy": 0.5, "macro avg": {"precision": 0.16666666666666666, "recall": 0.3333333333333333, "f1-score": 0.2222222222222222, "support": 16}, "weighted avg": {"precision": 0.25, "recall": 0.5, "f1-score": 0.3333333333333333, "support": 16}}, "loss": "1.32317", "lang_embeds": [], "lang_embeds_length": 0, "lang_length": 16}, "test": {"report": {"0": {"precision": 0.0, "recall": 0.0, "f1-score": 0.0, "support": 7.0}, "1": {"precision": 0.0, "recall": 0.0, "f1-score": 0.0, "support": 0.0}, "2": {"precision": 0.0, "recall": 0.0, "f1-score": 0.0, "support": 5.0}, "3": {"precision": 0.0, "recall": 0.0, "f1-score": 0.0, "support": 2.0}, "4": {"precision": 0.0, "recall": 0.0, "f1-score": 0.0, "support": 3.0}, "accuracy": 0.0, "macro avg": {"precision": 0.0, "recall": 0.0, "f1-score": 0.0, "support": 17.0}, "weighted avg": {"precision": 0.0, "recall": 0.0, "f1-score": 0.0, "support": 17.0}}, "acc": 0.0, "lang_embeds": [], "lang_embeds_length": 0, "lang_length": 17}, "test_zs": {"report": {"0": {"precision": 0.0, "recall": 0.0, "f1-score": 0.0, "support": 7.0}, "1": {"precision": 0.0, "recall": 0.0, "f1-score": 0.0, "support": 0.0}, "2": {"precision": 0.0, "recall": 0.0, "f1-score": 0.0, "support": 5.0}, "3": {"precision": 0.0, "recall": 0.0, "f1-score": 0.0, "support": 2.0}, "4": {"precision": 0.0, "recall": 0.0, "f1-score": 0.0, "support": 3.0}, "accuracy": 0.0, "macro avg": {"precision": 0.0, "recall": 0.0, "f1-score": 0.0, "support": 17.0}, "weighted avg": {"precision": 0.0, "recall": 0.0, "f1-score": 0.0, "support": 17.0}}, "acc": 0.0, "lang_embeds": [], "lang_embeds_length": 0, "lang_length": 17}}