{"feature_name": "Vowel_Quality_Inventories", "feature_id": "2A", "epoch": 0, "train": {"report": {"0": {"precision": 0.7926829268292683, "recall": 0.8253968253968254, "f1-score": 0.8087091757387247, "support": 315}, "1": {"precision": 0.7393939393939394, "recall": 0.6559139784946236, "f1-score": 0.6951566951566952, "support": 186}, "2": {"precision": 0.5697674418604651, "recall": 0.6282051282051282, "f1-score": 0.5975609756097561, "support": 78}, "accuracy": 0.7443868739205527, "macro avg": {"precision": 0.7006147693612244, "recall": 0.7031719773655257, "f1-score": 0.7004756155017254, "support": 579}, "weighted avg": {"precision": 0.745534119419013, "recall": 0.7443868739205527, "f1-score": 0.7437863415447402, "support": 579}}, "loss": "0.7001449", "lang_embeds": ["nav", "cjv", "ind", "sag", "ell", "ibo", "spl", "hop", "shp", "roo", "iba", "guh", "plt", "kac", "aey", "apu", "ycn", "auc", "dow", "huv", "wap", "kwi", "guc", "hix", "arl", "mto", "fij", "tha", "bom", "yua", "yad", "yor", "jic", "yaq", "kor", "bmr", "niy", "cbv", "mwp", "ape", "mya", "cag", "rus", "pad", "tgl", "arn", "ign", "mri", "vie", "wnu", "huu", "ote", "mbl", "cub", "wrk", "nuy", "lhu", "tsz", "adz", "pbb", "yle", "deu", "yrb", "khk", "ame", "cle", "tzh", "nhu", "hye", "ivv", "spa", "faa", "tsg", "ctd", "ald", "mph", "tna", "yss", "car", "ood", "wrs", "etu", "kup", "fra", "con", "kvn", "bzd", "bao", "mig", "tca", "apn", "daa", "lbj", "hus", "srq", "gum", "naq", "amu", "dgz", "hun", "ewe", "som", "mzh", "hau", "gbr", "quh", "beq", "sja", "pma", "fin", "bvr", "wim", "swh", "rro", "maq", "jpn", "ncj", "nas", "kss", "cbi", "mps", "pes", "ctp", "kmo", "kwd", "btx", "wnc", "hin", "nab", "njo", "jiv", "tur", "kbh", "tiy", "sue", "agm", "xpe", "nhg", "kpw", "laj", "chq", "eus", "nob", "amp", "ake", "snn", "njz", "yva", "amh", "djk", "bkq", "spp", "zul", "kek", "khm", "top", "gvn", "byx", "bba", "ses", "urb"], "lang_embeds_length": 161, "lang_length": 161}, "dev": {"report": {"0": {"precision": 1.0, "recall": 1.0, "f1-score": 1.0, "support": 10}, "1": {"precision": 1.0, "recall": 1.0, "f1-score": 1.0, "support": 1}, "2": {"precision": 1.0, "recall": 1.0, "f1-score": 1.0, "support": 5}, "accuracy": 1.0, "macro avg": {"precision": 1.0, "recall": 1.0, "f1-score": 1.0, "support": 16}, "weighted avg": {"precision": 1.0, "recall": 1.0, "f1-score": 1.0, "support": 16}}, "loss": "0.29501417", "lang_embeds": ["nav", "njz", "bzd", "gum", "nab", "wap", "mig", "mps", "guh", "wnu", "gvn", "agm", "maq", "yss", "snn", "ncj"], "lang_embeds_length": 16, "lang_length": 16}, "test": {"report": {"0": {"precision": 0.4, "recall": 0.5714285714285714, "f1-score": 0.47058823529411764, "support": 7}, "1": {"precision": 0.5, "recall": 0.3, "f1-score": 0.37499999999999994, "support": 10}, "2": {"precision": 0.0, "recall": 0.0, "f1-score": 0.0, "support": 0}, "accuracy": 0.4117647058823529, "macro avg": {"precision": 0.3, "recall": 0.2904761904761905, "f1-score": 0.28186274509803916, "support": 17}, "weighted avg": {"precision": 0.45882352941176474, "recall": 0.4117647058823529, "f1-score": 0.41435986159169547, "support": 17}}, "acc": 0.4117647111415863, "lang_embeds": ["ron", "nep", "ben", "lit", "pol", "ckb", "tet", "kgp", "snd", "bre", "lav", "jav", "shn", "ium", "cat", "tyv", "bul"], "lang_embeds_length": 17, "lang_length": 17}, "test_zs": {"report": {"0": {"precision": 0.4117647058823529, "recall": 1.0, "f1-score": 0.5833333333333334, "support": 7}, "1": {"precision": 0.0, "recall": 0.0, "f1-score": 0.0, "support": 10}, "accuracy": 0.4117647058823529, "macro avg": {"precision": 0.20588235294117646, "recall": 0.5, "f1-score": 0.2916666666666667, "support": 17}, "weighted avg": {"precision": 0.1695501730103806, "recall": 0.4117647058823529, "f1-score": 0.24019607843137258, "support": 17}}, "acc": 0.4117647111415863, "lang_embeds": [], "lang_embeds_length": 0, "lang_length": 17}}