{"feature_name": "The_Morphological_Imperative", "feature_id": "70A", "epoch": 0, "train": {"report": {"0": {"precision": 0.7818181818181819, "recall": 0.7737789203084833, "f1-score": 0.7777777777777778, "support": 389}, "1": {"precision": 0.7132352941176471, "recall": 0.6598639455782312, "f1-score": 0.6855123674911661, "support": 147}, "2": {"precision": 0.638095238095238, "recall": 0.5982142857142857, "f1-score": 0.6175115207373272, "support": 112}, "3": {"precision": 0.5692307692307692, "recall": 0.5967741935483871, "f1-score": 0.5826771653543306, "support": 62}, "4": {"precision": 0.1724137931034483, "recall": 0.5, "f1-score": 0.25641025641025644, "support": 10}, "accuracy": 0.7041666666666667, "macro avg": {"precision": 0.574958655273057, "recall": 0.6257262690298775, "f1-score": 0.5839778175541716, "support": 720}, "weighted avg": {"precision": 0.7186888517396886, "recall": 0.7041666666666667, "f1-score": 0.7099684037714008, "support": 720}}, "loss": "0.8853375", "lang_embeds": ["des", "ron", "nav", "mua", "ntp", "trc", "ind", "hto", "snf", "sag", "ell", "ibo", "mop", "shp", "azb", "kdh", "qvi", "mam", "fub", "plt", "agd", "aey", "apu", "rmn", "kwi", "tha", "hix", "nld", "bom", "fij", "shu", "lif", "yad", "yor", "yaq", "kor", "nmf", "niy", "mww", "ape", "mya", "rus", "pad", "tgl", "tam", "arn", "nko", "vie", "mri", "ote", "mjw", "nuy", "tsz", "lit", "kbc", "kjh", "apt", "deu", "khk", "cle", "tnc", "hye", "enx", "spa", "lav", "emp", "bsn", "mkd", "est", "caa", "sus", "apy", "ken", "gmv", "tzo", "acu", "mph", "knj", "car", "ood", "crn", "gle", "fra", "kup", "ceb", "mig", "hch", "noa", "lol", "apn", "pag", "lbj", "gui", "naq", "poi", "dgz", "ach", "hun", "ewe", "myu", "mzh", "cnt", "hau", "gbr", "sja", "mrg", "pma", "fin", "caq", "qvn", "swh", "gya", "jpn", "nso", "mpm", "cbi", "mva", "pes", "cbs", "loz", "tnk", "cof", "kwd", "btx", "bul", "hin", "njo", "tur", "cak", "sue", "xpe", "nhg", "kpw", "laj", "cco", "trp", "eus", "nob", "amp", "too", "tzj", "amh", "djk", "pol", "spp", "ann", "pao", "rwo", "zul", "swe", "mbc", "esu", "ary", "khm", "sbe", "ita", "myb", "bem", "ses", "urb"], "lang_embeds_length": 160, "lang_length": 160}, "dev": {"report": {"0": {"precision": 1.0, "recall": 1.0, "f1-score": 1.0, "support": 10}, "1": {"precision": 1.0, "recall": 1.0, "f1-score": 1.0, "support": 4}, "2": {"precision": 1.0, "recall": 1.0, "f1-score": 1.0, "support": 2}, "accuracy": 1.0, "macro avg": {"precision": 1.0, "recall": 1.0, "f1-score": 1.0, "support": 16}, "weighted avg": {"precision": 1.0, "recall": 1.0, "f1-score": 1.0, "support": 16}}, "loss": "0.2120253", "lang_embeds": ["kwi", "nso", "kup", "ary", "naq", "cco", "lif", "caq", "poi", "kjh", "sag", "bem", "mzh", "bsn", "tzj", "xpe"], "lang_embeds_length": 16, "lang_length": 16}, "test": {"report": {"0": {"precision": 0.5384615384615384, "recall": 0.7777777777777778, "f1-score": 0.6363636363636364, "support": 9}, "1": {"precision": 0.0, "recall": 0.0, "f1-score": 0.0, "support": 1}, "2": {"precision": 0.0, "recall": 0.0, "f1-score": 0.0, "support": 3}, "3": {"precision": 0.0, "recall": 0.0, "f1-score": 0.0, "support": 3}, "accuracy": 0.4375, "macro avg": {"precision": 0.1346153846153846, "recall": 0.19444444444444445, "f1-score": 0.1590909090909091, "support": 16}, "weighted avg": {"precision": 0.30288461538461536, "recall": 0.4375, "f1-score": 0.35795454545454547, "support": 16}}, "acc": 0.4375, "lang_embeds": ["dan", "tat", "ckb", "mai", "tet", "ukr", "fao", "por", "che", "bre", "ces", "slv", "rmy", "cym", "cat", "tyv"], "lang_embeds_length": 16, "lang_length": 16}, "test_zs": {"report": {"0": {"precision": 0.0, "recall": 0.0, "f1-score": 0.0, "support": 9}, "1": {"precision": 0.0, "recall": 0.0, "f1-score": 0.0, "support": 1}, "2": {"precision": 0.0, "recall": 0.0, "f1-score": 0.0, "support": 3}, "3": {"precision": 0.1875, "recall": 1.0, "f1-score": 0.3157894736842105, "support": 3}, "accuracy": 0.1875, "macro avg": {"precision": 0.046875, "recall": 0.25, "f1-score": 0.07894736842105263, "support": 16}, "weighted avg": {"precision": 0.03515625, "recall": 0.1875, "f1-score": 0.05921052631578947, "support": 16}}, "acc": 0.1875, "lang_embeds": [], "lang_embeds_length": 0, "lang_length": 16}}