{"feature_name": "Antipassive_Constructions", "feature_id": "108A", "epoch": 0, "train": {"report": {"0": {"precision": 0.8596491228070176, "recall": 0.9423076923076923, "f1-score": 0.8990825688073394, "support": 156}, "1": {"precision": 0.0, "recall": 0.0, "f1-score": 0.0, "support": 13}, "2": {"precision": 0.0, "recall": 0.0, "f1-score": 0.0, "support": 11}, "accuracy": 0.8166666666666667, "macro avg": {"precision": 0.28654970760233917, "recall": 0.3141025641025641, "f1-score": 0.2996941896024465, "support": 180}, "weighted avg": {"precision": 0.7450292397660819, "recall": 0.8166666666666667, "f1-score": 0.7792048929663608, "support": 180}}, "loss": "0.92536163", "lang_embeds": [], "lang_embeds_length": 0, "lang_length": 67}, "dev": {"report": {"0": {"precision": 1.0, "recall": 1.0, "f1-score": 1.0, "support": 7}, "accuracy": 1.0, "macro avg": {"precision": 1.0, "recall": 1.0, "f1-score": 1.0, "support": 7}, "weighted avg": {"precision": 1.0, "recall": 1.0, "f1-score": 1.0, "support": 7}}, "loss": "0.093150295", "lang_embeds": [], "lang_embeds_length": 0, "lang_length": 7}, "test": {"report": {"0": {"precision": 0.875, "recall": 1.0, "f1-score": 0.9333333333333333, "support": 7}, "1": {"precision": 0.0, "recall": 0.0, "f1-score": 0.0, "support": 1}, "accuracy": 0.875, "macro avg": {"precision": 0.4375, "recall": 0.5, "f1-score": 0.4666666666666667, "support": 8}, "weighted avg": {"precision": 0.765625, "recall": 0.875, "f1-score": 0.8166666666666667, "support": 8}}, "acc": 0.875, "lang_embeds": [], "lang_embeds_length": 0, "lang_length": 8}, "test_zs": {"report": {"0": {"precision": 0.875, "recall": 1.0, "f1-score": 0.9333333333333333, "support": 7}, "1": {"precision": 0.0, "recall": 0.0, "f1-score": 0.0, "support": 1}, "accuracy": 0.875, "macro avg": {"precision": 0.4375, "recall": 0.5, "f1-score": 0.4666666666666667, "support": 8}, "weighted avg": {"precision": 0.765625, "recall": 0.875, "f1-score": 0.8166666666666667, "support": 8}}, "acc": 0.875, "lang_embeds": [], "lang_embeds_length": 0, "lang_length": 8}}