{"feature_name": "The_Future_Tense", "feature_id": "67A", "epoch": 0, "train": {"report": {"0": {"precision": 0.782608695652174, "recall": 0.8571428571428571, "f1-score": 0.8181818181818182, "support": 168}, "1": {"precision": 0.7931034482758621, "recall": 0.696969696969697, "f1-score": 0.7419354838709677, "support": 132}, "accuracy": 0.7866666666666666, "macro avg": {"precision": 0.787856071964018, "recall": 0.777056277056277, "f1-score": 0.7800586510263929, "support": 300}, "weighted avg": {"precision": 0.7872263868065967, "recall": 0.7866666666666666, "f1-score": 0.784633431085044, "support": 300}}, "loss": "0.48108897", "lang_embeds": ["ind", "sag", "ell", "nak", "kdh", "qvi", "plt", "aey", "apu", "tha", "kwi", "hix", "fij", "yua", "yad", "yor", "cnh", "afr", "yaq", "kor", "ape", "mya", "sot", "rus", "tgl", "tam", "arn", "vie", "mri", "hla", "lhu", "deu", "khk", "toj", "hwc", "hye", "spa", "lav", "gym", "bsn", "mph", "yss", "ood", "fra", "ceb", "mig", "cab", "pag", "cao", "naq", "dgz", "ewe", "hun", "som", "mzh", "sba", "hau", "quh", "upv", "fin", "caq", "swh", "jpn", "pes", "uig", "tuo", "bul", "hin", "jiv", "tur", "sue", "laj", "eus", "amp", "amh", "ons", "aeb", "spp", "cpa", "zul", "khm", "gvn", "byx", "ses"], "lang_embeds_length": 84, "lang_length": 84}, "dev": {"report": {"0": {"precision": 1.0, "recall": 1.0, "f1-score": 1.0, "support": 4}, "1": {"precision": 1.0, "recall": 1.0, "f1-score": 1.0, "support": 5}, "accuracy": 1.0, "macro avg": {"precision": 1.0, "recall": 1.0, "f1-score": 1.0, "support": 9}, "weighted avg": {"precision": 1.0, "recall": 1.0, "f1-score": 1.0, "support": 9}}, "loss": "0.24010985", "lang_embeds": ["hix", "kdh", "sot", "ewe", "sba", "cpa", "gym", "sue", "bsn"], "lang_embeds_length": 9, "lang_length": 9}, "test": {"report": {"0": {"precision": 0.5, "recall": 0.4, "f1-score": 0.4444444444444445, "support": 5}, "1": {"precision": 0.4, "recall": 0.5, "f1-score": 0.4444444444444445, "support": 4}, "accuracy": 0.4444444444444444, "macro avg": {"precision": 0.45, "recall": 0.45, "f1-score": 0.4444444444444445, "support": 9}, "weighted avg": {"precision": 0.4555555555555555, "recall": 0.4444444444444444, "f1-score": 0.4444444444444444, "support": 9}}, "acc": 0.4444444477558136, "lang_embeds": ["ron", "kmr", "ben", "mai", "por", "kik", "lug", "jav", "swe"], "lang_embeds_length": 9, "lang_length": 9}, "test_zs": {"report": {"0": {"precision": 0.0, "recall": 0.0, "f1-score": 0.0, "support": 5}, "1": {"precision": 0.4444444444444444, "recall": 1.0, "f1-score": 0.6153846153846153, "support": 4}, "accuracy": 0.4444444444444444, "macro avg": {"precision": 0.2222222222222222, "recall": 0.5, "f1-score": 0.30769230769230765, "support": 9}, "weighted avg": {"precision": 0.19753086419753085, "recall": 0.4444444444444444, "f1-score": 0.2735042735042735, "support": 9}}, "acc": 0.4444444477558136, "lang_embeds": [], "lang_embeds_length": 0, "lang_length": 9}}