{"feature_name": "Optional_Double_Negation", "feature_id": "143C", "epoch": 0, "train": {"report": {"0": {"precision": 0.16279069767441862, "recall": 0.3333333333333333, "f1-score": 0.21875, "support": 21}, "1": {"precision": 0.0, "recall": 0.0, "f1-score": 0.0, "support": 14}, "2": {"precision": 0.0, "recall": 0.0, "f1-score": 0.0, "support": 7}, "3": {"precision": 0.0, "recall": 0.0, "f1-score": 0.0, "support": 14}, "5": {"precision": 0.0, "recall": 0.0, "f1-score": 0.0, "support": 8}, "6": {"precision": 0.0, "recall": 0.0, "f1-score": 0.0, "support": 15}, "8": {"precision": 0.0, "recall": 0.0, "f1-score": 0.0, "support": 7}, "10": {"precision": 0.0, "recall": 0.0, "f1-score": 0.0, "support": 7}, "12": {"precision": 0.0, "recall": 0.0, "f1-score": 0.0, "support": 0}, "13": {"precision": 0.0, "recall": 0.0, "f1-score": 0.0, "support": 7}, "16": {"precision": 0.0, "recall": 0.0, "f1-score": 0.0, "support": 0}, "17": {"precision": 0.0, "recall": 0.0, "f1-score": 0.0, "support": 7}, "20": {"precision": 0.0, "recall": 0.0, "f1-score": 0.0, "support": 0}, "22": {"precision": 0.0, "recall": 0.0, "f1-score": 0.0, "support": 7}, "accuracy": 0.06140350877192982, "macro avg": {"precision": 0.011627906976744188, "recall": 0.023809523809523808, "f1-score": 0.015625, "support": 114}, "weighted avg": {"precision": 0.02998776009791922, "recall": 0.06140350877192982, "f1-score": 0.04029605263157895, "support": 114}}, "loss": "3.6835525", "lang_embeds": [], "lang_embeds_length": 0, "lang_length": 16}, "dev": {"report": {"0": {"precision": 1.0, "recall": 1.0, "f1-score": 1.0, "support": 1}, "accuracy": 1.0, "macro avg": {"precision": 1.0, "recall": 1.0, "f1-score": 1.0, "support": 1}, "weighted avg": {"precision": 1.0, "recall": 1.0, "f1-score": 1.0, "support": 1}}, "loss": "1.7223432", "lang_embeds": [], "lang_embeds_length": 0, "lang_length": 1}, "test": {"report": {"0": {"precision": 0.0, "recall": 0.0, "f1-score": 0.0, "support": 0.0}, "1": {"precision": 0.0, "recall": 0.0, "f1-score": 0.0, "support": 2.0}, "accuracy": 0.0, "macro avg": {"precision": 0.0, "recall": 0.0, "f1-score": 0.0, "support": 2.0}, "weighted avg": {"precision": 0.0, "recall": 0.0, "f1-score": 0.0, "support": 2.0}}, "acc": 0.0, "lang_embeds": [], "lang_embeds_length": 0, "lang_length": 2}, "test_zs": {"report": {"0": {"precision": 0.0, "recall": 0.0, "f1-score": 0.0, "support": 0.0}, "1": {"precision": 0.0, "recall": 0.0, "f1-score": 0.0, "support": 2.0}, "accuracy": 0.0, "macro avg": {"precision": 0.0, "recall": 0.0, "f1-score": 0.0, "support": 2.0}, "weighted avg": {"precision": 0.0, "recall": 0.0, "f1-score": 0.0, "support": 2.0}}, "acc": 0.0, "lang_embeds": [], "lang_embeds_length": 0, "lang_length": 2}}