{"feature_name": "Politeness_Distinctions_in_Pronouns", "feature_id": "45A", "epoch": 0, "train": {"report": {"0": {"precision": 0.8, "recall": 0.5957446808510638, "f1-score": 0.6829268292682927, "support": 94}, "1": {"precision": 0.6746987951807228, "recall": 0.8115942028985508, "f1-score": 0.7368421052631579, "support": 69}, "2": {"precision": 0.4482758620689655, "recall": 0.5652173913043478, "f1-score": 0.4999999999999999, "support": 23}, "3": {"precision": 0.48, "recall": 0.5714285714285714, "f1-score": 0.5217391304347826, "support": 21}, "accuracy": 0.6618357487922706, "macro avg": {"precision": 0.6007436643124221, "recall": 0.6359962116206335, "f1-score": 0.6103770162415583, "support": 207}, "weighted avg": {"precision": 0.6866887038408507, "recall": 0.6618357487922706, "f1-score": 0.6642210094372359, "support": 207}}, "loss": "1.0144565", "lang_embeds": ["ron", "ind", "snf", "sag", "ell", "ibo", "qvi", "plt", "mna", "aey", "apu", "kwi", "tha", "nld", "hix", "fij", "yua", "lif", "yad", "yor", "yaq", "kor", "niy", "ape", "mya", "rus", "tam", "tgl", "arn", "vie", "mri", "ote", "nuy", "lit", "deu", "khk", "urd", "hye", "spa", "lav", "bsn", "tbo", "mph", "gle", "fra", "bzd", "mig", "naq", "dgz", "ewe", "hun", "som", "mzh", "hau", "fin", "swh", "jpn", "ncj", "bci", "pes", "hin", "tur", "sue", "nhg", "kpw", "laj", "eus", "nob", "amp", "pol", "spp", "zul", "swe", "khm", "snc", "ita", "ses"], "lang_embeds_length": 77, "lang_length": 77}, "dev": {"report": {"0": {"precision": 1.0, "recall": 1.0, "f1-score": 1.0, "support": 6}, "1": {"precision": 1.0, "recall": 1.0, "f1-score": 1.0, "support": 2}, "accuracy": 1.0, "macro avg": {"precision": 1.0, "recall": 1.0, "f1-score": 1.0, "support": 8}, "weighted avg": {"precision": 1.0, "recall": 1.0, "f1-score": 1.0, "support": 8}}, "loss": "0.41833428", "lang_embeds": ["kwi", "niy", "kpw", "snc", "mig", "ewe", "sag", "ibo"], "lang_embeds_length": 8, "lang_length": 8}, "test": {"report": {"0": {"precision": 0.2, "recall": 1.0, "f1-score": 0.33333333333333337, "support": 1}, "1": {"precision": 0.75, "recall": 0.42857142857142855, "f1-score": 0.5454545454545454, "support": 7}, "2": {"precision": 0.0, "recall": 0.0, "f1-score": 0.0, "support": 1}, "accuracy": 0.4444444444444444, "macro avg": {"precision": 0.31666666666666665, "recall": 0.4761904761904762, "f1-score": 0.29292929292929293, "support": 9}, "weighted avg": {"precision": 0.6055555555555556, "recall": 0.4444444444444444, "f1-score": 0.4612794612794613, "support": 9}}, "acc": 0.4444444477558136, "lang_embeds": ["dan", "nep", "kmr", "tet", "por", "gla", "bre", "cym", "cor"], "lang_embeds_length": 9, "lang_length": 9}, "test_zs": {"report": {"0": {"precision": 0.0, "recall": 0.0, "f1-score": 0.0, "support": 1}, "1": {"precision": 0.7777777777777778, "recall": 1.0, "f1-score": 0.8750000000000001, "support": 7}, "2": {"precision": 0.0, "recall": 0.0, "f1-score": 0.0, "support": 1}, "accuracy": 0.7777777777777778, "macro avg": {"precision": 0.25925925925925924, "recall": 0.3333333333333333, "f1-score": 0.2916666666666667, "support": 9}, "weighted avg": {"precision": 0.6049382716049383, "recall": 0.7777777777777778, "f1-score": 0.6805555555555557, "support": 9}}, "acc": 0.7777777910232544, "lang_embeds": [], "lang_embeds_length": 0, "lang_length": 9}}