{"feature_name": "Ditransitive_Constructions:_The_Verb_'Give'", "feature_id": "105A", "epoch": 0, "train": {"report": {"0": {"precision": 0.4837662337662338, "recall": 0.6313559322033898, "f1-score": 0.5477941176470588, "support": 236}, "1": {"precision": 0.23529411764705882, "recall": 0.21212121212121213, "f1-score": 0.22310756972111556, "support": 132}, "2": {"precision": 0.2, "recall": 0.14736842105263157, "f1-score": 0.1696969696969697, "support": 95}, "3": {"precision": 0.0, "recall": 0.0, "f1-score": 0.0, "support": 43}, "accuracy": 0.3774703557312253, "macro avg": {"precision": 0.22976508785332317, "recall": 0.2477113913443084, "f1-score": 0.235149664266286, "support": 506}, "weighted avg": {"precision": 0.3245605824075947, "recall": 0.3774703557312253, "f1-score": 0.3455549863421052, "support": 506}}, "loss": "1.7683984", "lang_embeds": [], "lang_embeds_length": 0, "lang_length": 94}, "dev": {"report": {"0": {"precision": 0.6666666666666666, "recall": 1.0, "f1-score": 0.8, "support": 6}, "1": {"precision": 0.0, "recall": 0.0, "f1-score": 0.0, "support": 2}, "2": {"precision": 0.0, "recall": 0.0, "f1-score": 0.0, "support": 1}, "accuracy": 0.6666666666666666, "macro avg": {"precision": 0.2222222222222222, "recall": 0.3333333333333333, "f1-score": 0.26666666666666666, "support": 9}, "weighted avg": {"precision": 0.4444444444444444, "recall": 0.6666666666666666, "f1-score": 0.5333333333333334, "support": 9}}, "loss": "1.0844012", "lang_embeds": [], "lang_embeds_length": 0, "lang_length": 9}, "test": {"report": {"0": {"precision": 0.6, "recall": 1.0, "f1-score": 0.7499999999999999, "support": 6}, "1": {"precision": 0.0, "recall": 0.0, "f1-score": 0.0, "support": 1}, "2": {"precision": 0.0, "recall": 0.0, "f1-score": 0.0, "support": 1}, "3": {"precision": 0.0, "recall": 0.0, "f1-score": 0.0, "support": 2}, "accuracy": 0.6, "macro avg": {"precision": 0.15, "recall": 0.25, "f1-score": 0.18749999999999997, "support": 10}, "weighted avg": {"precision": 0.36, "recall": 0.6, "f1-score": 0.4499999999999999, "support": 10}}, "acc": 0.6000000238418579, "lang_embeds": [], "lang_embeds_length": 0, "lang_length": 10}, "test_zs": {"report": {"0": {"precision": 0.6, "recall": 1.0, "f1-score": 0.7499999999999999, "support": 6}, "1": {"precision": 0.0, "recall": 0.0, "f1-score": 0.0, "support": 1}, "2": {"precision": 0.0, "recall": 0.0, "f1-score": 0.0, "support": 1}, "3": {"precision": 0.0, "recall": 0.0, "f1-score": 0.0, "support": 2}, "accuracy": 0.6, "macro avg": {"precision": 0.15, "recall": 0.25, "f1-score": 0.18749999999999997, "support": 10}, "weighted avg": {"precision": 0.36, "recall": 0.6, "f1-score": 0.4499999999999999, "support": 10}}, "acc": 0.6000000238418579, "lang_embeds": [], "lang_embeds_length": 0, "lang_length": 10}}