{"feature_name": "Locus_of_Marking_in_Possessive_Noun_Phrases", "feature_id": "24A", "epoch": 0, "train": {"report": {"0": {"precision": 0.8191489361702128, "recall": 0.7857142857142857, "f1-score": 0.8020833333333333, "support": 98}, "1": {"precision": 0.7368421052631579, "recall": 0.6, "f1-score": 0.6614173228346457, "support": 70}, "2": {"precision": 0.5813953488372093, "recall": 0.6410256410256411, "f1-score": 0.6097560975609757, "support": 39}, "3": {"precision": 0.53125, "recall": 0.7727272727272727, "f1-score": 0.6296296296296297, "support": 22}, "4": {"precision": 0.4, "recall": 0.5714285714285714, "f1-score": 0.47058823529411764, "support": 7}, "accuracy": 0.6991525423728814, "macro avg": {"precision": 0.613727278054116, "recall": 0.6741791541791541, "f1-score": 0.6346949237305404, "support": 236}, "weighted avg": {"precision": 0.7161756852447164, "recall": 0.6991525423728814, "f1-score": 0.7026687990206805, "support": 236}}, "loss": "1.0277175", "lang_embeds": ["fra", "hin", "bzd", "mri", "mig", "nab", "jiv", "wnu", "chd", "ote", "tur", "sll", "ind", "sag", "ell", "sue", "shp", "abt", "wrk", "nuy", "tsz", "laj", "kpw", "naq", "qvi", "plt", "eus", "aey", "dgz", "cbt", "amp", "apu", "hun", "ewe", "auc", "mzh", "huv", "khk", "kwi", "deu", "hix", "hau", "sja", "fin", "caq", "spp", "yad", "tlf", "yor", "swh", "spa", "cnh", "zul", "jpn", "yaq", "bsn", "kor", "esu", "miq", "pes", "ape", "rus", "mph", "yss", "pad", "tgl"], "lang_embeds_length": 66, "lang_length": 66}, "dev": {"report": {"0": {"precision": 1.0, "recall": 1.0, "f1-score": 1.0, "support": 3}, "1": {"precision": 1.0, "recall": 1.0, "f1-score": 1.0, "support": 2}, "2": {"precision": 1.0, "recall": 1.0, "f1-score": 1.0, "support": 1}, "3": {"precision": 1.0, "recall": 1.0, "f1-score": 1.0, "support": 1}, "accuracy": 1.0, "macro avg": {"precision": 1.0, "recall": 1.0, "f1-score": 1.0, "support": 7}, "weighted avg": {"precision": 1.0, "recall": 1.0, "f1-score": 1.0, "support": 7}}, "loss": "0.44319317", "lang_embeds": ["hix", "naq", "shp", "jiv", "ote", "cnh", "wrk"], "lang_embeds_length": 7, "lang_length": 7}, "test": {"report": {"0": {"precision": 0.5, "recall": 0.6, "f1-score": 0.5454545454545454, "support": 5}, "1": {"precision": 0.0, "recall": 0.0, "f1-score": 0.0, "support": 2}, "2": {"precision": 0.0, "recall": 0.0, "f1-score": 0.0, "support": 1}, "accuracy": 0.375, "macro avg": {"precision": 0.16666666666666666, "recall": 0.19999999999999998, "f1-score": 0.1818181818181818, "support": 8}, "weighted avg": {"precision": 0.3125, "recall": 0.375, "f1-score": 0.3409090909090909, "support": 8}}, "acc": 0.375, "lang_embeds": ["tha", "arn", "nep", "fij", "vie", "mai", "mya", "wbp"], "lang_embeds_length": 8, "lang_length": 8}, "test_zs": {"report": {"0": {"precision": 0.0, "recall": 0.0, "f1-score": 0.0, "support": 5}, "1": {"precision": 0.0, "recall": 0.0, "f1-score": 0.0, "support": 2}, "2": {"precision": 0.125, "recall": 1.0, "f1-score": 0.2222222222222222, "support": 1}, "accuracy": 0.125, "macro avg": {"precision": 0.041666666666666664, "recall": 0.3333333333333333, "f1-score": 0.07407407407407407, "support": 8}, "weighted avg": {"precision": 0.015625, "recall": 0.125, "f1-score": 0.027777777777777776, "support": 8}}, "acc": 0.125, "lang_embeds": [], "lang_embeds_length": 0, "lang_length": 8}}