{"feature_name": "Plurality_in_Independent_Personal_Pronouns", "feature_id": "35A", "epoch": 0, "train": {"report": {"0": {"precision": 0.4574898785425101, "recall": 0.849624060150376, "f1-score": 0.5947368421052631, "support": 133}, "1": {"precision": 0.07692307692307693, "recall": 0.020833333333333332, "f1-score": 0.03278688524590164, "support": 48}, "2": {"precision": 0.3333333333333333, "recall": 0.07142857142857142, "f1-score": 0.11764705882352941, "support": 14}, "3": {"precision": 0.0, "recall": 0.0, "f1-score": 0.0, "support": 24}, "4": {"precision": 0.0, "recall": 0.0, "f1-score": 0.0, "support": 26}, "5": {"precision": 0.0, "recall": 0.0, "f1-score": 0.0, "support": 35}, "6": {"precision": 0.0, "recall": 0.0, "f1-score": 0.0, "support": 4}, "accuracy": 0.40492957746478875, "macro avg": {"precision": 0.12396375554270289, "recall": 0.13455513784461154, "f1-score": 0.10645296945352775, "support": 284}, "weighted avg": {"precision": 0.2436800288912965, "recall": 0.40492957746478875, "f1-score": 0.2898620750539883, "support": 284}}, "loss": "2.5326147", "lang_embeds": [], "lang_embeds_length": 0, "lang_length": 79}, "dev": {"report": {"0": {"precision": 0.875, "recall": 1.0, "f1-score": 0.9333333333333333, "support": 7}, "2": {"precision": 0.0, "recall": 0.0, "f1-score": 0.0, "support": 1}, "accuracy": 0.875, "macro avg": {"precision": 0.4375, "recall": 0.5, "f1-score": 0.4666666666666667, "support": 8}, "weighted avg": {"precision": 0.765625, "recall": 0.875, "f1-score": 0.8166666666666667, "support": 8}}, "loss": "1.1647701", "lang_embeds": [], "lang_embeds_length": 0, "lang_length": 8}, "test": {"report": {"0": {"precision": 0.625, "recall": 1.0, "f1-score": 0.7692307692307693, "support": 5}, "1": {"precision": 0.0, "recall": 0.0, "f1-score": 0.0, "support": 2}, "4": {"precision": 0.0, "recall": 0.0, "f1-score": 0.0, "support": 1}, "accuracy": 0.625, "macro avg": {"precision": 0.20833333333333334, "recall": 0.3333333333333333, "f1-score": 0.25641025641025644, "support": 8}, "weighted avg": {"precision": 0.390625, "recall": 0.625, "f1-score": 0.4807692307692308, "support": 8}}, "acc": 0.625, "lang_embeds": [], "lang_embeds_length": 0, "lang_length": 8}, "test_zs": {"report": {"0": {"precision": 0.625, "recall": 1.0, "f1-score": 0.7692307692307693, "support": 5}, "1": {"precision": 0.0, "recall": 0.0, "f1-score": 0.0, "support": 2}, "4": {"precision": 0.0, "recall": 0.0, "f1-score": 0.0, "support": 1}, "accuracy": 0.625, "macro avg": {"precision": 0.20833333333333334, "recall": 0.3333333333333333, "f1-score": 0.25641025641025644, "support": 8}, "weighted avg": {"precision": 0.390625, "recall": 0.625, "f1-score": 0.4807692307692308, "support": 8}}, "acc": 0.625, "lang_embeds": [], "lang_embeds_length": 0, "lang_length": 8}}