{"feature_name": "Negative_Morphemes", "feature_id": "112A", "epoch": 0, "train": {"report": {"0": {"precision": 0.4330508474576271, "recall": 0.6269938650306749, "f1-score": 0.5122807017543859, "support": 815}, "1": {"precision": 0.36451612903225805, "recall": 0.3313782991202346, "f1-score": 0.34715821812596004, "support": 682}, "2": {"precision": 0.06666666666666667, "recall": 0.005917159763313609, "f1-score": 0.010869565217391304, "support": 169}, "3": {"precision": 0.0, "recall": 0.0, "f1-score": 0.0, "support": 90}, "4": {"precision": 0.0, "recall": 0.0, "f1-score": 0.0, "support": 51}, "5": {"precision": 0.0, "recall": 0.0, "f1-score": 0.0, "support": 38}, "accuracy": 0.4, "macro avg": {"precision": 0.14403894052609198, "recall": 0.1607148873190372, "f1-score": 0.14505141418295622, "support": 1845}, "weighted avg": {"precision": 0.332142605606847, "recall": 0.4, "f1-score": 0.35561389334063326, "support": 1845}}, "loss": "1.5958428", "lang_embeds": [], "lang_embeds_length": 0, "lang_length": 293}, "dev": {"report": {"0": {"precision": 0.0, "recall": 0.0, "f1-score": 0.0, "support": 8}, "1": {"precision": 0.5172413793103449, "recall": 1.0, "f1-score": 0.6818181818181819, "support": 15}, "2": {"precision": 0.0, "recall": 0.0, "f1-score": 0.0, "support": 4}, "3": {"precision": 0.0, "recall": 0.0, "f1-score": 0.0, "support": 1}, "5": {"precision": 0.0, "recall": 0.0, "f1-score": 0.0, "support": 1}, "accuracy": 0.5172413793103449, "macro avg": {"precision": 0.10344827586206898, "recall": 0.2, "f1-score": 0.13636363636363638, "support": 29}, "weighted avg": {"precision": 0.267538644470868, "recall": 0.5172413793103449, "f1-score": 0.3526645768025079, "support": 29}}, "loss": "1.3075173", "lang_embeds": [], "lang_embeds_length": 0, "lang_length": 29}, "test": {"report": {"0": {"precision": 0.0, "recall": 0.0, "f1-score": 0.0, "support": 18}, "1": {"precision": 0.3, "recall": 1.0, "f1-score": 0.4615384615384615, "support": 9}, "2": {"precision": 0.0, "recall": 0.0, "f1-score": 0.0, "support": 1}, "3": {"precision": 0.0, "recall": 0.0, "f1-score": 0.0, "support": 2}, "accuracy": 0.3, "macro avg": {"precision": 0.075, "recall": 0.25, "f1-score": 0.11538461538461538, "support": 30}, "weighted avg": {"precision": 0.09, "recall": 0.3, "f1-score": 0.13846153846153844, "support": 30}}, "acc": 0.30000001192092896, "lang_embeds": [], "lang_embeds_length": 0, "lang_length": 30}, "test_zs": {"report": {"0": {"precision": 0.0, "recall": 0.0, "f1-score": 0.0, "support": 18}, "1": {"precision": 0.3, "recall": 1.0, "f1-score": 0.4615384615384615, "support": 9}, "2": {"precision": 0.0, "recall": 0.0, "f1-score": 0.0, "support": 1}, "3": {"precision": 0.0, "recall": 0.0, "f1-score": 0.0, "support": 2}, "accuracy": 0.3, "macro avg": {"precision": 0.075, "recall": 0.25, "f1-score": 0.11538461538461538, "support": 30}, "weighted avg": {"precision": 0.09, "recall": 0.3, "f1-score": 0.13846153846153844, "support": 30}}, "acc": 0.30000001192092896, "lang_embeds": [], "lang_embeds_length": 0, "lang_length": 30}}