{"feature_name": "Action_Nominal_Constructions", "feature_id": "62A", "epoch": 0, "train": {"report": {"0": {"precision": 0.056338028169014086, "recall": 0.0625, "f1-score": 0.059259259259259255, "support": 64}, "1": {"precision": 0.2, "recall": 0.3218390804597701, "f1-score": 0.24669603524229075, "support": 87}, "2": {"precision": 0.044444444444444446, "recall": 0.03076923076923077, "f1-score": 0.03636363636363636, "support": 65}, "3": {"precision": 0.2391304347826087, "recall": 0.2558139534883721, "f1-score": 0.24719101123595508, "support": 86}, "4": {"precision": 0.13, "recall": 0.1511627906976744, "f1-score": 0.13978494623655913, "support": 86}, "5": {"precision": 0.0, "recall": 0.0, "f1-score": 0.0, "support": 36}, "6": {"precision": 0.0, "recall": 0.0, "f1-score": 0.0, "support": 22}, "7": {"precision": 0.0, "recall": 0.0, "f1-score": 0.0, "support": 7}, "accuracy": 0.152317880794702, "macro avg": {"precision": 0.0837391134245084, "recall": 0.10276063192688092, "f1-score": 0.09116186104221256, "support": 453}, "weighted avg": {"precision": 0.12282503329582813, "recall": 0.152317880794702, "f1-score": 0.13443425246124607, "support": 453}}, "loss": "2.8642664", "lang_embeds": [], "lang_embeds_length": 0, "lang_length": 63}, "dev": {"report": {"1": {"precision": 0.5, "recall": 1.0, "f1-score": 0.6666666666666666, "support": 3}, "5": {"precision": 0.0, "recall": 0.0, "f1-score": 0.0, "support": 2}, "7": {"precision": 0.0, "recall": 0.0, "f1-score": 0.0, "support": 1}, "accuracy": 0.5, "macro avg": {"precision": 0.16666666666666666, "recall": 0.3333333333333333, "f1-score": 0.2222222222222222, "support": 6}, "weighted avg": {"precision": 0.25, "recall": 0.5, "f1-score": 0.3333333333333333, "support": 6}}, "loss": "2.6281533", "lang_embeds": [], "lang_embeds_length": 0, "lang_length": 6}, "test": {"report": {"0": {"precision": 0.0, "recall": 0.0, "f1-score": 0.0, "support": 1}, "1": {"precision": 0.14285714285714285, "recall": 1.0, "f1-score": 0.25, "support": 1}, "2": {"precision": 0.0, "recall": 0.0, "f1-score": 0.0, "support": 1}, "4": {"precision": 0.0, "recall": 0.0, "f1-score": 0.0, "support": 2}, "7": {"precision": 0.0, "recall": 0.0, "f1-score": 0.0, "support": 2}, "accuracy": 0.14285714285714285, "macro avg": {"precision": 0.02857142857142857, "recall": 0.2, "f1-score": 0.05, "support": 7}, "weighted avg": {"precision": 0.02040816326530612, "recall": 0.14285714285714285, "f1-score": 0.03571428571428571, "support": 7}}, "acc": 0.1428571492433548, "lang_embeds": [], "lang_embeds_length": 0, "lang_length": 7}, "test_zs": {"report": {"0": {"precision": 0.0, "recall": 0.0, "f1-score": 0.0, "support": 1}, "1": {"precision": 0.14285714285714285, "recall": 1.0, "f1-score": 0.25, "support": 1}, "2": {"precision": 0.0, "recall": 0.0, "f1-score": 0.0, "support": 1}, "4": {"precision": 0.0, "recall": 0.0, "f1-score": 0.0, "support": 2}, "7": {"precision": 0.0, "recall": 0.0, "f1-score": 0.0, "support": 2}, "accuracy": 0.14285714285714285, "macro avg": {"precision": 0.02857142857142857, "recall": 0.2, "f1-score": 0.05, "support": 7}, "weighted avg": {"precision": 0.02040816326530612, "recall": 0.14285714285714285, "f1-score": 0.03571428571428571, "support": 7}}, "acc": 0.1428571492433548, "lang_embeds": [], "lang_embeds_length": 0, "lang_length": 7}}