{"feature_name": "Genitives,_Adjectives_and_Relative_Clauses", "feature_id": "60A", "epoch": 0, "train": {"report": {"0": {"precision": 0.5111111111111111, "recall": 0.6509433962264151, "f1-score": 0.5726141078838174, "support": 106}, "1": {"precision": 0.2, "recall": 0.19642857142857142, "f1-score": 0.19819819819819817, "support": 56}, "2": {"precision": 0.0, "recall": 0.0, "f1-score": 0.0, "support": 16}, "3": {"precision": 0.13333333333333333, "recall": 0.09523809523809523, "f1-score": 0.1111111111111111, "support": 21}, "4": {"precision": 0.0, "recall": 0.0, "f1-score": 0.0, "support": 5}, "5": {"precision": 0.0, "recall": 0.0, "f1-score": 0.0, "support": 6}, "accuracy": 0.3904761904761905, "macro avg": {"precision": 0.14074074074074072, "recall": 0.15710167714884696, "f1-score": 0.14698723619885445, "support": 210}, "weighted avg": {"precision": 0.32465608465608464, "recall": 0.3904761904761905, "f1-score": 0.3529977517529384, "support": 210}}, "loss": "2.3365295", "lang_embeds": [], "lang_embeds_length": 0, "lang_length": 39}, "dev": {"report": {"0": {"precision": 0.75, "recall": 1.0, "f1-score": 0.8571428571428571, "support": 3}, "1": {"precision": 0.0, "recall": 0.0, "f1-score": 0.0, "support": 1}, "accuracy": 0.75, "macro avg": {"precision": 0.375, "recall": 0.5, "f1-score": 0.42857142857142855, "support": 4}, "weighted avg": {"precision": 0.5625, "recall": 0.75, "f1-score": 0.6428571428571428, "support": 4}}, "loss": "0.93760693", "lang_embeds": [], "lang_embeds_length": 0, "lang_length": 4}, "test": {"report": {"0": {"precision": 0.0, "recall": 0.0, "f1-score": 0.0, "support": 0.0}, "1": {"precision": 0.0, "recall": 0.0, "f1-score": 0.0, "support": 3.0}, "4": {"precision": 0.0, "recall": 0.0, "f1-score": 0.0, "support": 1.0}, "accuracy": 0.0, "macro avg": {"precision": 0.0, "recall": 0.0, "f1-score": 0.0, "support": 4.0}, "weighted avg": {"precision": 0.0, "recall": 0.0, "f1-score": 0.0, "support": 4.0}}, "acc": 0.0, "lang_embeds": [], "lang_embeds_length": 0, "lang_length": 4}, "test_zs": {"report": {"0": {"precision": 0.0, "recall": 0.0, "f1-score": 0.0, "support": 0.0}, "1": {"precision": 0.0, "recall": 0.0, "f1-score": 0.0, "support": 3.0}, "4": {"precision": 0.0, "recall": 0.0, "f1-score": 0.0, "support": 1.0}, "accuracy": 0.0, "macro avg": {"precision": 0.0, "recall": 0.0, "f1-score": 0.0, "support": 4.0}, "weighted avg": {"precision": 0.0, "recall": 0.0, "f1-score": 0.0, "support": 4.0}}, "acc": 0.0, "lang_embeds": [], "lang_embeds_length": 0, "lang_length": 4}}