{"feature_name": "Position_of_Negative_Word_With_Respect_to_Subject,_Object,_and_Verb", "feature_id": "144A", "epoch": 0, "train": {"report": {"0": {"precision": 0.5910714285714286, "recall": 0.7697674418604651, "f1-score": 0.6686868686868687, "support": 430}, "1": {"precision": 0.6153846153846154, "recall": 0.4768211920529801, "f1-score": 0.5373134328358209, "support": 151}, "2": {"precision": 0.6761904761904762, "recall": 0.5220588235294118, "f1-score": 0.5892116182572613, "support": 136}, "3": {"precision": 0.6705882352941176, "recall": 0.59375, "f1-score": 0.6298342541436465, "support": 96}, "4": {"precision": 0.7142857142857143, "recall": 0.5454545454545454, "f1-score": 0.6185567010309277, "support": 110}, "5": {"precision": 0.5932203389830508, "recall": 0.4666666666666667, "f1-score": 0.5223880597014926, "support": 75}, "6": {"precision": 0.6122448979591837, "recall": 0.45454545454545453, "f1-score": 0.5217391304347826, "support": 66}, "7": {"precision": 0.7, "recall": 0.3888888888888889, "f1-score": 0.5, "support": 90}, "8": {"precision": 0.6666666666666666, "recall": 0.5636363636363636, "f1-score": 0.6108374384236454, "support": 110}, "9": {"precision": 0.4897959183673469, "recall": 0.5, "f1-score": 0.4948453608247423, "support": 48}, "10": {"precision": 0.4782608695652174, "recall": 0.5238095238095238, "f1-score": 0.5, "support": 21}, "11": {"precision": 0.4666666666666667, "recall": 0.5833333333333334, "f1-score": 0.5185185185185186, "support": 12}, "12": {"precision": 0.38095238095238093, "recall": 0.5333333333333333, "f1-score": 0.4444444444444444, "support": 15}, "13": {"precision": 0.4, "recall": 0.6, "f1-score": 0.48, "support": 10}, "14": {"precision": 0.0, "recall": 0.0, "f1-score": 0.0, "support": 0}, "15": {"precision": 0.0, "recall": 0.0, "f1-score": 0.0, "support": 0}, "16": {"precision": 0.0, "recall": 0.0, "f1-score": 0.0, "support": 0}, "17": {"precision": 0.0, "recall": 0.0, "f1-score": 0.0, "support": 0}, "18": {"precision": 0.0, "recall": 0.0, "f1-score": 0.0, "support": 0}, "19": {"precision": 0.0, "recall": 0.0, "f1-score": 0.0, "support": 0}, "accuracy": 0.5905109489051095, "macro avg": {"precision": 0.4027664104443433, "recall": 0.37610327835554835, "f1-score": 0.38181879136510755, "support": 1370}, "weighted avg": {"precision": 0.6219668505178949, "recall": 0.5905109489051095, "f1-score": 0.5949308459920637, "support": 1370}}, "loss": "1.5853432", "lang_embeds": ["des", "nav", "xho", "mua", "var", "arb", "ntp", "cme", "trc", "mbb", "ind", "nse", "hto", "sll", "xsi", "urt", "sag", "ell", "snf", "hop", "tbl", "yao", "shp", "nak", "azb", "mam", "taq", "fub", "amn", "nyn", "kac", "tmd", "mna", "qvi", "apu", "fon", "iba", "aey", "yon", "agt", "auc", "dow", "tee", "huv", "guc", "kwi", "tha", "nld", "bdh", "hix", "bom", "fij", "lif", "yad", "tbc", "yor", "apw", "cnh", "yaq", "kor", "apr", "adj", "mcd", "duo", "bmr", "niy", "mio", "moc", "zpq", "nmf", "ghs", "xsr", "ape", "mya", "sot", "yuj", "rus", "pad", "tgl", "arn", "aia", "nko", "ssd", "gvf", "mri", "vie", "ign", "bqc", "wnu", "huu", "mjw", "kto", "ote", "cbu", "lww", "emi", "cub", "kyz", "abt", "nuy", "hla", "lhu", "xbi", "tsz", "kms", "adz", "rim", "kbc", "geb", "pbb", "cui", "csy", "snp", "sna", "ong", "apt", "yrb", "deu", "khk", "mcp", "cle", "urd", "cbr", "nhu", "tnc", "hye", "spa", "nzm", "tsg", "ctd", "emp", "alp", "naf", "gym", "lav", "mmn", "mkd", "est", "mhx", "apy", "tob", "amk", "tpt", "tbo", "tzo", "kpx", "izz", "mbj", "tna", "mph", "car", "poy", "ood", "gle", "fra", "kup", "kin", "njb", "bzd", "kvn", "tac", "cap", "mig", "mie", "hch", "noa", "cab", "qvh", "aom", "pag", "avt", "txu", "kyq", "awb", "lbj", "hus", "ven", "naq", "sat", "dgz", "poi", "oym", "ach", "xed", "hun", "som", "ewe", "nbc", "mzh", "sba", "tui", "suk", "hau", "gbr", "sja", "mrg", "mpt", "plg", "okv", "pma", "fin", "caq", "bvr", "dis", "wim", "swh", "ncl", "maq", "jpn", "kde", "nas", "adi", "zai", "nso", "gah", "aau", "cbi", "bci", "mva", "pes", "uig", "kmo", "ctp", "miq", "tuo", "kbp", "cof", "kwd", "btx", "toi", "usa", "hin", "aoj", "mos", "nab", "aca", "ptp", "mek", "mil", "tue", "pwg", "tur", "kue", "njo", "jiv", "chf", "wed", "gub", "sue", "cak", "tbg", "gso", "nhg", "kpw", "laj", "chq", "cco", "trp", "viv", "ilb", "ese", "nob", "amp", "teo", "ura", "nya", "eus", "mcn", "opm", "snn", "njz", "tzj", "agg", "amh", "wib", "djk", "plt", "rkb", "pol", "spp", "ann", "pao", "tfr", "nsn", "cpa", "rwo", "zul", "nbl", "mbc", "hil", "ary", "khm", "mcb", "snc", "yaa", "zaw", "gvn", "sbe", "ndo", "lac", "sps", "sua", "myb", "ses", "urb"], "lang_embeds_length": 305, "lang_length": 305}, "dev": {"report": {"0": {"precision": 1.0, "recall": 1.0, "f1-score": 1.0, "support": 10}, "1": {"precision": 1.0, "recall": 1.0, "f1-score": 1.0, "support": 4}, "2": {"precision": 1.0, "recall": 1.0, "f1-score": 1.0, "support": 3}, "3": {"precision": 1.0, "recall": 1.0, "f1-score": 1.0, "support": 3}, "4": {"precision": 1.0, "recall": 1.0, "f1-score": 1.0, "support": 3}, "5": {"precision": 1.0, "recall": 1.0, "f1-score": 1.0, "support": 2}, "6": {"precision": 1.0, "recall": 1.0, "f1-score": 1.0, "support": 1}, "7": {"precision": 1.0, "recall": 1.0, "f1-score": 1.0, "support": 1}, "8": {"precision": 1.0, "recall": 1.0, "f1-score": 1.0, "support": 2}, "11": {"precision": 1.0, "recall": 1.0, "f1-score": 1.0, "support": 2}, "accuracy": 1.0, "macro avg": {"precision": 1.0, "recall": 1.0, "f1-score": 1.0, "support": 31}, "weighted avg": {"precision": 1.0, "recall": 1.0, "f1-score": 1.0, "support": 31}}, "loss": "0.3759111", "lang_embeds": ["var", "avt", "hus", "nhg", "kpw", "sat", "amn", "nob", "fon", "btx", "sba", "yrb", "khk", "gbr", "mcp", "mpt", "plg", "cbr", "rkb", "ann", "yor", "rwo", "mmn", "nso", "duo", "apy", "kmo", "sbe", "kbp", "myb", "ses"], "lang_embeds_length": 31, "lang_length": 31}, "test": {"report": {"0": {"precision": 0.25, "recall": 0.375, "f1-score": 0.3, "support": 8}, "1": {"precision": 0.2, "recall": 0.5, "f1-score": 0.28571428571428575, "support": 2}, "2": {"precision": 0.42857142857142855, "recall": 0.42857142857142855, "f1-score": 0.42857142857142855, "support": 7}, "3": {"precision": 0.0, "recall": 0.0, "f1-score": 0.0, "support": 1}, "4": {"precision": 0.5, "recall": 0.25, "f1-score": 0.3333333333333333, "support": 4}, "5": {"precision": 0.0, "recall": 0.0, "f1-score": 0.0, "support": 0}, "6": {"precision": 0.0, "recall": 0.0, "f1-score": 0.0, "support": 1}, "7": {"precision": 0.0, "recall": 0.0, "f1-score": 0.0, "support": 1}, "8": {"precision": 0.5, "recall": 0.25, "f1-score": 0.3333333333333333, "support": 4}, "9": {"precision": 0.0, "recall": 0.0, "f1-score": 0.0, "support": 3}, "accuracy": 0.2903225806451613, "macro avg": {"precision": 0.18785714285714286, "recall": 0.18035714285714285, "f1-score": 0.16809523809523808, "support": 31}, "weighted avg": {"precision": 0.3032258064516129, "recall": 0.2903225806451613, "f1-score": 0.2786482334869432, "support": 31}}, "acc": 0.29032257199287415, "lang_embeds": ["ron", "mai", "kgp", "gla", "tyv", "lit", "tet", "ukr", "por", "kik", "slv", "cat", "cor", "smo", "lus", "bre", "cym", "swe", "ckb", "dan", "nep", "ben", "tih", "ton", "che", "ita", "ces", "tgk", "ium", "tam", "bul"], "lang_embeds_length": 31, "lang_length": 31}, "test_zs": {"report": {"0": {"precision": 0.0, "recall": 0.0, "f1-score": 0.0, "support": 8}, "1": {"precision": 0.0, "recall": 0.0, "f1-score": 0.0, "support": 2}, "2": {"precision": 0.0, "recall": 0.0, "f1-score": 0.0, "support": 7}, "3": {"precision": 0.0, "recall": 0.0, "f1-score": 0.0, "support": 1}, "4": {"precision": 0.0, "recall": 0.0, "f1-score": 0.0, "support": 4}, "6": {"precision": 0.03225806451612903, "recall": 1.0, "f1-score": 0.0625, "support": 1}, "7": {"precision": 0.0, "recall": 0.0, "f1-score": 0.0, "support": 1}, "8": {"precision": 0.0, "recall": 0.0, "f1-score": 0.0, "support": 4}, "9": {"precision": 0.0, "recall": 0.0, "f1-score": 0.0, "support": 3}, "accuracy": 0.03225806451612903, "macro avg": {"precision": 0.0035842293906810036, "recall": 0.1111111111111111, "f1-score": 0.006944444444444444, "support": 31}, "weighted avg": {"precision": 0.0010405827263267429, "recall": 0.03225806451612903, "f1-score": 0.0020161290322580645, "support": 31}}, "acc": 0.032258063554763794, "lang_embeds": [], "lang_embeds_length": 0, "lang_length": 31}}