{"feature_name": "Action_Nominal_Constructions", "feature_id": "62A", "epoch": 0, "train": {"report": {"0": {"precision": 0.3333333333333333, "recall": 0.3, "f1-score": 0.3157894736842105, "support": 20}, "1": {"precision": 0.6153846153846154, "recall": 0.5, "f1-score": 0.5517241379310345, "support": 32}, "2": {"precision": 0.5625, "recall": 0.36, "f1-score": 0.43902439024390244, "support": 25}, "3": {"precision": 0.5, "recall": 0.4838709677419355, "f1-score": 0.4918032786885246, "support": 31}, "4": {"precision": 0.575, "recall": 0.6764705882352942, "f1-score": 0.6216216216216216, "support": 34}, "5": {"precision": 0.29411764705882354, "recall": 0.35714285714285715, "f1-score": 0.3225806451612903, "support": 14}, "6": {"precision": 0.38461538461538464, "recall": 0.5555555555555556, "f1-score": 0.4545454545454546, "support": 9}, "7": {"precision": 0.125, "recall": 0.3333333333333333, "f1-score": 0.18181818181818182, "support": 3}, "accuracy": 0.47619047619047616, "macro avg": {"precision": 0.42374387254901963, "recall": 0.44579666275112195, "f1-score": 0.4223633979617776, "support": 168}, "weighted avg": {"precision": 0.49658130880557344, "recall": 0.47619047619047616, "f1-score": 0.47904822075402365, "support": 168}}, "loss": "1.7027942", "lang_embeds": ["fra", "arn", "nav", "hin", "vie", "mri", "mig", "nab", "tur", "ind", "kto", "sag", "ell", "for", "ike", "laj", "kpw", "naq", "qvi", "eus", "aey", "amp", "apu", "fuv", "ewe", "hun", "mzh", "deu", "hau", "kwi", "tha", "hix", "nld", "amh", "khk", "pma", "fin", "hye", "spp", "yad", "ses", "tam", "yor", "swh", "spa", "bul", "lav", "jpn", "yaq", "bsn", "quc", "kor", "est", "pes", "apy", "ape", "tpt", "mya", "rus", "mph", "car", "tgl", "gle"], "lang_embeds_length": 63, "lang_length": 63}, "dev": {"report": {"0": {"precision": 1.0, "recall": 1.0, "f1-score": 1.0, "support": 3}, "1": {"precision": 1.0, "recall": 1.0, "f1-score": 1.0, "support": 2}, "2": {"precision": 1.0, "recall": 1.0, "f1-score": 1.0, "support": 1}, "4": {"precision": 1.0, "recall": 1.0, "f1-score": 1.0, "support": 1}, "accuracy": 1.0, "macro avg": {"precision": 1.0, "recall": 1.0, "f1-score": 1.0, "support": 7}, "weighted avg": {"precision": 1.0, "recall": 1.0, "f1-score": 1.0, "support": 7}}, "loss": "0.941878", "lang_embeds": ["kwi", "laj", "pes", "amp", "swh", "yaq", "bsn"], "lang_embeds_length": 7, "lang_length": 7}, "test": {"report": {"0": {"precision": 0.0, "recall": 0.0, "f1-score": 0.0, "support": 1}, "1": {"precision": 0.0, "recall": 0.0, "f1-score": 0.0, "support": 1}, "2": {"precision": 0.0, "recall": 0.0, "f1-score": 0.0, "support": 1}, "3": {"precision": 0.0, "recall": 0.0, "f1-score": 0.0, "support": 0}, "4": {"precision": 1.0, "recall": 0.5, "f1-score": 0.6666666666666666, "support": 2}, "5": {"precision": 0.0, "recall": 0.0, "f1-score": 0.0, "support": 0}, "7": {"precision": 0.0, "recall": 0.0, "f1-score": 0.0, "support": 2}, "accuracy": 0.14285714285714285, "macro avg": {"precision": 0.14285714285714285, "recall": 0.07142857142857142, "f1-score": 0.09523809523809523, "support": 7}, "weighted avg": {"precision": 0.2857142857142857, "recall": 0.14285714285714285, "f1-score": 0.19047619047619047, "support": 7}}, "acc": 0.1428571492433548, "lang_embeds": ["nep", "smo", "kmr", "cym", "swe", "wbp", "tyv"], "lang_embeds_length": 7, "lang_length": 7}, "test_zs": {"report": {"0": {"precision": 0.0, "recall": 0.0, "f1-score": 0.0, "support": 1.0}, "1": {"precision": 0.0, "recall": 0.0, "f1-score": 0.0, "support": 1.0}, "2": {"precision": 0.0, "recall": 0.0, "f1-score": 0.0, "support": 1.0}, "4": {"precision": 0.0, "recall": 0.0, "f1-score": 0.0, "support": 2.0}, "6": {"precision": 0.0, "recall": 0.0, "f1-score": 0.0, "support": 0.0}, "7": {"precision": 0.0, "recall": 0.0, "f1-score": 0.0, "support": 2.0}, "accuracy": 0.0, "macro avg": {"precision": 0.0, "recall": 0.0, "f1-score": 0.0, "support": 7.0}, "weighted avg": {"precision": 0.0, "recall": 0.0, "f1-score": 0.0, "support": 7.0}}, "acc": 0.0, "lang_embeds": [], "lang_embeds_length": 0, "lang_length": 7}}