{"feature_name": "Prefixing_vs._Suffixing_in_Inflectional_Morphology", "feature_id": "26A", "epoch": 0, "train": {"report": {"0": {"precision": 0.7701778385772914, "recall": 0.8316100443131462, "f1-score": 0.7997159090909092, "support": 677}, "1": {"precision": 0.680365296803653, "recall": 0.6208333333333333, "f1-score": 0.6492374727668845, "support": 240}, "2": {"precision": 0.6835443037974683, "recall": 0.6390532544378699, "f1-score": 0.6605504587155964, "support": 169}, "3": {"precision": 0.6046511627906976, "recall": 0.4727272727272727, "f1-score": 0.5306122448979591, "support": 110}, "4": {"precision": 0.624, "recall": 0.5652173913043478, "f1-score": 0.5931558935361216, "support": 138}, "5": {"precision": 0.6090909090909091, "recall": 0.7052631578947368, "f1-score": 0.6536585365853659, "support": 95}, "accuracy": 0.7116864940517844, "macro avg": {"precision": 0.66197158517667, "recall": 0.6391174090017845, "f1-score": 0.6478217525988061, "support": 1429}, "weighted avg": {"precision": 0.7072808394416292, "recall": 0.7116864940517844, "f1-score": 0.7076123951461887, "support": 1429}}, "loss": "0.88607323", "lang_embeds": ["des", "ron", "arb", "xho", "nav", "ntp", "trc", "pib", "mbb", "cme", "ind", "hto", "sll", "snf", "urt", "sag", "xsi", "ell", "spl", "hop", "tbl", "bcl", "nak", "shp", "azb", "qvi", "taq", "iba", "amn", "agd", "plt", "nyn", "kac", "fub", "apu", "aey", "agt", "auc", "dow", "tee", "huv", "guc", "kwi", "bdh", "hix", "tha", "nld", "bom", "fij", "mam", "lif", "tbc", "yad", "yor", "apw", "cnh", "yaq", "kor", "mio", "adj", "bmr", "niy", "nmf", "zpq", "moc", "ape", "mya", "rus", "pad", "plu", "tam", "tgl", "arn", "aia", "nko", "gvf", "ign", "ssd", "vie", "mri", "kto", "mjw", "huu", "ote", "for", "lww", "cub", "emi", "wrk", "mqy", "nuy", "hla", "lhu", "xbi", "kms", "tsz", "lit", "pbb", "csy", "snp", "ong", "sna", "apt", "djr", "yrb", "deu", "khk", "byr", "cle", "cbr", "urd", "nhu", "hye", "spa", "nzm", "faa", "ctd", "lav", "emp", "alp", "naf", "bsn", "mmn", "est", "mhx", "tob", "apy", "tzo", "tpt", "tbo", "amk", "kpx", "izz", "acu", "mph", "tna", "car", "ood", "gle", "fra", "kup", "tac", "njb", "bzd", "mig", "cap", "mie", "mau", "hch", "noa", "qvh", "tca", "aom", "avt", "kyq", "awb", "lbj", "hus", "srq", "cao", "naq", "sat", "poi", "dgz", "ach", "hun", "ewe", "som", "bmu", "nbc", "mzh", "sba", "hau", "sja", "mrg", "mpt", "plg", "pma", "fin", "caq", "bvr", "ncl", "dis", "wim", "swh", "jpn", "nas", "adi", "zai", "gah", "cbi", "mva", "pes", "uig", "kmo", "miq", "tuo", "btx", "toi", "bul", "usa", "hin", "aoj", "ppo", "nab", "aca", "njo", "kue", "mil", "jiv", "tur", "mos", "kbh", "xav", "wed", "chf", "sue", "tbg", "cbc", "gso", "nhg", "kpw", "laj", "chq", "cco", "trp", "eus", "viv", "ese", "amp", "teo", "nob", "ura", "too", "tzj", "snn", "njz", "amh", "agg", "wib", "djk", "pol", "spp", "ann", "pao", "tfr", "cpa", "zul", "nbl", "swe", "mbc", "esu", "khm", "ary", "snc", "zaw", "gvn", "sbe", "lac", "ndo", "sua", "ita", "myb", "ses", "urb"], "lang_embeds_length": 265, "lang_length": 265}, "dev": {"report": {"0": {"precision": 1.0, "recall": 1.0, "f1-score": 1.0, "support": 12}, "1": {"precision": 1.0, "recall": 1.0, "f1-score": 1.0, "support": 3}, "2": {"precision": 1.0, "recall": 1.0, "f1-score": 1.0, "support": 5}, "3": {"precision": 1.0, "recall": 1.0, "f1-score": 1.0, "support": 3}, "4": {"precision": 1.0, "recall": 1.0, "f1-score": 1.0, "support": 1}, "5": {"precision": 1.0, "recall": 1.0, "f1-score": 1.0, "support": 2}, "accuracy": 1.0, "macro avg": {"precision": 1.0, "recall": 1.0, "f1-score": 1.0, "support": 26}, "weighted avg": {"precision": 1.0, "recall": 1.0, "f1-score": 1.0, "support": 26}}, "loss": "0.2198345", "lang_embeds": ["arb", "gvf", "ppo", "mie", "mbb", "qvh", "for", "wed", "cub", "nak", "qvi", "nyn", "ese", "kac", "csy", "lif", "bvr", "tfr", "mmn", "niy", "pes", "uig", "tob", "zaw", "gvn", "tuo"], "lang_embeds_length": 26, "lang_length": 26}, "test": {"report": {"0": {"precision": 0.5, "recall": 0.6428571428571429, "f1-score": 0.5625000000000001, "support": 14}, "1": {"precision": 0.0, "recall": 0.0, "f1-score": 0.0, "support": 0}, "2": {"precision": 0.3333333333333333, "recall": 0.16666666666666666, "f1-score": 0.2222222222222222, "support": 6}, "3": {"precision": 0.0, "recall": 0.0, "f1-score": 0.0, "support": 5}, "4": {"precision": 0.0, "recall": 0.0, "f1-score": 0.0, "support": 0}, "5": {"precision": 0.0, "recall": 0.0, "f1-score": 0.0, "support": 2}, "accuracy": 0.37037037037037035, "macro avg": {"precision": 0.13888888888888887, "recall": 0.1349206349206349, "f1-score": 0.13078703703703706, "support": 27}, "weighted avg": {"precision": 0.3333333333333333, "recall": 0.37037037037037035, "f1-score": 0.34104938271604945, "support": 27}}, "acc": 0.37037035822868347, "lang_embeds": ["bel", "mai", "gla", "tyv", "tet", "ukr", "por", "kik", "slv", "cor", "smo", "lus", "bre", "lug", "cym", "wbp", "ckb", "dan", "nep", "nog", "tat", "tih", "ton", "che", "tgk", "ces", "ium"], "lang_embeds_length": 27, "lang_length": 27}, "test_zs": {"report": {"0": {"precision": 0.0, "recall": 0.0, "f1-score": 0.0, "support": 14}, "2": {"precision": 0.0, "recall": 0.0, "f1-score": 0.0, "support": 6}, "3": {"precision": 0.18518518518518517, "recall": 1.0, "f1-score": 0.3125, "support": 5}, "5": {"precision": 0.0, "recall": 0.0, "f1-score": 0.0, "support": 2}, "accuracy": 0.18518518518518517, "macro avg": {"precision": 0.046296296296296294, "recall": 0.25, "f1-score": 0.078125, "support": 27}, "weighted avg": {"precision": 0.034293552812071325, "recall": 0.18518518518518517, "f1-score": 0.05787037037037037, "support": 27}}, "acc": 0.18518517911434174, "lang_embeds": [], "lang_embeds_length": 0, "lang_length": 27}}