{"feature_name": "Syncretism_in_Verbal_Person/Number_Marking", "feature_id": "29A", "epoch": 0, "train": {"report": {"0": {"precision": 0.6086956521739131, "recall": 0.6222222222222222, "f1-score": 0.6153846153846154, "support": 45}, "1": {"precision": 0.4883720930232558, "recall": 0.5675675675675675, "f1-score": 0.525, "support": 37}, "2": {"precision": 0.48148148148148145, "recall": 0.38235294117647056, "f1-score": 0.4262295081967213, "support": 34}, "accuracy": 0.5344827586206896, "macro avg": {"precision": 0.5261830755595501, "recall": 0.5240475769887535, "f1-score": 0.5222047078604456, "support": 116}, "weighted avg": {"precision": 0.5330296737935941, "recall": 0.5344827586206896, "f1-score": 0.5311130256120363, "support": 116}}, "loss": "1.0715296", "lang_embeds": ["fra", "nav", "hin", "bzd", "vie", "mri", "mig", "tur", "wnu", "ind", "hto", "sag", "ell", "ibo", "sue", "shp", "lbj", "nhg", "nuy", "kpw", "laj", "naq", "qvi", "eus", "plt", "dgz", "amp", "aey", "apu", "ewe", "hun", "mzh", "deu", "khk", "kwi", "hau", "hix", "cle", "sja", "djk", "pma", "fin", "spp", "yad", "ses", "yor", "swh", "spa", "zul", "jpn", "yaq", "bsn", "kor", "niy", "esu", "khm", "car", "pes", "ape", "rus", "mph", "btx", "urb", "pad", "tgl"], "lang_embeds_length": 65, "lang_length": 65}, "dev": {"report": {"0": {"precision": 1.0, "recall": 1.0, "f1-score": 1.0, "support": 2}, "2": {"precision": 1.0, "recall": 1.0, "f1-score": 1.0, "support": 5}, "accuracy": 1.0, "macro avg": {"precision": 1.0, "recall": 1.0, "f1-score": 1.0, "support": 7}, "weighted avg": {"precision": 1.0, "recall": 1.0, "f1-score": 1.0, "support": 7}}, "loss": "0.7008161", "lang_embeds": ["khm", "spp", "amp", "yor", "ibo", "bsn", "khk"], "lang_embeds_length": 7, "lang_length": 7}, "test": {"report": {"0": {"precision": 0.3333333333333333, "recall": 1.0, "f1-score": 0.5, "support": 2}, "1": {"precision": 0.0, "recall": 0.0, "f1-score": 0.0, "support": 2}, "2": {"precision": 0.0, "recall": 0.0, "f1-score": 0.0, "support": 3}, "accuracy": 0.2857142857142857, "macro avg": {"precision": 0.1111111111111111, "recall": 0.3333333333333333, "f1-score": 0.16666666666666666, "support": 7}, "weighted avg": {"precision": 0.09523809523809523, "recall": 0.2857142857142857, "f1-score": 0.14285714285714285, "support": 7}}, "acc": 0.2857142984867096, "lang_embeds": ["tha", "arn", "fij", "hye", "mya", "lav", "gle"], "lang_embeds_length": 7, "lang_length": 7}, "test_zs": {"report": {"0": {"precision": 0.2857142857142857, "recall": 1.0, "f1-score": 0.4444444444444445, "support": 2}, "1": {"precision": 0.0, "recall": 0.0, "f1-score": 0.0, "support": 2}, "2": {"precision": 0.0, "recall": 0.0, "f1-score": 0.0, "support": 3}, "accuracy": 0.2857142857142857, "macro avg": {"precision": 0.09523809523809523, "recall": 0.3333333333333333, "f1-score": 0.14814814814814817, "support": 7}, "weighted avg": {"precision": 0.08163265306122448, "recall": 0.2857142857142857, "f1-score": 0.126984126984127, "support": 7}}, "acc": 0.2857142984867096, "lang_embeds": [], "lang_embeds_length": 0, "lang_length": 7}}