{"feature_name": "Presence_of_Uncommon_Consonants", "feature_id": "19A", "epoch": 0, "train": {"report": {"0": {"precision": 0.8503401360544217, "recall": 0.8259911894273128, "f1-score": 0.8379888268156424, "support": 454}, "1": {"precision": 0.574468085106383, "recall": 0.5, "f1-score": 0.5346534653465347, "support": 54}, "2": {"precision": 0.3225806451612903, "recall": 0.16666666666666666, "f1-score": 0.21978021978021975, "support": 60}, "3": {"precision": 0.15384615384615385, "recall": 0.5, "f1-score": 0.23529411764705882, "support": 4}, "4": {"precision": 0.125, "recall": 0.2857142857142857, "f1-score": 0.17391304347826086, "support": 7}, "5": {"precision": 0.0, "recall": 0.0, "f1-score": 0.0, "support": 0}, "6": {"precision": 0.0, "recall": 0.0, "f1-score": 0.0, "support": 0}, "accuracy": 0.7184801381692574, "macro avg": {"precision": 0.2894621457383213, "recall": 0.3254817345440379, "f1-score": 0.28594709615253094, "support": 579}, "weighted avg": {"precision": 0.7563401065449296, "recall": 0.7184801381692574, "f1-score": 0.733443170060041, "support": 579}}, "loss": "0.8665433", "lang_embeds": ["nav", "cjv", "ind", "sag", "ell", "ibo", "spl", "hop", "shp", "roo", "plt", "iba", "guh", "kac", "aey", "apu", "ycn", "auc", "dow", "huv", "guc", "kwi", "wap", "hix", "arl", "mto", "bom", "fij", "tha", "yua", "yad", "yor", "jic", "yaq", "kor", "bmr", "niy", "cbv", "mwp", "ape", "mya", "cag", "rus", "pad", "tgl", "arn", "ign", "mri", "vie", "wnu", "huu", "ote", "mbl", "cub", "wrk", "nuy", "lhu", "tsz", "adz", "pbb", "yle", "deu", "yrb", "khk", "ame", "cle", "tzh", "nhu", "hye", "ivv", "spa", "faa", "ctd", "tsg", "ald", "mph", "wrs", "tna", "yss", "car", "ood", "etu", "kup", "fra", "con", "bzd", "kvn", "bao", "mig", "tca", "apn", "daa", "lbj", "hus", "srq", "gum", "naq", "dgz", "amu", "hun", "ewe", "som", "mzh", "hau", "gbr", "quh", "beq", "sja", "pma", "fin", "bvr", "wim", "swh", "rro", "maq", "jpn", "kss", "nas", "ncj", "cbi", "pes", "mps", "ctp", "kmo", "kwd", "btx", "wnc", "hin", "nab", "njo", "tur", "jiv", "kbh", "tiy", "sue", "xpe", "agm", "nhg", "kpw", "chq", "laj", "eus", "nob", "amp", "ake", "yva", "njz", "snn", "amh", "djk", "bkq", "spp", "zul", "kek", "khm", "top", "gvn", "byx", "bba", "ses", "urb"], "lang_embeds_length": 161, "lang_length": 161}, "dev": {"report": {"0": {"precision": 1.0, "recall": 1.0, "f1-score": 1.0, "support": 14}, "1": {"precision": 1.0, "recall": 1.0, "f1-score": 1.0, "support": 2}, "accuracy": 1.0, "macro avg": {"precision": 1.0, "recall": 1.0, "f1-score": 1.0, "support": 16}, "weighted avg": {"precision": 1.0, "recall": 1.0, "f1-score": 1.0, "support": 16}}, "loss": "0.16896303", "lang_embeds": ["etu", "lbj", "wnc", "bzd", "cbi", "nab", "yua", "wnu", "kbh", "agm", "daa", "tsg", "car", "hop", "mbl", "xpe"], "lang_embeds_length": 16, "lang_length": 16}, "test": {"report": {"0": {"precision": 0.9285714285714286, "recall": 0.8125, "f1-score": 0.8666666666666666, "support": 16}, "1": {"precision": 0.0, "recall": 0.0, "f1-score": 0.0, "support": 0}, "2": {"precision": 0.0, "recall": 0.0, "f1-score": 0.0, "support": 0}, "3": {"precision": 0.0, "recall": 0.0, "f1-score": 0.0, "support": 1}, "accuracy": 0.7647058823529411, "macro avg": {"precision": 0.23214285714285715, "recall": 0.203125, "f1-score": 0.21666666666666665, "support": 17}, "weighted avg": {"precision": 0.8739495798319328, "recall": 0.7647058823529411, "f1-score": 0.8156862745098038, "support": 17}}, "acc": 0.7647058963775635, "lang_embeds": ["ron", "nep", "ben", "lit", "pol", "ckb", "tet", "kgp", "snd", "bre", "lav", "jav", "shn", "ium", "cat", "tyv", "bul"], "lang_embeds_length": 17, "lang_length": 17}, "test_zs": {"report": {"0": {"precision": 0.0, "recall": 0.0, "f1-score": 0.0, "support": 16.0}, "3": {"precision": 0.0, "recall": 0.0, "f1-score": 0.0, "support": 1.0}, "4": {"precision": 0.0, "recall": 0.0, "f1-score": 0.0, "support": 0.0}, "accuracy": 0.0, "macro avg": {"precision": 0.0, "recall": 0.0, "f1-score": 0.0, "support": 17.0}, "weighted avg": {"precision": 0.0, "recall": 0.0, "f1-score": 0.0, "support": 17.0}}, "acc": 0.0, "lang_embeds": [], "lang_embeds_length": 0, "lang_length": 17}}