{"feature_name": "Position_of_Case_Affixes", "feature_id": "51A", "epoch": 0, "train": {"report": {"0": {"precision": 0.7994186046511628, "recall": 0.7746478873239436, "f1-score": 0.7868383404864091, "support": 710}, "1": {"precision": 0.7950920245398773, "recall": 0.8009888751545118, "f1-score": 0.7980295566502463, "support": 809}, "2": {"precision": 0.803030303030303, "recall": 0.7004405286343612, "f1-score": 0.748235294117647, "support": 227}, "3": {"precision": 0.7191011235955056, "recall": 0.6736842105263158, "f1-score": 0.6956521739130435, "support": 95}, "4": {"precision": 0.6923076923076923, "recall": 0.7297297297297297, "f1-score": 0.7105263157894737, "support": 37}, "5": {"precision": 0.34782608695652173, "recall": 0.5333333333333333, "f1-score": 0.4210526315789474, "support": 15}, "6": {"precision": 0.0, "recall": 0.0, "f1-score": 0.0, "support": 0}, "7": {"precision": 0.0, "recall": 0.0, "f1-score": 0.0, "support": 0}, "8": {"precision": 0.0, "recall": 0.0, "f1-score": 0.0, "support": 0}, "accuracy": 0.7691494981510829, "macro avg": {"precision": 0.4618639816756736, "recall": 0.46809161830024393, "f1-score": 0.46225936805952966, "support": 1893}, "weighted avg": {"precision": 0.7883000098279296, "recall": 0.7691494981510829, "f1-score": 0.7780257604436026, "support": 1893}}, "loss": "0.7092397", "lang_embeds": ["ron", "des", "nav", "arb", "mua", "cav", "xho", "ntp", "trc", "pib", "mbb", "ind", "hto", "sll", "snf", "xsi", "sag", "urt", "ell", "spl", "hop", "tbl", "bcl", "shp", "nak", "azb", "mam", "qvi", "plt", "iba", "fub", "aey", "kac", "tmd", "agd", "apu", "amn", "agt", "dow", "tee", "huv", "guc", "kwi", "bdh", "hix", "tha", "nld", "bom", "fij", "lif", "yad", "yor", "apw", "cnh", "yaq", "kor", "mcd", "adj", "mio", "bmr", "nmf", "niy", "moc", "zpq", "ghs", "ape", "mya", "rus", "pad", "plu", "tam", "arn", "ssd", "gvf", "mri", "vie", "kto", "mjw", "huu", "for", "lww", "cub", "wrk", "abt", "mqy", "nuy", "hla", "lhu", "xbi", "kms", "tsz", "taq", "kmh", "lit", "pbb", "csy", "snp", "ong", "apt", "djr", "yrb", "deu", "khk", "byr", "cle", "cbr", "urd", "nhu", "tnc", "hye", "spa", "nzm", "faa", "lav", "emp", "alp", "gym", "bsn", "naf", "mmn", "est", "mhx", "apy", "tob", "gmv", "tpt", "tbo", "kpx", "izz", "acu", "mph", "tna", "car", "ood", "gle", "fra", "kup", "tac", "njb", "bzd", "kin", "cap", "mig", "mie", "hch", "noa", "qvh", "tca", "apn", "aom", "avt", "txu", "kyq", "awb", "lbj", "hus", "cao", "naq", "sat", "dgz", "poi", "ach", "hun", "ewe", "som", "bmu", "nbc", "mzh", "sba", "hau", "sja", "mrg", "okv", "mpt", "plg", "pma", "fin", "caq", "bvr", "dis", "wim", "swh", "jpn", "nas", "adi", "gah", "zai", "cbi", "mva", "pes", "uig", "kmo", "tuo", "cof", "btx", "toi", "bul", "usa", "hin", "aoj", "mos", "nab", "kue", "njo", "ppo", "mil", "tue", "jiv", "pwg", "tur", "aca", "kbh", "chf", "xav", "wed", "sue", "tbg", "cbc", "gso", "nhg", "kpw", "chq", "laj", "cco", "trp", "eus", "nob", "amp", "teo", "ese", "ura", "opm", "snn", "agg", "tzj", "njz", "amh", "bhg", "djk", "pol", "spp", "ann", "tfr", "cpa", "zul", "nbl", "swe", "mbc", "esu", "ary", "khm", "mcb", "snc", "coe", "yaa", "zaw", "gvn", "ndo", "sua", "sbe", "ita", "myb", "ses"], "lang_embeds_length": 263, "lang_length": 263}, "dev": {"report": {"0": {"precision": 1.0, "recall": 1.0, "f1-score": 1.0, "support": 10}, "1": {"precision": 1.0, "recall": 1.0, "f1-score": 1.0, "support": 11}, "2": {"precision": 1.0, "recall": 1.0, "f1-score": 1.0, "support": 2}, "3": {"precision": 1.0, "recall": 1.0, "f1-score": 1.0, "support": 2}, "5": {"precision": 1.0, "recall": 1.0, "f1-score": 1.0, "support": 1}, "accuracy": 1.0, "macro avg": {"precision": 1.0, "recall": 1.0, "f1-score": 1.0, "support": 26}, "weighted avg": {"precision": 1.0, "recall": 1.0, "f1-score": 1.0, "support": 26}}, "loss": "0.09111173", "lang_embeds": ["usa", "xho", "njb", "aoj", "bzd", "pwg", "jiv", "apn", "urt", "hop", "xbi", "tsz", "qvi", "amn", "agt", "bmu", "opm", "tzj", "sja", "urd", "yor", "swh", "bmr", "khm", "tob", "mph"], "lang_embeds_length": 26, "lang_length": 26}, "test": {"report": {"0": {"precision": 0.6, "recall": 0.46153846153846156, "f1-score": 0.5217391304347826, "support": 13}, "1": {"precision": 0.4, "recall": 0.6, "f1-score": 0.48, "support": 10}, "2": {"precision": 0.0, "recall": 0.0, "f1-score": 0.0, "support": 1}, "4": {"precision": 0.0, "recall": 0.0, "f1-score": 0.0, "support": 2}, "5": {"precision": 0.0, "recall": 0.0, "f1-score": 0.0, "support": 1}, "accuracy": 0.4444444444444444, "macro avg": {"precision": 0.2, "recall": 0.2123076923076923, "f1-score": 0.20034782608695653, "support": 27}, "weighted avg": {"precision": 0.43703703703703706, "recall": 0.4444444444444444, "f1-score": 0.4289855072463768, "support": 27}}, "acc": 0.4444444477558136, "lang_embeds": ["bel", "mai", "gla", "tyv", "tet", "ukr", "por", "slv", "cor", "smo", "lus", "bre", "lug", "cym", "wbp", "ckb", "dan", "nep", "nog", "ben", "tat", "tih", "ton", "che", "tgk", "ces", "ium"], "lang_embeds_length": 27, "lang_length": 27}, "test_zs": {"report": {"0": {"precision": 0.0, "recall": 0.0, "f1-score": 0.0, "support": 13}, "1": {"precision": 0.0, "recall": 0.0, "f1-score": 0.0, "support": 10}, "2": {"precision": 0.0, "recall": 0.0, "f1-score": 0.0, "support": 1}, "4": {"precision": 0.0, "recall": 0.0, "f1-score": 0.0, "support": 2}, "5": {"precision": 0.037037037037037035, "recall": 1.0, "f1-score": 0.07142857142857142, "support": 1}, "accuracy": 0.037037037037037035, "macro avg": {"precision": 0.007407407407407407, "recall": 0.2, "f1-score": 0.014285714285714285, "support": 27}, "weighted avg": {"precision": 0.0013717421124828531, "recall": 0.037037037037037035, "f1-score": 0.0026455026455026454, "support": 27}}, "acc": 0.03703703731298447, "lang_embeds": [], "lang_embeds_length": 0, "lang_length": 27}}