{"feature_name": "Order_of_Relative_Clause_and_Noun", "feature_id": "90A", "epoch": 0, "train": {"report": {"0": {"precision": 0.8673913043478261, "recall": 0.8896321070234113, "f1-score": 0.8783709411117226, "support": 897}, "1": {"precision": 0.6762589928057554, "recall": 0.48704663212435234, "f1-score": 0.5662650602409639, "support": 193}, "2": {"precision": 0.5753424657534246, "recall": 0.5185185185185185, "f1-score": 0.5454545454545454, "support": 81}, "3": {"precision": 0.53125, "recall": 0.6538461538461539, "f1-score": 0.5862068965517242, "support": 26}, "4": {"precision": 0.14285714285714285, "recall": 0.6, "f1-score": 0.23076923076923073, "support": 5}, "5": {"precision": 0.30303030303030304, "recall": 0.625, "f1-score": 0.40816326530612246, "support": 16}, "accuracy": 0.7914614121510674, "macro avg": {"precision": 0.516021701465742, "recall": 0.6290072352520727, "f1-score": 0.5358716565723849, "support": 1218}, "weighted avg": {"precision": 0.8001198652711894, "recall": 0.7914614121510674, "f1-score": 0.7917040613256391, "support": 1218}}, "loss": "0.61849177", "lang_embeds": ["des", "ron", "nav", "xho", "cav", "mua", "ntp", "cme", "trc", "ind", "xsi", "urt", "sag", "snf", "ell", "ibo", "tbl", "azb", "qvi", "taq", "fub", "plt", "guh", "kac", "tmd", "mna", "iba", "apu", "fon", "nyn", "aey", "auc", "dow", "tee", "huv", "mam", "tha", "bdh", "hix", "nld", "ksf", "bom", "fij", "lif", "yad", "tbc", "yor", "apw", "cnh", "yaq", "kor", "apr", "adj", "nmf", "zpq", "moc", "mya", "lcm", "sot", "rus", "pad", "tam", "tgl", "aia", "nko", "ign", "ssd", "mri", "vie", "bqc", "kto", "huu", "ote", "ssw", "lww", "emi", "cub", "abt", "mqy", "nuy", "hla", "lhu", "xbi", "tsz", "kms", "adz", "lit", "csy", "ong", "sna", "apt", "djr", "yrb", "deu", "khk", "cle", "urd", "nhu", "tnc", "hye", "spa", "kki", "lav", "pam", "emp", "bsn", "mmn", "est", "mhx", "gmv", "amk", "tpt", "tbo", "tvk", "izz", "mph", "ood", "crn", "gle", "fra", "tac", "njb", "ceb", "cap", "mig", "mie", "lol", "qvh", "cab", "hch", "kyq", "awb", "hus", "naq", "acn", "sat", "dgz", "ach", "xed", "hun", "som", "ewe", "nbc", "mzh", "sba", "hau", "gbr", "sja", "mrg", "mpt", "plg", "pma", "fin", "ncl", "dis", "swh", "jpn", "ncj", "adi", "zai", "gah", "mpm", "mva", "pes", "uig", "kmo", "bsc", "ctp", "tuo", "cof", "btx", "toi", "bul", "hin", "aoj", "pwg", "aca", "njo", "ptp", "mil", "tur", "ndi", "chf", "cak", "nhg", "laj", "kpw", "chq", "cco", "ilb", "nya", "viv", "nob", "amp", "eus", "teo", "ura", "mcn", "too", "mco", "tzj", "agg", "amh", "wib", "djk", "pol", "spp", "ann", "pao", "tfr", "nsn", "cpa", "zul", "mbc", "ary", "khm", "snc", "coe", "sps", "gvn", "sbe", "sua", "ndo", "ita", "myb", "ses"], "lang_embeds_length": 226, "lang_length": 226}, "dev": {"report": {"0": {"precision": 1.0, "recall": 1.0, "f1-score": 1.0, "support": 15}, "1": {"precision": 1.0, "recall": 1.0, "f1-score": 1.0, "support": 4}, "2": {"precision": 1.0, "recall": 1.0, "f1-score": 1.0, "support": 3}, "4": {"precision": 1.0, "recall": 1.0, "f1-score": 1.0, "support": 1}, "accuracy": 1.0, "macro avg": {"precision": 1.0, "recall": 1.0, "f1-score": 1.0, "support": 23}, "weighted avg": {"precision": 1.0, "recall": 1.0, "f1-score": 1.0, "support": 23}}, "loss": "0.09744429", "lang_embeds": ["ign", "ssd", "lol", "chf", "tbl", "awb", "abt", "hus", "azb", "guh", "too", "nbc", "plg", "lif", "ncl", "emp", "ncj", "ary", "pes", "kmo", "gvn", "toi", "pad"], "lang_embeds_length": 23, "lang_length": 23}, "test": {"report": {"0": {"precision": 0.8181818181818182, "recall": 0.9473684210526315, "f1-score": 0.8780487804878049, "support": 19}, "1": {"precision": 0.0, "recall": 0.0, "f1-score": 0.0, "support": 2}, "2": {"precision": 0.0, "recall": 0.0, "f1-score": 0.0, "support": 1}, "4": {"precision": 0.0, "recall": 0.0, "f1-score": 0.0, "support": 1}, "accuracy": 0.782608695652174, "macro avg": {"precision": 0.20454545454545456, "recall": 0.23684210526315788, "f1-score": 0.21951219512195122, "support": 23}, "weighted avg": {"precision": 0.6758893280632412, "recall": 0.782608695652174, "f1-score": 0.7253446447507954, "support": 23}}, "acc": 0.782608687877655, "lang_embeds": ["bel", "mai", "gla", "tet", "ukr", "por", "kik", "cat", "cor", "smo", "bre", "lug", "cym", "swe", "wbp", "ckb", "dan", "tat", "tih", "ton", "che", "tgk", "ces"], "lang_embeds_length": 23, "lang_length": 23}, "test_zs": {"report": {"0": {"precision": 0.0, "recall": 0.0, "f1-score": 0.0, "support": 19.0}, "1": {"precision": 0.0, "recall": 0.0, "f1-score": 0.0, "support": 2.0}, "2": {"precision": 0.0, "recall": 0.0, "f1-score": 0.0, "support": 1.0}, "4": {"precision": 0.0, "recall": 0.0, "f1-score": 0.0, "support": 1.0}, "5": {"precision": 0.0, "recall": 0.0, "f1-score": 0.0, "support": 0.0}, "accuracy": 0.0, "macro avg": {"precision": 0.0, "recall": 0.0, "f1-score": 0.0, "support": 23.0}, "weighted avg": {"precision": 0.0, "recall": 0.0, "f1-score": 0.0, "support": 23.0}}, "acc": 0.0, "lang_embeds": [], "lang_embeds_length": 0, "lang_length": 23}}