{"feature_name": "Relativization_on_Obliques", "feature_id": "123A", "epoch": 0, "train": {"report": {"0": {"precision": 0.6666666666666666, "recall": 0.5, "f1-score": 0.5714285714285715, "support": 32}, "1": {"precision": 0.18181818181818182, "recall": 0.3333333333333333, "f1-score": 0.23529411764705885, "support": 6}, "2": {"precision": 0.47058823529411764, "recall": 0.5714285714285714, "f1-score": 0.5161290322580646, "support": 14}, "3": {"precision": 0.2222222222222222, "recall": 0.18181818181818182, "f1-score": 0.19999999999999998, "support": 11}, "4": {"precision": 0.5833333333333334, "recall": 0.7, "f1-score": 0.6363636363636365, "support": 10}, "accuracy": 0.4794520547945205, "macro avg": {"precision": 0.42492572786690436, "recall": 0.4573160173160173, "f1-score": 0.43184307153946627, "support": 73}, "weighted avg": {"precision": 0.510825417755313, "recall": 0.4794520547945205, "f1-score": 0.4861222165321357, "support": 73}}, "loss": "1.4927891", "lang_embeds": ["fra", "arn", "hin", "mri", "mig", "tur", "wnu", "ind", "ell", "nuy", "laj", "kpw", "qvi", "eus", "plt", "aey", "amp", "hun", "deu", "hau", "tha", "khk", "hix", "sja", "cle", "djk", "pma", "fin", "spp", "ses", "spa", "swh", "jpn", "bsn", "kor", "khm", "pes", "mya", "rus", "btx", "tgl"], "lang_embeds_length": 41, "lang_length": 41}, "dev": {"report": {"0": {"precision": 1.0, "recall": 1.0, "f1-score": 1.0, "support": 1}, "1": {"precision": 1.0, "recall": 1.0, "f1-score": 1.0, "support": 2}, "3": {"precision": 1.0, "recall": 1.0, "f1-score": 1.0, "support": 1}, "accuracy": 1.0, "macro avg": {"precision": 1.0, "recall": 1.0, "f1-score": 1.0, "support": 4}, "weighted avg": {"precision": 1.0, "recall": 1.0, "f1-score": 1.0, "support": 4}}, "loss": "0.914815", "lang_embeds": ["qvi", "pes", "spp", "laj"], "lang_embeds_length": 4, "lang_length": 4}, "test": {"report": {"0": {"precision": 0.0, "recall": 0.0, "f1-score": 0.0, "support": 0}, "1": {"precision": 0.5, "recall": 0.5, "f1-score": 0.5, "support": 2}, "2": {"precision": 1.0, "recall": 0.3333333333333333, "f1-score": 0.5, "support": 3}, "accuracy": 0.4, "macro avg": {"precision": 0.5, "recall": 0.27777777777777773, "f1-score": 0.3333333333333333, "support": 5}, "weighted avg": {"precision": 0.8, "recall": 0.4, "f1-score": 0.5, "support": 5}}, "acc": 0.4000000059604645, "lang_embeds": ["gle", "gla", "ita", "lav", "bul"], "lang_embeds_length": 5, "lang_length": 5}, "test_zs": {"report": {"1": {"precision": 0.0, "recall": 0.0, "f1-score": 0.0, "support": 2.0}, "2": {"precision": 0.0, "recall": 0.0, "f1-score": 0.0, "support": 3.0}, "4": {"precision": 0.0, "recall": 0.0, "f1-score": 0.0, "support": 0.0}, "accuracy": 0.0, "macro avg": {"precision": 0.0, "recall": 0.0, "f1-score": 0.0, "support": 5.0}, "weighted avg": {"precision": 0.0, "recall": 0.0, "f1-score": 0.0, "support": 5.0}}, "acc": 0.0, "lang_embeds": [], "lang_embeds_length": 0, "lang_length": 5}}