{"feature_name": "M-T_Pronouns", "feature_id": "136A", "epoch": 0, "train": {"report": {"0": {"precision": 0.776595744680851, "recall": 0.8390804597701149, "f1-score": 0.8066298342541435, "support": 87}, "1": {"precision": 0.23529411764705882, "recall": 0.16, "f1-score": 0.19047619047619052, "support": 25}, "2": {"precision": 0.0, "recall": 0.0, "f1-score": 0.0, "support": 0}, "accuracy": 0.6875, "macro avg": {"precision": 0.33729662077596995, "recall": 0.33302681992337163, "f1-score": 0.33236867491011135, "support": 112}, "weighted avg": {"precision": 0.6557694886465224, "recall": 0.6875, "f1-score": 0.6690955387679932, "support": 112}}, "loss": "1.8206183", "lang_embeds": [], "lang_embeds_length": 0, "lang_length": 63}, "dev": {"report": {"0": {"precision": 1.0, "recall": 1.0, "f1-score": 1.0, "support": 7}, "accuracy": 1.0, "macro avg": {"precision": 1.0, "recall": 1.0, "f1-score": 1.0, "support": 7}, "weighted avg": {"precision": 1.0, "recall": 1.0, "f1-score": 1.0, "support": 7}}, "loss": "0.52415293", "lang_embeds": [], "lang_embeds_length": 0, "lang_length": 7}, "test": {"report": {"0": {"precision": 0.7142857142857143, "recall": 1.0, "f1-score": 0.8333333333333333, "support": 5}, "1": {"precision": 0.0, "recall": 0.0, "f1-score": 0.0, "support": 2}, "accuracy": 0.7142857142857143, "macro avg": {"precision": 0.35714285714285715, "recall": 0.5, "f1-score": 0.41666666666666663, "support": 7}, "weighted avg": {"precision": 0.5102040816326531, "recall": 0.7142857142857143, "f1-score": 0.5952380952380951, "support": 7}}, "acc": 0.7142857313156128, "lang_embeds": [], "lang_embeds_length": 0, "lang_length": 7}, "test_zs": {"report": {"0": {"precision": 0.7142857142857143, "recall": 1.0, "f1-score": 0.8333333333333333, "support": 5}, "1": {"precision": 0.0, "recall": 0.0, "f1-score": 0.0, "support": 2}, "accuracy": 0.7142857142857143, "macro avg": {"precision": 0.35714285714285715, "recall": 0.5, "f1-score": 0.41666666666666663, "support": 7}, "weighted avg": {"precision": 0.5102040816326531, "recall": 0.7142857142857143, "f1-score": 0.5952380952380951, "support": 7}}, "acc": 0.7142857313156128, "lang_embeds": [], "lang_embeds_length": 0, "lang_length": 7}}