{"feature_name": "Absence_of_Common_Consonants", "feature_id": "18A", "epoch": 0, "train": {"report": {"0": {"precision": 0.8996138996138996, "recall": 0.9923339011925043, "f1-score": 0.9437019036046983, "support": 1174}, "1": {"precision": 0.0, "recall": 0.0, "f1-score": 0.0, "support": 89}, "2": {"precision": 0.0, "recall": 0.0, "f1-score": 0.0, "support": 33}, "3": {"precision": 0.0, "recall": 0.0, "f1-score": 0.0, "support": 0}, "4": {"precision": 0.0, "recall": 0.0, "f1-score": 0.0, "support": 8}, "5": {"precision": 0.0, "recall": 0.0, "f1-score": 0.0, "support": 0}, "accuracy": 0.8934049079754601, "macro avg": {"precision": 0.14993564993564992, "recall": 0.16538898353208406, "f1-score": 0.15728365060078306, "support": 1304}, "weighted avg": {"precision": 0.8099284648364402, "recall": 0.8934049079754601, "f1-score": 0.8496211923557636, "support": 1304}}, "loss": "0.57662296", "lang_embeds": [], "lang_embeds_length": 0, "lang_length": 161}, "dev": {"report": {"0": {"precision": 1.0, "recall": 1.0, "f1-score": 1.0, "support": 16}, "accuracy": 1.0, "macro avg": {"precision": 1.0, "recall": 1.0, "f1-score": 1.0, "support": 16}, "weighted avg": {"precision": 1.0, "recall": 1.0, "f1-score": 1.0, "support": 16}}, "loss": "0.077856295", "lang_embeds": [], "lang_embeds_length": 0, "lang_length": 16}, "test": {"report": {"0": {"precision": 0.9411764705882353, "recall": 1.0, "f1-score": 0.9696969696969697, "support": 16}, "2": {"precision": 0.0, "recall": 0.0, "f1-score": 0.0, "support": 1}, "accuracy": 0.9411764705882353, "macro avg": {"precision": 0.47058823529411764, "recall": 0.5, "f1-score": 0.48484848484848486, "support": 17}, "weighted avg": {"precision": 0.8858131487889274, "recall": 0.9411764705882353, "f1-score": 0.912655971479501, "support": 17}}, "acc": 0.9411764740943909, "lang_embeds": [], "lang_embeds_length": 0, "lang_length": 17}, "test_zs": {"report": {"0": {"precision": 0.9411764705882353, "recall": 1.0, "f1-score": 0.9696969696969697, "support": 16}, "2": {"precision": 0.0, "recall": 0.0, "f1-score": 0.0, "support": 1}, "accuracy": 0.9411764705882353, "macro avg": {"precision": 0.47058823529411764, "recall": 0.5, "f1-score": 0.48484848484848486, "support": 17}, "weighted avg": {"precision": 0.8858131487889274, "recall": 0.9411764705882353, "f1-score": 0.912655971479501, "support": 17}}, "acc": 0.9411764740943909, "lang_embeds": [], "lang_embeds_length": 0, "lang_length": 17}}