{"feature_name": "Voicing_and_Gaps_in_Plosive_Systems", "feature_id": "5A", "epoch": 0, "train": {"report": {"0": {"precision": 0.4327390599675851, "recall": 0.4238095238095238, "f1-score": 0.42822774659182034, "support": 630}, "1": {"precision": 0.42197253433208487, "recall": 0.5216049382716049, "f1-score": 0.4665286404416839, "support": 648}, "2": {"precision": 0.0, "recall": 0.0, "f1-score": 0.0, "support": 81}, "3": {"precision": 0.125, "recall": 0.03333333333333333, "f1-score": 0.052631578947368425, "support": 90}, "4": {"precision": 0.0, "recall": 0.0, "f1-score": 0.0, "support": 0}, "accuracy": 0.41959972394755, "macro avg": {"precision": 0.195942318859934, "recall": 0.1957495590828924, "f1-score": 0.18947759319617455, "support": 1449}, "weighted avg": {"precision": 0.38461960664373335, "recall": 0.41959972394755, "f1-score": 0.39808894510995246, "support": 1449}}, "loss": "1.3987994", "lang_embeds": [], "lang_embeds_length": 0, "lang_length": 161}, "dev": {"report": {"0": {"precision": 0.6875, "recall": 1.0, "f1-score": 0.8148148148148148, "support": 11}, "1": {"precision": 0.0, "recall": 0.0, "f1-score": 0.0, "support": 4}, "3": {"precision": 0.0, "recall": 0.0, "f1-score": 0.0, "support": 1}, "accuracy": 0.6875, "macro avg": {"precision": 0.22916666666666666, "recall": 0.3333333333333333, "f1-score": 0.2716049382716049, "support": 16}, "weighted avg": {"precision": 0.47265625, "recall": 0.6875, "f1-score": 0.5601851851851851, "support": 16}}, "loss": "0.8329091", "lang_embeds": [], "lang_embeds_length": 0, "lang_length": 16}, "test": {"report": {"0": {"precision": 0.7647058823529411, "recall": 1.0, "f1-score": 0.8666666666666666, "support": 13}, "1": {"precision": 0.0, "recall": 0.0, "f1-score": 0.0, "support": 3}, "2": {"precision": 0.0, "recall": 0.0, "f1-score": 0.0, "support": 1}, "accuracy": 0.7647058823529411, "macro avg": {"precision": 0.2549019607843137, "recall": 0.3333333333333333, "f1-score": 0.28888888888888886, "support": 17}, "weighted avg": {"precision": 0.5847750865051903, "recall": 0.7647058823529411, "f1-score": 0.6627450980392157, "support": 17}}, "acc": 0.7647058963775635, "lang_embeds": [], "lang_embeds_length": 0, "lang_length": 17}, "test_zs": {"report": {"0": {"precision": 0.7647058823529411, "recall": 1.0, "f1-score": 0.8666666666666666, "support": 13}, "1": {"precision": 0.0, "recall": 0.0, "f1-score": 0.0, "support": 3}, "2": {"precision": 0.0, "recall": 0.0, "f1-score": 0.0, "support": 1}, "accuracy": 0.7647058823529411, "macro avg": {"precision": 0.2549019607843137, "recall": 0.3333333333333333, "f1-score": 0.28888888888888886, "support": 17}, "weighted avg": {"precision": 0.5847750865051903, "recall": 0.7647058823529411, "f1-score": 0.6627450980392157, "support": 17}}, "acc": 0.7647058963775635, "lang_embeds": [], "lang_embeds_length": 0, "lang_length": 17}}