{"feature_name": "Position_of_Pronominal_Possessive_Affixes", "feature_id": "57A", "epoch": 0, "train": {"report": {"0": {"precision": 0.7177177177177178, "recall": 0.6947674418604651, "f1-score": 0.7060561299852289, "support": 344}, "1": {"precision": 0.7039106145251397, "recall": 0.72, "f1-score": 0.7118644067796609, "support": 350}, "2": {"precision": 0.6825938566552902, "recall": 0.6557377049180327, "f1-score": 0.6688963210702341, "support": 305}, "3": {"precision": 0.43283582089552236, "recall": 0.5576923076923077, "f1-score": 0.4873949579831933, "support": 52}, "accuracy": 0.6850618458610847, "macro avg": {"precision": 0.6342645024484175, "recall": 0.6570493636177013, "f1-score": 0.6435529539545793, "support": 1051}, "weighted avg": {"precision": 0.6888317782541622, "recall": 0.6850618458610847, "f1-score": 0.686387979856658, "support": 1051}}, "loss": "0.8567742", "lang_embeds": ["des", "arb", "nav", "mua", "xho", "ntp", "trc", "pib", "ind", "sll", "snf", "urt", "sag", "ell", "xsi", "ibo", "spl", "hop", "tbl", "nak", "shp", "azb", "stp", "mam", "taq", "plt", "iba", "mvn", "kac", "amn", "agd", "qvi", "apu", "fub", "nyn", "tmd", "agt", "auc", "dow", "tee", "huv", "guc", "kwi", "tha", "hix", "seh", "fij", "yad", "tbc", "yor", "cnh", "yaq", "apr", "adj", "mio", "bmr", "niy", "moc", "zpq", "aey", "rus", "pad", "plu", "arn", "aia", "gvf", "ign", "mri", "vie", "ssd", "kto", "mjw", "lww", "mbl", "cub", "emi", "kyz", "wrk", "mqy", "hla", "xbi", "kms", "tsz", "kbc", "csy", "snp", "yle", "yrb", "khk", "byr", "deu", "cle", "cbr", "nhu", "hye", "enx", "spa", "nzm", "ctd", "lav", "alp", "naf", "bsn", "tob", "apy", "tzo", "tpt", "amk", "kpx", "izz", "acu", "tna", "mlp", "car", "mph", "ood", "crn", "fra", "tac", "bzd", "cap", "mig", "mau", "hch", "cab", "tca", "qvh", "apn", "aom", "txu", "kyq", "awb", "srq", "sat", "poi", "oym", "dgz", "ach", "xed", "ewe", "som", "hun", "bmu", "nbc", "mzh", "sba", "myu", "hau", "sja", "mpt", "plg", "pma", "fin", "caq", "blw", "bvr", "ncl", "swh", "maq", "jpn", "ncj", "nas", "adi", "zai", "gah", "cbi", "mva", "pes", "kmo", "uig", "miq", "toi", "btx", "usa", "aoj", "mek", "aca", "njo", "kue", "mil", "tur", "nab", "xav", "chf", "gub", "ixl", "wed", "tbg", "sue", "gso", "kpj", "nhg", "kpw", "chq", "cco", "ilb", "eus", "trp", "nob", "amp", "ese", "teo", "cax", "too", "mco", "opm", "tzj", "agg", "njz", "amh", "bhg", "djk", "rkb", "spp", "ann", "pao", "tfr", "nsn", "rwo", "nbl", "mbc", "hil", "esu", "ary", "khm", "snc", "zaw", "gvn", "ndo", "sua", "sbe", "myb", "ses", "urb"], "lang_embeds_length": 234, "lang_length": 234}, "dev": {"report": {"0": {"precision": 1.0, "recall": 1.0, "f1-score": 1.0, "support": 7}, "1": {"precision": 1.0, "recall": 1.0, "f1-score": 1.0, "support": 8}, "2": {"precision": 1.0, "recall": 1.0, "f1-score": 1.0, "support": 8}, "accuracy": 1.0, "macro avg": {"precision": 1.0, "recall": 1.0, "f1-score": 1.0, "support": 23}, "weighted avg": {"precision": 1.0, "recall": 1.0, "f1-score": 1.0, "support": 23}}, "loss": "0.24384548", "lang_embeds": ["ign", "tca", "sag", "chf", "gub", "awb", "kpw", "taq", "plt", "iba", "mvn", "kac", "csy", "xed", "too", "guc", "amh", "byr", "mpt", "rwo", "yaq", "ary", "izz"], "lang_embeds_length": 23, "lang_length": 23}, "test": {"report": {"0": {"precision": 0.4, "recall": 0.3333333333333333, "f1-score": 0.3636363636363636, "support": 6}, "1": {"precision": 0.7857142857142857, "recall": 0.6111111111111112, "f1-score": 0.6875000000000001, "support": 18}, "2": {"precision": 0.0, "recall": 0.0, "f1-score": 0.0, "support": 0}, "3": {"precision": 0.0, "recall": 0.0, "f1-score": 0.0, "support": 0}, "accuracy": 0.5416666666666666, "macro avg": {"precision": 0.29642857142857143, "recall": 0.2361111111111111, "f1-score": 0.26278409090909094, "support": 24}, "weighted avg": {"precision": 0.6892857142857144, "recall": 0.5416666666666666, "f1-score": 0.6065340909090909, "support": 24}}, "acc": 0.5416666865348816, "lang_embeds": ["ron", "kgp", "tyv", "tet", "ukr", "kik", "cor", "nld", "smo", "lus", "bre", "bul", "lug", "swe", "ckb", "dan", "nog", "tat", "ton", "che", "ita", "ces", "tgk", "gle"], "lang_embeds_length": 24, "lang_length": 24}, "test_zs": {"report": {"0": {"precision": 0.0, "recall": 0.0, "f1-score": 0.0, "support": 6.0}, "1": {"precision": 0.0, "recall": 0.0, "f1-score": 0.0, "support": 18.0}, "3": {"precision": 0.0, "recall": 0.0, "f1-score": 0.0, "support": 0.0}, "accuracy": 0.0, "macro avg": {"precision": 0.0, "recall": 0.0, "f1-score": 0.0, "support": 24.0}, "weighted avg": {"precision": 0.0, "recall": 0.0, "f1-score": 0.0, "support": 24.0}}, "acc": 0.0, "lang_embeds": [], "lang_embeds_length": 0, "lang_length": 24}}