{"feature_name": "Noun_Phrase_Conjunction", "feature_id": "63A", "epoch": 0, "train": {"report": {"0": {"precision": 0.7350427350427351, "recall": 0.7413793103448276, "f1-score": 0.7381974248927039, "support": 116}, "1": {"precision": 0.6774193548387096, "recall": 0.6702127659574468, "f1-score": 0.6737967914438502, "support": 94}, "accuracy": 0.7095238095238096, "macro avg": {"precision": 0.7062310449407223, "recall": 0.7057960381511372, "f1-score": 0.705997108168277, "support": 210}, "weighted avg": {"precision": 0.709249412475219, "recall": 0.7095238095238096, "f1-score": 0.7093704746822647, "support": 210}}, "loss": "0.55393845", "lang_embeds": ["ron", "nav", "pib", "ind", "sag", "ell", "ibo", "srn", "qvi", "plt", "aey", "guc", "tha", "hix", "nld", "bom", "fij", "lif", "yor", "yaq", "kor", "mya", "rus", "tam", "tgl", "arn", "vie", "mri", "wnu", "ote", "lhu", "sna", "fuv", "khk", "hye", "spa", "lav", "est", "apy", "car", "gur", "fra", "gle", "bzd", "cao", "naq", "dgz", "ach", "ewe", "hun", "som", "hau", "fin", "caq", "swh", "jpn", "zai", "mva", "pes", "ctp", "miq", "kwd", "btx", "bul", "hin", "mos", "mil", "tur", "xpe", "kpw", "eus", "amp", "tzj", "amh", "pol", "zul", "khm", "urb"], "lang_embeds_length": 78, "lang_length": 78}, "dev": {"report": {"0": {"precision": 1.0, "recall": 1.0, "f1-score": 1.0, "support": 5}, "1": {"precision": 1.0, "recall": 1.0, "f1-score": 1.0, "support": 3}, "accuracy": 1.0, "macro avg": {"precision": 1.0, "recall": 1.0, "f1-score": 1.0, "support": 8}, "weighted avg": {"precision": 1.0, "recall": 1.0, "f1-score": 1.0, "support": 8}}, "loss": "0.34298056", "lang_embeds": ["cao", "khm", "naq", "caq", "amp", "ewe", "som", "btx"], "lang_embeds_length": 8, "lang_length": 8}, "test": {"report": {"0": {"precision": 0.5, "recall": 0.4, "f1-score": 0.4444444444444445, "support": 5}, "1": {"precision": 0.4, "recall": 0.5, "f1-score": 0.4444444444444445, "support": 4}, "accuracy": 0.4444444444444444, "macro avg": {"precision": 0.45, "recall": 0.45, "f1-score": 0.4444444444444445, "support": 9}, "weighted avg": {"precision": 0.4555555555555555, "recall": 0.4444444444444444, "f1-score": 0.4444444444444444, "support": 9}}, "acc": 0.4444444477558136, "lang_embeds": ["smo", "lit", "kgp", "lus", "gla", "bre", "lug", "rmy", "swe"], "lang_embeds_length": 9, "lang_length": 9}, "test_zs": {"report": {"0": {"precision": 0.5555555555555556, "recall": 1.0, "f1-score": 0.7142857142857143, "support": 5}, "1": {"precision": 0.0, "recall": 0.0, "f1-score": 0.0, "support": 4}, "accuracy": 0.5555555555555556, "macro avg": {"precision": 0.2777777777777778, "recall": 0.5, "f1-score": 0.35714285714285715, "support": 9}, "weighted avg": {"precision": 0.30864197530864196, "recall": 0.5555555555555556, "f1-score": 0.39682539682539686, "support": 9}}, "acc": 0.5555555820465088, "lang_embeds": [], "lang_embeds_length": 0, "lang_length": 9}}