{"feature_name": "Reciprocal_Constructions", "feature_id": "106A", "epoch": 0, "train": {"report": {"0": {"precision": 0.5653710247349824, "recall": 0.6896551724137931, "f1-score": 0.6213592233009709, "support": 232}, "1": {"precision": 0.24786324786324787, "recall": 0.3372093023255814, "f1-score": 0.28571428571428575, "support": 86}, "2": {"precision": 0.16666666666666666, "recall": 0.05128205128205128, "f1-score": 0.07843137254901959, "support": 78}, "3": {"precision": 0.0, "recall": 0.0, "f1-score": 0.0, "support": 43}, "accuracy": 0.4396355353075171, "macro avg": {"precision": 0.2449752348162242, "recall": 0.26953663150535645, "f1-score": 0.24637622039106905, "support": 439}, "weighted avg": {"precision": 0.37695288622951073, "recall": 0.4396355353075171, "f1-score": 0.3982788506516569, "support": 439}}, "loss": "1.8081284", "lang_embeds": [], "lang_embeds_length": 0, "lang_length": 61}, "dev": {"report": {"0": {"precision": 0.8333333333333334, "recall": 1.0, "f1-score": 0.9090909090909091, "support": 5}, "2": {"precision": 0.0, "recall": 0.0, "f1-score": 0.0, "support": 1}, "accuracy": 0.8333333333333334, "macro avg": {"precision": 0.4166666666666667, "recall": 0.5, "f1-score": 0.45454545454545453, "support": 6}, "weighted avg": {"precision": 0.6944444444444445, "recall": 0.8333333333333334, "f1-score": 0.7575757575757575, "support": 6}}, "loss": "0.56606877", "lang_embeds": [], "lang_embeds_length": 0, "lang_length": 6}, "test": {"report": {"0": {"precision": 0.2857142857142857, "recall": 1.0, "f1-score": 0.4444444444444445, "support": 2}, "1": {"precision": 0.0, "recall": 0.0, "f1-score": 0.0, "support": 1}, "2": {"precision": 0.0, "recall": 0.0, "f1-score": 0.0, "support": 3}, "3": {"precision": 0.0, "recall": 0.0, "f1-score": 0.0, "support": 1}, "accuracy": 0.2857142857142857, "macro avg": {"precision": 0.07142857142857142, "recall": 0.25, "f1-score": 0.11111111111111112, "support": 7}, "weighted avg": {"precision": 0.08163265306122448, "recall": 0.2857142857142857, "f1-score": 0.126984126984127, "support": 7}}, "acc": 0.2857142984867096, "lang_embeds": [], "lang_embeds_length": 0, "lang_length": 7}, "test_zs": {"report": {"0": {"precision": 0.2857142857142857, "recall": 1.0, "f1-score": 0.4444444444444445, "support": 2}, "1": {"precision": 0.0, "recall": 0.0, "f1-score": 0.0, "support": 1}, "2": {"precision": 0.0, "recall": 0.0, "f1-score": 0.0, "support": 3}, "3": {"precision": 0.0, "recall": 0.0, "f1-score": 0.0, "support": 1}, "accuracy": 0.2857142857142857, "macro avg": {"precision": 0.07142857142857142, "recall": 0.25, "f1-score": 0.11111111111111112, "support": 7}, "weighted avg": {"precision": 0.08163265306122448, "recall": 0.2857142857142857, "f1-score": 0.126984126984127, "support": 7}}, "acc": 0.2857142984867096, "lang_embeds": [], "lang_embeds_length": 0, "lang_length": 7}}