{"feature_name": "Relativization_on_Obliques", "feature_id": "123A", "epoch": 0, "train": {"report": {"0": {"precision": 0.4, "recall": 0.42857142857142855, "f1-score": 0.4137931034482759, "support": 14}, "1": {"precision": 0.0, "recall": 0.0, "f1-score": 0.0, "support": 4}, "2": {"precision": 0.0, "recall": 0.0, "f1-score": 0.0, "support": 7}, "3": {"precision": 0.14285714285714285, "recall": 0.3333333333333333, "f1-score": 0.2, "support": 6}, "4": {"precision": 0.0, "recall": 0.0, "f1-score": 0.0, "support": 5}, "accuracy": 0.2222222222222222, "macro avg": {"precision": 0.10857142857142858, "recall": 0.15238095238095237, "f1-score": 0.12275862068965519, "support": 36}, "weighted avg": {"precision": 0.17936507936507937, "recall": 0.2222222222222222, "f1-score": 0.1942528735632184, "support": 36}}, "loss": "5.0966277", "lang_embeds": [], "lang_embeds_length": 0, "lang_length": 36}, "dev": {"report": {"0": {"precision": 1.0, "recall": 1.0, "f1-score": 1.0, "support": 5}, "accuracy": 1.0, "macro avg": {"precision": 1.0, "recall": 1.0, "f1-score": 1.0, "support": 5}, "weighted avg": {"precision": 1.0, "recall": 1.0, "f1-score": 1.0, "support": 5}}, "loss": "0.2309608", "lang_embeds": [], "lang_embeds_length": 0, "lang_length": 5}, "test": {"report": {"0": {"precision": 0.0, "recall": 0.0, "f1-score": 0.0, "support": 0.0}, "1": {"precision": 0.0, "recall": 0.0, "f1-score": 0.0, "support": 2.0}, "2": {"precision": 0.0, "recall": 0.0, "f1-score": 0.0, "support": 3.0}, "accuracy": 0.0, "macro avg": {"precision": 0.0, "recall": 0.0, "f1-score": 0.0, "support": 5.0}, "weighted avg": {"precision": 0.0, "recall": 0.0, "f1-score": 0.0, "support": 5.0}}, "acc": 0.0, "lang_embeds": [], "lang_embeds_length": 0, "lang_length": 5}, "test_zs": {"report": {"0": {"precision": 0.0, "recall": 0.0, "f1-score": 0.0, "support": 0.0}, "1": {"precision": 0.0, "recall": 0.0, "f1-score": 0.0, "support": 2.0}, "2": {"precision": 0.0, "recall": 0.0, "f1-score": 0.0, "support": 3.0}, "accuracy": 0.0, "macro avg": {"precision": 0.0, "recall": 0.0, "f1-score": 0.0, "support": 5.0}, "weighted avg": {"precision": 0.0, "recall": 0.0, "f1-score": 0.0, "support": 5.0}}, "acc": 0.0, "lang_embeds": [], "lang_embeds_length": 0, "lang_length": 5}}