{"feature_name": "'When'_Clauses", "feature_id": "126A", "epoch": 0, "train": {"report": {"0": {"precision": 0.7, "recall": 0.5283018867924528, "f1-score": 0.6021505376344085, "support": 53}, "1": {"precision": 0.3225806451612903, "recall": 0.4166666666666667, "f1-score": 0.3636363636363636, "support": 24}, "2": {"precision": 0.3142857142857143, "recall": 0.3793103448275862, "f1-score": 0.34375, "support": 29}, "accuracy": 0.46226415094339623, "macro avg": {"precision": 0.4456221198156682, "recall": 0.4414262994289018, "f1-score": 0.4365123004235907, "support": 106}, "weighted avg": {"precision": 0.5090209546995913, "recall": 0.46226415094339623, "f1-score": 0.4774528417160036, "support": 106}}, "loss": "1.1359044", "lang_embeds": ["fra", "mri", "mig", "ind", "tur", "ote", "snf", "sag", "ell", "ibo", "shp", "nhg", "kpw", "laj", "naq", "fub", "eus", "plt", "aey", "amp", "oym", "apu", "hun", "ewe", "som", "tzj", "deu", "khk", "kwi", "hau", "hix", "cle", "sja", "djk", "pma", "tnc", "fin", "yad", "spp", "lif", "yor", "spa", "zul", "emp", "jpn", "yaq", "bsn", "kor", "niy", "esu", "nmf", "snc", "pes", "rus", "mph", "btx", "urb", "pad", "tgl"], "lang_embeds_length": 59, "lang_length": 59}, "dev": {"report": {"0": {"precision": 1.0, "recall": 1.0, "f1-score": 1.0, "support": 3}, "1": {"precision": 1.0, "recall": 1.0, "f1-score": 1.0, "support": 3}, "accuracy": 1.0, "macro avg": {"precision": 1.0, "recall": 1.0, "f1-score": 1.0, "support": 6}, "weighted avg": {"precision": 1.0, "recall": 1.0, "f1-score": 1.0, "support": 6}}, "loss": "0.57030106", "lang_embeds": ["nhg", "esu", "yad", "yaq", "urb", "khk"], "lang_embeds_length": 6, "lang_length": 6}, "test": {"report": {"0": {"precision": 0.0, "recall": 0.0, "f1-score": 0.0, "support": 2.0}, "1": {"precision": 0.0, "recall": 0.0, "f1-score": 0.0, "support": 2.0}, "2": {"precision": 0.0, "recall": 0.0, "f1-score": 0.0, "support": 3.0}, "accuracy": 0.0, "macro avg": {"precision": 0.0, "recall": 0.0, "f1-score": 0.0, "support": 7.0}, "weighted avg": {"precision": 0.0, "recall": 0.0, "f1-score": 0.0, "support": 7.0}}, "acc": 0.0, "lang_embeds": ["arn", "hin", "fij", "vie", "ita", "tam", "gle"], "lang_embeds_length": 7, "lang_length": 7}, "test_zs": {"report": {"0": {"precision": 0.0, "recall": 0.0, "f1-score": 0.0, "support": 2}, "1": {"precision": 0.0, "recall": 0.0, "f1-score": 0.0, "support": 2}, "2": {"precision": 0.42857142857142855, "recall": 1.0, "f1-score": 0.6, "support": 3}, "accuracy": 0.42857142857142855, "macro avg": {"precision": 0.14285714285714285, "recall": 0.3333333333333333, "f1-score": 0.19999999999999998, "support": 7}, "weighted avg": {"precision": 0.18367346938775508, "recall": 0.42857142857142855, "f1-score": 0.2571428571428571, "support": 7}}, "acc": 0.4285714328289032, "lang_embeds": [], "lang_embeds_length": 0, "lang_length": 7}}