{"feature_name": "Order_of_Degree_Word_and_Adjective", "feature_id": "91A", "epoch": 0, "train": {"report": {"0": {"precision": 0.7928176795580111, "recall": 0.8084507042253521, "f1-score": 0.800557880055788, "support": 355}, "1": {"precision": 0.7859778597785978, "recall": 0.7661870503597122, "f1-score": 0.7759562841530055, "support": 278}, "2": {"precision": 0.5, "recall": 0.5, "f1-score": 0.5, "support": 72}, "accuracy": 0.7602836879432624, "macro avg": {"precision": 0.6929318464455362, "recall": 0.6915459181950214, "f1-score": 0.6921713880695979, "support": 705}, "weighted avg": {"precision": 0.7602157748390697, "recall": 0.7602836879432624, "f1-score": 0.7601615523607663, "support": 705}}, "loss": "0.642643", "lang_embeds": ["ron", "arb", "nav", "ntp", "ind", "hto", "sll", "xsi", "sag", "ell", "spl", "hop", "tbl", "bcl", "nak", "shp", "qvi", "iba", "fub", "aey", "kac", "ycn", "agt", "tee", "guc", "huv", "kwi", "ksf", "tha", "hix", "fij", "lif", "tbc", "yad", "apw", "cnh", "yaq", "kor", "adj", "mio", "nmf", "mya", "rus", "plu", "tam", "arn", "nko", "ssd", "mri", "gvf", "wnu", "ote", "kto", "huu", "cub", "mqy", "hla", "lhu", "kms", "lit", "pbb", "csy", "ong", "apt", "djr", "yrb", "deu", "khk", "byr", "cle", "urd", "cbr", "hye", "spa", "kki", "lav", "gym", "naf", "mmn", "est", "mhx", "apy", "amk", "tpt", "tbo", "mph", "car", "poy", "ood", "fra", "tac", "bzd", "mig", "mie", "qvh", "aom", "avt", "awb", "hus", "srq", "naq", "dgz", "hun", "som", "sba", "hau", "mrg", "okv", "fin", "caq", "ncl", "jpn", "zai", "mva", "pes", "ctp", "miq", "kmo", "btx", "bul", "usa", "hin", "ppo", "njo", "mil", "jiv", "tur", "xav", "chf", "gub", "kpj", "nhg", "kpw", "chq", "cco", "eus", "nob", "ese", "amp", "too", "mco", "tzj", "njz", "djk", "pol", "ann", "cpa", "nst", "mbc", "hil", "ary", "khm", "snc", "ndo", "sua", "ita", "urb"], "lang_embeds_length": 157, "lang_length": 157}, "dev": {"report": {"0": {"precision": 1.0, "recall": 1.0, "f1-score": 1.0, "support": 8}, "1": {"precision": 1.0, "recall": 1.0, "f1-score": 1.0, "support": 5}, "2": {"precision": 1.0, "recall": 1.0, "f1-score": 1.0, "support": 3}, "accuracy": 1.0, "macro avg": {"precision": 1.0, "recall": 1.0, "f1-score": 1.0, "support": 16}, "weighted avg": {"precision": 1.0, "recall": 1.0, "f1-score": 1.0, "support": 16}}, "loss": "0.27154595", "lang_embeds": ["mbc", "djk", "qvi", "cco", "apy", "ote", "csy", "ndo", "xsi", "bcl", "chf", "hop", "tbl", "plu", "mmn", "awb"], "lang_embeds_length": 16, "lang_length": 16}, "test": {"report": {"0": {"precision": 0.4444444444444444, "recall": 0.6666666666666666, "f1-score": 0.5333333333333333, "support": 6}, "1": {"precision": 0.16666666666666666, "recall": 0.2, "f1-score": 0.1818181818181818, "support": 5}, "2": {"precision": 0.0, "recall": 0.0, "f1-score": 0.0, "support": 5}, "accuracy": 0.3125, "macro avg": {"precision": 0.2037037037037037, "recall": 0.2888888888888889, "f1-score": 0.23838383838383836, "support": 16}, "weighted avg": {"precision": 0.21875, "recall": 0.3125, "f1-score": 0.25681818181818183, "support": 16}}, "acc": 0.3125, "lang_embeds": ["dan", "smo", "ium", "ilo", "tat", "tih", "tet", "ton", "kgp", "lus", "por", "gla", "bre", "cym", "swe", "ckb"], "lang_embeds_length": 16, "lang_length": 16}, "test_zs": {"report": {"0": {"precision": 0.0, "recall": 0.0, "f1-score": 0.0, "support": 6}, "1": {"precision": 0.3125, "recall": 1.0, "f1-score": 0.47619047619047616, "support": 5}, "2": {"precision": 0.0, "recall": 0.0, "f1-score": 0.0, "support": 5}, "accuracy": 0.3125, "macro avg": {"precision": 0.10416666666666667, "recall": 0.3333333333333333, "f1-score": 0.15873015873015872, "support": 16}, "weighted avg": {"precision": 0.09765625, "recall": 0.3125, "f1-score": 0.1488095238095238, "support": 16}}, "acc": 0.3125, "lang_embeds": [], "lang_embeds_length": 0, "lang_length": 16}}