{"feature_name": "Zero_Copula_for_Predicate_Nominals", "feature_id": "120A", "epoch": 0, "train": {"report": {"0": {"precision": 0.8228346456692913, "recall": 0.842741935483871, "f1-score": 0.8326693227091634, "support": 248}, "1": {"precision": 0.7705882352941177, "recall": 0.7443181818181818, "f1-score": 0.7572254335260116, "support": 176}, "accuracy": 0.8018867924528302, "macro avg": {"precision": 0.7967114404817045, "recall": 0.7935300586510263, "f1-score": 0.7949473781175875, "support": 424}, "weighted avg": {"precision": 0.8011474564569551, "recall": 0.8018867924528302, "f1-score": 0.8013529913501193, "support": 424}}, "loss": "0.43566528", "lang_embeds": ["ron", "nav", "pib", "mbb", "ind", "ell", "ibo", "hop", "nak", "shp", "srn", "qvi", "mam", "plt", "aey", "guc", "kwi", "tha", "hix", "nld", "smo", "fij", "yad", "yor", "yaq", "kor", "ape", "mya", "crs", "rus", "pad", "tam", "tgl", "arn", "aia", "ssd", "mri", "vie", "wnu", "ote", "for", "mqy", "lhu", "lit", "fuv", "sna", "khk", "tnc", "hye", "spa", "bre", "lav", "pam", "bsn", "est", "apy", "tzo", "tpt", "mph", "car", "ood", "gle", "fra", "gur", "bzd", "ceb", "hch", "noa", "lbj", "cao", "naq", "dgz", "ach", "hun", "ewe", "som", "mzh", "hau", "sja", "pma", "fin", "caq", "swh", "gfk", "jpn", "nas", "zai", "mva", "miq", "pes", "ctp", "kwd", "bul", "hin", "mos", "mil", "tur", "gub", "xpe", "nhg", "kpw", "cco", "eus", "pap", "amp", "teo", "tzj", "amh", "pol", "spp", "zul", "swe", "mbc", "ary", "khm", "xsm", "snc", "urb"], "lang_embeds_length": 118, "lang_length": 118}, "dev": {"report": {"0": {"precision": 1.0, "recall": 1.0, "f1-score": 1.0, "support": 8}, "1": {"precision": 1.0, "recall": 1.0, "f1-score": 1.0, "support": 4}, "accuracy": 1.0, "macro avg": {"precision": 1.0, "recall": 1.0, "f1-score": 1.0, "support": 12}, "weighted avg": {"precision": 1.0, "recall": 1.0, "f1-score": 1.0, "support": 12}}, "loss": "0.19459249", "lang_embeds": ["zai", "bzd", "qvi", "pma", "plt", "apy", "naq", "cco", "miq", "fuv", "som", "pad"], "lang_embeds_length": 12, "lang_length": 12}, "test": {"report": {"0": {"precision": 0.5454545454545454, "recall": 0.75, "f1-score": 0.631578947368421, "support": 8}, "1": {"precision": 0.0, "recall": 0.0, "f1-score": 0.0, "support": 5}, "accuracy": 0.46153846153846156, "macro avg": {"precision": 0.2727272727272727, "recall": 0.375, "f1-score": 0.3157894736842105, "support": 13}, "weighted avg": {"precision": 0.3356643356643356, "recall": 0.46153846153846156, "f1-score": 0.38866396761133604, "support": 13}}, "acc": 0.4615384638309479, "lang_embeds": ["nep", "ilo", "ben", "tat", "ton", "lus", "che", "gla", "ces", "lug", "rmy", "cym", "ium"], "lang_embeds_length": 13, "lang_length": 13}, "test_zs": {"report": {"0": {"precision": 0.6153846153846154, "recall": 1.0, "f1-score": 0.761904761904762, "support": 8}, "1": {"precision": 0.0, "recall": 0.0, "f1-score": 0.0, "support": 5}, "accuracy": 0.6153846153846154, "macro avg": {"precision": 0.3076923076923077, "recall": 0.5, "f1-score": 0.380952380952381, "support": 13}, "weighted avg": {"precision": 0.37869822485207105, "recall": 0.6153846153846154, "f1-score": 0.4688644688644689, "support": 13}}, "acc": 0.6153846383094788, "lang_embeds": [], "lang_embeds_length": 0, "lang_length": 13}}