{"feature_name": "Tone", "feature_id": "13A", "epoch": 0, "train": {"report": {"0": {"precision": 0.6233766233766234, "recall": 0.6233766233766234, "f1-score": 0.6233766233766234, "support": 77}, "1": {"precision": 0.25, "recall": 0.20689655172413793, "f1-score": 0.22641509433962265, "support": 29}, "2": {"precision": 0.2857142857142857, "recall": 0.34782608695652173, "f1-score": 0.3137254901960784, "support": 23}, "accuracy": 0.4806201550387597, "macro avg": {"precision": 0.3863636363636364, "recall": 0.39269975401909435, "f1-score": 0.3878390693041081, "support": 129}, "weighted avg": {"precision": 0.4792358803986711, "recall": 0.4806201550387597, "f1-score": 0.4789280931035571, "support": 129}}, "loss": "2.6380792", "lang_embeds": [], "lang_embeds_length": 0, "lang_length": 129}, "dev": {"report": {"0": {"precision": 0.6666666666666666, "recall": 1.0, "f1-score": 0.8, "support": 10}, "1": {"precision": 0.0, "recall": 0.0, "f1-score": 0.0, "support": 2}, "2": {"precision": 0.0, "recall": 0.0, "f1-score": 0.0, "support": 3}, "accuracy": 0.6666666666666666, "macro avg": {"precision": 0.2222222222222222, "recall": 0.3333333333333333, "f1-score": 0.26666666666666666, "support": 15}, "weighted avg": {"precision": 0.4444444444444444, "recall": 0.6666666666666666, "f1-score": 0.5333333333333333, "support": 15}}, "loss": "1.0805719", "lang_embeds": [], "lang_embeds_length": 0, "lang_length": 15}, "test": {"report": {"0": {"precision": 0.8666666666666667, "recall": 1.0, "f1-score": 0.9285714285714286, "support": 13}, "2": {"precision": 0.0, "recall": 0.0, "f1-score": 0.0, "support": 2}, "accuracy": 0.8666666666666667, "macro avg": {"precision": 0.43333333333333335, "recall": 0.5, "f1-score": 0.4642857142857143, "support": 15}, "weighted avg": {"precision": 0.7511111111111112, "recall": 0.8666666666666667, "f1-score": 0.8047619047619048, "support": 15}}, "acc": 0.8666666746139526, "lang_embeds": [], "lang_embeds_length": 0, "lang_length": 15}, "test_zs": {"report": {"0": {"precision": 0.8666666666666667, "recall": 1.0, "f1-score": 0.9285714285714286, "support": 13}, "2": {"precision": 0.0, "recall": 0.0, "f1-score": 0.0, "support": 2}, "accuracy": 0.8666666666666667, "macro avg": {"precision": 0.43333333333333335, "recall": 0.5, "f1-score": 0.4642857142857143, "support": 15}, "weighted avg": {"precision": 0.7511111111111112, "recall": 0.8666666666666667, "f1-score": 0.8047619047619048, "support": 15}}, "acc": 0.8666666746139526, "lang_embeds": [], "lang_embeds_length": 0, "lang_length": 15}}