{"feature_name": "Coding_of_Nominal_Plurality", "feature_id": "33A", "epoch": 0, "train": {"report": {"0": {"precision": 0.7325870646766169, "recall": 0.8354609929078014, "f1-score": 0.7806494367130551, "support": 705}, "1": {"precision": 0.7491039426523297, "recall": 0.6371951219512195, "f1-score": 0.6886326194398682, "support": 328}, "2": {"precision": 0.7563025210084033, "recall": 0.5806451612903226, "f1-score": 0.6569343065693432, "support": 155}, "3": {"precision": 0.6391752577319587, "recall": 0.5166666666666667, "f1-score": 0.5714285714285715, "support": 120}, "4": {"precision": 0.6417910447761194, "recall": 0.5058823529411764, "f1-score": 0.5657894736842106, "support": 85}, "5": {"precision": 0.6721311475409836, "recall": 0.5394736842105263, "f1-score": 0.5985401459854015, "support": 76}, "6": {"precision": 0.4, "recall": 0.5714285714285714, "f1-score": 0.47058823529411764, "support": 21}, "7": {"precision": 0.09523809523809523, "recall": 0.4, "f1-score": 0.15384615384615385, "support": 5}, "8": {"precision": 0.09090909090909091, "recall": 0.4, "f1-score": 0.14814814814814814, "support": 5}, "accuracy": 0.7, "macro avg": {"precision": 0.530804240503733, "recall": 0.5540836168218094, "f1-score": 0.5149507879009856, "support": 1500}, "weighted avg": {"precision": 0.714048558280625, "recall": 0.7, "f1-score": 0.7010660526385691, "support": 1500}}, "loss": "0.967562", "lang_embeds": ["des", "ron", "nav", "xho", "cav", "mua", "ntp", "trc", "cme", "mbb", "ind", "hto", "sll", "urt", "sag", "ell", "ibo", "spl", "hop", "tbl", "bcl", "shp", "nak", "nnb", "azb", "stp", "mam", "qvi", "plt", "amn", "nyn", "kac", "taq", "fub", "iba", "apu", "ycn", "fon", "aey", "agt", "auc", "dow", "tee", "huv", "guc", "kwi", "bdh", "hix", "nld", "ksf", "bom", "lif", "yad", "tbc", "tlf", "yor", "cnh", "yaq", "kor", "apr", "adj", "mio", "bmr", "niy", "duo", "nmf", "moc", "ghs", "ape", "mya", "lcm", "rus", "pad", "plu", "tam", "tgl", "arn", "aia", "nko", "ssd", "ign", "mri", "gvf", "vie", "kto", "mjw", "huu", "for", "lww", "emi", "kyz", "mqy", "nuy", "hla", "lhu", "xbi", "tsz", "kms", "kbc", "pbb", "geb", "csy", "snp", "sey", "ong", "sna", "apt", "yle", "deu", "khk", "byr", "yrb", "cle", "urd", "cbr", "nhu", "hye", "spa", "kki", "nzm", "enx", "ctd", "lav", "emp", "gym", "alp", "bsn", "naf", "mmn", "tsg", "est", "mhx", "apy", "tob", "gmv", "amk", "tzo", "tpt", "kpx", "tvk", "izz", "tna", "mph", "car", "ood", "gle", "fra", "tac", "njb", "bzd", "cap", "mig", "mie", "hch", "cab", "tca", "noa", "apn", "qvh", "aom", "kyq", "awb", "lbj", "hus", "cao", "naq", "sat", "ach", "xed", "hun", "som", "ewe", "myu", "nbc", "mzh", "sba", "hau", "sja", "mrg", "okv", "plg", "mpt", "pma", "fin", "caq", "blw", "ncl", "dis", "swh", "jpn", "ncj", "adi", "gah", "nso", "zai", "mpm", "mva", "miq", "uig", "kmo", "pes", "ctp", "tuo", "cof", "kwd", "btx", "toi", "bul", "usa", "hin", "aoj", "ppo", "aca", "njo", "mil", "jiv", "tur", "kbh", "ndi", "chf", "wed", "xav", "cak", "tbg", "cbc", "xpe", "gso", "kpj", "nhg", "kpw", "chq", "laj", "nya", "cco", "viv", "ilb", "trp", "eus", "nob", "amp", "teo", "ese", "ura", "lam", "cax", "mcn", "mco", "opm", "snn", "njz", "tzj", "amh", "bhg", "wib", "djk", "pol", "spp", "ann", "pao", "tfr", "cpa", "zul", "nbl", "nst", "mbc", "ary", "esu", "khm", "snc", "yaa", "gvn", "zaw", "ndo", "sbe", "sua", "myb", "ses", "urb"], "lang_embeds_length": 278, "lang_length": 278}, "dev": {"report": {"0": {"precision": 1.0, "recall": 1.0, "f1-score": 1.0, "support": 19}, "1": {"precision": 1.0, "recall": 1.0, "f1-score": 1.0, "support": 3}, "2": {"precision": 1.0, "recall": 1.0, "f1-score": 1.0, "support": 1}, "4": {"precision": 1.0, "recall": 1.0, "f1-score": 1.0, "support": 2}, "6": {"precision": 1.0, "recall": 1.0, "f1-score": 1.0, "support": 1}, "7": {"precision": 1.0, "recall": 1.0, "f1-score": 1.0, "support": 1}, "8": {"precision": 1.0, "recall": 1.0, "f1-score": 1.0, "support": 1}, "accuracy": 1.0, "macro avg": {"precision": 1.0, "recall": 1.0, "f1-score": 1.0, "support": 28}, "weighted avg": {"precision": 1.0, "recall": 1.0, "f1-score": 1.0, "support": 28}}, "loss": "0.20057826", "lang_embeds": ["tac", "jiv", "tca", "tbg", "xpe", "nak", "trp", "sat", "nyn", "kac", "cax", "dow", "sba", "byr", "bdh", "okv", "cbr", "nbl", "alp", "nst", "niy", "est", "ghs", "pes", "apy", "tob", "sbe", "plu"], "lang_embeds_length": 28, "lang_length": 28}, "test": {"report": {"0": {"precision": 0.7, "recall": 0.7368421052631579, "f1-score": 0.717948717948718, "support": 19}, "1": {"precision": 0.4, "recall": 0.4, "f1-score": 0.4000000000000001, "support": 5}, "2": {"precision": 0.0, "recall": 0.0, "f1-score": 0.0, "support": 2}, "3": {"precision": 0.0, "recall": 0.0, "f1-score": 0.0, "support": 1}, "4": {"precision": 0.0, "recall": 0.0, "f1-score": 0.0, "support": 1}, "5": {"precision": 0.0, "recall": 0.0, "f1-score": 0.0, "support": 1}, "accuracy": 0.5517241379310345, "macro avg": {"precision": 0.18333333333333335, "recall": 0.18947368421052632, "f1-score": 0.18632478632478633, "support": 29}, "weighted avg": {"precision": 0.5275862068965517, "recall": 0.5517241379310345, "f1-score": 0.5393457117595049, "support": 29}}, "acc": 0.5517241358757019, "lang_embeds": ["mai", "gla", "tyv", "lit", "tet", "ukr", "por", "kik", "slv", "cor", "smo", "lus", "bre", "lug", "cym", "swe", "wbp", "ckb", "dan", "nep", "nog", "tat", "tih", "ton", "che", "ita", "ces", "tgk", "ium"], "lang_embeds_length": 29, "lang_length": 29}, "test_zs": {"report": {"0": {"precision": 0.0, "recall": 0.0, "f1-score": 0.0, "support": 19.0}, "1": {"precision": 0.0, "recall": 0.0, "f1-score": 0.0, "support": 5.0}, "2": {"precision": 0.0, "recall": 0.0, "f1-score": 0.0, "support": 2.0}, "3": {"precision": 0.0, "recall": 0.0, "f1-score": 0.0, "support": 1.0}, "4": {"precision": 0.0, "recall": 0.0, "f1-score": 0.0, "support": 1.0}, "5": {"precision": 0.0, "recall": 0.0, "f1-score": 0.0, "support": 1.0}, "8": {"precision": 0.0, "recall": 0.0, "f1-score": 0.0, "support": 0.0}, "accuracy": 0.0, "macro avg": {"precision": 0.0, "recall": 0.0, "f1-score": 0.0, "support": 29.0}, "weighted avg": {"precision": 0.0, "recall": 0.0, "f1-score": 0.0, "support": 29.0}}, "acc": 0.0, "lang_embeds": [], "lang_embeds_length": 0, "lang_length": 29}}