{"feature_name": "Number_of_Cases", "feature_id": "49A", "epoch": 0, "train": {"report": {"0": {"precision": 0.6704545454545454, "recall": 0.5619047619047619, "f1-score": 0.6113989637305699, "support": 105}, "1": {"precision": 0.375, "recall": 0.4090909090909091, "f1-score": 0.3913043478260869, "support": 22}, "2": {"precision": 0.45, "recall": 0.42857142857142855, "f1-score": 0.4390243902439024, "support": 21}, "3": {"precision": 0.4074074074074074, "recall": 0.5789473684210527, "f1-score": 0.47826086956521735, "support": 19}, "4": {"precision": 0.375, "recall": 0.42857142857142855, "f1-score": 0.39999999999999997, "support": 21}, "5": {"precision": 0.47368421052631576, "recall": 0.47368421052631576, "f1-score": 0.47368421052631576, "support": 19}, "6": {"precision": 0.375, "recall": 0.3333333333333333, "f1-score": 0.35294117647058826, "support": 9}, "7": {"precision": 0.4, "recall": 0.5714285714285714, "f1-score": 0.47058823529411764, "support": 7}, "8": {"precision": 0.125, "recall": 0.2, "f1-score": 0.15384615384615385, "support": 5}, "accuracy": 0.5, "macro avg": {"precision": 0.40572735148758543, "recall": 0.44283689020531125, "f1-score": 0.4190053719447724, "support": 228}, "weighted avg": {"precision": 0.5241818772520527, "recall": 0.5, "f1-score": 0.5076836603739899, "support": 228}}, "loss": "1.7015148", "lang_embeds": ["nav", "ind", "hto", "sag", "ell", "ibo", "shp", "qvi", "plt", "fub", "aey", "apu", "huv", "tha", "kwi", "nld", "arl", "hix", "fij", "yad", "yor", "yaq", "kor", "niy", "mwp", "ape", "mya", "rus", "pad", "tgl", "arn", "vie", "mri", "wnu", "nuy", "pbb", "deu", "khk", "ame", "cle", "urd", "hye", "spa", "lav", "bsn", "est", "mph", "car", "gle", "fra", "kin", "bzd", "mig", "otm", "lbj", "naq", "dgz", "hun", "ewe", "som", "mzh", "hau", "sja", "pma", "fin", "swh", "jpn", "pes", "btx", "tur", "sue", "nhg", "laj", "kpw", "eus", "amp", "amh", "djk", "pol", "spp", "zul", "esu", "khm", "ses", "urb"], "lang_embeds_length": 85, "lang_length": 85}, "dev": {"report": {"0": {"precision": 1.0, "recall": 1.0, "f1-score": 1.0, "support": 4}, "3": {"precision": 1.0, "recall": 1.0, "f1-score": 1.0, "support": 1}, "4": {"precision": 1.0, "recall": 1.0, "f1-score": 1.0, "support": 2}, "5": {"precision": 1.0, "recall": 1.0, "f1-score": 1.0, "support": 1}, "8": {"precision": 1.0, "recall": 1.0, "f1-score": 1.0, "support": 1}, "accuracy": 1.0, "macro avg": {"precision": 1.0, "recall": 1.0, "f1-score": 1.0, "support": 9}, "weighted avg": {"precision": 1.0, "recall": 1.0, "f1-score": 1.0, "support": 9}}, "loss": "0.9687787", "lang_embeds": ["amh", "nav", "ame", "cle", "kpw", "naq", "mwp", "plt", "sue"], "lang_embeds_length": 9, "lang_length": 9}, "test": {"report": {"0": {"precision": 0.625, "recall": 1.0, "f1-score": 0.7692307692307693, "support": 5}, "1": {"precision": 0.0, "recall": 0.0, "f1-score": 0.0, "support": 2}, "3": {"precision": 0.0, "recall": 0.0, "f1-score": 0.0, "support": 0}, "4": {"precision": 0.0, "recall": 0.0, "f1-score": 0.0, "support": 2}, "accuracy": 0.5555555555555556, "macro avg": {"precision": 0.15625, "recall": 0.25, "f1-score": 0.19230769230769232, "support": 9}, "weighted avg": {"precision": 0.3472222222222222, "recall": 0.5555555555555556, "f1-score": 0.4273504273504274, "support": 9}}, "acc": 0.5555555820465088, "lang_embeds": ["ron", "ilo", "lit", "ita", "rmy", "cym", "swe", "cat", "bul"], "lang_embeds_length": 9, "lang_length": 9}, "test_zs": {"report": {"0": {"precision": 0.0, "recall": 0.0, "f1-score": 0.0, "support": 5.0}, "1": {"precision": 0.0, "recall": 0.0, "f1-score": 0.0, "support": 2.0}, "2": {"precision": 0.0, "recall": 0.0, "f1-score": 0.0, "support": 0.0}, "4": {"precision": 0.0, "recall": 0.0, "f1-score": 0.0, "support": 2.0}, "accuracy": 0.0, "macro avg": {"precision": 0.0, "recall": 0.0, "f1-score": 0.0, "support": 9.0}, "weighted avg": {"precision": 0.0, "recall": 0.0, "f1-score": 0.0, "support": 9.0}}, "acc": 0.0, "lang_embeds": [], "lang_embeds_length": 0, "lang_length": 9}}