{"feature_name": "Tone", "feature_id": "13A", "epoch": 0, "train": {"report": {"0": {"precision": 0.8580375782881002, "recall": 0.8763326226012793, "f1-score": 0.8670886075949367, "support": 469}, "1": {"precision": 0.782608695652174, "recall": 0.7411764705882353, "f1-score": 0.7613293051359518, "support": 170}, "2": {"precision": 0.6985294117647058, "recall": 0.6934306569343066, "f1-score": 0.695970695970696, "support": 137}, "accuracy": 0.8144329896907216, "macro avg": {"precision": 0.7797252285683266, "recall": 0.7703132500412737, "f1-score": 0.7747962029005282, "support": 776}, "weighted avg": {"precision": 0.8133526184146304, "recall": 0.8144329896907216, "f1-score": 0.8137094383803125, "support": 776}}, "loss": "0.5543143", "lang_embeds": ["nav", "ind", "sag", "ell", "ibo", "hop", "shp", "roo", "plt", "iba", "aey", "kac", "apu", "ycn", "auc", "dow", "huv", "wap", "kwi", "tha", "hix", "arl", "mto", "bom", "fij", "yua", "yad", "yor", "jic", "yaq", "kor", "bmr", "cbv", "niy", "mwp", "ape", "mya", "cag", "rus", "pad", "tgl", "arn", "vie", "mri", "wnu", "huu", "ote", "mbl", "cub", "wrk", "nuy", "lhu", "tsz", "pbb", "yle", "deu", "yrb", "khk", "cle", "ame", "tzh", "nhu", "hye", "ivv", "spa", "faa", "tsg", "ctd", "lav", "ald", "mph", "tna", "yss", "car", "ood", "etu", "kup", "fra", "kvn", "bao", "mig", "tca", "apn", "daa", "hus", "lbj", "srq", "naq", "amu", "hun", "ewe", "som", "mzh", "hau", "gbr", "quh", "beq", "sja", "pma", "fin", "bvr", "wim", "swh", "rro", "maq", "jpn", "kss", "ncj", "mps", "pes", "ctp", "kwd", "btx", "wnc", "hin", "nab", "njo", "tur", "kbh", "tiy", "sue", "xpe", "agm", "nhg", "kpw", "chq", "laj", "eus", "nob", "amp", "ake", "yva", "njz", "amh", "djk", "bkq", "spp", "zul", "khm", "top", "gvn", "byx", "bba", "urb"], "lang_embeds_length": 144, "lang_length": 144}, "dev": {"report": {"0": {"precision": 1.0, "recall": 1.0, "f1-score": 1.0, "support": 8}, "1": {"precision": 1.0, "recall": 1.0, "f1-score": 1.0, "support": 4}, "2": {"precision": 1.0, "recall": 1.0, "f1-score": 1.0, "support": 2}, "accuracy": 1.0, "macro avg": {"precision": 1.0, "recall": 1.0, "f1-score": 1.0, "support": 14}, "weighted avg": {"precision": 1.0, "recall": 1.0, "f1-score": 1.0, "support": 14}}, "loss": "0.12235461", "lang_embeds": ["kwi", "srq", "naq", "nhu", "pbb", "pes", "gvn", "ood", "apn", "swh", "faa", "sag", "sue", "cub"], "lang_embeds_length": 14, "lang_length": 14}, "test": {"report": {"0": {"precision": 0.8181818181818182, "recall": 0.6923076923076923, "f1-score": 0.7500000000000001, "support": 13}, "1": {"precision": 0.0, "recall": 0.0, "f1-score": 0.0, "support": 0}, "2": {"precision": 0.0, "recall": 0.0, "f1-score": 0.0, "support": 2}, "accuracy": 0.6, "macro avg": {"precision": 0.27272727272727276, "recall": 0.23076923076923075, "f1-score": 0.25000000000000006, "support": 15}, "weighted avg": {"precision": 0.7090909090909091, "recall": 0.6, "f1-score": 0.6500000000000001, "support": 15}}, "acc": 0.6000000238418579, "lang_embeds": ["ron", "nep", "ben", "pol", "ckb", "tet", "kgp", "snd", "bre", "jav", "shn", "ium", "cat", "tyv", "bul"], "lang_embeds_length": 15, "lang_length": 15}, "test_zs": {"report": {"0": {"precision": 0.0, "recall": 0.0, "f1-score": 0.0, "support": 13}, "2": {"precision": 0.13333333333333333, "recall": 1.0, "f1-score": 0.23529411764705882, "support": 2}, "accuracy": 0.13333333333333333, "macro avg": {"precision": 0.06666666666666667, "recall": 0.5, "f1-score": 0.11764705882352941, "support": 15}, "weighted avg": {"precision": 0.017777777777777778, "recall": 0.13333333333333333, "f1-score": 0.03137254901960784, "support": 15}}, "acc": 0.13333334028720856, "lang_embeds": [], "lang_embeds_length": 0, "lang_length": 15}}