{"feature_name": "Predicative_Adjectives", "feature_id": "118A", "epoch": 0, "train": {"report": {"0": {"precision": 0.24175824175824176, "recall": 0.18106995884773663, "f1-score": 0.2070588235294118, "support": 243}, "1": {"precision": 0.36962750716332377, "recall": 0.4402730375426621, "f1-score": 0.4018691588785046, "support": 293}, "2": {"precision": 0.2985781990521327, "recall": 0.3058252427184466, "f1-score": 0.3021582733812949, "support": 206}, "accuracy": 0.31805929919137466, "macro avg": {"precision": 0.30332131599123274, "recall": 0.3090560797029484, "f1-score": 0.30369541859640375, "support": 742}, "weighted avg": {"precision": 0.3080259047855067, "recall": 0.31805929919137466, "f1-score": 0.3103875498458163, "support": 742}}, "loss": "1.434357", "lang_embeds": [], "lang_embeds_length": 0, "lang_length": 118}, "dev": {"report": {"0": {"precision": 0.0, "recall": 0.0, "f1-score": 0.0, "support": 4}, "1": {"precision": 0.5833333333333334, "recall": 1.0, "f1-score": 0.7368421052631579, "support": 7}, "2": {"precision": 0.0, "recall": 0.0, "f1-score": 0.0, "support": 1}, "accuracy": 0.5833333333333334, "macro avg": {"precision": 0.19444444444444445, "recall": 0.3333333333333333, "f1-score": 0.24561403508771928, "support": 12}, "weighted avg": {"precision": 0.34027777777777785, "recall": 0.5833333333333334, "f1-score": 0.4298245614035088, "support": 12}}, "loss": "0.95786595", "lang_embeds": [], "lang_embeds_length": 0, "lang_length": 12}, "test": {"report": {"0": {"precision": 0.0, "recall": 0.0, "f1-score": 0.0, "support": 4}, "1": {"precision": 0.6153846153846154, "recall": 1.0, "f1-score": 0.761904761904762, "support": 8}, "2": {"precision": 0.0, "recall": 0.0, "f1-score": 0.0, "support": 1}, "accuracy": 0.6153846153846154, "macro avg": {"precision": 0.20512820512820515, "recall": 0.3333333333333333, "f1-score": 0.253968253968254, "support": 13}, "weighted avg": {"precision": 0.37869822485207105, "recall": 0.6153846153846154, "f1-score": 0.4688644688644689, "support": 13}}, "acc": 0.6153846383094788, "lang_embeds": [], "lang_embeds_length": 0, "lang_length": 13}, "test_zs": {"report": {"0": {"precision": 0.0, "recall": 0.0, "f1-score": 0.0, "support": 4}, "1": {"precision": 0.6153846153846154, "recall": 1.0, "f1-score": 0.761904761904762, "support": 8}, "2": {"precision": 0.0, "recall": 0.0, "f1-score": 0.0, "support": 1}, "accuracy": 0.6153846153846154, "macro avg": {"precision": 0.20512820512820515, "recall": 0.3333333333333333, "f1-score": 0.253968253968254, "support": 13}, "weighted avg": {"precision": 0.37869822485207105, "recall": 0.6153846153846154, "f1-score": 0.4688644688644689, "support": 13}}, "acc": 0.6153846383094788, "lang_embeds": [], "lang_embeds_length": 0, "lang_length": 13}}