{"feature_name": "Weight_Factors_in_Weight-Sensitive_Stress_Systems", "feature_id": "16A", "epoch": 0, "train": {"report": {"0": {"precision": 0.7925925925925926, "recall": 0.7670250896057348, "f1-score": 0.7795992714025501, "support": 279}, "1": {"precision": 0.6444444444444445, "recall": 0.453125, "f1-score": 0.5321100917431193, "support": 64}, "2": {"precision": 0.5227272727272727, "recall": 0.575, "f1-score": 0.5476190476190476, "support": 40}, "3": {"precision": 0.56, "recall": 0.7777777777777778, "f1-score": 0.6511627906976745, "support": 36}, "4": {"precision": 0.6, "recall": 0.673469387755102, "f1-score": 0.6346153846153846, "support": 49}, "5": {"precision": 0.6885245901639344, "recall": 0.6774193548387096, "f1-score": 0.6829268292682927, "support": 62}, "6": {"precision": 0.5483870967741935, "recall": 0.6538461538461539, "f1-score": 0.5964912280701755, "support": 26}, "accuracy": 0.6942446043165468, "macro avg": {"precision": 0.6223822852432053, "recall": 0.653951823403354, "f1-score": 0.6320749490594635, "support": 556}, "weighted avg": {"precision": 0.7010673701315857, "recall": 0.6942446043165468, "f1-score": 0.6939860686211544, "support": 556}}, "loss": "1.0829995", "lang_embeds": ["des", "ron", "cav", "pib", "ind", "xsi", "kaq", "ell", "spl", "hop", "kje", "bcl", "shp", "stp", "qvi", "mam", "plt", "aey", "apu", "ptu", "auc", "cjo", "cat", "nld", "hix", "fij", "jic", "yaq", "aii", "ape", "mqj", "rus", "pad", "tgl", "arn", "aia", "ssd", "mri", "agu", "wnu", "poh", "for", "cub", "wrk", "mqy", "nuy", "tsz", "lit", "sda", "yle", "deu", "khk", "cle", "hye", "spa", "lex", "bre", "lav", "alp", "cym", "quc", "mkd", "est", "tzo", "tbo", "tvk", "inb", "wer", "mph", "tna", "car", "gle", "fra", "ceb", "gla", "avt", "hus", "wmt", "por", "dhg", "hun", "mzh", "blz", "sja", "pma", "fin", "kgk", "leu", "bvr", "swh", "rro", "mbt", "mva", "pes", "miq", "nwi", "quy", "kwd", "btx", "hin", "nab", "aca", "tur", "tiy", "nhg", "kpw", "laj", "nob", "amp", "ese", "ons", "djk", "pol", "spp", "zul", "swe", "mbc", "esu", "nep", "khm", "prs", "gvn", "ita", "urb"], "lang_embeds_length": 124, "lang_length": 124}, "dev": {"report": {"0": {"precision": 1.0, "recall": 1.0, "f1-score": 1.0, "support": 9}, "2": {"precision": 1.0, "recall": 1.0, "f1-score": 1.0, "support": 2}, "4": {"precision": 1.0, "recall": 1.0, "f1-score": 1.0, "support": 1}, "accuracy": 1.0, "macro avg": {"precision": 1.0, "recall": 1.0, "f1-score": 1.0, "support": 12}, "weighted avg": {"precision": 1.0, "recall": 1.0, "f1-score": 1.0, "support": 12}}, "loss": "0.42939556", "lang_embeds": ["nhg", "ons", "kpw", "prs", "pib", "mbt", "amp", "swh", "dhg", "tna", "hop", "yle"], "lang_embeds_length": 12, "lang_length": 12}, "test": {"report": {"0": {"precision": 0.5454545454545454, "recall": 0.6666666666666666, "f1-score": 0.6, "support": 9}, "1": {"precision": 0.0, "recall": 0.0, "f1-score": 0.0, "support": 2}, "2": {"precision": 0.0, "recall": 0.0, "f1-score": 0.0, "support": 2}, "4": {"precision": 0.0, "recall": 0.0, "f1-score": 0.0, "support": 1}, "5": {"precision": 0.0, "recall": 0.0, "f1-score": 0.0, "support": 0}, "accuracy": 0.42857142857142855, "macro avg": {"precision": 0.10909090909090909, "recall": 0.13333333333333333, "f1-score": 0.12, "support": 14}, "weighted avg": {"precision": 0.3506493506493506, "recall": 0.42857142857142855, "f1-score": 0.3857142857142857, "support": 14}}, "acc": 0.4285714328289032, "lang_embeds": ["dan", "ban", "ben", "mai", "ton", "fao", "tgk", "snd", "ces", "slv", "jav", "wbp", "slk", "cor"], "lang_embeds_length": 14, "lang_length": 14}, "test_zs": {"report": {"0": {"precision": 0.0, "recall": 0.0, "f1-score": 0.0, "support": 9}, "1": {"precision": 0.0, "recall": 0.0, "f1-score": 0.0, "support": 2}, "2": {"precision": 0.0, "recall": 0.0, "f1-score": 0.0, "support": 2}, "4": {"precision": 0.07142857142857142, "recall": 1.0, "f1-score": 0.13333333333333333, "support": 1}, "accuracy": 0.07142857142857142, "macro avg": {"precision": 0.017857142857142856, "recall": 0.25, "f1-score": 0.03333333333333333, "support": 14}, "weighted avg": {"precision": 0.00510204081632653, "recall": 0.07142857142857142, "f1-score": 0.009523809523809523, "support": 14}}, "acc": 0.0714285746216774, "lang_embeds": [], "lang_embeds_length": 0, "lang_length": 14}}