{"feature_name": "Third_Person_Pronouns_and_Demonstratives", "feature_id": "43A", "epoch": 0, "train": {"report": {"0": {"precision": 0.7424242424242424, "recall": 0.6363636363636364, "f1-score": 0.6853146853146853, "support": 77}, "1": {"precision": 0.6060606060606061, "recall": 0.6060606060606061, "f1-score": 0.6060606060606061, "support": 33}, "2": {"precision": 0.56, "recall": 0.56, "f1-score": 0.56, "support": 25}, "3": {"precision": 0.4166666666666667, "recall": 0.35714285714285715, "f1-score": 0.3846153846153846, "support": 14}, "4": {"precision": 0.3333333333333333, "recall": 0.5625, "f1-score": 0.4186046511627907, "support": 16}, "5": {"precision": 0.5, "recall": 0.6666666666666666, "f1-score": 0.5714285714285715, "support": 6}, "accuracy": 0.5906432748538012, "macro avg": {"precision": 0.5264141414141414, "recall": 0.564788961038961, "f1-score": 0.5376706497636731, "support": 171}, "weighted avg": {"precision": 0.6159844054580895, "recall": 0.5906432748538012, "f1-score": 0.5981291929884341, "support": 171}}, "loss": "1.3030738", "lang_embeds": ["fra", "hin", "vie", "mri", "mig", "mie", "tur", "ind", "wnu", "sag", "mic", "cub", "abt", "nhg", "nuy", "lhu", "ven", "laj", "kpw", "qvi", "naq", "ilb", "eus", "aey", "amp", "apu", "sna", "hun", "tzj", "deu", "khk", "hau", "kwi", "hix", "sja", "cle", "fij", "djk", "pma", "tnc", "lif", "spp", "yad", "qvn", "fin", "spa", "yor", "zul", "jpn", "yaq", "bsn", "kor", "mbc", "niy", "esu", "mpm", "pes", "ape", "myb", "mph", "ses", "urb", "pad", "tgl"], "lang_embeds_length": 64, "lang_length": 64}, "dev": {"report": {"0": {"precision": 1.0, "recall": 1.0, "f1-score": 1.0, "support": 1}, "1": {"precision": 1.0, "recall": 1.0, "f1-score": 1.0, "support": 4}, "2": {"precision": 1.0, "recall": 1.0, "f1-score": 1.0, "support": 1}, "3": {"precision": 1.0, "recall": 1.0, "f1-score": 1.0, "support": 1}, "accuracy": 1.0, "macro avg": {"precision": 1.0, "recall": 1.0, "f1-score": 1.0, "support": 7}, "weighted avg": {"precision": 1.0, "recall": 1.0, "f1-score": 1.0, "support": 7}}, "loss": "0.7540285", "lang_embeds": ["mbc", "lif", "ilb", "spp", "urb", "cub", "khk"], "lang_embeds_length": 7, "lang_length": 7}, "test": {"report": {"0": {"precision": 0.3333333333333333, "recall": 0.5, "f1-score": 0.4, "support": 2}, "1": {"precision": 0.0, "recall": 0.0, "f1-score": 0.0, "support": 0}, "2": {"precision": 0.0, "recall": 0.0, "f1-score": 0.0, "support": 1}, "3": {"precision": 0.0, "recall": 0.0, "f1-score": 0.0, "support": 3}, "5": {"precision": 0.0, "recall": 0.0, "f1-score": 0.0, "support": 1}, "accuracy": 0.14285714285714285, "macro avg": {"precision": 0.06666666666666667, "recall": 0.1, "f1-score": 0.08, "support": 7}, "weighted avg": {"precision": 0.09523809523809523, "recall": 0.14285714285714285, "f1-score": 0.1142857142857143, "support": 7}}, "acc": 0.1428571492433548, "lang_embeds": ["tha", "arn", "smo", "hye", "mya", "lav", "gle"], "lang_embeds_length": 7, "lang_length": 7}, "test_zs": {"report": {"0": {"precision": 0.0, "recall": 0.0, "f1-score": 0.0, "support": 2}, "2": {"precision": 0.0, "recall": 0.0, "f1-score": 0.0, "support": 1}, "3": {"precision": 0.0, "recall": 0.0, "f1-score": 0.0, "support": 3}, "5": {"precision": 0.14285714285714285, "recall": 1.0, "f1-score": 0.25, "support": 1}, "accuracy": 0.14285714285714285, "macro avg": {"precision": 0.03571428571428571, "recall": 0.25, "f1-score": 0.0625, "support": 7}, "weighted avg": {"precision": 0.02040816326530612, "recall": 0.14285714285714285, "f1-score": 0.03571428571428571, "support": 7}}, "acc": 0.1428571492433548, "lang_embeds": [], "lang_embeds_length": 0, "lang_length": 7}}