{"feature_name": "Position_of_Tense-Aspect_Affixes", "feature_id": "69A", "epoch": 0, "train": {"report": {"0": {"precision": 0.597270955165692, "recall": 0.9563046192259675, "f1-score": 0.7353011759059275, "support": 1602}, "1": {"precision": 0.10344827586206896, "recall": 0.010752688172043012, "f1-score": 0.01948051948051948, "support": 279}, "2": {"precision": 0.09090909090909091, "recall": 0.009070294784580499, "f1-score": 0.016494845360824743, "support": 441}, "3": {"precision": 0.1724137931034483, "recall": 0.015873015873015872, "f1-score": 0.029069767441860465, "support": 315}, "4": {"precision": 0.0, "recall": 0.0, "f1-score": 0.0, "support": 36}, "accuracy": 0.5776281331836888, "macro avg": {"precision": 0.19280842300806003, "recall": 0.1984001236111214, "f1-score": 0.16006926163782645, "support": 2673}, "weighted avg": {"precision": 0.40407459523361433, "recall": 0.5776281331836888, "f1-score": 0.44886597541514045, "support": 2673}}, "loss": "1.3912774", "lang_embeds": [], "lang_embeds_length": 0, "lang_length": 297}, "dev": {"report": {"0": {"precision": 0.6551724137931034, "recall": 1.0, "f1-score": 0.7916666666666666, "support": 19}, "1": {"precision": 0.0, "recall": 0.0, "f1-score": 0.0, "support": 2}, "2": {"precision": 0.0, "recall": 0.0, "f1-score": 0.0, "support": 6}, "3": {"precision": 0.0, "recall": 0.0, "f1-score": 0.0, "support": 2}, "accuracy": 0.6551724137931034, "macro avg": {"precision": 0.16379310344827586, "recall": 0.25, "f1-score": 0.19791666666666666, "support": 29}, "weighted avg": {"precision": 0.42925089179548154, "recall": 0.6551724137931034, "f1-score": 0.5186781609195402, "support": 29}}, "loss": "1.0702513", "lang_embeds": [], "lang_embeds_length": 0, "lang_length": 29}, "test": {"report": {"0": {"precision": 0.5483870967741935, "recall": 1.0, "f1-score": 0.7083333333333333, "support": 17}, "1": {"precision": 0.0, "recall": 0.0, "f1-score": 0.0, "support": 5}, "2": {"precision": 0.0, "recall": 0.0, "f1-score": 0.0, "support": 2}, "3": {"precision": 0.0, "recall": 0.0, "f1-score": 0.0, "support": 7}, "accuracy": 0.5483870967741935, "macro avg": {"precision": 0.13709677419354838, "recall": 0.25, "f1-score": 0.17708333333333331, "support": 31}, "weighted avg": {"precision": 0.3007284079084287, "recall": 0.5483870967741935, "f1-score": 0.38844086021505375, "support": 31}}, "acc": 0.5483871102333069, "lang_embeds": [], "lang_embeds_length": 0, "lang_length": 31}, "test_zs": {"report": {"0": {"precision": 0.5483870967741935, "recall": 1.0, "f1-score": 0.7083333333333333, "support": 17}, "1": {"precision": 0.0, "recall": 0.0, "f1-score": 0.0, "support": 5}, "2": {"precision": 0.0, "recall": 0.0, "f1-score": 0.0, "support": 2}, "3": {"precision": 0.0, "recall": 0.0, "f1-score": 0.0, "support": 7}, "accuracy": 0.5483870967741935, "macro avg": {"precision": 0.13709677419354838, "recall": 0.25, "f1-score": 0.17708333333333331, "support": 31}, "weighted avg": {"precision": 0.3007284079084287, "recall": 0.5483870967741935, "f1-score": 0.38844086021505375, "support": 31}}, "acc": 0.5483871102333069, "lang_embeds": [], "lang_embeds_length": 0, "lang_length": 31}}