{"feature_name": "Inclusive/Exclusive_Distinction_in_Verbal_Inflection", "feature_id": "40A", "epoch": 0, "train": {"report": {"0": {"precision": 0.8045977011494253, "recall": 0.7291666666666666, "f1-score": 0.7650273224043717, "support": 96}, "1": {"precision": 0.7831325301204819, "recall": 0.7142857142857143, "f1-score": 0.7471264367816092, "support": 91}, "2": {"precision": 0.48484848484848486, "recall": 0.7619047619047619, "f1-score": 0.5925925925925926, "support": 21}, "3": {"precision": 0.5, "recall": 0.75, "f1-score": 0.6, "support": 12}, "4": {"precision": 0.5454545454545454, "recall": 0.5, "f1-score": 0.5217391304347826, "support": 12}, "accuracy": 0.7155172413793104, "macro avg": {"precision": 0.6236066523145876, "recall": 0.6910714285714286, "f1-score": 0.6452970964426712, "support": 232}, "weighted avg": {"precision": 0.7380763460283681, "recall": 0.7155172413793104, "f1-score": 0.7212777702914136, "support": 232}}, "loss": "0.9887837", "lang_embeds": ["fra", "nav", "hin", "bzd", "vie", "mri", "mig", "tur", "wnu", "huu", "ind", "sag", "ell", "ibo", "sue", "shp", "lbj", "nhg", "nuy", "kpw", "laj", "naq", "qvi", "eus", "plt", "dgz", "amp", "aey", "apu", "ewe", "hun", "btx", "mzh", "deu", "khk", "kwi", "hau", "hix", "cle", "sja", "djk", "pma", "fin", "spp", "yad", "yor", "swh", "spa", "zul", "jpn", "yaq", "bsn", "kor", "niy", "esu", "khm", "car", "pes", "ape", "rus", "mph", "ses", "urb", "pad", "tgl"], "lang_embeds_length": 65, "lang_length": 65}, "dev": {"report": {"0": {"precision": 1.0, "recall": 1.0, "f1-score": 1.0, "support": 4}, "1": {"precision": 1.0, "recall": 1.0, "f1-score": 1.0, "support": 2}, "2": {"precision": 1.0, "recall": 1.0, "f1-score": 1.0, "support": 1}, "accuracy": 1.0, "macro avg": {"precision": 1.0, "recall": 1.0, "f1-score": 1.0, "support": 7}, "weighted avg": {"precision": 1.0, "recall": 1.0, "f1-score": 1.0, "support": 7}}, "loss": "0.30376536", "lang_embeds": ["esu", "qvi", "huu", "apu", "ses", "sue", "shp"], "lang_embeds_length": 7, "lang_length": 7}, "test": {"report": {"0": {"precision": 1.0, "recall": 0.5, "f1-score": 0.6666666666666666, "support": 4}, "1": {"precision": 0.6666666666666666, "recall": 0.6666666666666666, "f1-score": 0.6666666666666666, "support": 3}, "2": {"precision": 0.0, "recall": 0.0, "f1-score": 0.0, "support": 0}, "4": {"precision": 0.0, "recall": 0.0, "f1-score": 0.0, "support": 0}, "accuracy": 0.5714285714285714, "macro avg": {"precision": 0.41666666666666663, "recall": 0.29166666666666663, "f1-score": 0.3333333333333333, "support": 7}, "weighted avg": {"precision": 0.8571428571428571, "recall": 0.5714285714285714, "f1-score": 0.6666666666666666, "support": 7}}, "acc": 0.5714285969734192, "lang_embeds": ["tha", "arn", "fij", "hye", "mya", "lav", "gle"], "lang_embeds_length": 7, "lang_length": 7}, "test_zs": {"report": {"0": {"precision": 0.0, "recall": 0.0, "f1-score": 0.0, "support": 4.0}, "1": {"precision": 0.0, "recall": 0.0, "f1-score": 0.0, "support": 3.0}, "3": {"precision": 0.0, "recall": 0.0, "f1-score": 0.0, "support": 0.0}, "accuracy": 0.0, "macro avg": {"precision": 0.0, "recall": 0.0, "f1-score": 0.0, "support": 7.0}, "weighted avg": {"precision": 0.0, "recall": 0.0, "f1-score": 0.0, "support": 7.0}}, "acc": 0.0, "lang_embeds": [], "lang_embeds_length": 0, "lang_length": 7}}