{"feature_name": "Sex-based_and_Non-sex-based_Gender_Systems", "feature_id": "31A", "epoch": 0, "train": {"report": {"0": {"precision": 0.5515695067264574, "recall": 0.6648648648648648, "f1-score": 0.6029411764705883, "support": 185}, "1": {"precision": 0.1323529411764706, "recall": 0.10714285714285714, "f1-score": 0.11842105263157895, "support": 84}, "2": {"precision": 0.0, "recall": 0.0, "f1-score": 0.0, "support": 41}, "accuracy": 0.4258064516129032, "macro avg": {"precision": 0.227974149300976, "recall": 0.25733590733590733, "f1-score": 0.2404540763673891, "support": 310}, "weighted avg": {"precision": 0.3650258251716714, "recall": 0.4258064516129032, "f1-score": 0.3919080195745531, "support": 310}}, "loss": "1.7668532", "lang_embeds": [], "lang_embeds_length": 0, "lang_length": 69}, "dev": {"report": {"0": {"precision": 0.8571428571428571, "recall": 1.0, "f1-score": 0.923076923076923, "support": 6}, "1": {"precision": 0.0, "recall": 0.0, "f1-score": 0.0, "support": 1}, "accuracy": 0.8571428571428571, "macro avg": {"precision": 0.42857142857142855, "recall": 0.5, "f1-score": 0.4615384615384615, "support": 7}, "weighted avg": {"precision": 0.7346938775510203, "recall": 0.8571428571428571, "f1-score": 0.7912087912087912, "support": 7}}, "loss": "0.59596884", "lang_embeds": [], "lang_embeds_length": 0, "lang_length": 7}, "test": {"report": {"0": {"precision": 0.5, "recall": 1.0, "f1-score": 0.6666666666666666, "support": 4}, "1": {"precision": 0.0, "recall": 0.0, "f1-score": 0.0, "support": 4}, "accuracy": 0.5, "macro avg": {"precision": 0.25, "recall": 0.5, "f1-score": 0.3333333333333333, "support": 8}, "weighted avg": {"precision": 0.25, "recall": 0.5, "f1-score": 0.3333333333333333, "support": 8}}, "acc": 0.5, "lang_embeds": [], "lang_embeds_length": 0, "lang_length": 8}, "test_zs": {"report": {"0": {"precision": 0.5, "recall": 1.0, "f1-score": 0.6666666666666666, "support": 4}, "1": {"precision": 0.0, "recall": 0.0, "f1-score": 0.0, "support": 4}, "accuracy": 0.5, "macro avg": {"precision": 0.25, "recall": 0.5, "f1-score": 0.3333333333333333, "support": 8}, "weighted avg": {"precision": 0.25, "recall": 0.5, "f1-score": 0.3333333333333333, "support": 8}}, "acc": 0.5, "lang_embeds": [], "lang_embeds_length": 0, "lang_length": 8}}