{"feature_name": "Postnominal_relative_clauses", "feature_id": "90C", "epoch": 0, "train": {"report": {"0": {"precision": 0.9492847854356307, "recall": 0.9746328437917223, "f1-score": 0.9617918313570488, "support": 749}, "1": {"precision": 0.1, "recall": 0.024390243902439025, "f1-score": 0.03921568627450981, "support": 41}, "3": {"precision": 0.0, "recall": 0.0, "f1-score": 0.0, "support": 0}, "accuracy": 0.9253164556962026, "macro avg": {"precision": 0.3497615951452102, "recall": 0.3330076958980538, "f1-score": 0.3336691725438529, "support": 790}, "weighted avg": {"precision": 0.9052079801155536, "recall": 0.9253164556962026, "f1-score": 0.9139112972451703, "support": 790}}, "loss": "0.3955816", "lang_embeds": [], "lang_embeds_length": 0, "lang_length": 176}, "dev": {"report": {"0": {"precision": 1.0, "recall": 1.0, "f1-score": 1.0, "support": 18}, "accuracy": 1.0, "macro avg": {"precision": 1.0, "recall": 1.0, "f1-score": 1.0, "support": 18}, "weighted avg": {"precision": 1.0, "recall": 1.0, "f1-score": 1.0, "support": 18}}, "loss": "0.014457473", "lang_embeds": [], "lang_embeds_length": 0, "lang_length": 18}, "test": {"report": {"0": {"precision": 0.9473684210526315, "recall": 1.0, "f1-score": 0.972972972972973, "support": 18}, "3": {"precision": 0.0, "recall": 0.0, "f1-score": 0.0, "support": 1}, "accuracy": 0.9473684210526315, "macro avg": {"precision": 0.47368421052631576, "recall": 0.5, "f1-score": 0.4864864864864865, "support": 19}, "weighted avg": {"precision": 0.8975069252077561, "recall": 0.9473684210526315, "f1-score": 0.9217638691322904, "support": 19}}, "acc": 0.9473684430122375, "lang_embeds": [], "lang_embeds_length": 0, "lang_length": 19}, "test_zs": {"report": {"0": {"precision": 0.9473684210526315, "recall": 1.0, "f1-score": 0.972972972972973, "support": 18}, "3": {"precision": 0.0, "recall": 0.0, "f1-score": 0.0, "support": 1}, "accuracy": 0.9473684210526315, "macro avg": {"precision": 0.47368421052631576, "recall": 0.5, "f1-score": 0.4864864864864865, "support": 19}, "weighted avg": {"precision": 0.8975069252077561, "recall": 0.9473684210526315, "f1-score": 0.9217638691322904, "support": 19}}, "acc": 0.9473684430122375, "lang_embeds": [], "lang_embeds_length": 0, "lang_length": 19}}