{"feature_name": "Epistemic_Possibility", "feature_id": "75A", "epoch": 0, "train": {"report": {"0": {"precision": 0.6333333333333333, "recall": 0.5507246376811594, "f1-score": 0.5891472868217054, "support": 69}, "1": {"precision": 0.6140350877192983, "recall": 0.5384615384615384, "f1-score": 0.5737704918032787, "support": 65}, "2": {"precision": 0.6435643564356436, "recall": 0.7738095238095238, "f1-score": 0.7027027027027027, "support": 84}, "accuracy": 0.6330275229357798, "macro avg": {"precision": 0.6303109258294252, "recall": 0.6209985666507406, "f1-score": 0.6218734937758956, "support": 218}, "weighted avg": {"precision": 0.6315214983593965, "recall": 0.6330275229357798, "f1-score": 0.6283177604813661, "support": 218}}, "loss": "0.9100059", "lang_embeds": ["ron", "nav", "mua", "ind", "sag", "ell", "ibo", "tyv", "shp", "qvi", "plt", "fub", "aey", "apu", "cat", "kwi", "tha", "nld", "hix", "fij", "yad", "yor", "yaq", "kor", "nmf", "mya", "rus", "pad", "tam", "tgl", "arn", "vie", "mri", "wnu", "ote", "nuy", "lit", "deu", "khk", "hye", "spa", "lav", "cym", "bsn", "mkd", "gle", "fra", "bzd", "mig", "lbj", "naq", "dgz", "ewe", "hun", "som", "mzh", "hau", "sja", "pma", "fin", "swh", "jpn", "zav", "pes", "btx", "hin", "tur", "nhg", "kpw", "laj", "eus", "amh", "djk", "pol", "spp", "zul", "swe", "esu", "ary", "ita", "urb"], "lang_embeds_length": 81, "lang_length": 81}, "dev": {"report": {"0": {"precision": 1.0, "recall": 1.0, "f1-score": 1.0, "support": 3}, "1": {"precision": 1.0, "recall": 1.0, "f1-score": 1.0, "support": 3}, "2": {"precision": 1.0, "recall": 1.0, "f1-score": 1.0, "support": 2}, "accuracy": 1.0, "macro avg": {"precision": 1.0, "recall": 1.0, "f1-score": 1.0, "support": 8}, "weighted avg": {"precision": 1.0, "recall": 1.0, "f1-score": 1.0, "support": 8}}, "loss": "0.47309217", "lang_embeds": ["amh", "khk", "zav", "bzd", "spp", "ote", "bsn", "shp"], "lang_embeds_length": 8, "lang_length": 8}, "test": {"report": {"0": {"precision": 0.6666666666666666, "recall": 0.5, "f1-score": 0.5714285714285715, "support": 4}, "1": {"precision": 0.0, "recall": 0.0, "f1-score": 0.0, "support": 1}, "2": {"precision": 0.75, "recall": 0.75, "f1-score": 0.75, "support": 4}, "accuracy": 0.5555555555555556, "macro avg": {"precision": 0.47222222222222215, "recall": 0.4166666666666667, "f1-score": 0.4404761904761905, "support": 9}, "weighted avg": {"precision": 0.6296296296296295, "recall": 0.5555555555555556, "f1-score": 0.5873015873015874, "support": 9}}, "acc": 0.5555555820465088, "lang_embeds": ["dan", "ban", "tat", "mai", "fao", "por", "slv", "rmy", "ium"], "lang_embeds_length": 9, "lang_length": 9}, "test_zs": {"report": {"0": {"precision": 0.0, "recall": 0.0, "f1-score": 0.0, "support": 4}, "1": {"precision": 0.0, "recall": 0.0, "f1-score": 0.0, "support": 1}, "2": {"precision": 0.4444444444444444, "recall": 1.0, "f1-score": 0.6153846153846153, "support": 4}, "accuracy": 0.4444444444444444, "macro avg": {"precision": 0.14814814814814814, "recall": 0.3333333333333333, "f1-score": 0.2051282051282051, "support": 9}, "weighted avg": {"precision": 0.19753086419753085, "recall": 0.4444444444444444, "f1-score": 0.2735042735042735, "support": 9}}, "acc": 0.4444444477558136, "lang_embeds": [], "lang_embeds_length": 0, "lang_length": 9}}