{"feature_name": "Verb-Initial_with_Preverbal_Negative", "feature_id": "144V", "epoch": 0, "train": {"report": {"0": {"precision": 0.9285714285714286, "recall": 0.6018518518518519, "f1-score": 0.7303370786516853, "support": 108}, "1": {"precision": 0.4, "recall": 0.46153846153846156, "f1-score": 0.42857142857142855, "support": 13}, "2": {"precision": 0.5, "recall": 0.5, "f1-score": 0.5, "support": 6}, "3": {"precision": 0.1111111111111111, "recall": 0.5, "f1-score": 0.1818181818181818, "support": 2}, "4": {"precision": 0.2, "recall": 0.3333333333333333, "f1-score": 0.25, "support": 3}, "5": {"precision": 0.0, "recall": 0.0, "f1-score": 0.0, "support": 0}, "6": {"precision": 0.2, "recall": 0.3333333333333333, "f1-score": 0.25, "support": 3}, "7": {"precision": 0.0, "recall": 0.0, "f1-score": 0.0, "support": 0}, "8": {"precision": 0.0, "recall": 0.0, "f1-score": 0.0, "support": 0}, "accuracy": 0.5703703703703704, "macro avg": {"precision": 0.2599647266313933, "recall": 0.30333966445077554, "f1-score": 0.26008074322681063, "support": 135}, "weighted avg": {"precision": 0.814132863021752, "recall": 0.5703703703703704, "f1-score": 0.6615664402181255, "support": 135}}, "loss": "1.6064498", "lang_embeds": ["arb", "ign", "ntp", "mig", "trc", "mie", "mil", "mbb", "ote", "kto", "cab", "pag", "ell", "cak", "gub", "tbl", "chq", "mam", "cco", "taq", "plt", "xed", "agt", "tzj", "guc", "tee", "cle", "fij", "caq", "yad", "maq", "cpa", "tsg", "mmn", "mio", "zai", "hil", "duo", "ary", "mcb", "zpq", "tob", "ctp", "tzo", "zaw", "lac", "btx", "ood", "tgl", "gle"], "lang_embeds_length": 50, "lang_length": 50}, "dev": {"report": {"0": {"precision": 1.0, "recall": 1.0, "f1-score": 1.0, "support": 4}, "3": {"precision": 1.0, "recall": 1.0, "f1-score": 1.0, "support": 1}, "accuracy": 1.0, "macro avg": {"precision": 1.0, "recall": 1.0, "f1-score": 1.0, "support": 5}, "weighted avg": {"precision": 1.0, "recall": 1.0, "f1-score": 1.0, "support": 5}}, "loss": "0.6641159", "lang_embeds": ["hil", "ign", "taq", "kto", "tzj"], "lang_embeds_length": 5, "lang_length": 5}, "test": {"report": {"0": {"precision": 1.0, "recall": 0.6666666666666666, "f1-score": 0.8, "support": 6}, "3": {"precision": 0.0, "recall": 0.0, "f1-score": 0.0, "support": 0}, "8": {"precision": 0.0, "recall": 0.0, "f1-score": 0.0, "support": 0}, "accuracy": 0.6666666666666666, "macro avg": {"precision": 0.3333333333333333, "recall": 0.2222222222222222, "f1-score": 0.26666666666666666, "support": 6}, "weighted avg": {"precision": 1.0, "recall": 0.6666666666666666, "f1-score": 0.8000000000000002, "support": 6}}, "acc": 0.6666666865348816, "lang_embeds": ["smo", "tih", "ton", "gla", "cym", "cor"], "lang_embeds_length": 6, "lang_length": 6}, "test_zs": {"report": {"0": {"precision": 0.0, "recall": 0.0, "f1-score": 0.0, "support": 6.0}, "6": {"precision": 0.0, "recall": 0.0, "f1-score": 0.0, "support": 0.0}, "accuracy": 0.0, "macro avg": {"precision": 0.0, "recall": 0.0, "f1-score": 0.0, "support": 6.0}, "weighted avg": {"precision": 0.0, "recall": 0.0, "f1-score": 0.0, "support": 6.0}}, "acc": 0.0, "lang_embeds": [], "lang_embeds_length": 0, "lang_length": 6}}