{"feature_name": "Lateral_Consonants", "feature_id": "8A", "epoch": 0, "train": {"report": {"0": {"precision": 0.8414985590778098, "recall": 0.776595744680851, "f1-score": 0.8077455048409405, "support": 376}, "1": {"precision": 0.6326530612244898, "recall": 0.58125, "f1-score": 0.6058631921824105, "support": 160}, "2": {"precision": 0.26666666666666666, "recall": 0.5333333333333333, "f1-score": 0.3555555555555555, "support": 15}, "3": {"precision": 0.3225806451612903, "recall": 0.35714285714285715, "f1-score": 0.3389830508474576, "support": 28}, "4": {"precision": 0.0, "recall": 0.0, "f1-score": 0.0, "support": 0}, "accuracy": 0.696027633851468, "macro avg": {"precision": 0.41267978642605135, "recall": 0.44966438703140826, "f1-score": 0.42162946068527285, "support": 579}, "weighted avg": {"precision": 0.7438000104899672, "recall": 0.696027633851468, "f1-score": 0.7175738848470492, "support": 579}}, "loss": "0.81681037", "lang_embeds": ["nav", "cjv", "ind", "sag", "ell", "ibo", "spl", "hop", "shp", "roo", "plt", "iba", "guh", "kac", "aey", "apu", "ycn", "auc", "dow", "huv", "guc", "kwi", "wap", "hix", "arl", "mto", "bom", "fij", "tha", "yua", "yad", "yor", "jic", "yaq", "kor", "bmr", "niy", "cbv", "mwp", "ape", "mya", "cag", "rus", "pad", "tgl", "arn", "ign", "mri", "vie", "wnu", "huu", "ote", "mbl", "cub", "wrk", "nuy", "lhu", "tsz", "adz", "pbb", "yle", "deu", "yrb", "khk", "ame", "cle", "tzh", "nhu", "hye", "ivv", "spa", "faa", "ctd", "tsg", "ald", "mph", "wrs", "tna", "yss", "car", "ood", "etu", "kup", "fra", "con", "bzd", "kvn", "bao", "mig", "tca", "apn", "daa", "lbj", "hus", "srq", "gum", "naq", "dgz", "amu", "hun", "ewe", "som", "mzh", "hau", "gbr", "quh", "beq", "sja", "pma", "fin", "bvr", "wim", "swh", "rro", "maq", "jpn", "kss", "nas", "ncj", "cbi", "pes", "mps", "ctp", "kmo", "kwd", "btx", "wnc", "hin", "nab", "njo", "tur", "jiv", "kbh", "tiy", "sue", "xpe", "agm", "nhg", "kpw", "chq", "laj", "eus", "nob", "amp", "ake", "yva", "njz", "snn", "amh", "djk", "bkq", "spp", "zul", "kek", "khm", "top", "gvn", "byx", "bba", "ses", "urb"], "lang_embeds_length": 161, "lang_length": 161}, "dev": {"report": {"0": {"precision": 1.0, "recall": 1.0, "f1-score": 1.0, "support": 7}, "1": {"precision": 1.0, "recall": 1.0, "f1-score": 1.0, "support": 7}, "3": {"precision": 1.0, "recall": 1.0, "f1-score": 1.0, "support": 2}, "accuracy": 1.0, "macro avg": {"precision": 1.0, "recall": 1.0, "f1-score": 1.0, "support": 16}, "weighted avg": {"precision": 1.0, "recall": 1.0, "f1-score": 1.0, "support": 16}}, "loss": "0.26565185", "lang_embeds": ["etu", "lbj", "wnc", "bzd", "cbi", "nab", "yua", "wnu", "kbh", "agm", "daa", "tsg", "car", "hop", "mbl", "xpe"], "lang_embeds_length": 16, "lang_length": 16}, "test": {"report": {"0": {"precision": 0.9166666666666666, "recall": 0.7333333333333333, "f1-score": 0.8148148148148148, "support": 15}, "1": {"precision": 0.2, "recall": 1.0, "f1-score": 0.33333333333333337, "support": 1}, "3": {"precision": 0.0, "recall": 0.0, "f1-score": 0.0, "support": 1}, "accuracy": 0.7058823529411765, "macro avg": {"precision": 0.37222222222222223, "recall": 0.5777777777777778, "f1-score": 0.38271604938271603, "support": 17}, "weighted avg": {"precision": 0.8205882352941176, "recall": 0.7058823529411765, "f1-score": 0.738562091503268, "support": 17}}, "acc": 0.7058823704719543, "lang_embeds": ["ron", "nep", "ben", "lit", "pol", "ckb", "tet", "kgp", "snd", "bre", "lav", "jav", "shn", "ium", "cat", "tyv", "bul"], "lang_embeds_length": 17, "lang_length": 17}, "test_zs": {"report": {"0": {"precision": 0.0, "recall": 0.0, "f1-score": 0.0, "support": 15.0}, "1": {"precision": 0.0, "recall": 0.0, "f1-score": 0.0, "support": 1.0}, "3": {"precision": 0.0, "recall": 0.0, "f1-score": 0.0, "support": 1.0}, "4": {"precision": 0.0, "recall": 0.0, "f1-score": 0.0, "support": 0.0}, "accuracy": 0.0, "macro avg": {"precision": 0.0, "recall": 0.0, "f1-score": 0.0, "support": 17.0}, "weighted avg": {"precision": 0.0, "recall": 0.0, "f1-score": 0.0, "support": 17.0}}, "acc": 0.0, "lang_embeds": [], "lang_embeds_length": 0, "lang_length": 17}}