{"feature_name": "Order_of_Genitive_and_Noun", "feature_id": "86A", "epoch": 0, "train": {"report": {"0": {"precision": 0.7995139732685298, "recall": 0.831858407079646, "f1-score": 0.815365551425031, "support": 791}, "1": {"precision": 0.7796610169491526, "recall": 0.7419354838709677, "f1-score": 0.7603305785123968, "support": 558}, "2": {"precision": 0.4489795918367347, "recall": 0.42718446601941745, "f1-score": 0.43781094527363185, "support": 103}, "accuracy": 0.768595041322314, "macro avg": {"precision": 0.6760515273514723, "recall": 0.6669927856566771, "f1-score": 0.6711690250703531, "support": 1452}, "weighted avg": {"precision": 0.76701880046296, "recall": 0.768595041322314, "f1-score": 0.7674332929409787, "support": 1452}}, "loss": "0.5756675", "lang_embeds": ["arb", "ind", "sag", "hop", "amn", "kac", "tmd", "aey", "apu", "fon", "lif", "tbc", "yor", "apr", "moc", "lcm", "rus", "pad", "plu", "ign", "wnu", "cbu", "lww", "cub", "kyz", "abt", "mqy", "hla", "xbi", "tsz", "kms", "ong", "apt", "djr", "yle", "khk", "enx", "faa", "pam", "bsn", "amk", "mbj", "izz", "mph", "car", "ood", "crn", "tac", "qvh", "awb", "nbc", "gbr", "sja", "mrg", "okv", "pma", "fin", "caq", "wim", "jpn", "mpm", "zav", "mva", "kmo", "usa", "aoj", "njo", "ndi", "xav", "sue", "laj", "ilb", "viv", "ura", "snn", "njz", "agg", "amh", "spp", "ann", "nbl", "snc", "mua", "cav", "ntp", "cme", "trc", "mbb", "xsi", "snf", "ibo", "nak", "shp", "taq", "iba", "nyn", "mvn", "yon", "auc", "dow", "tee", "tha", "fij", "cnh", "duo", "nmf", "niy", "xsr", "ape", "mya", "nko", "bqc", "ssw", "wrk", "nuy", "lhu", "kmh", "pbb", "csy", "yrb", "cle", "nhu", "hye", "tsg", "lav", "emp", "alp", "apy", "tna", "amm", "gle", "ceb", "mig", "hch", "cab", "tca", "apn", "mcf", "aom", "pag", "lbj", "naq", "acn", "oym", "dgz", "ach", "hun", "som", "mpt", "ncl", "swh", "zai", "nso", "cbi", "pes", "miq", "btx", "ppo", "xpe", "cco", "trp", "mcn", "cax", "too", "pio", "djk", "pao", "ary", "mcb", "khm", "gvn", "xho", "ell", "spl", "tbl", "bcl", "qvi", "mna", "agd", "ycn", "agt", "guc", "ksf", "bdh", "yad", "tlf", "kor", "adj", "sot", "tgl", "arn", "ssd", "mri", "vie", "ote", "huu", "for", "adz", "sna", "mib", "gym", "mmn", "tpt", "tbo", "kpx", "acu", "cap", "kyq", "sat", "ewe", "mzh", "sba", "hau", "nas", "aau", "toi", "hin", "aca", "ptp", "jiv", "wed", "chf", "gub", "cak", "kpj", "nhg", "chq", "nob", "ese", "amp", "teo", "mxp", "opm", "bhg", "pol", "tfr", "cpa", "zul", "coe", "sps", "zaw", "lac", "sua", "myb", "ses", "des", "nav", "var", "pib", "urt", "nnb", "mam", "fub", "plt", "huv", "kwi", "hix", "bom", "yaq", "yuj", "aia", "gvf", "bum", "kto", "mjw", "emi", "kbc", "snp", "sey", "deu", "byr", "urd", "cbr", "tnc", "spa", "ctd", "naf", "mkd", "est", "sus", "mhx", "tob", "gmv", "tzo", "fra", "kup", "njb", "bzd", "kvn", "mie", "lol", "avt", "srq", "hus", "cao", "poi", "xed", "plg", "bsc", "ctp", "kbp", "cof", "pwg", "mos", "mek", "mil", "tur", "tbg", "gso", "kpw", "etr", "nya", "eus", "lam", "mco", "tzj", "wib", "nsn", "mbc", "hil", "sbe", "ndo", "urb"], "lang_embeds_length": 323, "lang_length": 323}, "dev": {"report": {"0": {"precision": 1.0, "recall": 1.0, "f1-score": 1.0, "support": 19}, "1": {"precision": 1.0, "recall": 1.0, "f1-score": 1.0, "support": 12}, "2": {"precision": 1.0, "recall": 1.0, "f1-score": 1.0, "support": 1}, "accuracy": 1.0, "macro avg": {"precision": 1.0, "recall": 1.0, "f1-score": 1.0, "support": 32}, "weighted avg": {"precision": 1.0, "recall": 1.0, "f1-score": 1.0, "support": 32}}, "loss": "0.22084734", "lang_embeds": ["tac", "ssd", "ign", "aca", "trc", "gvf", "ntp", "wnu", "ote", "lol", "ssw", "emi", "bcl", "mqy", "gso", "cco", "mco", "tee", "yrb", "khk", "gbr", "okv", "lif", "yad", "yor", "pao", "faa", "cnh", "gym", "khm", "mhx", "mbj"], "lang_embeds_length": 32, "lang_length": 32}, "test": {"report": {"0": {"precision": 0.3333333333333333, "recall": 0.4166666666666667, "f1-score": 0.3703703703703704, "support": 12}, "1": {"precision": 0.5555555555555556, "recall": 0.5555555555555556, "f1-score": 0.5555555555555556, "support": 18}, "2": {"precision": 0.0, "recall": 0.0, "f1-score": 0.0, "support": 3}, "accuracy": 0.45454545454545453, "macro avg": {"precision": 0.2962962962962963, "recall": 0.3240740740740741, "f1-score": 0.308641975308642, "support": 33}, "weighted avg": {"precision": 0.42424242424242425, "recall": 0.45454545454545453, "f1-score": 0.4377104377104377, "support": 33}}, "acc": 0.4545454680919647, "lang_embeds": ["ron", "bel", "kgp", "gla", "tyv", "lit", "tet", "por", "kik", "slv", "cat", "cor", "nld", "smo", "lus", "bre", "lug", "cym", "swe", "shn", "ckb", "dan", "nep", "tat", "tih", "ton", "che", "ita", "ces", "tgk", "ium", "tam", "bul"], "lang_embeds_length": 33, "lang_length": 33}, "test_zs": {"report": {"0": {"precision": 0.0, "recall": 0.0, "f1-score": 0.0, "support": 12}, "1": {"precision": 0.0, "recall": 0.0, "f1-score": 0.0, "support": 18}, "2": {"precision": 0.09090909090909091, "recall": 1.0, "f1-score": 0.16666666666666669, "support": 3}, "accuracy": 0.09090909090909091, "macro avg": {"precision": 0.030303030303030304, "recall": 0.3333333333333333, "f1-score": 0.05555555555555556, "support": 33}, "weighted avg": {"precision": 0.008264462809917356, "recall": 0.09090909090909091, "f1-score": 0.015151515151515152, "support": 33}}, "acc": 0.09090909361839294, "lang_embeds": [], "lang_embeds_length": 0, "lang_length": 33}}